ResponseID,CampaignID,CustomerID,EmailOpened,CouponUsed,PurchaseCompleted,PurchaseAmount,ResponseDate
1,36,1763,1,0,1,134.78,2025-10-30
2,32,4986,1,1,1,209.5,2025-09-15
3,34,1686,1,0,0,0.0,2026-03-08
4,7,2245,1,0,0,0.0,2025-04-14
5,36,3326,1,0,1,109.48,2025-08-20
6,38,3106,1,1,0,0.0,2025-05-02
7,9,3371,1,0,0,0.0,2026-02-14
8,38,1429,1,0,0,0.0,2026-05-11
9,26,682,1,1,0,0.0,2025-03-16
10,31,4389,1,1,1,153.54,2026-03-23
11,10,1306,1,0,0,0.0,2024-10-15
12,23,1759,1,0,0,0.0,2025-05-28
13,31,2565,1,0,1,131.88,2026-07-02
14,8,3423,1,0,0,0.0,2024-09-29
15,33,4541,1,0,0,0.0,2024-10-14
16,36,1544,1,1,0,0.0,2024-09-13
17,8,3047,1,1,1,241.57,2026-01-07
18,9,2475,1,1,0,0.0,2026-04-21
19,28,3801,1,1,0,0.0,2025-05-18
20,3,2950,1,0,0,0.0,2024-10-03
21,19,3318,1,1,1,78.62,2026-04-11
22,10,2695,1,1,1,106.79,2025-03-25
23,20,879,1,0,0,0.0,2025-01-28
24,13,2697,1,1,0,0.0,2026-07-19
25,17,1218,1,1,1,13.99,2026-04-22
26,17,3605,1,0,1,88.15,2025-08-31
27,4,69,1,1,0,0.0,2026-01-11
28,11,2007,1,1,1,24.64,2024-11-26
29,10,704,1,0,0,0.0,2024-11-05
30,35,4196,1,0,1,112.44,2026-02-07
31,18,2692,1,1,0,0.0,2026-05-31
32,13,3849,1,1,0,0.0,2025-08-18
33,2,1744,1,1,0,0.0,2025-10-05
34,21,4778,1,0,1,190.04,2026-06-17
35,15,3634,1,1,1,97.34,2025-02-04
36,21,4040,1,1,1,157.45,2025-11-24
37,24,3774,1,0,0,0.0,2025-03-10
38,38,2107,1,0,1,193.3,2025-01-15
39,25,3525,1,0,1,161.97,2025-06-28
40,21,715,1,1,1,65.2,2025-03-30
41,40,3224,1,0,0,0.0,2024-10-15
42,27,3852,1,1,0,0.0,2025-01-07
43,31,3474,1,1,0,0.0,2025-11-11
44,13,857,1,1,0,0.0,2026-03-15
45,21,1322,1,1,1,200.27,2026-02-24
46,18,86,1,1,0,0.0,2025-09-18
47,16,5000,1,0,0,0.0,2025-08-11
48,1,2941,1,1,1,77.25,2025-08-20
49,24,3963,1,1,0,0.0,2025-10-04
50,12,3729,1,1,0,0.0,2026-06-14
51,32,2893,1,1,0,0.0,2024-11-15
52,31,2463,1,1,0,0.0,2025-07-08
53,27,4491,1,0,0,0.0,2024-10-03
54,10,1393,1,1,0,0.0,2025-10-06
55,14,689,1,1,0,0.0,2025-09-18
56,5,2394,1,1,0,0.0,2024-11-06
57,29,2349,1,1,0,0.0,2026-01-25
58,23,4185,1,0,0,0.0,2025-04-23
59,8,365,1,1,0,0.0,2025-09-23
60,18,1018,1,1,0,0.0,2025-03-18
61,28,4843,1,0,0,0.0,2025-10-26
62,16,861,1,0,0,0.0,2026-07-22
63,1,2854,1,0,0,0.0,2026-03-20
64,11,4808,1,0,1,226.09,2024-12-15
65,27,2399,1,0,1,58.36,2025-12-16
66,28,2518,1,0,1,243.71,2025-04-25
67,23,4768,1,1,0,0.0,2026-05-10
68,28,511,1,0,0,0.0,2026-05-20
69,31,293,1,0,1,108.26,2026-06-28
70,31,2189,1,1,1,215.69,2024-12-24
71,29,4689,1,0,0,0.0,2025-02-20
72,1,2950,1,0,0,0.0,2026-07-10
73,11,4666,1,1,1,243.04,2025-12-12
74,39,3240,1,0,1,247.04,2026-03-20
75,23,4542,1,1,1,177.21,2026-01-09
76,16,2551,1,1,0,0.0,2025-05-24
77,38,3151,1,0,0,0.0,2024-12-26
78,36,108,1,0,1,211.49,2025-12-04
79,3,3390,1,0,1,34.88,2025-10-07
80,16,1187,1,0,1,28.28,2026-06-14
81,36,4804,1,1,0,0.0,2026-05-03
82,39,4698,1,1,1,118.42,2026-04-13
83,3,2010,1,1,1,215.98,2025-01-10
84,38,2466,1,0,1,62.5,2026-07-14
85,4,3332,1,1,0,0.0,2025-11-20
86,9,3817,1,1,1,249.1,2024-08-16
87,5,3202,1,0,1,218.71,2025-02-19
88,39,4298,1,0,0,0.0,2025-01-05
89,40,3399,1,0,0,0.0,2025-05-22
90,34,2706,1,1,1,172.12,2025-09-13
91,15,3348,1,0,1,114.16,2025-03-17
92,8,48,1,0,0,0.0,2025-03-29
93,37,2719,1,1,0,0.0,2026-01-18
94,7,2386,1,1,1,11.9,2024-08-12
95,6,2397,1,0,0,0.0,2026-07-18
96,19,2026,1,1,0,0.0,2025-03-10
97,9,3160,1,0,0,0.0,2026-07-18
98,29,4952,1,0,1,110.42,2026-03-25
99,26,3061,1,0,0,0.0,2024-09-04
100,36,3889,1,1,0,0.0,2026-05-07
101,33,3632,1,1,0,0.0,2026-04-09
102,39,720,1,0,0,0.0,2025-10-24
103,30,1527,1,0,0,0.0,2026-05-04
104,12,2288,1,0,0,0.0,2026-03-29
105,14,1147,1,0,1,113.13,2025-10-23
106,9,2764,1,0,0,0.0,2025-09-26
107,1,309,1,1,0,0.0,2025-04-25
108,15,2522,1,1,0,0.0,2026-02-24
109,6,4473,1,1,0,0.0,2025-12-21
110,40,1099,1,0,1,218.86,2026-04-08
111,39,663,1,0,0,0.0,2026-02-04
112,37,2359,1,1,0,0.0,2025-07-24
113,18,881,1,1,1,213.07,2024-09-02
114,20,1252,1,1,0,0.0,2026-04-24
115,30,2702,1,0,0,0.0,2024-10-22
116,22,2576,1,1,0,0.0,2024-08-22
117,11,4870,1,0,1,204.84,2025-06-08
118,27,1860,1,1,1,182.97,2025-08-08
119,15,979,1,1,1,119.09,2025-12-31
120,23,317,1,0,0,0.0,2025-01-21
121,7,1863,1,0,1,42.72,2025-11-24
122,31,1167,1,0,1,95.6,2025-06-19
123,15,4661,1,1,0,0.0,2025-07-31
124,16,3466,1,0,1,98.62,2026-06-10
125,11,2751,1,1,0,0.0,2025-02-17
126,22,1532,1,0,0,0.0,2026-04-19
127,12,3057,1,0,0,0.0,2026-06-15
128,8,2449,1,1,1,184.65,2025-06-28
129,15,1243,1,1,0,0.0,2026-04-26
130,29,1025,1,0,0,0.0,2025-01-21
131,36,396,1,1,0,0.0,2026-04-13
132,22,874,1,1,0,0.0,2026-02-14
133,31,2350,1,0,1,76.75,2025-11-02
134,12,412,1,1,1,200.95,2026-06-30
135,6,2281,1,1,0,0.0,2025-07-14
136,22,3292,1,0,1,212.28,2026-06-17
137,35,4816,1,0,1,197.5,2024-11-28
138,27,3145,1,0,1,167.71,2024-11-26
139,11,3273,1,1,0,0.0,2025-09-18
140,33,4483,1,0,1,237.88,2025-03-24
141,13,3180,1,1,0,0.0,2024-12-07
142,9,3249,1,0,1,84.32,2025-10-12
143,10,3546,1,0,0,0.0,2026-03-09
144,5,1531,1,1,0,0.0,2025-06-14
145,35,3237,1,1,1,245.78,2025-11-27
146,35,2967,1,1,0,0.0,2026-01-31
147,39,4801,1,1,0,0.0,2024-10-17
148,30,2274,1,1,1,79.42,2024-10-05
149,39,1606,1,0,0,0.0,2025-11-16
150,31,485,1,0,1,76.37,2026-03-27
151,27,3093,1,1,0,0.0,2026-04-22
152,10,631,1,1,0,0.0,2025-05-05
153,34,2631,1,0,0,0.0,2025-02-01
154,8,4052,1,0,1,169.74,2024-11-25
155,3,2411,1,0,0,0.0,2025-01-31
156,16,4923,1,1,0,0.0,2026-04-18
157,35,3102,1,1,0,0.0,2024-10-22
158,2,4272,1,1,0,0.0,2024-08-13
159,27,3863,1,1,0,0.0,2025-06-18
160,24,4696,1,1,0,0.0,2024-12-24
161,11,3045,1,1,1,183.56,2026-05-08
162,40,1413,1,0,0,0.0,2024-10-07
163,23,2447,1,1,0,0.0,2025-06-12
164,10,3833,1,0,0,0.0,2026-08-04
165,4,77,1,0,0,0.0,2025-09-17
166,36,3758,1,1,1,190.69,2025-08-14
167,14,122,1,0,0,0.0,2024-11-09
168,26,284,1,1,1,140.57,2026-04-24
169,9,3382,1,1,0,0.0,2025-12-19
170,20,4521,1,1,1,169.06,2026-05-14
171,36,3892,1,0,0,0.0,2026-02-20
172,11,4371,1,1,1,191.95,2025-02-13
173,18,2971,1,0,0,0.0,2025-04-25
174,33,3714,1,0,0,0.0,2026-06-02
175,7,2460,1,0,1,231.28,2024-10-21
176,4,3201,1,1,1,27.64,2026-06-27
177,15,3732,1,0,1,157.07,2026-06-17
178,14,3101,1,1,0,0.0,2025-12-05
179,29,3727,1,0,0,0.0,2024-10-22
180,22,3089,1,0,0,0.0,2024-12-22
181,21,2795,1,1,1,247.31,2026-05-12
182,3,745,1,0,0,0.0,2026-04-05
183,40,4074,1,0,0,0.0,2024-11-21
184,13,3026,1,1,1,179.9,2025-02-01
185,13,2423,1,0,1,170.05,2025-02-12
186,25,1425,1,0,1,214.75,2026-04-29
187,19,971,1,0,0,0.0,2024-11-16
188,33,1570,1,1,0,0.0,2025-05-19
189,11,4802,1,0,0,0.0,2026-06-07
190,17,4851,1,0,1,180.31,2026-01-01
191,12,1149,1,1,1,145.2,2025-08-26
192,36,3234,1,0,0,0.0,2025-09-25
193,31,1019,1,1,1,30.39,2024-08-13
194,5,1547,1,0,1,66.65,2026-03-20
195,36,120,1,0,0,0.0,2026-03-10
196,22,4572,1,1,1,134.96,2025-08-26
197,9,734,1,1,1,59.45,2026-04-02
198,18,629,1,0,0,0.0,2026-05-29
199,28,4347,1,1,0,0.0,2026-04-05
200,13,3518,1,0,1,24.68,2025-08-31
201,8,1589,1,1,0,0.0,2025-10-29
202,40,317,1,0,0,0.0,2025-03-26
203,34,925,1,1,0,0.0,2025-04-09
204,33,4083,1,0,1,219.23,2025-07-31
205,4,4239,1,1,1,181.01,2024-08-05
206,26,2629,1,0,1,157.4,2025-09-20
207,17,162,1,0,0,0.0,2026-03-09
208,39,1159,1,1,1,226.48,2025-10-12
209,4,2069,1,0,1,208.3,2025-09-21
210,10,4523,1,1,1,236.67,2026-01-15
211,9,1875,1,0,1,199.08,2025-10-18
212,14,1052,1,0,1,10.05,2025-11-02
213,38,1418,1,0,0,0.0,2026-03-10
214,15,1542,1,1,0,0.0,2024-12-29
215,38,1944,1,0,0,0.0,2026-03-23
216,33,546,1,0,0,0.0,2024-11-14
217,6,1241,1,1,0,0.0,2025-06-08
218,34,2002,1,0,0,0.0,2025-11-01
219,32,29,1,1,0,0.0,2025-02-28
220,30,2651,1,1,0,0.0,2024-11-07
221,36,2493,1,1,1,210.54,2026-01-24
222,5,710,1,1,0,0.0,2025-11-09
223,26,1980,1,0,1,114.65,2026-06-18
224,24,1822,1,0,0,0.0,2026-05-14
225,15,3248,1,1,0,0.0,2025-08-21
226,39,2418,1,1,1,223.58,2025-03-13
227,38,3525,1,1,0,0.0,2026-02-04
228,38,3107,1,0,0,0.0,2024-10-30
229,27,4996,1,1,0,0.0,2024-12-13
230,18,2310,1,0,0,0.0,2025-05-01
231,21,3490,1,1,0,0.0,2025-07-04
232,33,2438,1,1,0,0.0,2025-02-18
233,31,2344,1,0,0,0.0,2025-08-01
234,19,1296,1,1,1,22.81,2025-04-07
235,5,895,1,1,0,0.0,2026-04-06
236,16,2343,1,0,0,0.0,2024-10-25
237,17,3370,1,1,1,168.37,2025-08-25
238,35,2659,1,1,1,175.93,2026-01-02
239,8,3496,1,1,0,0.0,2025-09-12
240,13,165,1,0,0,0.0,2024-12-30
241,40,3971,1,0,0,0.0,2024-08-30
242,2,954,1,0,0,0.0,2026-04-27
243,36,278,1,0,0,0.0,2026-06-29
244,9,817,1,0,1,104.75,2026-03-24
245,18,4745,1,0,0,0.0,2026-04-23
246,26,845,1,0,0,0.0,2025-01-26
247,20,3192,1,0,1,210.53,2026-01-17
248,17,3917,1,1,0,0.0,2024-12-30
249,1,397,1,0,1,202.61,2025-04-16
250,33,2486,1,1,0,0.0,2025-10-06
251,3,2100,1,1,1,142.62,2024-12-01
252,22,4445,1,0,1,181.07,2026-02-14
253,40,1277,1,1,0,0.0,2026-05-10
254,2,1625,1,1,0,0.0,2025-09-22
255,20,3402,1,1,1,10.33,2026-02-19
256,35,647,1,0,0,0.0,2025-09-22
257,4,4571,1,1,1,22.24,2025-08-08
258,7,2611,1,0,0,0.0,2025-10-15
259,14,168,1,0,1,214.17,2025-01-23
260,13,3590,1,0,1,227.51,2026-03-11
261,37,3299,1,1,1,82.75,2025-07-15
262,8,302,1,0,0,0.0,2025-03-02
263,25,2453,1,1,0,0.0,2024-08-22
264,16,3999,1,0,0,0.0,2026-05-25
265,14,2729,1,1,0,0.0,2026-03-10
266,27,2046,1,1,0,0.0,2026-01-09
267,6,4576,1,1,1,235.58,2025-06-10
268,36,1187,1,0,0,0.0,2026-05-15
269,1,2491,1,1,0,0.0,2026-01-30
270,35,2118,1,1,0,0.0,2025-12-17
271,4,2343,1,1,0,0.0,2025-01-09
272,6,1606,1,0,0,0.0,2026-04-25
273,22,3468,1,0,0,0.0,2026-01-04
274,10,1857,1,1,1,119.73,2026-07-16
275,33,382,1,0,1,152.95,2024-11-29
276,19,1124,1,1,1,104.45,2025-07-24
277,36,3620,1,0,0,0.0,2025-01-26
278,19,2983,1,1,0,0.0,2025-02-08
279,38,952,1,0,0,0.0,2026-05-18
280,6,1099,1,0,0,0.0,2025-09-12
281,1,1124,1,1,0,0.0,2025-04-01
282,7,3509,1,1,1,145.04,2025-08-04
283,24,3984,1,1,0,0.0,2024-09-22
284,29,4571,1,1,0,0.0,2024-08-09
285,28,4023,1,0,0,0.0,2024-12-25
286,35,789,1,0,1,200.66,2026-01-12
287,13,1141,1,0,0,0.0,2026-06-12
288,34,459,1,0,0,0.0,2025-12-28
289,17,415,1,1,0,0.0,2025-04-29
290,26,4054,1,1,0,0.0,2026-01-23
291,28,3874,1,0,0,0.0,2025-08-01
292,27,4969,1,1,1,73.52,2025-08-20
293,14,4000,1,0,1,59.69,2024-08-23
294,27,3158,1,1,1,35.83,2025-08-20
295,7,49,1,1,0,0.0,2024-08-13
296,13,2994,1,0,1,163.64,2025-09-20
297,40,2255,1,0,0,0.0,2026-03-26
298,8,2410,1,0,0,0.0,2026-05-01
299,27,2831,1,0,1,180.9,2025-02-17
300,40,4416,1,1,0,0.0,2025-01-05
301,12,236,1,1,1,128.09,2025-03-01
302,32,1391,1,0,0,0.0,2026-07-10
303,37,4804,1,0,0,0.0,2026-06-02
304,1,2972,1,1,0,0.0,2025-10-22
305,11,4532,1,1,0,0.0,2025-08-08
306,2,194,1,1,0,0.0,2026-05-13
307,3,4661,1,1,0,0.0,2025-05-03
308,14,3552,1,1,1,135.86,2026-05-03
309,16,3200,1,0,0,0.0,2026-05-22
310,28,3462,1,0,0,0.0,2024-08-24
311,7,931,1,1,0,0.0,2025-02-01
312,30,241,1,0,1,176.91,2024-12-11
313,9,3129,1,1,0,0.0,2024-08-25
314,7,3608,1,1,1,157.1,2025-10-07
315,1,3902,1,1,0,0.0,2026-02-21
316,16,1738,1,0,0,0.0,2026-01-17
317,27,535,1,1,1,213.09,2025-07-22
318,31,4567,1,1,1,187.58,2025-05-06
319,19,4044,1,1,1,145.62,2025-10-24
320,40,2169,1,0,1,218.62,2025-02-03
321,36,1337,1,0,1,156.76,2025-09-02
322,3,2028,1,1,1,131.83,2025-08-12
323,24,2331,1,0,1,89.74,2025-11-02
324,16,1677,1,0,0,0.0,2026-01-25
325,11,4171,1,0,1,32.43,2025-03-27
326,37,4794,1,0,0,0.0,2024-12-26
327,7,3318,1,1,1,128.72,2025-10-23
328,24,1423,1,0,1,144.88,2025-03-21
329,29,3916,1,0,0,0.0,2025-07-05
330,35,2893,1,0,1,16.89,2025-06-06
331,26,4176,1,0,1,82.54,2025-06-01
332,10,4481,1,0,0,0.0,2026-06-19
333,36,2749,1,1,0,0.0,2026-07-08
334,6,1320,1,1,1,130.2,2026-05-18
335,25,4655,1,0,0,0.0,2026-07-29
336,22,3086,1,1,0,0.0,2025-02-07
337,28,42,1,1,0,0.0,2025-06-18
338,24,4047,1,1,1,70.34,2025-11-14
339,21,4277,1,0,0,0.0,2024-12-07
340,26,1012,1,0,0,0.0,2025-10-17
341,33,2654,1,0,0,0.0,2024-10-09
342,27,633,1,1,0,0.0,2026-02-22
343,25,3770,1,0,1,81.28,2025-04-22
344,36,2302,1,0,0,0.0,2024-10-03
345,27,2018,1,0,0,0.0,2026-04-14
346,18,821,1,0,0,0.0,2026-07-20
347,12,735,1,0,0,0.0,2026-08-03
348,7,4372,1,0,0,0.0,2026-02-28
349,27,2666,1,0,1,64.63,2026-01-25
350,40,648,1,0,0,0.0,2025-10-04
351,19,1411,1,1,1,61.85,2025-01-05
352,27,4774,1,1,0,0.0,2025-02-26
353,27,1950,1,1,1,196.97,2026-02-20
354,38,2124,1,1,0,0.0,2026-05-21
355,24,2156,1,0,1,10.53,2025-06-18
356,30,552,1,1,0,0.0,2026-07-08
357,13,4975,1,1,1,235.19,2026-01-10
358,33,535,1,1,0,0.0,2025-04-09
359,8,3426,1,0,0,0.0,2024-10-28
360,21,2974,1,0,1,184.71,2025-06-26
361,40,2712,1,1,1,23.39,2025-04-25
362,8,4544,1,0,0,0.0,2026-08-01
363,18,4610,1,1,1,77.39,2025-02-03
364,1,3210,1,0,0,0.0,2026-08-02
365,15,3476,1,0,0,0.0,2026-03-06
366,12,1605,1,1,1,242.64,2025-02-06
367,39,827,1,0,1,87.44,2025-11-19
368,1,1064,1,1,0,0.0,2025-10-05
369,25,3021,1,1,1,33.51,2025-12-30
370,20,3106,1,1,0,0.0,2026-01-14
371,37,4214,1,1,0,0.0,2026-01-15
372,11,102,1,0,1,226.86,2025-12-12
373,18,740,1,0,1,213.27,2025-07-19
374,17,4294,1,1,0,0.0,2025-11-01
375,34,6,1,0,0,0.0,2025-02-28
376,11,619,1,0,0,0.0,2025-11-27
377,21,1554,1,1,0,0.0,2025-07-08
378,32,1359,1,0,0,0.0,2025-06-02
379,2,540,1,1,1,154.52,2025-02-27
380,3,2505,1,1,1,106.74,2025-10-08
381,38,4980,1,1,0,0.0,2025-04-23
382,10,285,1,0,1,184.69,2024-09-22
383,12,2669,1,1,0,0.0,2024-10-16
384,25,645,1,0,1,123.77,2025-02-15
385,23,3624,1,0,1,179.15,2025-06-23
386,40,129,1,1,0,0.0,2026-04-11
387,10,3536,1,0,1,38.41,2026-07-21
388,18,202,1,1,0,0.0,2026-01-18
389,32,2622,1,0,1,62.6,2025-04-18
390,32,1294,1,0,1,191.2,2026-07-07
391,27,1,1,1,1,45.66,2025-02-23
392,35,483,1,1,0,0.0,2026-02-12
393,17,4279,1,0,0,0.0,2025-04-20
394,15,1163,1,1,1,127.05,2026-06-11
395,32,3810,1,1,1,22.2,2025-07-06
396,21,492,1,1,1,228.9,2025-11-16
397,30,4583,1,0,0,0.0,2026-04-16
398,2,3320,1,1,0,0.0,2025-08-14
399,11,2403,1,1,0,0.0,2025-10-18
400,33,3579,1,1,0,0.0,2026-04-02
401,26,3589,1,1,1,103.65,2024-08-07
402,24,1064,1,1,0,0.0,2026-01-09
403,6,669,1,0,1,201.19,2025-10-17
404,9,3648,1,1,0,0.0,2025-08-21
405,36,693,1,1,0,0.0,2026-03-15
406,35,1540,1,1,1,180.13,2025-03-21
407,35,1727,1,0,0,0.0,2026-06-22
408,7,3140,1,1,0,0.0,2026-06-23
409,24,3386,1,0,1,169.52,2025-10-27
410,20,3694,1,0,1,155.45,2025-02-13
411,27,493,1,1,0,0.0,2024-12-25
412,22,4974,1,1,0,0.0,2024-09-17
413,20,2913,1,1,1,54.0,2025-03-14
414,21,670,1,0,1,166.34,2024-09-22
415,34,225,1,0,0,0.0,2025-11-14
416,39,932,1,0,0,0.0,2024-10-24
417,6,3878,1,0,1,13.52,2026-07-17
418,32,1871,1,0,1,200.87,2024-09-15
419,3,1958,1,1,0,0.0,2024-10-28
420,19,4460,1,0,0,0.0,2024-10-01
421,10,4680,1,0,1,96.82,2025-08-12
422,25,3706,1,0,0,0.0,2025-10-02
423,4,4369,1,0,0,0.0,2025-10-28
424,28,1121,1,0,1,149.2,2025-07-14
425,15,1284,1,1,0,0.0,2025-12-08
426,7,1826,1,0,1,156.66,2026-06-15
427,30,1532,1,0,1,63.1,2025-12-23
428,23,2225,1,1,1,116.46,2026-01-21
429,20,986,1,1,1,92.57,2025-09-29
430,7,1764,1,0,0,0.0,2025-09-05
431,32,402,1,0,0,0.0,2026-05-24
432,3,1663,1,0,1,85.49,2024-12-03
433,16,874,1,0,0,0.0,2025-03-22
434,17,4630,1,0,1,85.85,2026-04-01
435,32,840,1,0,0,0.0,2025-07-19
436,34,4484,1,1,0,0.0,2025-05-19
437,15,4789,1,0,0,0.0,2025-04-27
438,23,1419,1,0,1,63.45,2024-09-28
439,36,2766,1,1,1,184.11,2026-04-14
440,11,2628,1,1,0,0.0,2025-04-27
441,14,365,1,0,0,0.0,2025-04-04
442,34,2891,1,0,1,195.53,2026-05-23
443,20,107,1,0,0,0.0,2024-11-17
444,31,438,1,0,0,0.0,2026-01-31
445,14,4779,1,0,1,195.19,2024-09-11
446,7,3828,1,1,0,0.0,2024-09-04
447,13,3289,1,1,0,0.0,2025-03-06
448,18,2363,1,0,1,24.9,2025-01-25
449,17,3148,1,0,0,0.0,2024-08-20
450,40,1237,1,1,0,0.0,2026-05-04
451,22,220,1,1,0,0.0,2025-03-13
452,27,3423,1,0,0,0.0,2025-05-28
453,14,1857,1,0,0,0.0,2025-02-15
454,4,1743,1,1,1,225.89,2026-04-15
455,13,2932,1,1,1,85.41,2025-03-18
456,9,556,1,1,0,0.0,2025-01-28
457,17,2310,1,0,1,120.3,2024-12-05
458,3,1402,1,1,0,0.0,2024-11-28
459,19,2944,1,1,0,0.0,2025-04-14
460,8,913,1,0,1,40.89,2026-05-07
461,40,3409,1,0,0,0.0,2025-02-18
462,17,3579,1,0,1,92.93,2026-04-07
463,10,4938,1,1,0,0.0,2025-03-26
464,36,1163,1,1,0,0.0,2025-03-19
465,6,879,1,1,1,115.7,2026-06-25
466,3,1291,1,0,0,0.0,2024-08-25
467,2,3617,1,0,1,130.62,2024-08-28
468,37,2080,1,1,1,73.54,2026-04-22
469,28,2784,1,1,1,132.12,2026-03-30
470,40,1634,1,1,0,0.0,2025-08-02
471,37,4817,1,0,0,0.0,2026-06-10
472,10,38,1,1,1,91.3,2025-10-01
473,25,1749,1,1,1,231.57,2025-01-17
474,35,1664,1,1,1,19.26,2024-12-15
475,26,3573,1,1,0,0.0,2025-06-07
476,12,2499,1,1,1,34.06,2026-06-18
477,6,508,1,1,0,0.0,2026-05-09
478,13,2033,1,1,1,191.72,2026-05-16
479,1,523,1,0,0,0.0,2024-11-03
480,32,3469,1,0,0,0.0,2026-02-02
481,1,268,1,1,1,48.33,2026-01-26
482,8,3201,1,0,0,0.0,2025-03-16
483,4,2073,1,1,0,0.0,2025-05-06
484,14,4853,1,1,0,0.0,2025-11-06
485,38,2994,1,0,1,114.89,2025-05-11
486,11,1871,1,1,1,28.52,2024-11-22
487,14,1801,1,0,0,0.0,2025-11-20
488,31,3544,1,0,0,0.0,2025-05-27
489,18,2436,1,0,0,0.0,2025-04-17
490,25,1045,1,0,0,0.0,2025-02-14
491,23,2806,1,0,1,90.27,2025-09-14
492,11,839,1,0,1,16.8,2024-09-08
493,37,218,1,0,0,0.0,2025-12-29
494,15,3919,1,0,0,0.0,2025-08-22
495,33,3073,1,0,1,177.79,2026-07-15
496,12,1078,1,1,1,108.64,2026-04-22
497,6,4140,1,0,1,54.87,2025-08-05
498,6,3144,1,1,0,0.0,2026-02-07
499,20,3976,1,1,1,47.02,2025-07-05
500,21,1983,1,0,1,206.14,2026-02-23
501,2,3,1,1,0,0.0,2024-09-25
502,2,1044,1,0,1,239.74,2025-11-19
503,9,3652,1,1,1,49.31,2025-01-06
504,30,1813,1,1,1,86.78,2024-12-20
505,27,3310,1,0,1,137.65,2026-05-09
506,33,232,1,1,0,0.0,2025-07-31
507,40,1994,1,0,0,0.0,2025-07-29
508,37,1783,1,1,0,0.0,2025-03-31
509,18,3751,1,0,0,0.0,2024-11-06
510,17,4171,1,1,1,208.18,2025-02-23
511,29,4520,1,1,0,0.0,2025-01-06
512,29,1380,1,1,0,0.0,2025-01-29
513,35,4375,1,0,1,91.22,2025-06-02
514,39,2406,1,1,0,0.0,2025-02-04
515,26,3565,1,1,1,197.57,2026-01-26
516,29,3035,1,0,1,210.45,2024-10-12
517,26,3206,1,0,0,0.0,2025-09-26
518,11,4497,1,1,0,0.0,2025-05-19
519,24,4805,1,1,0,0.0,2026-01-06
520,29,4750,1,0,0,0.0,2024-09-19
521,1,4029,1,0,1,128.99,2025-11-04
522,22,1973,1,1,0,0.0,2025-04-11
523,36,4975,1,1,0,0.0,2024-10-19
524,33,375,1,0,1,79.23,2025-12-31
525,31,1170,1,1,1,169.34,2026-06-19
526,34,1054,1,0,1,83.44,2024-12-12
527,39,2292,1,1,1,76.61,2025-09-09
528,11,4655,1,0,1,167.88,2026-02-25
529,28,2791,1,0,0,0.0,2025-08-03
530,22,821,1,1,1,37.76,2025-05-11
531,13,3403,1,1,0,0.0,2025-12-17
532,24,4308,1,0,0,0.0,2025-08-04
533,27,4614,1,1,1,26.19,2025-09-29
534,2,152,1,1,0,0.0,2026-04-12
535,26,4832,1,1,0,0.0,2025-01-04
536,2,341,1,1,1,106.21,2025-03-03
537,23,3372,1,1,0,0.0,2025-01-15
538,4,4298,1,1,1,75.09,2026-02-07
539,22,4679,1,0,0,0.0,2024-08-13
540,6,839,1,1,1,54.08,2024-11-29
541,2,4027,1,0,0,0.0,2025-05-22
542,24,796,1,1,1,155.14,2025-03-26
543,32,2563,1,0,1,112.77,2024-11-20
544,39,1224,1,1,0,0.0,2024-12-28
545,38,4656,1,0,0,0.0,2025-04-15
546,9,3580,1,1,1,67.66,2025-04-15
547,14,4653,1,0,1,10.55,2026-04-29
548,26,1062,1,1,1,97.21,2025-06-02
549,18,2417,1,0,1,25.04,2026-01-02
550,38,1233,1,0,0,0.0,2026-01-21
551,2,4905,1,1,0,0.0,2026-05-06
552,2,1843,1,1,0,0.0,2025-01-06
553,21,1889,1,0,1,22.58,2025-07-23
554,34,2471,1,0,0,0.0,2026-07-07
555,9,4485,1,0,0,0.0,2026-06-20
556,32,4297,1,1,0,0.0,2024-10-10
557,20,3182,1,0,0,0.0,2024-08-16
558,6,506,1,1,1,15.54,2026-02-03
559,1,2532,1,1,0,0.0,2024-09-05
560,34,4913,1,0,0,0.0,2025-08-17
561,16,3876,1,1,0,0.0,2024-09-23
562,40,4288,1,0,0,0.0,2025-05-23
563,9,2607,1,0,0,0.0,2025-06-17
564,19,1856,1,1,0,0.0,2025-10-19
565,1,2544,1,1,1,155.96,2024-10-26
566,26,99,1,1,0,0.0,2025-12-29
567,1,4374,1,1,1,78.02,2025-01-24
568,40,3505,1,1,0,0.0,2025-10-15
569,38,1696,1,1,1,169.59,2025-11-27
570,19,3853,1,1,0,0.0,2024-08-16
571,13,3167,1,0,1,172.91,2025-12-01
572,12,3752,1,0,0,0.0,2025-11-18
573,27,4621,1,1,0,0.0,2024-11-17
574,19,2521,1,1,1,122.35,2026-05-17
575,27,3245,1,0,1,52.49,2026-06-13
576,36,633,1,0,1,80.36,2026-06-14
577,2,3758,1,1,0,0.0,2025-04-11
578,15,1862,1,0,1,96.01,2025-01-04
579,30,3547,1,1,0,0.0,2025-12-05
580,32,3803,1,0,1,235.49,2025-07-01
581,17,365,1,0,0,0.0,2025-06-09
582,4,4361,1,0,0,0.0,2025-03-05
583,19,2721,1,0,1,146.7,2024-12-22
584,32,4980,1,1,1,209.69,2025-11-12
585,37,170,1,1,1,177.16,2024-11-15
586,10,2737,1,0,0,0.0,2026-07-15
587,33,2754,1,1,1,11.25,2025-06-01
588,6,1569,1,0,0,0.0,2026-03-14
589,8,4491,1,1,1,177.4,2025-06-21
590,3,4409,1,1,0,0.0,2025-04-05
591,11,3545,1,1,1,185.15,2024-10-08
592,4,691,1,0,0,0.0,2025-07-21
593,4,3611,1,0,1,106.88,2024-12-14
594,2,81,1,1,0,0.0,2026-05-20
595,18,2335,1,0,0,0.0,2024-10-16
596,17,2753,1,0,1,104.94,2026-04-29
597,40,1682,1,1,1,210.2,2026-04-23
598,14,2072,1,1,1,109.94,2025-10-09
599,12,464,1,1,0,0.0,2025-06-18
600,19,4328,1,0,0,0.0,2024-09-13
601,12,685,1,1,1,166.99,2025-05-09
602,2,4142,1,0,0,0.0,2024-12-30
603,11,4469,1,0,1,91.81,2026-03-30
604,19,4980,1,1,0,0.0,2026-01-02
605,21,4604,1,1,1,80.59,2026-05-17
606,22,2101,1,0,0,0.0,2026-03-31
607,37,2166,1,0,0,0.0,2025-07-30
608,31,3414,1,1,0,0.0,2026-06-28
609,22,4306,1,0,0,0.0,2025-06-25
610,1,200,1,1,0,0.0,2025-01-06
611,7,3550,1,1,0,0.0,2024-12-25
612,37,451,1,0,1,158.97,2025-01-10
613,17,124,1,1,0,0.0,2025-05-02
614,28,4692,1,1,0,0.0,2025-04-05
615,16,4880,1,1,0,0.0,2026-05-15
616,8,277,1,1,0,0.0,2025-12-19
617,6,2701,1,1,1,81.68,2026-03-31
618,26,1298,1,0,1,180.93,2026-07-20
619,1,3704,1,1,0,0.0,2024-08-14
620,39,4488,1,0,1,222.36,2024-10-23
621,14,2226,1,0,1,106.3,2026-02-02
622,32,4192,1,1,0,0.0,2026-05-13
623,6,3490,1,1,0,0.0,2025-06-04
624,16,3537,1,0,1,76.11,2024-08-27
625,20,2215,1,0,1,182.45,2025-12-12
626,4,3955,1,0,1,73.03,2026-02-24
627,34,1787,1,0,0,0.0,2026-02-28
628,27,3563,1,0,0,0.0,2025-09-29
629,12,924,1,1,1,96.88,2024-10-16
630,25,3437,1,0,1,17.73,2025-11-20
631,9,1502,1,0,1,90.51,2025-07-08
632,12,343,1,1,0,0.0,2025-09-18
633,4,3,1,1,0,0.0,2024-12-30
634,25,4572,1,1,1,212.61,2025-08-23
635,38,2043,1,0,0,0.0,2026-06-20
636,7,4721,1,1,0,0.0,2025-10-04
637,22,4342,1,1,1,182.56,2025-06-19
638,10,4519,1,1,0,0.0,2026-07-04
639,25,3690,1,0,0,0.0,2026-01-23
640,2,132,1,0,0,0.0,2026-05-03
641,40,494,1,0,1,81.88,2025-03-01
642,34,1736,1,0,1,158.98,2026-06-17
643,6,2328,1,1,1,137.33,2024-11-27
644,7,4152,1,0,1,243.54,2024-12-27
645,35,3214,1,1,0,0.0,2026-04-03
646,13,4457,1,0,1,220.57,2025-09-08
647,14,4053,1,1,0,0.0,2026-01-16
648,15,349,1,0,0,0.0,2026-01-11
649,2,2004,1,1,1,201.85,2024-09-20
650,33,783,1,0,0,0.0,2025-05-28
651,40,1468,1,1,1,76.89,2025-03-15
652,31,2980,1,1,0,0.0,2026-06-23
653,15,4261,1,0,1,110.89,2026-07-02
654,22,3943,1,1,1,225.51,2025-06-07
655,14,2027,1,0,1,215.85,2024-12-06
656,32,742,1,0,1,216.97,2026-01-01
657,29,3366,1,0,0,0.0,2025-05-27
658,39,1297,1,1,0,0.0,2024-12-01
659,22,3478,1,1,0,0.0,2025-07-01
660,5,4573,1,1,0,0.0,2026-03-21
661,36,1673,1,0,0,0.0,2025-09-16
662,14,3476,1,0,0,0.0,2026-01-24
663,25,75,1,1,1,237.49,2026-05-05
664,27,2397,1,1,0,0.0,2025-04-26
665,10,2292,1,0,0,0.0,2026-04-30
666,16,2231,1,1,0,0.0,2025-07-16
667,32,4036,1,1,0,0.0,2025-06-25
668,18,2283,1,0,1,63.58,2025-08-10
669,25,3675,1,1,1,185.36,2026-01-30
670,9,4577,1,0,1,81.05,2026-07-29
671,25,3712,1,0,0,0.0,2026-04-11
672,32,2044,1,0,0,0.0,2025-06-11
673,36,1623,1,0,0,0.0,2026-03-12
674,12,4633,1,0,0,0.0,2026-03-07
675,33,1057,1,0,0,0.0,2026-08-04
676,25,2887,1,0,1,26.92,2025-05-12
677,29,918,1,1,1,214.1,2025-01-18
678,10,2151,1,1,1,207.06,2025-10-06
679,3,1757,1,0,1,96.92,2025-09-29
680,26,1627,1,0,0,0.0,2025-12-31
681,12,171,1,0,1,68.88,2024-12-04
682,39,2172,1,1,0,0.0,2024-12-01
683,4,1900,1,0,0,0.0,2025-09-07
684,18,240,1,0,0,0.0,2024-09-17
685,18,211,1,0,0,0.0,2025-07-10
686,13,1597,1,0,1,133.68,2025-09-19
687,14,2314,1,1,0,0.0,2026-02-11
688,26,4331,1,1,0,0.0,2026-03-10
689,33,3291,1,1,1,230.18,2025-01-22
690,21,1468,1,1,1,53.17,2026-02-26
691,31,2445,1,0,1,50.84,2025-03-27
692,22,1489,1,0,0,0.0,2025-04-12
693,1,3059,1,0,1,191.01,2026-01-20
694,39,3592,1,1,1,172.66,2026-06-24
695,28,4636,1,0,0,0.0,2026-03-10
696,9,1018,1,0,0,0.0,2025-06-01
697,9,1732,1,0,1,207.49,2026-05-17
698,40,4807,1,0,1,24.58,2025-07-15
699,17,185,1,1,0,0.0,2025-05-11
700,8,4072,1,1,1,23.53,2025-03-12
701,24,2180,1,1,0,0.0,2024-12-23
702,26,958,1,0,1,215.42,2026-07-06
703,13,4591,1,1,0,0.0,2026-07-24
704,7,1299,1,1,1,101.82,2025-06-07
705,34,2997,1,1,0,0.0,2026-03-06
706,19,3585,1,0,1,113.84,2024-12-04
707,21,4772,1,1,1,19.03,2026-01-25
708,36,2545,1,1,1,155.44,2026-02-27
709,20,702,1,1,1,49.36,2026-06-22
710,1,3817,1,0,0,0.0,2025-12-29
711,10,3156,1,1,0,0.0,2025-03-09
712,19,1102,1,0,0,0.0,2024-09-09
713,33,2608,1,1,0,0.0,2025-01-12
714,17,1450,1,0,0,0.0,2026-06-06
715,21,4848,1,1,1,123.68,2026-06-29
716,31,3319,1,0,0,0.0,2026-04-04
717,9,3361,1,1,1,31.42,2025-09-03
718,21,4801,1,1,0,0.0,2025-06-04
719,39,1227,1,0,0,0.0,2025-05-06
720,1,2288,1,0,1,99.52,2026-01-01
721,31,1944,1,0,1,112.44,2024-08-14
722,1,4512,1,0,0,0.0,2026-02-06
723,34,2771,1,1,1,207.12,2025-11-10
724,32,4257,1,1,0,0.0,2026-02-16
725,29,4265,1,1,1,126.94,2026-07-31
726,7,5000,1,1,0,0.0,2026-07-13
727,37,1653,1,0,1,65.26,2025-10-08
728,2,3567,1,1,1,187.75,2026-05-13
729,12,4282,1,0,0,0.0,2025-08-06
730,14,791,1,0,0,0.0,2025-11-07
731,5,2392,1,0,0,0.0,2025-10-25
732,35,1562,1,0,0,0.0,2025-03-06
733,27,3369,1,0,1,133.41,2026-02-08
734,12,1838,1,0,0,0.0,2026-05-17
735,33,3193,1,1,1,131.76,2026-04-15
736,6,3104,1,1,1,214.08,2026-01-03
737,9,1525,1,0,1,68.0,2026-01-08
738,16,1279,1,0,0,0.0,2026-07-06
739,21,487,1,1,1,193.41,2025-03-29
740,11,2964,1,1,0,0.0,2026-07-22
741,4,4619,1,1,0,0.0,2024-12-22
742,21,387,1,1,0,0.0,2026-04-17
743,6,2830,1,0,1,195.78,2025-04-19
744,17,834,1,0,1,224.15,2026-02-14
745,16,4798,1,1,0,0.0,2024-10-25
746,27,1925,1,0,1,201.52,2025-12-14
747,2,4743,1,0,0,0.0,2025-04-12
748,19,1233,1,0,0,0.0,2026-07-06
749,18,3904,1,0,0,0.0,2026-03-07
750,10,1431,1,0,0,0.0,2025-07-08
751,39,3886,1,1,0,0.0,2025-04-13
752,25,2430,1,1,1,37.53,2026-07-20
753,9,3407,1,1,0,0.0,2025-12-13
754,35,3571,1,0,0,0.0,2026-04-13
755,27,3909,1,0,1,209.19,2025-09-30
756,6,3117,1,0,1,203.32,2024-12-18
757,2,688,1,0,0,0.0,2025-03-05
758,17,3105,1,1,0,0.0,2025-08-31
759,30,4980,1,0,0,0.0,2026-04-18
760,35,2095,1,0,0,0.0,2026-02-22
761,24,4625,1,0,0,0.0,2025-05-16
762,28,1606,1,1,0,0.0,2026-03-12
763,39,1537,1,1,0,0.0,2025-06-28
764,3,3562,1,0,0,0.0,2026-01-09
765,17,2284,1,1,0,0.0,2025-10-07
766,34,251,1,0,1,31.42,2026-04-04
767,14,4376,1,1,1,57.22,2024-10-14
768,21,4095,1,0,1,237.81,2026-06-07
769,10,3776,1,1,0,0.0,2024-11-21
770,16,4476,1,0,0,0.0,2025-11-24
771,7,4933,1,1,0,0.0,2024-10-01
772,31,1288,1,0,0,0.0,2026-02-28
773,8,2514,1,0,1,84.49,2024-10-13
774,29,2956,1,0,1,114.42,2026-04-10
775,10,2622,1,1,0,0.0,2026-05-08
776,14,3765,1,1,0,0.0,2025-08-11
777,30,1222,1,1,1,183.71,2025-08-10
778,8,2556,1,0,0,0.0,2024-09-29
779,21,308,1,1,1,183.68,2026-01-21
780,31,1525,1,0,0,0.0,2025-12-27
781,39,962,1,1,1,233.88,2025-04-19
782,4,738,1,0,0,0.0,2026-07-06
783,14,1966,1,1,0,0.0,2025-02-03
784,40,1100,1,0,1,135.0,2026-07-25
785,1,3301,1,1,0,0.0,2024-12-13
786,10,3177,1,0,1,70.14,2025-11-07
787,27,3286,1,1,0,0.0,2026-01-16
788,4,2689,1,0,1,92.45,2025-06-21
789,31,2408,1,1,1,207.8,2026-04-07
790,40,3881,1,1,1,44.9,2025-08-18
791,5,1108,1,1,1,239.46,2025-07-28
792,8,3736,1,0,1,21.55,2024-12-06
793,11,348,1,1,0,0.0,2026-02-16
794,34,3336,1,0,0,0.0,2024-12-22
795,12,2454,1,0,0,0.0,2026-01-26
796,20,3957,1,0,0,0.0,2025-05-20
797,8,2362,1,1,1,234.74,2025-11-17
798,28,2401,1,1,0,0.0,2024-11-22
799,17,421,1,0,0,0.0,2025-01-07
800,20,1476,1,1,1,212.46,2024-11-25
801,3,3952,1,1,1,129.6,2026-05-03
802,27,367,1,0,0,0.0,2025-09-18
803,31,4682,1,1,0,0.0,2025-11-19
804,21,2955,1,1,0,0.0,2025-08-21
805,13,3171,1,1,0,0.0,2026-03-28
806,28,3489,1,0,1,14.02,2024-08-21
807,4,1936,1,1,1,125.47,2024-09-19
808,14,3706,1,1,0,0.0,2024-11-03
809,27,2546,1,0,0,0.0,2025-10-13
810,20,4422,1,1,1,199.65,2025-06-19
811,38,4015,1,0,0,0.0,2026-04-06
812,35,2233,1,1,1,233.43,2024-11-19
813,32,3663,1,0,1,109.28,2026-01-16
814,34,1552,1,0,0,0.0,2025-02-20
815,33,1516,1,1,1,179.31,2025-08-03
816,20,3490,1,1,0,0.0,2025-10-16
817,35,3983,1,1,0,0.0,2024-10-30
818,25,1183,1,0,0,0.0,2024-12-18
819,22,1690,1,1,1,125.72,2025-05-22
820,18,2120,1,1,1,39.2,2026-07-07
821,23,2202,1,1,0,0.0,2026-07-21
822,2,2089,1,1,1,93.62,2025-09-14
823,24,525,1,0,1,128.91,2026-03-31
824,18,4430,1,1,0,0.0,2025-01-01
825,9,4546,1,0,1,196.22,2026-05-06
826,22,1394,1,1,1,85.65,2024-10-02
827,26,2917,1,0,0,0.0,2025-12-30
828,10,4512,1,1,0,0.0,2024-11-18
829,25,3082,1,0,1,218.15,2025-01-18
830,32,2061,1,0,0,0.0,2025-09-28
831,10,2340,1,1,0,0.0,2026-03-23
832,3,1481,1,1,0,0.0,2024-12-10
833,5,4593,1,1,1,46.32,2025-06-28
834,26,4594,1,0,1,227.91,2025-07-08
835,15,3807,1,1,0,0.0,2026-03-04
836,30,1431,1,0,0,0.0,2024-11-04
837,37,374,1,1,1,165.04,2025-06-01
838,8,2907,1,1,0,0.0,2025-08-14
839,38,4352,1,1,0,0.0,2025-04-28
840,26,2788,1,0,0,0.0,2025-07-01
841,24,773,1,1,0,0.0,2025-07-15
842,8,4580,1,0,1,157.16,2026-07-26
843,39,616,1,0,1,68.25,2025-12-14
844,16,826,1,1,1,66.53,2025-02-08
845,37,4976,1,0,1,147.94,2026-03-26
846,38,2396,1,0,0,0.0,2026-06-07
847,27,3841,1,1,0,0.0,2025-10-08
848,13,962,1,0,0,0.0,2025-01-21
849,29,1593,1,0,0,0.0,2025-03-06
850,1,3825,1,1,0,0.0,2024-10-26
851,8,1151,1,0,0,0.0,2025-03-24
852,20,517,1,1,1,98.25,2025-12-21
853,34,572,1,1,0,0.0,2024-11-14
854,8,4849,1,0,0,0.0,2026-02-10
855,33,4010,1,1,1,16.65,2025-03-17
856,17,3338,1,1,0,0.0,2025-12-31
857,37,3382,1,0,0,0.0,2026-02-20
858,11,2853,1,1,1,36.17,2026-04-21
859,30,3587,1,0,1,37.39,2025-08-10
860,20,4135,1,1,1,102.54,2025-03-17
861,16,1786,1,0,1,22.35,2026-07-11
862,36,4384,1,0,0,0.0,2025-05-20
863,9,1481,1,1,0,0.0,2025-01-03
864,31,2874,1,0,0,0.0,2025-02-28
865,26,1918,1,0,0,0.0,2025-07-11
866,36,2431,1,1,1,117.87,2026-02-16
867,39,1199,1,1,1,51.52,2025-09-04
868,7,2490,1,1,1,222.38,2024-09-03
869,35,3926,1,1,1,74.15,2024-12-26
870,16,4884,1,0,0,0.0,2026-01-15
871,39,3004,1,0,0,0.0,2026-04-01
872,22,2120,1,1,1,213.51,2025-05-14
873,14,584,1,1,0,0.0,2025-10-08
874,36,3242,1,0,1,168.44,2025-10-13
875,24,1223,1,1,0,0.0,2025-08-17
876,22,1371,1,1,1,121.73,2024-10-26
877,11,3795,1,0,0,0.0,2026-05-12
878,14,3543,1,0,1,148.98,2025-08-27
879,30,1518,1,0,1,113.87,2025-10-22
880,24,983,1,0,1,30.7,2025-09-30
881,17,1756,1,0,1,89.99,2026-03-29
882,38,30,1,0,0,0.0,2025-12-06
883,8,4837,1,1,1,64.11,2025-03-20
884,19,1294,1,1,1,115.59,2025-10-23
885,19,1615,1,0,0,0.0,2024-09-06
886,36,4444,1,1,0,0.0,2025-06-29
887,8,2883,1,1,0,0.0,2024-12-03
888,13,1197,1,1,0,0.0,2024-09-16
889,19,4551,1,0,1,135.04,2025-09-15
890,14,1149,1,1,0,0.0,2025-10-03
891,27,2006,1,1,0,0.0,2026-04-03
892,27,571,1,0,1,155.34,2024-08-06
893,27,2235,1,0,0,0.0,2026-02-03
894,32,1333,1,0,0,0.0,2025-07-10
895,6,900,1,1,1,28.7,2026-01-15
896,18,2261,1,1,1,14.0,2025-12-27
897,33,3348,1,0,0,0.0,2026-07-31
898,7,4160,1,1,0,0.0,2025-05-22
899,7,192,1,1,1,77.2,2024-12-28
900,31,4245,1,1,1,218.82,2026-01-31
901,2,4374,1,1,1,142.66,2026-02-02
902,14,248,1,0,1,201.16,2025-11-26
903,30,1966,1,0,0,0.0,2025-12-22
904,10,3438,1,1,1,120.94,2026-04-14
905,17,4912,1,1,0,0.0,2026-06-01
906,16,2558,1,0,0,0.0,2026-06-23
907,35,1781,1,1,1,122.81,2024-11-05
908,37,2499,1,0,1,71.46,2026-05-06
909,40,3493,1,0,1,222.12,2025-12-24
910,19,1863,1,0,0,0.0,2025-10-14
911,7,4089,1,0,0,0.0,2024-12-16
912,18,1562,1,0,0,0.0,2026-02-08
913,21,421,1,0,0,0.0,2024-11-02
914,25,3694,1,1,1,108.07,2025-07-30
915,23,2755,1,1,0,0.0,2025-04-04
916,32,2696,1,0,1,170.31,2025-10-25
917,27,4448,1,1,1,165.28,2025-06-22
918,3,4650,1,0,0,0.0,2026-04-30
919,7,73,1,0,0,0.0,2024-11-22
920,6,566,1,1,0,0.0,2025-03-18
921,22,1830,1,1,0,0.0,2025-05-01
922,8,3949,1,1,0,0.0,2025-10-13
923,24,1001,1,1,1,93.79,2026-01-12
924,27,741,1,0,1,92.63,2026-01-02
925,39,3158,1,0,0,0.0,2025-03-11
926,21,142,1,0,1,215.43,2025-02-23
927,19,1825,1,0,1,107.88,2026-03-13
928,15,3989,1,0,0,0.0,2025-01-14
929,28,638,1,1,1,61.15,2024-10-12
930,38,3896,1,0,0,0.0,2026-05-18
931,36,2431,1,0,1,174.4,2024-08-07
932,36,1486,1,1,0,0.0,2026-02-10
933,14,2009,1,0,0,0.0,2025-12-16
934,30,200,1,0,0,0.0,2025-10-31
935,15,4110,1,1,0,0.0,2025-08-10
936,2,2472,1,0,1,178.5,2026-06-17
937,31,3675,1,0,0,0.0,2024-09-02
938,33,4243,1,0,1,176.67,2025-04-12
939,9,3876,1,1,0,0.0,2025-03-26
940,23,2799,1,1,0,0.0,2026-06-11
941,10,347,1,1,0,0.0,2026-01-14
942,19,649,1,1,0,0.0,2025-02-27
943,36,3620,1,1,0,0.0,2026-01-01
944,26,666,1,1,1,154.16,2024-08-15
945,30,2996,1,1,0,0.0,2026-03-10
946,3,1887,1,0,0,0.0,2025-06-16
947,20,572,1,1,0,0.0,2026-07-17
948,33,3817,1,0,1,39.22,2025-05-10
949,9,3511,1,0,0,0.0,2025-04-08
950,35,987,1,0,0,0.0,2024-09-10
951,1,213,1,0,0,0.0,2025-10-11
952,14,1700,1,0,1,31.47,2024-09-13
953,18,2032,1,1,1,158.3,2026-03-07
954,16,2016,1,1,0,0.0,2024-09-01
955,33,162,1,1,0,0.0,2025-07-03
956,14,4261,1,0,1,111.37,2026-04-29
957,16,1759,1,0,0,0.0,2025-04-11
958,28,4175,1,1,1,156.33,2025-02-10
959,19,1909,1,0,0,0.0,2025-06-22
960,29,4165,1,1,0,0.0,2025-06-18
961,17,1916,1,0,0,0.0,2025-04-24
962,1,4898,1,0,1,103.35,2025-02-15
963,37,4951,1,0,1,91.54,2025-01-07
964,37,4010,1,0,1,121.43,2025-07-10
965,7,2231,1,1,0,0.0,2026-06-08
966,10,3740,1,1,0,0.0,2025-01-27
967,40,695,1,0,0,0.0,2026-01-28
968,13,2432,1,1,0,0.0,2025-09-19
969,15,589,1,1,1,50.25,2026-07-17
970,6,3905,1,0,1,137.81,2025-08-02
971,11,1148,1,1,0,0.0,2024-08-10
972,39,1296,1,0,1,32.75,2024-09-14
973,19,3351,1,0,1,129.93,2025-04-14
974,4,3269,1,0,0,0.0,2025-06-25
975,2,2654,1,1,0,0.0,2025-05-26
976,9,483,1,0,1,210.45,2026-07-24
977,31,1678,1,0,0,0.0,2024-10-09
978,17,312,1,0,0,0.0,2025-01-05
979,23,2002,1,0,1,205.94,2026-05-17
980,29,4257,1,0,1,108.61,2025-10-13
981,40,3654,1,0,0,0.0,2025-09-19
982,28,2139,1,0,1,41.89,2024-09-12
983,3,4215,1,1,1,234.21,2026-07-25
984,19,4592,1,0,1,185.52,2025-08-17
985,13,3473,1,1,0,0.0,2025-11-25
986,18,1862,1,0,0,0.0,2026-06-22
987,21,4484,1,1,0,0.0,2025-09-28
988,26,664,1,1,0,0.0,2024-09-22
989,5,27,1,1,1,247.3,2025-07-05
990,16,2946,1,1,0,0.0,2026-04-12
991,32,4714,1,1,0,0.0,2025-03-07
992,26,4773,1,0,1,196.28,2026-03-08
993,35,2978,1,1,1,172.65,2026-07-14
994,14,4956,1,1,1,70.55,2025-07-13
995,33,4077,1,0,1,231.83,2025-04-11
996,26,515,1,1,0,0.0,2025-12-02
997,30,834,1,0,1,175.3,2026-04-17
998,31,4915,1,0,0,0.0,2025-04-05
999,33,532,1,0,1,207.91,2025-07-18
1000,39,4594,1,0,1,210.77,2025-03-23
1001,39,322,1,0,1,31.67,2025-04-19
1002,35,2999,1,0,0,0.0,2025-10-05
1003,19,825,1,1,0,0.0,2026-02-25
1004,1,4042,1,1,1,141.73,2025-09-17
1005,40,1445,1,1,0,0.0,2025-01-25
1006,33,1124,1,0,1,54.51,2026-04-16
1007,13,4994,1,1,0,0.0,2025-12-29
1008,18,539,1,1,0,0.0,2026-03-07
1009,22,3584,1,0,1,105.89,2025-08-16
1010,38,2762,1,0,1,91.62,2025-03-19
1011,22,3764,1,0,1,38.29,2024-09-21
1012,26,4427,1,1,0,0.0,2026-04-19
1013,17,2805,1,0,0,0.0,2025-05-20
1014,8,4884,1,1,0,0.0,2025-05-13
1015,13,2679,1,0,1,57.8,2026-07-03
1016,9,1972,1,0,0,0.0,2025-11-27
1017,1,4025,1,0,1,200.87,2025-11-21
1018,34,837,1,0,1,25.07,2025-01-10
1019,26,1620,1,1,0,0.0,2026-01-21
1020,10,3501,1,0,1,210.22,2026-07-12
1021,16,2463,1,1,1,49.28,2025-04-20
1022,2,2194,1,1,0,0.0,2026-03-18
1023,2,484,1,0,1,92.7,2025-11-15
1024,17,1378,1,1,0,0.0,2024-09-09
1025,15,776,1,1,0,0.0,2026-02-19
1026,20,3480,1,0,0,0.0,2024-09-26
1027,38,3113,1,0,1,219.99,2025-04-15
1028,11,4766,1,0,1,106.12,2025-07-13
1029,27,725,1,0,0,0.0,2025-05-26
1030,25,3712,1,1,0,0.0,2025-08-12
1031,37,3048,1,1,1,31.12,2025-02-02
1032,26,2201,1,0,0,0.0,2025-09-29
1033,38,392,1,0,1,148.27,2026-04-23
1034,37,2547,1,1,0,0.0,2025-11-30
1035,8,3635,1,0,0,0.0,2024-09-22
1036,24,1922,1,1,1,193.81,2025-11-09
1037,3,1265,1,1,0,0.0,2026-04-11
1038,21,1141,1,1,0,0.0,2026-01-30
1039,38,234,1,1,1,235.48,2025-04-18
1040,5,1018,1,0,0,0.0,2024-11-01
1041,30,2775,1,0,0,0.0,2026-05-02
1042,7,507,1,0,1,184.21,2026-06-17
1043,39,754,1,1,0,0.0,2024-09-07
1044,11,3634,1,1,0,0.0,2025-07-01
1045,38,4498,1,0,1,39.72,2025-02-12
1046,29,856,1,0,0,0.0,2025-09-08
1047,19,3862,1,1,1,228.64,2025-12-17
1048,35,2402,1,1,0,0.0,2025-07-11
1049,10,226,1,0,0,0.0,2026-06-04
1050,5,199,1,0,0,0.0,2026-06-21
1051,31,997,1,1,0,0.0,2025-12-21
1052,15,3951,1,0,1,17.47,2025-06-16
1053,4,431,1,0,1,154.04,2024-11-06
1054,25,2736,1,1,1,169.84,2024-11-11
1055,1,45,1,0,1,95.14,2024-10-03
1056,5,2285,1,1,0,0.0,2025-07-04
1057,4,772,1,1,0,0.0,2024-09-25
1058,8,4801,1,1,0,0.0,2024-11-23
1059,20,169,1,0,0,0.0,2026-06-16
1060,34,3143,1,1,0,0.0,2024-12-19
1061,38,4327,1,1,1,36.18,2025-08-04
1062,12,166,1,0,1,198.12,2025-02-19
1063,37,4729,1,1,0,0.0,2025-05-15
1064,24,2316,1,0,1,183.13,2026-04-03
1065,39,771,1,0,0,0.0,2026-02-28
1066,12,2677,1,1,0,0.0,2026-01-04
1067,18,1847,1,1,1,196.31,2024-09-16
1068,16,521,1,1,1,125.04,2026-07-03
1069,26,276,1,0,1,209.42,2025-10-04
1070,11,4708,1,1,1,39.74,2025-10-08
1071,37,1910,1,1,1,47.24,2024-08-28
1072,27,234,1,0,0,0.0,2026-06-14
1073,22,944,1,0,0,0.0,2026-03-31
1074,8,1493,1,1,0,0.0,2025-06-09
1075,9,607,1,0,1,63.27,2024-08-31
1076,10,2501,1,0,0,0.0,2025-10-01
1077,8,4623,1,0,0,0.0,2026-07-28
1078,20,542,1,1,1,179.57,2024-12-01
1079,11,4391,1,0,1,131.58,2025-05-02
1080,21,3437,1,0,0,0.0,2024-10-19
1081,19,3230,1,1,1,151.65,2026-07-19
1082,30,1664,1,1,1,232.96,2026-02-12
1083,6,4549,1,0,1,10.29,2025-02-23
1084,35,1381,1,1,1,10.5,2025-05-27
1085,17,1977,1,1,1,99.29,2025-05-14
1086,4,1505,1,1,1,69.48,2024-10-23
1087,9,1004,1,1,0,0.0,2024-11-03
1088,8,2537,1,1,1,119.67,2026-03-01
1089,22,4698,1,1,0,0.0,2025-06-06
1090,15,785,1,0,0,0.0,2026-03-21
1091,1,125,1,1,1,127.49,2026-06-23
1092,14,3674,1,0,0,0.0,2025-01-14
1093,24,1711,1,0,1,94.43,2025-05-20
1094,10,4287,1,1,0,0.0,2025-10-21
1095,10,4672,1,1,0,0.0,2024-08-05
1096,10,2365,1,1,0,0.0,2026-07-30
1097,38,2079,1,1,0,0.0,2025-03-04
1098,38,4937,1,0,0,0.0,2025-04-25
1099,10,259,1,0,1,62.41,2026-02-06
1100,31,4581,1,1,0,0.0,2025-02-21
1101,1,242,1,1,1,137.93,2025-07-27
1102,10,1472,1,1,0,0.0,2025-02-01
1103,1,3607,1,1,0,0.0,2024-09-16
1104,5,920,1,0,1,176.82,2026-06-28
1105,34,4737,1,1,0,0.0,2025-08-07
1106,21,4757,1,1,0,0.0,2026-05-24
1107,4,4838,1,1,1,26.6,2025-07-21
1108,24,3247,1,1,0,0.0,2026-04-15
1109,17,2972,1,1,1,211.06,2025-11-26
1110,27,4788,1,0,0,0.0,2026-01-28
1111,39,3827,1,1,1,114.78,2024-12-14
1112,12,1775,1,1,1,24.65,2025-03-27
1113,39,820,1,0,0,0.0,2024-10-19
1114,23,2109,1,1,1,71.44,2026-03-05
1115,37,725,1,1,0,0.0,2025-05-06
1116,30,567,1,1,0,0.0,2024-08-29
1117,5,4495,1,1,0,0.0,2024-09-07
1118,37,783,1,0,0,0.0,2025-11-09
1119,39,3522,1,0,1,217.03,2025-11-17
1120,13,4470,1,0,0,0.0,2026-05-19
1121,7,139,1,1,1,45.71,2025-07-26
1122,11,4476,1,1,0,0.0,2026-04-22
1123,32,4886,1,0,0,0.0,2026-03-18
1124,2,1518,1,1,0,0.0,2024-10-30
1125,32,4580,1,0,1,100.11,2025-08-13
1126,21,1332,1,0,0,0.0,2025-10-04
1127,29,3699,1,0,0,0.0,2026-07-09
1128,14,2913,1,0,1,17.76,2026-06-08
1129,4,3599,1,0,1,91.54,2025-12-28
1130,6,3787,1,0,0,0.0,2025-02-09
1131,38,3246,1,1,1,96.01,2025-07-20
1132,25,3096,1,1,1,243.53,2024-08-20
1133,30,1365,1,0,1,228.56,2025-09-22
1134,9,4860,1,0,1,21.34,2024-12-31
1135,30,2488,1,0,1,222.75,2026-03-27
1136,2,1529,1,0,1,174.91,2024-12-06
1137,28,3386,1,1,0,0.0,2024-09-09
1138,22,2084,1,0,1,85.74,2024-11-01
1139,12,567,1,1,0,0.0,2025-01-07
1140,23,4649,1,1,0,0.0,2024-10-28
1141,39,2999,1,0,1,188.29,2025-11-04
1142,22,3086,1,0,0,0.0,2026-04-06
1143,30,4879,1,1,1,10.47,2026-04-20
1144,10,2766,1,0,0,0.0,2026-06-30
1145,28,86,1,0,0,0.0,2025-01-02
1146,4,1768,1,1,1,57.61,2025-04-13
1147,29,3465,1,0,1,164.22,2025-11-10
1148,23,4276,1,1,0,0.0,2025-04-08
1149,24,3838,1,1,1,166.01,2024-12-04
1150,25,550,1,0,1,52.25,2026-03-12
1151,29,428,1,0,0,0.0,2026-03-04
1152,11,1664,1,1,1,153.08,2025-03-01
1153,37,3318,1,1,1,122.37,2024-08-25
1154,32,1180,1,1,0,0.0,2025-02-24
1155,32,1161,1,0,1,98.67,2026-02-05
1156,25,2398,1,0,1,209.71,2025-03-25
1157,35,957,1,0,1,66.3,2025-11-08
1158,37,1406,1,1,1,216.01,2025-11-18
1159,24,3867,1,1,1,71.03,2025-11-01
1160,4,451,1,1,0,0.0,2024-11-09
1161,21,1236,1,1,0,0.0,2024-08-12
1162,37,1405,1,1,1,38.31,2026-07-29
1163,40,629,1,0,0,0.0,2025-04-10
1164,31,2432,1,1,0,0.0,2025-11-25
1165,34,1466,1,0,0,0.0,2025-12-29
1166,24,2672,1,0,1,39.72,2025-02-02
1167,6,4278,1,0,1,181.49,2025-08-06
1168,5,1316,1,0,0,0.0,2024-09-15
1169,25,2384,1,0,1,95.96,2025-06-02
1170,19,3574,1,1,0,0.0,2024-08-20
1171,29,3120,1,0,0,0.0,2026-03-23
1172,18,2028,1,0,1,50.16,2026-04-22
1173,36,1738,1,0,0,0.0,2026-02-17
1174,20,857,1,1,0,0.0,2026-03-04
1175,5,741,1,0,1,171.23,2026-05-06
1176,4,4248,1,0,0,0.0,2025-03-06
1177,13,1271,1,1,1,120.47,2025-03-29
1178,27,3250,1,0,0,0.0,2026-03-07
1179,8,4712,1,0,0,0.0,2026-03-13
1180,10,974,1,0,1,140.57,2026-04-14
1181,16,1954,1,0,1,44.88,2026-07-01
1182,3,4994,1,1,1,54.2,2026-07-11
1183,30,4335,1,1,1,22.87,2025-10-13
1184,7,3638,1,0,1,247.13,2026-02-11
1185,37,3303,1,1,0,0.0,2024-10-06
1186,10,1615,1,1,1,150.48,2026-06-16
1187,32,1934,1,0,0,0.0,2026-05-11
1188,11,3596,1,1,1,163.54,2024-09-04
1189,35,1259,1,0,1,153.22,2026-07-21
1190,33,212,1,1,0,0.0,2025-11-20
1191,33,1604,1,1,0,0.0,2025-04-04
1192,4,4345,1,1,1,16.3,2025-04-19
1193,10,566,1,1,1,167.85,2025-07-28
1194,27,4155,1,1,1,161.9,2025-06-16
1195,17,3773,1,1,1,162.03,2025-01-27
1196,38,369,1,1,1,171.53,2024-08-28
1197,17,4955,1,1,0,0.0,2026-01-29
1198,38,3664,1,1,1,73.85,2025-01-11
1199,15,964,1,0,1,61.64,2024-11-23
1200,21,1316,1,0,1,26.9,2026-04-14
1201,21,1772,1,1,1,53.2,2026-03-12
1202,14,3141,1,1,0,0.0,2025-03-07
1203,30,4612,1,0,0,0.0,2025-04-14
1204,36,3605,1,1,0,0.0,2024-12-19
1205,13,4597,1,0,0,0.0,2026-04-02
1206,27,4025,1,0,0,0.0,2025-06-12
1207,19,1070,1,0,1,54.07,2026-06-08
1208,36,1321,1,1,0,0.0,2026-05-08
1209,40,4491,1,0,0,0.0,2025-03-30
1210,14,3610,1,0,1,171.75,2025-11-26
1211,17,227,1,1,0,0.0,2025-08-05
1212,35,1280,1,1,1,91.93,2025-01-19
1213,1,3694,1,1,1,123.26,2024-08-05
1214,23,3486,1,0,0,0.0,2026-06-21
1215,1,1065,1,0,0,0.0,2026-01-11
1216,7,290,1,0,0,0.0,2025-05-24
1217,39,3186,1,1,0,0.0,2026-08-02
1218,32,269,1,1,1,205.93,2025-05-17
1219,28,3542,1,1,1,124.77,2026-02-22
1220,23,678,1,1,0,0.0,2026-03-12
1221,19,2880,1,1,0,0.0,2025-10-06
1222,10,3158,1,1,1,130.27,2024-08-30
1223,6,261,1,0,1,207.01,2025-09-19
1224,40,842,1,0,0,0.0,2024-10-26
1225,12,1681,1,0,1,102.31,2026-01-16
1226,7,1991,1,1,0,0.0,2026-06-23
1227,13,1827,1,0,1,187.59,2024-12-30
1228,19,4558,1,0,1,71.54,2025-06-18
1229,19,2956,1,0,0,0.0,2024-11-15
1230,26,2911,1,1,0,0.0,2024-12-06
1231,28,2220,1,0,0,0.0,2025-05-29
1232,27,3902,1,1,0,0.0,2026-01-24
1233,11,1157,1,1,0,0.0,2026-05-06
1234,8,2186,1,1,0,0.0,2026-06-16
1235,39,570,1,1,0,0.0,2025-10-29
1236,18,4630,1,0,1,49.76,2026-03-07
1237,15,531,1,0,1,85.39,2025-06-01
1238,5,1590,1,1,0,0.0,2026-05-14
1239,32,2992,1,1,0,0.0,2025-05-19
1240,5,684,1,1,0,0.0,2025-03-19
1241,8,2308,1,0,0,0.0,2024-10-06
1242,12,943,1,1,1,244.2,2025-10-20
1243,8,651,1,0,1,226.12,2026-07-29
1244,7,4254,1,1,1,242.91,2025-11-28
1245,36,4894,1,1,0,0.0,2025-06-28
1246,1,3529,1,0,1,61.22,2024-12-18
1247,5,611,1,0,1,204.47,2025-10-24
1248,14,1951,1,1,1,106.73,2024-10-23
1249,37,4501,1,0,0,0.0,2026-04-14
1250,30,4781,1,0,1,14.47,2024-12-27
1251,33,2775,1,1,1,164.38,2026-02-19
1252,21,1825,1,0,1,93.88,2025-08-09
1253,5,242,1,1,1,246.16,2025-06-19
1254,28,2332,1,0,1,169.69,2024-08-07
1255,28,552,1,1,0,0.0,2024-10-26
1256,25,3340,1,1,0,0.0,2025-12-25
1257,17,585,1,1,1,42.04,2024-09-10
1258,9,3831,1,1,0,0.0,2026-04-15
1259,1,646,1,0,0,0.0,2026-01-30
1260,37,3594,1,0,1,100.9,2025-06-01
1261,27,334,1,1,1,82.33,2024-11-14
1262,16,1438,1,0,0,0.0,2026-07-19
1263,26,3496,1,0,0,0.0,2026-03-21
1264,26,3065,1,1,1,59.58,2026-06-23
1265,36,2140,1,0,1,159.86,2025-05-03
1266,38,4562,1,1,0,0.0,2026-05-13
1267,15,631,1,0,0,0.0,2024-11-30
1268,25,3259,1,1,1,153.09,2024-09-18
1269,3,1423,1,0,1,200.45,2026-04-11
1270,4,354,1,0,0,0.0,2025-09-17
1271,22,324,1,0,1,109.77,2025-12-03
1272,31,3520,1,0,1,174.46,2025-12-25
1273,31,4375,1,0,0,0.0,2024-10-10
1274,27,4294,1,1,0,0.0,2024-09-20
1275,9,3447,1,0,1,248.67,2025-05-17
1276,32,3082,1,0,0,0.0,2024-12-13
1277,3,500,1,1,0,0.0,2026-06-12
1278,14,3329,1,0,0,0.0,2026-05-07
1279,20,2413,1,0,1,90.63,2024-10-24
1280,28,2102,1,0,1,222.95,2025-02-16
1281,36,4676,1,0,0,0.0,2026-04-07
1282,4,2478,1,1,0,0.0,2025-02-05
1283,20,1702,1,1,1,191.14,2025-01-18
1284,18,243,1,0,0,0.0,2025-06-29
1285,39,277,1,1,0,0.0,2024-09-18
1286,30,1092,1,0,0,0.0,2025-10-04
1287,19,4637,1,0,1,169.68,2024-10-08
1288,19,2974,1,1,0,0.0,2025-04-08
1289,24,758,1,0,0,0.0,2025-07-01
1290,34,4470,1,1,0,0.0,2024-12-18
1291,37,816,1,0,0,0.0,2025-05-01
1292,10,4330,1,1,0,0.0,2026-06-04
1293,23,630,1,1,1,150.44,2026-04-05
1294,30,2089,1,0,1,73.74,2025-01-09
1295,2,1684,1,0,0,0.0,2025-02-18
1296,12,4386,1,0,1,212.79,2025-02-28
1297,15,4802,1,0,0,0.0,2024-08-31
1298,30,1476,1,0,1,149.56,2024-11-25
1299,13,3374,1,1,1,89.76,2025-01-03
1300,30,4865,1,0,0,0.0,2025-07-20
1301,24,2264,1,1,0,0.0,2026-07-19
1302,14,366,1,1,0,0.0,2025-07-05
1303,17,1238,1,1,0,0.0,2024-10-25
1304,35,724,1,0,0,0.0,2026-03-02
1305,31,4946,1,1,0,0.0,2026-02-11
1306,16,1225,1,0,1,170.22,2025-09-17
1307,3,3429,1,1,1,212.15,2026-06-25
1308,34,2303,1,0,1,118.81,2024-08-30
1309,35,162,1,1,0,0.0,2024-08-24
1310,33,3461,1,0,0,0.0,2026-05-30
1311,28,1512,1,1,0,0.0,2025-07-25
1312,36,4658,1,0,1,103.29,2026-06-18
1313,27,4219,1,0,1,129.41,2025-10-20
1314,8,3255,1,1,0,0.0,2025-12-28
1315,11,1088,1,0,0,0.0,2025-03-11
1316,7,3310,1,1,1,12.4,2025-01-21
1317,38,2826,1,0,0,0.0,2024-10-22
1318,26,2149,1,0,0,0.0,2026-04-23
1319,30,899,1,0,1,66.89,2024-10-03
1320,26,143,1,1,0,0.0,2026-01-26
1321,29,1062,1,1,0,0.0,2025-07-06
1322,3,3672,1,1,0,0.0,2026-07-11
1323,38,1536,1,0,1,171.55,2024-12-27
1324,35,2173,1,1,1,111.49,2025-04-07
1325,20,4515,1,0,0,0.0,2025-04-25
1326,38,2335,1,0,0,0.0,2025-10-11
1327,32,4957,1,0,1,36.41,2024-08-12
1328,39,2580,1,0,1,186.9,2024-12-16
1329,18,1031,1,1,0,0.0,2025-08-06
1330,7,2780,1,0,0,0.0,2025-03-25
1331,19,4697,1,1,1,228.03,2025-08-27
1332,9,808,1,1,1,101.18,2024-11-08
1333,36,3223,1,1,0,0.0,2025-08-09
1334,15,4389,1,0,1,231.58,2025-12-04
1335,26,166,1,1,0,0.0,2025-12-13
1336,24,3794,1,1,1,101.25,2024-09-15
1337,29,4653,1,0,1,16.51,2024-12-17
1338,11,95,1,0,0,0.0,2025-05-24
1339,36,4197,1,1,0,0.0,2026-07-18
1340,20,2505,1,0,0,0.0,2026-02-23
1341,1,3495,1,0,0,0.0,2025-07-28
1342,32,3170,1,1,1,126.77,2025-02-28
1343,5,1994,1,0,0,0.0,2026-06-11
1344,27,3059,1,1,0,0.0,2026-03-31
1345,21,1740,1,0,1,171.13,2026-03-23
1346,20,2501,1,0,1,149.14,2024-11-09
1347,35,2890,1,1,1,195.35,2024-09-03
1348,34,2296,1,1,1,48.94,2024-08-08
1349,10,4217,1,0,1,126.98,2024-09-28
1350,3,2701,1,0,0,0.0,2024-08-25
1351,17,4275,1,0,1,54.65,2025-03-26
1352,33,1075,1,0,1,67.57,2025-04-21
1353,27,3821,1,1,1,184.86,2024-08-06
1354,11,807,1,1,1,230.71,2026-05-25
1355,30,130,1,1,0,0.0,2026-07-07
1356,7,1332,1,1,0,0.0,2026-06-02
1357,34,990,1,1,0,0.0,2024-12-30
1358,20,3364,1,0,0,0.0,2026-07-11
1359,28,3815,1,0,0,0.0,2025-11-29
1360,40,2746,1,1,0,0.0,2025-05-03
1361,40,3696,1,1,0,0.0,2024-10-27
1362,22,857,1,1,1,16.16,2024-10-29
1363,39,4529,1,1,0,0.0,2025-09-29
1364,2,2717,1,0,1,142.54,2026-05-31
1365,1,412,1,0,0,0.0,2026-07-09
1366,21,3858,1,1,0,0.0,2025-04-21
1367,32,4003,1,0,1,182.48,2025-03-22
1368,19,1486,1,1,0,0.0,2026-04-13
1369,4,3525,1,1,1,167.5,2025-07-17
1370,2,3492,1,0,0,0.0,2026-01-21
1371,29,367,1,1,1,185.24,2025-10-18
1372,30,4347,1,0,1,138.32,2025-04-16
1373,1,2150,1,1,1,186.36,2026-02-26
1374,33,3808,1,0,0,0.0,2025-06-02
1375,10,3114,1,1,1,104.36,2026-05-05
1376,40,2023,1,0,0,0.0,2025-02-22
1377,27,2785,1,0,0,0.0,2026-04-28
1378,31,161,1,0,1,159.97,2024-12-03
1379,21,3761,1,1,0,0.0,2026-04-19
1380,38,3240,1,0,1,163.62,2025-03-27
1381,26,2162,1,0,1,70.64,2024-10-29
1382,28,778,1,0,0,0.0,2026-01-14
1383,27,1238,1,0,0,0.0,2025-04-01
1384,28,4090,1,0,0,0.0,2024-09-26
1385,4,243,1,0,1,230.18,2024-08-19
1386,40,4531,1,0,1,212.42,2025-04-14
1387,1,1775,1,0,1,53.32,2024-12-27
1388,9,2399,1,0,0,0.0,2025-06-17
1389,26,390,1,0,1,229.33,2025-08-05
1390,3,3155,1,1,0,0.0,2026-01-29
1391,13,823,1,1,1,180.02,2025-09-05
1392,12,2991,1,1,0,0.0,2025-02-13
1393,24,276,1,1,1,205.69,2026-02-03
1394,39,2549,1,1,0,0.0,2025-07-28
1395,39,2981,1,1,1,70.23,2025-09-29
1396,15,1604,1,0,1,52.29,2025-04-27
1397,17,2793,1,1,1,80.86,2025-08-28
1398,24,3450,1,0,1,226.03,2025-06-10
1399,4,4169,1,1,1,33.24,2024-12-24
1400,18,4981,1,0,1,103.76,2024-11-28
1401,24,133,1,0,1,232.9,2024-11-16
1402,16,2243,1,0,1,79.23,2025-10-01
1403,1,26,1,0,0,0.0,2025-02-15
1404,13,3148,1,0,1,169.31,2025-06-10
1405,10,3762,1,1,0,0.0,2025-12-15
1406,19,4474,1,1,1,162.88,2025-12-13
1407,16,3632,1,1,0,0.0,2025-07-11
1408,40,377,1,1,0,0.0,2025-04-06
1409,24,4823,1,0,1,61.59,2025-11-21
1410,36,3991,1,0,1,171.97,2025-09-24
1411,14,1228,1,1,1,213.41,2026-08-02
1412,15,4881,1,0,1,61.56,2026-01-09
1413,8,3959,1,0,0,0.0,2025-05-04
1414,1,4099,1,0,0,0.0,2024-09-14
1415,19,351,1,1,0,0.0,2025-10-25
1416,2,2674,1,1,0,0.0,2025-04-16
1417,5,3423,1,0,1,177.71,2024-09-28
1418,32,3147,1,0,0,0.0,2025-07-01
1419,37,4263,1,0,1,196.37,2024-11-13
1420,25,3406,1,0,1,16.2,2025-11-13
1421,22,3887,1,1,1,87.53,2025-11-19
1422,6,666,1,1,1,69.23,2026-03-20
1423,39,961,1,0,0,0.0,2025-09-29
1424,17,4849,1,1,1,174.36,2025-06-27
1425,15,3162,1,1,0,0.0,2025-12-08
1426,13,286,1,1,0,0.0,2026-01-20
1427,28,3139,1,0,0,0.0,2025-08-01
1428,19,3580,1,1,0,0.0,2024-11-28
1429,32,3742,1,0,0,0.0,2025-01-16
1430,11,2971,1,1,0,0.0,2025-10-23
1431,22,2386,1,1,1,52.13,2026-07-02
1432,7,3644,1,1,0,0.0,2025-04-26
1433,11,202,1,1,0,0.0,2025-11-09
1434,34,2236,1,1,0,0.0,2025-02-06
1435,37,610,1,1,0,0.0,2025-05-30
1436,5,3509,1,0,0,0.0,2026-04-27
1437,27,1959,1,0,1,143.64,2025-01-12
1438,14,4502,1,1,0,0.0,2026-03-30
1439,33,4692,1,0,0,0.0,2026-07-25
1440,8,124,1,0,0,0.0,2026-05-08
1441,10,1168,1,0,1,120.18,2024-11-05
1442,37,4474,1,0,0,0.0,2024-10-02
1443,15,4733,1,0,0,0.0,2026-01-20
1444,29,165,1,0,1,195.0,2024-08-24
1445,22,2628,1,0,0,0.0,2025-05-06
1446,5,117,1,1,0,0.0,2025-06-10
1447,25,2497,1,1,1,10.83,2024-08-07
1448,2,2707,1,1,0,0.0,2024-10-28
1449,10,1817,1,0,0,0.0,2024-11-08
1450,15,847,1,0,0,0.0,2026-02-19
1451,7,1828,1,0,1,97.17,2026-07-07
1452,21,905,1,0,0,0.0,2025-01-22
1453,13,15,1,1,1,11.38,2025-06-14
1454,5,3801,1,1,1,136.16,2025-01-31
1455,18,4199,1,0,0,0.0,2026-05-25
1456,33,4390,1,0,0,0.0,2025-12-09
1457,39,43,1,1,0,0.0,2025-11-21
1458,39,1643,1,0,0,0.0,2025-07-06
1459,24,3221,1,1,0,0.0,2026-06-23
1460,19,4222,1,1,0,0.0,2025-01-26
1461,31,754,1,1,0,0.0,2025-02-19
1462,10,3090,1,0,1,233.71,2025-12-03
1463,12,351,1,0,1,131.27,2026-02-06
1464,23,2503,1,1,1,169.87,2025-03-21
1465,1,3903,1,0,1,49.61,2026-01-08
1466,16,3007,1,1,1,129.92,2026-02-28
1467,22,1216,1,1,1,65.32,2025-02-07
1468,35,1961,1,1,0,0.0,2025-12-04
1469,10,4146,1,0,0,0.0,2025-05-16
1470,27,1221,1,0,0,0.0,2026-01-25
1471,31,806,1,0,1,143.01,2025-12-30
1472,32,1129,1,0,1,245.35,2025-03-07
1473,27,823,1,1,1,35.37,2025-03-10
1474,12,4485,1,0,0,0.0,2025-03-12
1475,14,4765,1,0,1,18.76,2025-01-22
1476,18,4317,1,1,1,192.22,2025-01-01
1477,29,795,1,0,0,0.0,2024-11-11
1478,25,2143,1,1,0,0.0,2024-10-30
1479,22,1205,1,1,0,0.0,2025-01-16
1480,11,3087,1,1,0,0.0,2025-07-01
1481,19,4874,1,0,1,128.23,2025-12-20
1482,7,4587,1,1,1,197.22,2024-10-13
1483,2,2442,1,1,1,105.84,2025-06-18
1484,29,2936,1,1,0,0.0,2026-02-16
1485,36,3521,1,0,0,0.0,2024-08-21
1486,29,131,1,1,0,0.0,2025-07-12
1487,24,1393,1,0,1,94.14,2025-05-27
1488,21,3584,1,0,0,0.0,2024-09-02
1489,40,2836,1,0,0,0.0,2024-08-19
1490,17,322,1,1,1,157.35,2025-05-12
1491,1,1891,1,0,1,249.82,2025-06-26
1492,22,1281,1,1,1,144.94,2025-12-20
1493,30,2164,1,0,0,0.0,2024-10-29
1494,33,3954,1,1,1,136.71,2026-08-03
1495,29,857,1,0,0,0.0,2024-11-29
1496,16,3587,1,1,0,0.0,2025-08-02
1497,10,4499,1,0,1,193.77,2024-09-11
1498,9,4294,1,1,1,163.66,2025-06-16
1499,1,956,1,0,1,171.92,2025-12-24
1500,4,334,1,0,1,246.91,2024-09-06
1501,33,3635,1,1,0,0.0,2026-04-26
1502,26,4321,1,0,0,0.0,2026-06-29
1503,27,4427,1,0,1,124.88,2025-03-13
1504,23,2393,1,0,1,226.14,2025-09-23
1505,40,1818,1,1,0,0.0,2025-04-22
1506,39,2158,1,1,0,0.0,2024-10-17
1507,8,2569,1,0,0,0.0,2024-08-15
1508,5,1242,1,0,0,0.0,2026-03-09
1509,34,1240,1,0,0,0.0,2026-02-10
1510,17,4228,1,1,0,0.0,2025-07-27
1511,8,2628,1,1,1,189.02,2024-10-06
1512,34,4940,1,0,0,0.0,2024-09-28
1513,14,4632,1,1,1,154.35,2025-06-24
1514,4,2412,1,1,1,85.0,2024-08-14
1515,33,1548,1,1,0,0.0,2024-10-31
1516,12,4049,1,0,1,135.99,2026-05-08
1517,21,399,1,1,0,0.0,2025-03-19
1518,15,3807,1,0,1,56.99,2025-11-21
1519,20,78,1,0,0,0.0,2026-05-15
1520,28,430,1,1,0,0.0,2026-01-29
1521,40,4565,1,0,1,168.13,2025-01-05
1522,36,4716,1,1,1,144.77,2025-02-23
1523,9,2646,1,1,1,36.52,2025-05-20
1524,28,4893,1,1,1,137.67,2026-07-09
1525,9,135,1,0,1,196.15,2026-04-09
1526,5,2420,1,1,0,0.0,2025-03-24
1527,35,4925,1,1,1,203.42,2024-10-27
1528,40,18,1,0,0,0.0,2026-05-20
1529,2,279,1,1,1,136.5,2025-12-22
1530,20,361,1,1,0,0.0,2025-05-31
1531,1,1072,1,1,1,153.49,2026-04-15
1532,9,1055,1,0,1,147.08,2025-12-29
1533,2,2315,1,0,0,0.0,2026-06-27
1534,10,2092,1,0,0,0.0,2025-03-25
1535,38,1917,1,0,0,0.0,2025-01-27
1536,40,2220,1,0,0,0.0,2024-09-25
1537,22,1595,1,1,0,0.0,2024-08-23
1538,30,3693,1,0,0,0.0,2026-07-08
1539,29,1975,1,0,0,0.0,2024-11-05
1540,14,4950,1,0,0,0.0,2026-06-29
1541,29,4232,1,1,1,186.02,2024-10-17
1542,37,3828,1,0,0,0.0,2025-08-07
1543,33,1843,1,1,0,0.0,2026-04-10
1544,6,1975,1,0,0,0.0,2025-11-27
1545,20,2687,1,0,0,0.0,2026-06-26
1546,5,369,1,0,1,103.48,2024-09-15
1547,35,3522,1,0,1,134.92,2025-07-12
1548,15,591,1,0,1,33.1,2024-11-07
1549,14,2086,1,0,0,0.0,2026-02-25
1550,5,4729,1,0,1,161.33,2026-05-27
1551,10,4650,1,1,0,0.0,2025-04-08
1552,9,3562,1,1,1,144.73,2025-05-15
1553,3,535,1,0,0,0.0,2026-07-13
1554,12,4365,1,0,0,0.0,2026-03-09
1555,1,1260,1,0,0,0.0,2025-05-10
1556,20,3601,1,1,0,0.0,2025-10-19
1557,16,3868,1,0,0,0.0,2025-06-01
1558,12,385,1,0,0,0.0,2025-07-08
1559,10,3932,1,0,0,0.0,2025-06-01
1560,12,2849,1,1,0,0.0,2025-08-14
1561,34,4736,1,0,0,0.0,2026-03-08
1562,11,4832,1,0,0,0.0,2025-01-10
1563,38,1968,1,1,0,0.0,2025-05-03
1564,15,2325,1,1,1,64.98,2026-03-31
1565,26,2091,1,0,0,0.0,2025-09-24
1566,4,4439,1,0,0,0.0,2025-04-19
1567,17,4162,1,0,0,0.0,2024-10-17
1568,18,1334,1,0,0,0.0,2025-06-30
1569,17,2597,1,1,1,193.19,2026-01-20
1570,22,1550,1,0,0,0.0,2025-05-19
1571,39,298,1,0,1,166.51,2026-01-03
1572,22,72,1,0,0,0.0,2025-09-18
1573,26,1438,1,0,0,0.0,2025-09-12
1574,35,531,1,1,1,221.12,2025-12-11
1575,8,3316,1,1,1,105.64,2025-08-17
1576,19,3730,1,0,0,0.0,2025-02-21
1577,30,3245,1,0,0,0.0,2025-11-01
1578,17,3784,1,0,1,160.87,2025-05-15
1579,32,1895,1,0,1,131.91,2026-03-05
1580,24,1290,1,1,0,0.0,2025-10-25
1581,38,1276,1,0,0,0.0,2026-01-30
1582,24,3540,1,0,1,86.81,2024-11-15
1583,37,1112,1,0,0,0.0,2026-06-04
1584,13,1099,1,1,1,173.02,2025-07-12
1585,34,4290,1,0,1,138.07,2026-05-15
1586,5,803,1,1,0,0.0,2025-03-07
1587,14,2570,1,0,0,0.0,2024-08-12
1588,21,1855,1,0,0,0.0,2025-06-13
1589,12,4286,1,0,0,0.0,2024-10-20
1590,3,1444,1,1,0,0.0,2025-01-03
1591,33,3373,1,0,1,67.18,2025-09-21
1592,8,66,1,0,1,195.97,2025-10-04
1593,17,1450,1,0,0,0.0,2025-08-29
1594,15,4036,1,0,1,104.62,2024-08-25
1595,1,694,1,0,0,0.0,2026-06-10
1596,37,4780,1,1,1,64.8,2026-01-14
1597,27,2524,1,1,0,0.0,2026-06-24
1598,38,3942,1,0,1,64.66,2025-10-13
1599,31,320,1,1,1,153.14,2025-05-10
1600,12,59,1,0,0,0.0,2025-05-25
1601,38,3794,1,0,0,0.0,2026-02-02
1602,13,2127,1,1,0,0.0,2025-11-22
1603,38,1264,1,1,1,109.38,2024-11-09
1604,26,1703,1,1,0,0.0,2024-11-20
1605,1,3412,1,1,1,160.19,2025-08-27
1606,39,3381,1,0,1,181.23,2025-06-12
1607,33,4555,1,0,0,0.0,2026-03-14
1608,34,1525,1,0,1,214.55,2026-02-18
1609,3,1662,1,1,1,157.95,2024-09-19
1610,1,3340,1,0,0,0.0,2024-08-26
1611,2,538,1,0,0,0.0,2025-07-04
1612,28,799,1,1,1,104.86,2025-12-02
1613,31,1708,1,0,0,0.0,2025-02-09
1614,16,3357,1,0,0,0.0,2026-08-04
1615,12,1898,1,0,1,30.21,2026-06-23
1616,24,4453,1,0,1,124.54,2025-03-03
1617,30,3135,1,1,1,184.15,2026-05-30
1618,13,2651,1,1,0,0.0,2026-04-28
1619,5,3873,1,0,1,49.74,2025-04-02
1620,4,465,1,0,1,249.58,2025-12-10
1621,27,3040,1,1,0,0.0,2026-06-18
1622,22,1826,1,1,0,0.0,2025-12-28
1623,22,4980,1,0,1,72.34,2026-05-14
1624,15,571,1,1,0,0.0,2026-07-02
1625,22,195,1,1,1,54.63,2025-09-23
1626,26,3022,1,1,0,0.0,2024-11-18
1627,19,2001,1,0,1,141.53,2026-07-30
1628,14,2820,1,1,1,204.79,2025-06-08
1629,7,642,1,0,0,0.0,2026-05-31
1630,13,3882,1,0,0,0.0,2024-11-26
1631,24,2962,1,1,0,0.0,2025-04-04
1632,9,1744,1,1,1,19.03,2024-10-18
1633,32,4301,1,1,0,0.0,2026-06-11
1634,40,2654,1,1,0,0.0,2025-11-19
1635,19,3504,1,0,1,226.55,2025-12-28
1636,39,1891,1,0,1,148.43,2026-03-17
1637,26,1553,1,1,0,0.0,2025-08-03
1638,13,269,1,0,0,0.0,2026-03-13
1639,25,4567,1,0,0,0.0,2025-08-27
1640,34,994,1,1,0,0.0,2025-09-22
1641,12,3151,1,0,0,0.0,2026-02-15
1642,30,1397,1,1,0,0.0,2025-09-23
1643,29,3312,1,0,1,247.22,2026-02-06
1644,37,2526,1,0,0,0.0,2026-05-05
1645,34,2695,1,0,1,95.87,2026-04-07
1646,9,4415,1,1,1,188.83,2026-07-03
1647,13,3218,1,1,0,0.0,2024-08-15
1648,3,1945,1,1,0,0.0,2025-11-17
1649,30,4719,1,1,1,217.05,2025-04-05
1650,37,3981,1,0,1,238.53,2024-08-04
1651,29,955,1,0,0,0.0,2026-04-04
1652,6,3726,1,1,0,0.0,2026-05-13
1653,6,1540,1,0,1,117.19,2025-02-21
1654,36,2954,1,1,0,0.0,2024-08-21
1655,17,2310,1,1,1,232.76,2025-06-08
1656,16,1008,1,0,0,0.0,2025-01-28
1657,34,4531,1,1,1,52.96,2025-09-15
1658,21,1157,1,1,1,146.44,2024-12-30
1659,4,812,1,1,0,0.0,2025-01-23
1660,2,1819,1,0,1,130.05,2025-10-26
1661,3,3183,1,1,0,0.0,2025-01-19
1662,7,56,1,0,1,66.31,2025-03-18
1663,22,3194,1,0,0,0.0,2025-11-10
1664,11,3494,1,1,0,0.0,2024-11-27
1665,11,2765,1,0,1,24.68,2025-05-18
1666,39,2439,1,1,0,0.0,2025-07-18
1667,37,4636,1,1,0,0.0,2026-02-02
1668,38,4938,1,0,0,0.0,2024-11-24
1669,12,3182,1,1,0,0.0,2026-07-28
1670,3,2303,1,0,1,15.24,2025-09-16
1671,21,1945,1,0,0,0.0,2025-10-08
1672,3,3412,1,1,1,127.76,2026-04-09
1673,39,4072,1,0,0,0.0,2026-05-28
1674,12,3131,1,0,0,0.0,2026-07-26
1675,13,4046,1,0,0,0.0,2025-10-11
1676,32,4926,1,1,0,0.0,2025-08-25
1677,9,4905,1,1,0,0.0,2024-09-24
1678,34,2611,1,1,0,0.0,2024-11-18
1679,10,3094,1,0,0,0.0,2026-06-25
1680,37,4631,1,1,0,0.0,2026-03-17
1681,27,3046,1,0,1,70.84,2024-10-27
1682,21,4142,1,1,0,0.0,2025-11-26
1683,22,724,1,0,1,146.04,2024-10-19
1684,16,3479,1,1,0,0.0,2025-07-14
1685,25,1837,1,1,1,130.11,2026-01-23
1686,27,644,1,0,0,0.0,2024-11-21
1687,37,4304,1,0,1,63.96,2025-08-02
1688,1,4665,1,0,1,100.46,2024-12-25
1689,35,981,1,0,0,0.0,2026-03-04
1690,19,1145,1,1,0,0.0,2026-01-03
1691,24,1802,1,0,0,0.0,2026-05-13
1692,10,2708,1,1,1,169.01,2025-04-01
1693,19,2569,1,1,0,0.0,2025-11-03
1694,31,2044,1,0,0,0.0,2025-03-15
1695,16,489,1,0,1,118.77,2025-12-04
1696,35,1953,1,1,1,94.19,2025-10-19
1697,32,219,1,0,1,177.12,2026-05-27
1698,36,563,1,0,1,120.78,2025-04-19
1699,16,3401,1,1,1,141.79,2026-01-23
1700,38,1395,1,0,0,0.0,2024-11-19
1701,22,4847,1,1,1,18.3,2025-12-19
1702,6,887,1,0,0,0.0,2025-02-28
1703,8,2789,1,1,0,0.0,2025-11-21
1704,40,883,1,1,0,0.0,2025-09-27
1705,35,587,1,1,0,0.0,2024-12-25
1706,38,519,1,1,0,0.0,2025-10-23
1707,22,1585,1,1,1,185.89,2025-05-18
1708,21,1814,1,1,0,0.0,2024-09-19
1709,9,264,1,0,0,0.0,2025-12-29
1710,32,2702,1,0,0,0.0,2025-08-20
1711,37,3518,1,1,0,0.0,2025-11-21
1712,27,4557,1,1,0,0.0,2025-03-26
1713,7,4793,1,1,1,190.66,2025-06-13
1714,40,4357,1,0,0,0.0,2024-10-14
1715,36,795,1,1,1,180.41,2025-11-17
1716,12,4425,1,1,0,0.0,2025-01-20
1717,37,4564,1,0,1,118.11,2024-12-24
1718,10,1717,1,0,1,170.74,2025-11-20
1719,26,4405,1,1,0,0.0,2025-12-28
1720,2,4821,1,0,1,233.56,2025-04-23
1721,6,3906,1,1,0,0.0,2026-06-06
1722,18,4048,1,1,0,0.0,2026-07-21
1723,23,1114,1,0,1,116.53,2025-10-05
1724,15,3634,1,0,1,76.97,2026-07-31
1725,38,2900,1,0,0,0.0,2025-10-10
1726,21,2184,1,1,1,226.61,2025-11-07
1727,30,3018,1,0,0,0.0,2025-07-11
1728,40,3015,1,0,0,0.0,2025-10-03
1729,20,1872,1,1,1,42.15,2026-07-15
1730,4,946,1,1,1,113.94,2024-08-30
1731,9,390,1,1,0,0.0,2024-10-03
1732,6,19,1,0,0,0.0,2025-08-27
1733,8,2368,1,1,0,0.0,2025-08-01
1734,30,374,1,1,1,72.07,2025-12-09
1735,27,1230,1,0,1,53.31,2025-10-31
1736,1,1764,1,1,0,0.0,2026-04-29
1737,33,3442,1,0,1,151.72,2025-04-03
1738,36,1226,1,1,0,0.0,2025-09-30
1739,7,4061,1,0,0,0.0,2025-11-22
1740,27,311,1,1,0,0.0,2024-09-04
1741,4,4666,1,0,1,11.03,2025-11-02
1742,32,1700,1,0,1,139.94,2026-01-31
1743,11,2177,1,1,0,0.0,2026-04-01
1744,9,1085,1,0,1,39.84,2026-05-22
1745,6,3036,1,1,0,0.0,2026-07-22
1746,12,2874,1,0,0,0.0,2025-11-08
1747,27,189,1,1,0,0.0,2025-11-14
1748,26,4680,1,0,0,0.0,2026-03-18
1749,6,1462,1,0,1,217.0,2025-08-30
1750,10,2806,1,1,0,0.0,2024-11-13
1751,7,2499,1,0,1,98.34,2024-10-24
1752,15,3750,1,1,1,106.04,2024-12-08
1753,25,4704,1,0,0,0.0,2025-10-03
1754,18,819,1,0,1,176.26,2024-08-24
1755,18,2242,1,1,1,246.53,2025-09-09
1756,34,3804,1,0,0,0.0,2025-07-29
1757,12,2813,1,1,1,78.52,2025-12-21
1758,15,3127,1,0,1,196.73,2025-05-08
1759,33,3317,1,1,1,165.0,2025-08-09
1760,10,722,1,1,1,160.3,2025-11-27
1761,19,1278,1,1,1,67.09,2026-01-29
1762,4,1288,1,0,0,0.0,2026-07-24
1763,30,3042,1,0,0,0.0,2025-02-03
1764,39,1409,1,0,0,0.0,2026-01-04
1765,37,3436,1,1,0,0.0,2024-12-10
1766,38,2452,1,1,0,0.0,2026-05-08
1767,27,547,1,0,1,167.17,2026-05-11
1768,17,4459,1,0,1,54.61,2025-06-28
1769,40,2464,1,1,0,0.0,2025-12-09
1770,25,4116,1,0,1,228.77,2026-08-02
1771,36,171,1,1,1,203.62,2026-05-28
1772,30,3908,1,0,0,0.0,2025-02-25
1773,14,1279,1,1,0,0.0,2025-11-28
1774,38,639,1,1,0,0.0,2024-11-15
1775,35,4389,1,1,1,149.34,2025-08-30
1776,10,3466,1,1,1,109.62,2026-01-10
1777,12,2569,1,0,0,0.0,2025-08-27
1778,23,2959,1,1,1,67.48,2026-02-21
1779,35,4846,1,0,0,0.0,2025-07-31
1780,15,202,1,0,0,0.0,2025-07-12
1781,7,2734,1,0,0,0.0,2024-12-10
1782,19,3775,1,1,1,207.58,2025-08-20
1783,4,1376,1,1,1,47.58,2025-07-19
1784,19,4455,1,0,0,0.0,2026-04-11
1785,2,1672,1,0,1,220.32,2025-03-03
1786,27,1520,1,0,0,0.0,2026-07-05
1787,27,2223,1,0,1,48.64,2026-04-30
1788,14,4268,1,0,0,0.0,2026-06-23
1789,19,2459,1,0,0,0.0,2025-01-18
1790,2,4398,1,1,0,0.0,2026-02-24
1791,3,4235,1,1,0,0.0,2024-08-29
1792,39,4204,1,1,1,68.13,2025-12-08
1793,7,2918,1,0,0,0.0,2024-09-18
1794,39,2499,1,1,0,0.0,2025-09-11
1795,33,255,1,0,1,217.9,2025-04-23
1796,35,4150,1,0,1,47.47,2025-12-19
1797,31,3557,1,1,0,0.0,2025-03-21
1798,28,2110,1,1,0,0.0,2025-03-26
1799,18,4170,1,0,0,0.0,2025-12-16
1800,27,4715,1,1,0,0.0,2026-07-19
1801,5,1972,1,0,1,142.93,2025-03-07
1802,6,4277,1,1,0,0.0,2026-02-11
1803,28,2839,1,0,1,138.93,2025-10-29
1804,3,1095,1,1,1,76.71,2025-03-11
1805,18,4719,1,0,1,29.53,2024-10-06
1806,37,3157,1,0,1,149.3,2026-03-16
1807,11,2073,1,0,0,0.0,2024-12-02
1808,12,4337,1,1,1,212.73,2025-12-10
1809,5,4828,1,0,1,87.39,2025-05-16
1810,8,2350,1,1,1,52.98,2025-02-03
1811,1,172,1,0,0,0.0,2025-01-23
1812,26,4483,1,1,0,0.0,2025-03-18
1813,26,4402,1,1,0,0.0,2025-06-30
1814,38,2715,1,0,1,27.3,2025-08-27
1815,25,3659,1,1,0,0.0,2024-11-19
1816,33,1898,1,0,0,0.0,2024-12-23
1817,33,2734,1,0,0,0.0,2025-10-12
1818,29,3911,1,0,1,185.32,2026-04-28
1819,10,173,1,1,1,218.97,2025-07-02
1820,26,2471,1,1,0,0.0,2025-01-04
1821,27,3818,1,0,1,238.75,2024-09-26
1822,17,4155,1,0,0,0.0,2025-03-03
1823,3,1512,1,1,1,167.03,2026-07-18
1824,40,207,1,0,1,196.09,2026-01-14
1825,28,1983,1,1,0,0.0,2026-05-04
1826,23,3287,1,1,0,0.0,2024-09-15
1827,12,1609,1,0,1,193.79,2026-06-04
1828,11,4808,1,0,1,28.35,2025-08-03
1829,23,258,1,1,1,134.94,2026-03-07
1830,9,4713,1,1,1,55.5,2025-03-24
1831,34,893,1,0,0,0.0,2025-12-25
1832,12,1476,1,0,1,12.15,2025-07-29
1833,13,1803,1,0,0,0.0,2026-05-02
1834,5,687,1,0,0,0.0,2026-06-24
1835,21,2656,1,0,0,0.0,2025-09-13
1836,21,1710,1,0,0,0.0,2025-12-01
1837,28,2378,1,0,1,66.93,2026-01-13
1838,37,309,1,1,0,0.0,2026-08-02
1839,4,1959,1,0,1,183.63,2025-07-17
1840,40,4094,1,1,0,0.0,2025-10-07
1841,32,592,1,0,1,102.6,2026-08-01
1842,19,1395,1,0,0,0.0,2024-12-23
1843,22,579,1,1,0,0.0,2025-12-26
1844,10,2993,1,1,0,0.0,2026-04-07
1845,14,2387,1,0,0,0.0,2025-01-05
1846,38,3250,1,1,0,0.0,2026-01-30
1847,33,1497,1,1,0,0.0,2025-03-26
1848,27,795,1,1,0,0.0,2026-02-24
1849,23,3938,1,1,0,0.0,2025-02-17
1850,5,3683,1,0,0,0.0,2024-12-06
1851,20,4437,1,1,1,140.01,2026-08-03
1852,12,3224,1,1,0,0.0,2024-11-23
1853,14,1497,1,1,1,39.43,2024-09-14
1854,33,2828,1,1,0,0.0,2025-08-20
1855,29,257,1,1,0,0.0,2025-11-11
1856,25,2406,1,0,0,0.0,2025-05-06
1857,7,2897,1,0,1,222.19,2025-03-27
1858,7,4342,1,1,1,113.48,2024-10-03
1859,39,2816,1,1,1,112.38,2025-12-28
1860,21,1712,1,0,1,77.33,2026-03-23
1861,2,4901,1,1,1,71.75,2024-12-01
1862,32,3282,1,1,1,76.31,2024-11-05
1863,3,1727,1,0,1,130.98,2025-12-28
1864,17,1779,1,0,1,198.89,2026-05-01
1865,11,4807,1,1,1,211.32,2025-07-31
1866,20,1896,1,1,0,0.0,2025-10-27
1867,27,709,1,1,0,0.0,2026-04-14
1868,25,949,1,0,1,183.68,2024-08-11
1869,16,4060,1,0,0,0.0,2024-09-08
1870,32,1994,1,0,0,0.0,2025-11-08
1871,8,3114,1,0,1,61.35,2025-10-20
1872,13,1511,1,0,1,177.63,2025-05-02
1873,21,3584,1,0,0,0.0,2025-08-20
1874,13,2276,1,1,0,0.0,2025-09-22
1875,16,1550,1,0,0,0.0,2024-08-05
1876,3,1237,1,0,0,0.0,2025-03-20
1877,14,823,1,0,0,0.0,2026-07-28
1878,3,38,1,0,0,0.0,2025-08-25
1879,17,1225,1,0,0,0.0,2025-04-26
1880,36,2774,1,1,0,0.0,2026-07-19
1881,28,2750,1,1,1,59.74,2026-07-03
1882,5,3201,1,1,1,223.07,2024-12-23
1883,25,1189,1,1,1,153.69,2025-11-01
1884,27,4361,1,1,1,95.54,2024-09-11
1885,31,1944,1,1,1,97.95,2024-12-10
1886,15,3195,1,1,0,0.0,2024-09-10
1887,33,1031,1,1,1,181.02,2025-08-27
1888,34,1588,1,1,0,0.0,2025-08-23
1889,31,4743,1,0,0,0.0,2025-12-09
1890,3,3548,1,0,1,213.34,2026-07-07
1891,32,3637,1,0,1,194.22,2024-11-16
1892,26,945,1,1,1,10.22,2026-06-28
1893,28,385,1,1,0,0.0,2025-09-20
1894,28,2089,1,0,1,48.12,2024-11-15
1895,23,532,1,0,1,231.33,2025-09-08
1896,2,1242,1,0,0,0.0,2025-02-07
1897,27,2218,1,1,1,67.99,2025-06-25
1898,13,3435,1,1,1,152.07,2026-05-12
1899,20,668,1,1,1,67.91,2024-10-18
1900,5,2406,1,1,1,61.99,2026-05-29
1901,2,1542,1,0,0,0.0,2026-03-14
1902,35,3787,1,0,1,97.35,2025-01-21
1903,27,324,1,0,1,184.3,2024-08-18
1904,33,1887,1,1,0,0.0,2026-02-05
1905,23,4190,1,0,0,0.0,2024-12-01
1906,4,2863,1,0,0,0.0,2025-06-11
1907,28,4583,1,1,1,230.5,2026-02-05
1908,37,662,1,1,1,205.48,2024-11-06
1909,19,2672,1,1,1,112.85,2026-01-10
1910,15,662,1,0,0,0.0,2025-12-10
1911,14,2172,1,1,0,0.0,2025-10-02
1912,9,3200,1,0,1,141.02,2025-07-09
1913,11,623,1,1,0,0.0,2025-12-19
1914,18,1213,1,1,1,143.83,2025-01-17
1915,7,2967,1,1,0,0.0,2025-05-18
1916,5,913,1,1,1,88.06,2026-06-12
1917,1,3423,1,1,0,0.0,2026-02-13
1918,1,367,1,0,0,0.0,2025-10-25
1919,24,2845,1,1,1,42.58,2025-09-14
1920,26,3487,1,1,0,0.0,2025-09-11
1921,20,1757,1,1,0,0.0,2025-03-11
1922,26,2024,1,1,0,0.0,2024-08-24
1923,27,3998,1,1,0,0.0,2025-12-08
1924,18,3704,1,1,0,0.0,2025-03-26
1925,21,588,1,1,0,0.0,2025-12-26
1926,30,4549,1,1,0,0.0,2025-10-24
1927,18,2311,1,1,0,0.0,2025-10-18
1928,26,1203,1,1,0,0.0,2024-12-21
1929,35,3118,1,1,1,92.58,2025-11-25
1930,22,3494,1,0,0,0.0,2025-03-24
1931,10,389,1,1,0,0.0,2024-08-09
1932,25,1440,1,0,1,120.12,2025-08-23
1933,28,531,1,1,1,41.17,2025-02-02
1934,30,3889,1,1,1,119.89,2026-07-09
1935,34,36,1,1,0,0.0,2026-06-08
1936,6,4885,1,1,1,160.04,2024-11-01
1937,6,3260,1,0,1,111.33,2026-03-25
1938,29,1519,1,1,1,89.95,2025-10-24
1939,11,442,1,0,1,241.66,2025-02-16
1940,33,1399,1,1,1,162.82,2025-02-25
1941,7,668,1,1,1,100.69,2026-04-29
1942,40,1043,1,1,0,0.0,2026-06-12
1943,10,533,1,1,1,119.98,2026-04-03
1944,8,4817,1,0,0,0.0,2025-01-28
1945,9,308,1,0,1,47.16,2025-03-26
1946,25,1707,1,0,0,0.0,2025-11-16
1947,6,2692,1,0,0,0.0,2024-12-16
1948,22,4002,1,0,1,58.58,2025-01-28
1949,29,2532,1,0,1,220.67,2025-07-30
1950,17,3220,1,1,1,224.01,2026-01-04
1951,20,3998,1,1,1,148.82,2025-12-25
1952,26,2897,1,1,0,0.0,2026-07-31
1953,16,723,1,1,1,111.33,2024-09-25
1954,37,682,1,1,0,0.0,2025-01-07
1955,5,4355,1,1,1,17.99,2025-09-14
1956,15,3352,1,0,1,11.49,2026-06-10
1957,13,639,1,0,0,0.0,2025-11-22
1958,20,3634,1,1,1,192.21,2026-01-24
1959,35,1906,1,0,0,0.0,2025-08-30
1960,40,2908,1,1,0,0.0,2025-09-22
1961,9,3011,1,1,1,234.3,2025-02-27
1962,9,3401,1,0,0,0.0,2024-12-19
1963,19,1800,1,0,0,0.0,2026-06-10
1964,26,4404,1,1,0,0.0,2026-07-07
1965,25,3651,1,1,1,105.52,2024-09-05
1966,12,513,1,0,1,176.73,2024-12-09
1967,26,3205,1,0,0,0.0,2025-06-05
1968,38,63,1,0,0,0.0,2025-07-30
1969,18,4577,1,0,1,142.4,2026-03-27
1970,15,4101,1,0,0,0.0,2025-03-09
1971,29,4436,1,1,1,31.88,2025-04-11
1972,14,303,1,0,1,176.69,2026-04-01
1973,6,4922,1,1,1,117.62,2026-05-22
1974,24,2651,1,1,0,0.0,2025-10-19
1975,36,300,1,1,0,0.0,2025-09-25
1976,11,892,1,1,0,0.0,2026-05-21
1977,25,3487,1,0,0,0.0,2025-07-23
1978,29,153,1,1,1,166.84,2025-10-27
1979,10,1925,1,0,0,0.0,2024-11-07
1980,18,266,1,1,1,72.73,2026-03-12
1981,3,3189,1,0,1,132.91,2024-10-01
1982,21,111,1,0,0,0.0,2025-08-20
1983,28,1406,1,1,0,0.0,2026-02-17
1984,40,653,1,0,0,0.0,2026-05-23
1985,21,3921,1,1,1,201.47,2026-05-23
1986,4,2410,1,1,1,52.85,2026-05-23
1987,31,859,1,1,1,242.64,2025-10-06
1988,19,2931,1,1,1,49.07,2025-06-17
1989,16,2200,1,1,0,0.0,2025-06-12
1990,33,1507,1,1,1,201.81,2024-11-14
1991,29,4370,1,0,0,0.0,2025-11-23
1992,5,404,1,1,1,185.99,2024-08-15
1993,23,2536,1,0,0,0.0,2024-09-22
1994,19,1339,1,0,0,0.0,2025-10-03
1995,21,4219,1,1,1,175.2,2024-10-19
1996,29,2538,1,1,1,204.0,2025-12-27
1997,12,2959,1,0,1,245.57,2025-12-11
1998,15,743,1,0,1,131.76,2025-02-17
1999,1,1828,1,0,1,37.48,2026-02-15
2000,29,1220,1,0,0,0.0,2024-10-21
2001,3,1707,1,0,0,0.0,2025-02-22
2002,27,541,1,0,0,0.0,2024-12-29
2003,16,4241,1,0,1,246.64,2025-05-15
2004,12,3832,1,0,1,109.16,2024-11-15
2005,2,428,1,0,1,142.43,2025-11-25
2006,24,4647,1,0,0,0.0,2025-12-26
2007,29,4500,1,0,0,0.0,2025-11-19
2008,27,3781,1,0,0,0.0,2025-02-02
2009,17,2155,1,1,0,0.0,2025-09-06
2010,12,4104,1,1,0,0.0,2024-10-13
2011,36,3986,1,0,0,0.0,2026-07-08
2012,33,3227,1,1,0,0.0,2026-03-18
2013,37,1574,1,0,1,201.87,2026-05-20
2014,2,3652,1,0,1,129.69,2025-10-14
2015,23,1271,1,1,1,215.18,2024-12-26
2016,34,2398,1,0,0,0.0,2024-10-08
2017,7,3880,1,0,1,156.13,2025-11-22
2018,25,2607,1,0,0,0.0,2025-02-16
2019,5,433,1,0,1,16.63,2025-05-16
2020,28,772,1,0,0,0.0,2026-03-17
2021,22,4520,1,1,0,0.0,2025-11-03
2022,23,303,1,0,1,84.38,2025-02-05
2023,15,3401,1,0,1,126.42,2025-09-20
2024,23,3066,1,1,0,0.0,2025-09-16
2025,20,3753,1,1,0,0.0,2026-01-29
2026,22,17,1,1,0,0.0,2026-05-14
2027,22,1545,1,1,0,0.0,2025-05-21
2028,31,778,1,1,0,0.0,2025-10-21
2029,36,4650,1,0,0,0.0,2025-01-03
2030,22,272,1,1,0,0.0,2024-12-26
2031,16,295,1,1,0,0.0,2025-07-03
2032,17,4485,1,0,1,163.51,2025-08-27
2033,31,1111,1,0,1,113.2,2024-08-17
2034,2,3465,1,0,0,0.0,2024-11-29
2035,25,3440,1,1,0,0.0,2025-02-12
2036,40,2841,1,1,1,23.1,2025-05-14
2037,39,4352,1,0,1,189.35,2026-05-12
2038,33,4910,1,0,1,107.73,2025-08-28
2039,38,4919,1,0,1,91.21,2025-05-08
2040,38,69,1,0,0,0.0,2024-08-25
2041,4,1028,1,0,0,0.0,2025-09-07
2042,12,2344,1,0,1,107.16,2025-10-25
2043,8,463,1,1,0,0.0,2024-11-24
2044,32,4117,1,0,0,0.0,2025-06-20
2045,9,4445,1,0,0,0.0,2024-10-28
2046,8,4069,1,0,0,0.0,2026-02-25
2047,37,2894,1,1,1,164.36,2026-07-13
2048,20,1483,1,1,1,20.65,2025-03-10
2049,16,1441,1,1,0,0.0,2024-08-26
2050,35,2023,1,1,0,0.0,2024-12-10
2051,19,1558,1,1,1,44.9,2026-04-02
2052,39,4622,1,1,0,0.0,2026-01-18
2053,7,2284,1,1,1,91.35,2025-10-23
2054,35,4250,1,0,0,0.0,2025-10-10
2055,31,1012,1,0,0,0.0,2026-06-07
2056,7,4184,1,0,0,0.0,2025-10-03
2057,30,46,1,1,0,0.0,2026-04-01
2058,19,2883,1,1,1,133.54,2026-01-02
2059,2,1218,1,0,0,0.0,2025-12-02
2060,1,629,1,0,0,0.0,2026-01-26
2061,1,1828,1,1,1,104.75,2025-01-17
2062,27,3460,1,0,1,10.57,2025-02-20
2063,22,4150,1,1,0,0.0,2026-04-01
2064,2,1955,1,1,0,0.0,2025-12-31
2065,39,3966,1,0,1,84.26,2025-11-18
2066,20,2905,1,1,0,0.0,2026-06-01
2067,31,2874,1,1,1,27.25,2024-09-27
2068,18,1241,1,0,1,157.0,2024-10-15
2069,17,4701,1,1,0,0.0,2025-03-25
2070,17,4152,1,0,1,211.54,2026-05-17
2071,18,2545,1,1,0,0.0,2025-12-31
2072,14,4366,1,1,0,0.0,2025-11-04
2073,11,3526,1,1,0,0.0,2025-12-11
2074,12,310,1,0,0,0.0,2025-10-30
2075,32,3214,1,0,0,0.0,2024-10-20
2076,40,1525,1,0,1,205.51,2024-10-30
2077,7,2272,1,1,0,0.0,2025-09-12
2078,26,718,1,1,1,177.42,2025-12-24
2079,36,4706,1,1,1,74.97,2024-08-05
2080,25,3669,1,1,0,0.0,2026-03-04
2081,17,4062,1,1,0,0.0,2026-07-06
2082,14,2060,1,0,0,0.0,2026-04-14
2083,7,1131,1,1,1,137.49,2026-07-19
2084,35,3356,1,0,1,12.86,2025-10-30
2085,23,4323,1,1,1,148.52,2025-12-27
2086,4,4465,1,1,1,121.3,2025-08-31
2087,23,1836,1,0,1,122.62,2025-03-06
2088,35,4880,1,1,0,0.0,2025-02-27
2089,31,608,1,0,1,165.74,2025-11-15
2090,5,1100,1,0,1,58.77,2024-10-25
2091,37,1230,1,0,0,0.0,2025-03-01
2092,22,4614,1,1,1,195.69,2024-09-05
2093,1,3403,1,1,0,0.0,2024-12-11
2094,22,1922,1,1,0,0.0,2025-08-01
2095,37,938,1,1,0,0.0,2024-12-05
2096,36,805,1,1,1,249.83,2026-04-13
2097,26,1493,1,1,1,174.71,2025-12-02
2098,23,941,1,0,0,0.0,2026-01-21
2099,3,2834,1,1,0,0.0,2025-02-17
2100,18,4168,1,1,0,0.0,2026-06-06
2101,24,745,1,1,0,0.0,2026-01-07
2102,35,4525,1,0,0,0.0,2024-12-23
2103,11,3932,1,1,0,0.0,2025-08-31
2104,29,2953,1,0,1,186.27,2025-01-10
2105,12,4849,1,0,1,86.15,2026-06-27
2106,27,4782,1,0,1,213.19,2024-12-13
2107,6,1809,1,1,0,0.0,2026-01-06
2108,2,2376,1,0,0,0.0,2025-02-10
2109,13,993,1,0,0,0.0,2025-01-13
2110,15,3058,1,1,0,0.0,2024-10-23
2111,11,660,1,0,0,0.0,2025-12-31
2112,37,2304,1,0,1,212.74,2026-06-27
2113,2,1028,1,0,0,0.0,2025-01-19
2114,31,2019,1,0,1,89.78,2025-09-21
2115,24,1441,1,1,1,223.46,2024-11-14
2116,23,3841,1,0,1,160.08,2026-07-30
2117,10,3123,1,0,0,0.0,2026-04-23
2118,40,1861,1,1,0,0.0,2025-01-04
2119,16,3121,1,0,0,0.0,2025-04-30
2120,22,1133,1,1,0,0.0,2025-07-15
2121,29,1913,1,1,0,0.0,2025-02-23
2122,14,411,1,0,1,35.39,2024-10-05
2123,39,2989,1,1,1,163.04,2024-12-23
2124,24,3679,1,1,0,0.0,2025-03-19
2125,28,3896,1,0,0,0.0,2025-12-06
2126,37,3020,1,0,0,0.0,2025-02-24
2127,30,1064,1,0,0,0.0,2025-09-29
2128,24,886,1,1,1,191.19,2024-10-29
2129,32,1348,1,0,0,0.0,2026-04-18
2130,24,909,1,0,1,169.47,2024-12-13
2131,40,135,1,0,0,0.0,2025-02-06
2132,14,3414,1,0,0,0.0,2025-05-03
2133,29,2118,1,1,0,0.0,2024-12-08
2134,35,2796,1,1,0,0.0,2024-11-18
2135,12,519,1,0,0,0.0,2025-03-21
2136,2,2908,1,0,0,0.0,2025-11-02
2137,9,1604,1,1,1,91.18,2025-04-13
2138,24,2872,1,1,0,0.0,2026-04-24
2139,23,202,1,0,0,0.0,2025-08-18
2140,7,2924,1,0,1,225.56,2024-12-24
2141,17,4078,1,1,0,0.0,2024-11-14
2142,23,3370,1,0,1,179.93,2026-03-23
2143,17,4718,1,0,0,0.0,2025-06-02
2144,28,2482,1,0,0,0.0,2024-12-22
2145,36,3185,1,0,0,0.0,2025-03-19
2146,11,3755,1,0,0,0.0,2024-10-08
2147,33,2364,1,0,0,0.0,2025-12-22
2148,6,2120,1,1,1,128.8,2025-07-30
2149,17,4502,1,1,1,246.98,2025-01-08
2150,15,2561,1,0,0,0.0,2025-05-22
2151,22,4114,1,0,1,79.6,2025-12-08
2152,21,2657,1,1,0,0.0,2025-10-31
2153,21,122,1,1,0,0.0,2025-09-06
2154,6,1301,1,0,1,120.89,2024-11-28
2155,35,1030,1,0,0,0.0,2025-08-26
2156,27,1702,1,1,0,0.0,2025-08-02
2157,5,2809,1,0,1,25.13,2024-08-07
2158,28,3519,1,1,1,226.64,2025-11-26
2159,14,4848,1,0,1,184.41,2025-01-29
2160,18,3642,1,0,1,80.73,2026-07-13
2161,12,1904,1,1,0,0.0,2026-06-18
2162,37,716,1,1,0,0.0,2026-07-14
2163,14,4899,1,0,1,171.84,2025-04-03
2164,11,4269,1,0,0,0.0,2025-09-12
2165,30,1743,1,0,1,225.8,2024-10-27
2166,21,4139,1,0,1,248.15,2025-03-28
2167,37,1973,1,0,1,127.03,2024-12-02
2168,20,1598,1,1,1,177.46,2025-03-27
2169,36,4602,1,0,0,0.0,2025-12-20
2170,16,293,1,1,1,16.3,2024-11-13
2171,3,1716,1,0,0,0.0,2026-06-01
2172,6,4285,1,0,1,67.05,2025-06-21
2173,7,2508,1,0,0,0.0,2026-07-12
2174,16,1481,1,1,1,211.04,2026-03-02
2175,2,1778,1,0,1,233.88,2025-08-13
2176,13,3708,1,1,0,0.0,2024-10-25
2177,16,1378,1,1,0,0.0,2025-09-20
2178,39,95,1,1,0,0.0,2026-05-18
2179,4,872,1,1,1,49.89,2025-01-06
2180,12,3145,1,1,0,0.0,2026-07-15
2181,28,1336,1,1,0,0.0,2026-01-07
2182,5,3852,1,1,1,194.15,2025-04-24
2183,40,2385,1,1,0,0.0,2026-04-29
2184,37,114,1,0,0,0.0,2026-02-10
2185,13,2530,1,1,1,139.9,2025-01-17
2186,22,3964,1,0,0,0.0,2026-01-03
2187,29,1685,1,0,0,0.0,2024-09-27
2188,10,3464,1,0,0,0.0,2026-06-29
2189,31,2478,1,0,0,0.0,2024-11-17
2190,24,3744,1,0,0,0.0,2025-02-16
2191,12,1048,1,0,0,0.0,2025-10-24
2192,36,3317,1,0,0,0.0,2026-01-10
2193,22,1521,1,0,0,0.0,2025-12-27
2194,25,519,1,0,1,152.98,2025-04-08
2195,13,4862,1,1,0,0.0,2025-07-23
2196,28,1251,1,1,1,46.33,2025-03-27
2197,23,3440,1,0,1,122.85,2025-04-14
2198,5,4476,1,1,0,0.0,2026-03-06
2199,35,860,1,1,1,123.34,2025-05-15
2200,1,2156,1,0,1,248.04,2025-06-28
2201,3,1936,1,0,0,0.0,2025-03-10
2202,2,394,1,0,1,247.78,2026-02-03
2203,11,2956,1,1,1,172.37,2025-09-16
2204,18,607,1,1,1,222.77,2024-11-21
2205,9,718,1,1,0,0.0,2026-03-02
2206,23,4364,1,1,1,249.0,2026-07-23
2207,14,2508,1,1,0,0.0,2025-01-27
2208,39,1785,1,1,1,82.56,2026-01-26
2209,35,3887,1,0,0,0.0,2025-06-22
2210,36,4305,1,1,0,0.0,2025-01-14
2211,5,4092,1,1,0,0.0,2024-08-23
2212,34,1733,1,1,1,135.56,2024-08-30
2213,33,942,1,1,1,39.63,2025-07-04
2214,17,1394,1,1,1,180.61,2025-05-23
2215,14,2911,1,0,1,44.74,2025-12-02
2216,10,4163,1,0,1,60.6,2025-03-05
2217,31,2432,1,0,1,169.42,2025-12-30
2218,14,4791,1,0,1,177.5,2025-04-23
2219,17,2268,1,0,0,0.0,2024-08-23
2220,32,4272,1,1,1,41.23,2026-04-14
2221,13,4960,1,0,0,0.0,2025-01-27
2222,2,1428,1,1,0,0.0,2024-12-13
2223,14,129,1,1,0,0.0,2025-06-01
2224,32,3922,1,1,1,211.58,2025-07-05
2225,23,1683,1,0,0,0.0,2025-09-25
2226,25,2321,1,0,0,0.0,2025-07-06
2227,2,3171,1,1,0,0.0,2025-10-27
2228,2,827,1,1,1,205.91,2025-01-14
2229,3,24,1,1,1,189.59,2026-03-16
2230,24,4805,1,0,0,0.0,2025-02-19
2231,27,715,1,0,0,0.0,2024-12-03
2232,34,2287,1,1,1,16.05,2025-03-02
2233,5,4014,1,0,1,110.63,2025-01-23
2234,38,2577,1,1,0,0.0,2025-09-02
2235,23,1934,1,0,0,0.0,2026-05-26
2236,3,4552,1,1,0,0.0,2026-07-20
2237,38,1479,1,0,0,0.0,2026-02-19
2238,12,2603,1,0,1,227.11,2024-10-14
2239,13,4148,1,0,1,182.91,2025-10-14
2240,40,3850,1,1,1,56.16,2025-12-30
2241,21,1951,1,1,1,129.47,2026-05-03
2242,36,1260,1,0,0,0.0,2025-06-03
2243,39,4516,1,0,0,0.0,2025-04-15
2244,6,2400,1,0,1,121.86,2025-12-16
2245,35,4883,1,1,1,115.19,2025-03-12
2246,15,1367,1,1,0,0.0,2025-07-24
2247,14,2748,1,0,0,0.0,2025-11-10
2248,15,4231,1,1,1,221.18,2024-08-20
2249,23,893,1,0,0,0.0,2024-08-11
2250,23,2771,1,0,0,0.0,2025-05-12
2251,32,899,1,1,1,217.6,2026-02-18
2252,38,2193,1,1,0,0.0,2024-08-27
2253,8,4246,1,0,0,0.0,2025-02-21
2254,16,688,1,0,1,213.34,2026-05-13
2255,23,1563,1,0,1,123.01,2025-05-21
2256,1,4750,1,1,0,0.0,2026-03-13
2257,33,3765,1,0,0,0.0,2026-02-19
2258,35,1728,1,0,0,0.0,2026-07-13
2259,24,4306,1,0,0,0.0,2026-05-04
2260,18,2998,1,1,1,54.09,2024-08-14
2261,7,4909,1,0,1,184.17,2024-12-18
2262,23,383,1,1,0,0.0,2026-07-15
2263,24,2010,1,1,0,0.0,2025-07-22
2264,13,2857,1,0,0,0.0,2025-05-16
2265,2,2205,1,0,1,243.36,2025-08-21
2266,12,4182,1,0,1,28.84,2025-09-17
2267,28,624,1,0,1,143.23,2026-04-11
2268,21,2710,1,1,1,47.9,2025-09-06
2269,40,965,1,1,1,125.63,2024-12-17
2270,15,3094,1,1,1,146.3,2025-07-14
2271,31,2663,1,0,0,0.0,2025-12-21
2272,3,1068,1,1,1,79.5,2024-08-26
2273,11,2970,1,1,0,0.0,2026-04-09
2274,22,3711,1,0,0,0.0,2025-08-28
2275,7,1130,1,0,0,0.0,2026-04-24
2276,26,3731,1,0,1,139.99,2024-10-09
2277,17,709,1,1,0,0.0,2025-08-11
2278,8,3649,1,1,1,78.19,2026-03-25
2279,30,333,1,0,1,76.02,2026-07-31
2280,23,631,1,0,0,0.0,2025-06-21
2281,24,4383,1,1,0,0.0,2025-01-27
2282,11,4123,1,1,0,0.0,2025-06-19
2283,19,3345,1,0,0,0.0,2026-03-29
2284,7,2612,1,0,0,0.0,2026-04-24
2285,33,3350,1,1,1,152.92,2025-03-20
2286,34,2064,1,1,1,213.7,2026-01-21
2287,38,970,1,0,0,0.0,2025-10-11
2288,13,2333,1,0,1,151.01,2026-06-10
2289,10,850,1,1,1,196.18,2026-06-22
2290,34,2458,1,1,0,0.0,2025-03-23
2291,5,4191,1,1,0,0.0,2026-07-07
2292,13,221,1,1,0,0.0,2025-12-18
2293,30,179,1,0,1,133.44,2025-03-24
2294,37,4205,1,0,1,240.1,2026-01-24
2295,14,1372,1,0,1,86.76,2024-12-02
2296,32,693,1,1,0,0.0,2024-08-17
2297,15,111,1,1,0,0.0,2025-09-27
2298,37,2559,1,1,0,0.0,2024-09-04
2299,7,903,1,1,0,0.0,2025-02-08
2300,9,1845,1,1,1,126.79,2024-09-01
2301,24,4099,1,0,0,0.0,2025-08-26
2302,32,1519,1,0,1,247.36,2024-08-18
2303,31,2024,1,1,1,35.04,2024-09-03
2304,38,4015,1,0,0,0.0,2025-04-06
2305,2,450,1,0,1,134.34,2025-11-13
2306,15,3886,1,0,1,234.78,2025-03-27
2307,3,4108,1,0,0,0.0,2025-10-08
2308,40,4354,1,0,1,129.36,2025-03-13
2309,14,4777,1,0,0,0.0,2024-11-01
2310,9,2466,1,1,0,0.0,2026-07-08
2311,6,2623,1,1,0,0.0,2025-06-18
2312,2,2042,1,0,0,0.0,2024-09-25
2313,19,3008,1,0,0,0.0,2024-08-17
2314,33,476,1,1,1,20.63,2024-12-10
2315,6,4804,1,1,1,181.4,2025-05-30
2316,32,4733,1,1,1,194.07,2026-01-23
2317,3,2381,1,0,1,249.39,2025-10-14
2318,38,3836,1,0,0,0.0,2025-11-17
2319,13,588,1,0,1,87.55,2025-03-09
2320,3,4999,1,1,0,0.0,2026-02-26
2321,18,4106,1,1,0,0.0,2025-03-14
2322,20,2936,1,0,0,0.0,2025-09-18
2323,9,3642,1,0,0,0.0,2024-12-21
2324,17,2653,1,0,1,205.91,2024-09-01
2325,39,2676,1,1,1,140.48,2026-01-29
2326,19,3657,1,1,1,169.15,2025-06-09
2327,20,1538,1,1,1,131.22,2025-09-07
2328,22,562,1,0,1,23.09,2025-01-28
2329,27,1077,1,0,0,0.0,2026-06-05
2330,4,997,1,0,0,0.0,2024-08-21
2331,17,825,1,0,0,0.0,2026-06-14
2332,37,136,1,0,1,174.86,2026-07-19
2333,2,1232,1,0,0,0.0,2026-02-04
2334,3,3317,1,1,0,0.0,2026-05-15
2335,34,3232,1,1,1,40.84,2024-12-21
2336,4,3833,1,1,0,0.0,2026-03-26
2337,40,2860,1,0,1,27.94,2025-04-02
2338,37,2837,1,1,0,0.0,2025-06-25
2339,16,2093,1,1,1,149.99,2025-07-22
2340,2,340,1,0,1,216.42,2026-04-24
2341,12,1909,1,1,0,0.0,2025-10-01
2342,10,137,1,1,0,0.0,2025-08-23
2343,4,1367,1,0,0,0.0,2025-04-12
2344,10,531,1,1,1,58.67,2025-01-05
2345,1,2882,1,0,0,0.0,2025-12-19
2346,17,460,1,0,1,29.76,2026-07-27
2347,32,983,1,1,0,0.0,2025-08-21
2348,21,4799,1,0,0,0.0,2024-10-23
2349,28,2495,1,1,0,0.0,2026-01-11
2350,26,751,1,0,1,140.85,2025-04-15
2351,33,2424,1,0,1,178.75,2026-02-11
2352,34,1577,1,1,0,0.0,2024-11-15
2353,35,798,1,0,1,173.39,2025-05-08
2354,31,3444,1,1,0,0.0,2025-07-22
2355,7,2866,1,0,0,0.0,2026-05-10
2356,20,1349,1,1,0,0.0,2026-05-23
2357,17,2944,1,1,0,0.0,2025-01-04
2358,20,1095,1,1,0,0.0,2026-02-20
2359,26,1710,1,0,0,0.0,2025-01-28
2360,13,1080,1,0,0,0.0,2024-10-11
2361,12,630,1,0,1,235.31,2025-03-06
2362,33,2231,1,0,0,0.0,2025-02-03
2363,28,4432,1,1,1,196.78,2025-12-07
2364,26,3386,1,1,1,180.59,2024-12-06
2365,33,3311,1,1,1,101.77,2026-01-25
2366,3,3730,1,0,0,0.0,2025-08-21
2367,2,3798,1,1,1,246.56,2025-11-10
2368,4,2786,1,1,1,12.37,2026-06-01
2369,28,1424,1,0,1,229.16,2026-01-03
2370,13,4775,1,0,0,0.0,2025-08-28
2371,33,66,1,1,0,0.0,2026-01-28
2372,8,71,1,1,0,0.0,2026-06-23
2373,3,3066,1,1,0,0.0,2025-01-21
2374,5,1647,1,1,1,54.22,2026-07-28
2375,40,2644,1,0,0,0.0,2026-07-20
2376,17,3265,1,1,0,0.0,2025-02-18
2377,13,806,1,0,1,106.64,2025-12-02
2378,1,3821,1,0,1,121.57,2025-07-16
2379,37,2972,1,1,0,0.0,2026-02-06
2380,20,2441,1,0,1,16.29,2025-06-17
2381,16,3256,1,0,1,159.08,2026-02-07
2382,21,2135,1,1,0,0.0,2025-09-29
2383,9,3810,1,0,1,92.0,2025-02-08
2384,39,3215,1,0,0,0.0,2025-11-07
2385,20,4437,1,0,1,27.87,2025-04-23
2386,6,3766,1,0,0,0.0,2025-07-07
2387,22,474,1,1,0,0.0,2025-06-10
2388,40,3381,1,0,0,0.0,2025-08-17
2389,38,2714,1,1,0,0.0,2025-08-25
2390,5,4601,1,1,0,0.0,2025-12-13
2391,3,4954,1,0,0,0.0,2025-08-29
2392,20,977,1,0,1,11.23,2025-04-12
2393,28,3880,1,1,0,0.0,2024-08-23
2394,36,882,1,1,0,0.0,2025-08-04
2395,25,2923,1,1,0,0.0,2024-10-20
2396,30,4905,1,0,1,58.08,2026-05-07
2397,29,3099,1,0,0,0.0,2024-11-13
2398,8,3151,1,1,0,0.0,2026-03-21
2399,18,4924,1,1,1,140.57,2025-08-19
2400,4,3166,1,0,1,144.46,2026-03-11
2401,12,1180,1,0,1,94.06,2026-07-15
2402,20,754,1,0,1,55.17,2025-07-27
2403,23,3747,1,1,1,153.57,2024-12-11
2404,7,2492,1,0,0,0.0,2025-06-19
2405,24,4992,1,0,1,81.7,2026-03-06
2406,23,2617,1,0,1,178.18,2025-10-02
2407,29,4025,1,0,1,96.91,2025-06-19
2408,19,1271,1,0,1,111.99,2025-08-11
2409,32,1448,1,1,0,0.0,2025-09-23
2410,14,4857,1,1,1,124.32,2024-12-04
2411,39,1800,1,1,1,239.76,2026-07-20
2412,4,2580,1,1,1,132.02,2025-10-19
2413,15,361,1,1,0,0.0,2024-09-26
2414,33,1004,1,1,0,0.0,2025-06-24
2415,6,4859,1,0,0,0.0,2025-04-26
2416,27,840,1,0,0,0.0,2026-02-19
2417,27,1882,1,1,1,124.68,2024-09-23
2418,26,4876,1,0,0,0.0,2025-01-04
2419,32,1603,1,1,1,165.45,2025-08-15
2420,25,4339,1,0,1,99.39,2025-01-26
2421,15,4376,1,1,0,0.0,2025-08-11
2422,20,546,1,1,0,0.0,2026-05-22
2423,38,4827,1,1,1,30.19,2025-07-18
2424,16,1452,1,0,1,50.01,2025-04-18
2425,30,3616,1,1,1,105.87,2025-09-30
2426,17,4651,1,1,0,0.0,2024-11-17
2427,12,709,1,0,0,0.0,2025-06-11
2428,11,171,1,0,0,0.0,2025-09-19
2429,11,308,1,1,1,148.08,2026-01-22
2430,15,4933,1,0,0,0.0,2025-03-30
2431,9,1693,1,0,1,87.55,2025-10-31
2432,26,1021,1,1,0,0.0,2025-03-22
2433,39,2025,1,0,0,0.0,2026-05-26
2434,5,1705,1,0,0,0.0,2025-06-26
2435,6,2711,1,0,1,99.43,2026-01-20
2436,20,224,1,0,1,108.04,2025-02-26
2437,26,3128,1,1,0,0.0,2025-04-24
2438,40,3096,1,1,1,174.02,2025-05-07
2439,31,1956,1,0,1,11.73,2026-04-20
2440,8,1804,1,1,1,70.52,2025-05-20
2441,15,4040,1,0,0,0.0,2026-03-17
2442,8,3876,1,0,0,0.0,2025-08-31
2443,8,2383,1,1,1,82.35,2024-08-30
2444,19,2902,1,0,1,24.57,2025-08-21
2445,3,2835,1,0,1,123.43,2026-01-02
2446,13,4289,1,0,1,103.45,2025-11-12
2447,20,4915,1,0,0,0.0,2026-07-27
2448,14,2453,1,0,1,191.95,2024-10-23
2449,30,2978,1,0,1,183.02,2025-01-21
2450,20,3130,1,1,0,0.0,2025-12-14
2451,33,546,1,1,0,0.0,2026-05-14
2452,9,1766,1,0,0,0.0,2025-05-01
2453,10,2204,1,1,0,0.0,2026-01-08
2454,23,632,1,1,0,0.0,2025-11-13
2455,29,4556,1,0,1,120.18,2025-03-06
2456,15,475,1,0,1,47.02,2026-04-09
2457,23,4925,1,0,0,0.0,2026-06-19
2458,33,3214,1,0,1,150.71,2025-10-03
2459,35,229,1,1,1,41.71,2025-09-26
2460,2,43,1,0,0,0.0,2025-10-26
2461,13,2950,1,0,0,0.0,2025-08-03
2462,10,3360,1,1,0,0.0,2026-06-11
2463,34,4245,1,1,1,52.51,2024-12-20
2464,15,4291,1,0,0,0.0,2024-12-29
2465,8,1746,1,0,1,150.77,2025-12-29
2466,32,983,1,0,0,0.0,2025-08-06
2467,1,3871,1,0,1,127.57,2026-05-20
2468,38,1417,1,1,1,148.61,2024-11-21
2469,12,2156,1,0,0,0.0,2025-12-24
2470,36,2157,1,1,1,89.55,2024-11-03
2471,9,3365,1,1,0,0.0,2026-01-09
2472,12,3358,1,1,1,108.66,2026-07-09
2473,4,1534,1,1,0,0.0,2026-05-11
2474,30,4878,1,0,1,220.24,2026-08-03
2475,33,4628,1,0,0,0.0,2026-01-22
2476,21,4588,1,0,1,166.58,2024-10-20
2477,4,3950,1,0,1,119.47,2025-07-01
2478,11,4928,1,1,1,39.74,2025-06-16
2479,22,4810,1,0,1,152.59,2026-02-26
2480,24,1948,1,0,1,143.24,2025-05-12
2481,12,2035,1,1,1,133.69,2025-01-08
2482,21,493,1,0,0,0.0,2025-08-28
2483,21,4408,1,0,1,174.93,2026-03-13
2484,18,2977,1,0,0,0.0,2026-05-15
2485,8,3958,1,1,1,168.71,2024-09-07
2486,27,3287,1,1,0,0.0,2026-01-21
2487,35,800,1,1,1,108.84,2026-01-21
2488,38,4294,1,0,0,0.0,2026-07-16
2489,14,1780,1,0,0,0.0,2026-01-23
2490,7,1252,1,1,1,159.96,2024-09-11
2491,8,1365,1,1,0,0.0,2026-04-03
2492,4,2764,1,1,0,0.0,2026-04-13
2493,37,1904,1,1,1,131.58,2025-11-06
2494,2,2419,1,0,1,85.43,2026-05-29
2495,7,1965,1,0,1,98.63,2025-10-20
2496,37,1169,1,1,1,151.95,2025-11-22
2497,6,3633,1,0,1,90.45,2024-12-13
2498,6,3504,1,1,0,0.0,2026-08-02
2499,39,4165,1,1,0,0.0,2026-01-04
2500,32,4244,1,0,0,0.0,2026-05-03
2501,27,4045,1,1,0,0.0,2026-01-19
2502,23,3954,1,0,0,0.0,2024-10-01
2503,39,872,1,1,1,177.2,2026-07-16
2504,33,3739,1,0,0,0.0,2026-02-08
2505,40,3582,1,1,0,0.0,2026-02-28
2506,8,2570,1,0,0,0.0,2026-02-13
2507,26,372,1,0,0,0.0,2025-10-22
2508,28,3903,1,1,0,0.0,2025-01-16
2509,31,2390,1,1,1,190.2,2025-10-21
2510,21,539,1,1,0,0.0,2026-05-16
2511,7,4624,1,0,0,0.0,2026-01-13
2512,39,3192,1,1,1,192.48,2026-07-04
2513,31,3338,1,1,0,0.0,2026-02-11
2514,31,3029,1,1,1,32.75,2025-10-18
2515,29,4740,1,1,0,0.0,2024-11-05
2516,40,3731,1,1,1,10.94,2026-01-30
2517,6,501,1,1,1,36.44,2024-09-02
2518,3,2974,1,0,1,77.95,2025-04-25
2519,2,3507,1,1,0,0.0,2024-12-16
2520,13,2493,1,0,0,0.0,2025-06-19
2521,32,1479,1,1,1,67.43,2026-02-14
2522,12,2633,1,0,0,0.0,2026-07-21
2523,12,750,1,0,0,0.0,2024-10-23
2524,23,4303,1,1,1,102.75,2025-12-15
2525,2,753,1,1,0,0.0,2024-11-08
2526,38,4413,1,1,0,0.0,2025-06-17
2527,19,2344,1,0,1,186.61,2025-11-25
2528,35,750,1,1,0,0.0,2026-03-07
2529,25,2384,1,0,1,185.24,2025-08-18
2530,7,4934,1,0,0,0.0,2026-04-03
2531,12,485,1,0,0,0.0,2024-10-03
2532,6,4655,1,0,0,0.0,2025-10-20
2533,10,1912,1,0,1,125.21,2024-12-21
2534,8,3925,1,0,1,163.17,2026-06-11
2535,6,4855,1,0,0,0.0,2024-10-20
2536,2,3222,1,0,1,60.83,2025-01-05
2537,6,3348,1,0,0,0.0,2025-11-20
2538,27,2864,1,0,1,179.72,2025-12-03
2539,38,3314,1,1,1,182.71,2026-01-20
2540,4,3016,1,1,1,149.9,2025-04-08
2541,18,3003,1,0,1,45.85,2025-09-06
2542,10,4481,1,1,0,0.0,2025-02-01
2543,23,783,1,1,0,0.0,2025-08-25
2544,15,2859,1,1,1,95.88,2026-07-25
2545,20,4545,1,0,0,0.0,2025-03-03
2546,40,2908,1,0,0,0.0,2024-10-06
2547,33,265,1,1,1,151.27,2026-05-07
2548,2,1878,1,0,0,0.0,2025-02-06
2549,38,920,1,1,1,62.13,2024-10-16
2550,29,1671,1,0,1,27.37,2026-04-17
2551,8,320,1,1,1,27.42,2024-10-04
2552,37,4366,1,1,0,0.0,2025-12-03
2553,17,1885,1,0,1,169.4,2025-01-08
2554,13,1533,1,0,0,0.0,2026-01-25
2555,7,700,1,1,0,0.0,2025-10-14
2556,22,2649,1,0,1,197.38,2025-07-10
2557,13,2376,1,0,1,232.36,2025-01-21
2558,4,2787,1,0,0,0.0,2026-07-27
2559,12,3366,1,1,0,0.0,2025-07-08
2560,28,2716,1,1,0,0.0,2025-06-21
2561,18,3984,1,1,1,129.75,2026-07-01
2562,2,1499,1,0,0,0.0,2025-06-29
2563,36,751,1,0,0,0.0,2026-03-31
2564,12,2199,1,1,1,144.6,2025-03-03
2565,25,2012,1,1,1,223.84,2025-10-31
2566,15,3243,1,0,1,227.56,2026-05-05
2567,17,240,1,0,0,0.0,2025-11-29
2568,34,1223,1,1,0,0.0,2026-04-10
2569,21,3617,1,0,0,0.0,2026-07-26
2570,8,1861,1,0,0,0.0,2026-02-17
2571,11,1192,1,0,0,0.0,2025-11-19
2572,24,3778,1,0,0,0.0,2025-08-13
2573,11,4227,1,1,0,0.0,2025-08-01
2574,38,1574,1,1,0,0.0,2025-09-03
2575,17,3961,1,1,1,73.91,2025-10-31
2576,4,4827,1,0,0,0.0,2025-06-08
2577,27,481,1,0,0,0.0,2026-02-22
2578,36,522,1,1,1,234.81,2026-02-24
2579,23,2650,1,1,0,0.0,2026-03-20
2580,5,291,1,0,1,75.94,2025-06-22
2581,26,3105,1,1,0,0.0,2025-08-15
2582,9,1437,1,0,0,0.0,2026-05-22
2583,5,4355,1,0,1,157.02,2025-07-10
2584,28,1981,1,0,1,177.22,2025-01-27
2585,8,1879,1,1,0,0.0,2025-08-16
2586,24,2694,1,1,1,99.64,2025-03-04
2587,5,683,1,0,1,79.09,2025-09-28
2588,11,4146,1,1,0,0.0,2025-01-11
2589,26,3991,1,1,1,130.08,2025-11-13
2590,33,4836,1,1,1,240.91,2025-03-30
2591,13,1715,1,0,0,0.0,2024-08-26
2592,20,1555,1,0,0,0.0,2026-03-05
2593,36,2930,1,1,0,0.0,2025-06-12
2594,1,4250,1,1,1,34.22,2025-11-29
2595,10,2779,1,0,0,0.0,2025-01-17
2596,37,3371,1,0,0,0.0,2025-12-26
2597,39,4727,1,1,0,0.0,2025-09-02
2598,32,2546,1,0,1,91.98,2025-05-03
2599,13,4340,1,1,1,116.81,2024-12-25
2600,20,1168,1,1,1,134.25,2024-09-04
2601,29,3870,1,0,0,0.0,2025-08-02
2602,32,4400,1,1,0,0.0,2026-07-06
2603,24,267,1,1,1,197.59,2026-01-18
2604,30,2164,1,1,1,146.29,2025-03-16
2605,2,3168,1,1,0,0.0,2026-03-07
2606,28,1213,1,0,0,0.0,2026-01-06
2607,20,3087,1,1,0,0.0,2025-12-14
2608,17,2554,1,1,0,0.0,2024-08-09
2609,37,1705,1,0,0,0.0,2025-08-01
2610,7,4101,1,1,0,0.0,2024-09-26
2611,10,238,1,0,0,0.0,2025-06-30
2612,36,3944,1,1,0,0.0,2024-08-20
2613,6,3146,1,0,1,25.61,2025-08-22
2614,27,4605,1,0,1,11.13,2025-06-17
2615,36,756,1,0,1,151.19,2025-12-04
2616,38,2856,1,0,1,61.04,2026-01-24
2617,24,3478,1,1,1,199.87,2024-09-26
2618,15,1403,1,0,1,34.51,2025-07-31
2619,4,690,1,1,0,0.0,2025-02-24
2620,20,3726,1,1,1,23.69,2026-06-04
2621,1,1104,1,1,1,173.47,2026-02-18
2622,26,4711,1,1,1,53.45,2025-08-29
2623,6,4431,1,0,0,0.0,2024-10-17
2624,18,3479,1,1,0,0.0,2025-02-04
2625,22,2869,1,0,0,0.0,2024-09-04
2626,20,2938,1,0,0,0.0,2025-07-15
2627,13,2704,1,1,0,0.0,2026-05-06
2628,32,1601,1,0,1,137.26,2025-06-23
2629,29,980,1,1,1,111.28,2024-11-27
2630,17,4368,1,1,0,0.0,2025-09-28
2631,22,2326,1,0,1,244.02,2026-07-28
2632,24,4528,1,0,0,0.0,2026-04-27
2633,9,273,1,0,1,160.74,2025-09-21
2634,12,4279,1,0,0,0.0,2026-03-04
2635,14,3645,1,1,0,0.0,2024-11-06
2636,26,402,1,0,0,0.0,2024-10-19
2637,5,39,1,1,1,165.92,2025-10-07
2638,40,3339,1,0,0,0.0,2026-07-14
2639,5,4727,1,0,1,16.52,2024-09-11
2640,17,3714,1,0,0,0.0,2025-12-14
2641,18,4488,1,1,0,0.0,2025-08-24
2642,27,3254,1,1,1,25.91,2025-01-24
2643,34,1130,1,0,1,189.33,2025-07-11
2644,23,778,1,1,0,0.0,2025-07-03
2645,19,1503,1,0,1,192.13,2025-01-16
2646,28,3403,1,0,0,0.0,2026-04-30
2647,6,350,1,0,1,156.25,2026-05-24
2648,8,1161,1,0,0,0.0,2025-06-23
2649,11,1177,1,1,0,0.0,2025-10-08
2650,36,2281,1,1,0,0.0,2025-08-15
2651,7,4948,1,1,0,0.0,2024-08-14
2652,34,1361,1,1,1,246.24,2024-09-10
2653,33,2232,1,0,0,0.0,2024-08-08
2654,1,3350,1,0,0,0.0,2026-04-17
2655,13,1643,1,1,1,61.05,2025-01-19
2656,6,4281,1,1,1,15.78,2025-10-10
2657,5,1421,1,0,0,0.0,2024-09-04
2658,16,2060,1,0,0,0.0,2025-10-05
2659,30,1524,1,0,0,0.0,2025-04-28
2660,16,2040,1,1,1,235.87,2025-11-09
2661,25,3577,1,1,1,234.66,2026-06-09
2662,33,2212,1,0,0,0.0,2025-11-10
2663,38,4518,1,1,1,112.04,2024-08-07
2664,35,3751,1,0,0,0.0,2025-07-03
2665,32,1538,1,1,1,29.29,2025-08-10
2666,23,3951,1,1,0,0.0,2026-04-28
2667,21,369,1,0,1,97.86,2025-11-10
2668,26,3774,1,1,0,0.0,2026-01-07
2669,3,4059,1,0,0,0.0,2026-03-20
2670,19,1369,1,1,0,0.0,2024-10-06
2671,39,2522,1,1,0,0.0,2025-02-15
2672,18,2477,1,0,1,116.09,2025-01-13
2673,16,2301,1,0,1,210.8,2026-06-04
2674,34,2568,1,0,0,0.0,2026-04-13
2675,31,3678,1,0,1,246.15,2025-09-10
2676,5,3059,1,0,1,212.09,2024-08-29
2677,28,4703,1,1,1,114.73,2025-11-21
2678,34,1976,1,0,0,0.0,2025-01-17
2679,22,1795,1,0,0,0.0,2024-10-25
2680,33,3500,1,1,0,0.0,2026-06-13
2681,13,1373,1,0,1,135.5,2026-07-16
2682,38,4256,1,0,1,230.76,2024-11-03
2683,34,4643,1,1,0,0.0,2024-09-23
2684,30,2882,1,0,0,0.0,2026-04-12
2685,5,4720,1,1,1,72.28,2026-03-31
2686,21,4521,1,1,1,55.9,2025-03-02
2687,16,4329,1,0,0,0.0,2024-09-23
2688,7,2460,1,0,0,0.0,2026-06-08
2689,8,103,1,1,0,0.0,2025-02-18
2690,14,1421,1,0,1,46.47,2026-01-18
2691,11,2530,1,1,0,0.0,2025-04-16
2692,35,72,1,0,0,0.0,2026-02-07
2693,40,2596,1,0,1,237.41,2026-05-29
2694,16,4415,1,0,0,0.0,2026-04-26
2695,20,632,1,0,0,0.0,2024-10-25
2696,38,3887,1,1,1,162.47,2026-06-19
2697,7,4891,1,0,1,72.63,2025-06-10
2698,18,2112,1,1,0,0.0,2025-11-07
2699,9,3453,1,1,0,0.0,2026-07-15
2700,34,3620,1,0,0,0.0,2026-02-02
2701,25,1019,1,0,1,240.7,2024-12-07
2702,32,3693,1,1,1,190.31,2025-09-10
2703,8,895,1,1,1,182.21,2024-12-15
2704,5,3634,1,0,1,186.77,2024-08-25
2705,1,1573,1,0,1,235.11,2026-05-27
2706,18,4944,1,1,1,42.32,2025-08-04
2707,11,661,1,1,1,60.11,2025-11-11
2708,8,1270,1,1,0,0.0,2025-12-30
2709,39,4498,1,0,1,38.03,2025-01-20
2710,38,3628,1,0,1,153.1,2025-11-01
2711,13,4112,1,0,0,0.0,2025-04-12
2712,20,511,1,0,1,142.12,2024-08-06
2713,23,3907,1,1,1,10.31,2026-07-25
2714,37,2459,1,0,1,197.26,2026-04-19
2715,39,4508,1,0,0,0.0,2026-05-05
2716,15,399,1,1,0,0.0,2025-10-24
2717,15,1502,1,1,0,0.0,2025-12-20
2718,19,356,1,0,0,0.0,2024-11-11
2719,4,175,1,1,0,0.0,2025-12-07
2720,30,2152,1,0,0,0.0,2024-12-03
2721,19,3982,1,0,0,0.0,2026-02-20
2722,6,1494,1,1,0,0.0,2025-10-06
2723,27,580,1,0,0,0.0,2025-01-07
2724,14,4412,1,0,1,213.76,2025-10-17
2725,12,4704,1,0,1,232.47,2026-06-07
2726,11,508,1,0,0,0.0,2025-12-12
2727,17,3085,1,1,1,30.25,2026-04-17
2728,40,4917,1,1,1,91.47,2025-10-28
2729,18,1752,1,0,1,38.16,2025-11-27
2730,34,4007,1,0,1,130.15,2026-01-10
2731,11,120,1,1,0,0.0,2025-04-13
2732,29,3673,1,0,0,0.0,2024-09-29
2733,24,571,1,0,1,11.44,2026-04-07
2734,18,1923,1,0,0,0.0,2026-03-04
2735,5,3425,1,0,0,0.0,2025-11-27
2736,9,3745,1,1,0,0.0,2026-01-23
2737,19,1771,1,1,0,0.0,2025-06-27
2738,38,24,1,1,0,0.0,2026-05-29
2739,36,558,1,1,0,0.0,2024-09-26
2740,10,2464,1,0,1,29.66,2025-11-17
2741,23,4597,1,0,0,0.0,2025-11-26
2742,19,643,1,0,1,16.47,2026-03-29
2743,21,34,1,1,1,44.06,2024-10-06
2744,18,4966,1,1,1,207.92,2025-06-11
2745,32,3954,1,0,1,214.34,2026-06-01
2746,38,919,1,1,0,0.0,2025-05-18
2747,31,306,1,1,0,0.0,2025-12-02
2748,34,1885,1,0,1,37.48,2025-08-25
2749,24,955,1,1,0,0.0,2026-05-05
2750,1,749,1,1,0,0.0,2026-01-02
2751,36,2435,1,1,1,16.76,2024-11-30
2752,34,4888,1,1,0,0.0,2024-11-27
2753,6,1426,1,1,1,188.1,2024-08-20
2754,24,3620,1,1,1,18.24,2025-10-14
2755,25,3150,1,0,1,16.14,2025-05-13
2756,38,1843,1,1,0,0.0,2025-10-24
2757,1,1621,1,1,0,0.0,2026-02-07
2758,35,977,1,1,1,199.09,2025-04-06
2759,22,410,1,0,0,0.0,2024-08-06
2760,31,1867,1,1,1,102.59,2024-12-05
2761,25,52,1,1,0,0.0,2025-12-19
2762,8,204,1,0,0,0.0,2024-12-14
2763,19,32,1,1,0,0.0,2025-08-07
2764,6,1626,1,1,0,0.0,2026-05-20
2765,17,1410,1,1,0,0.0,2025-03-03
2766,33,729,1,0,1,192.7,2025-04-10
2767,2,4763,1,0,1,224.15,2025-11-01
2768,24,277,1,0,0,0.0,2024-10-29
2769,1,3882,1,0,1,11.56,2025-08-12
2770,37,274,1,0,1,14.78,2025-12-25
2771,37,3585,1,1,1,246.79,2025-09-11
2772,26,546,1,0,1,29.35,2026-04-14
2773,31,2056,1,0,0,0.0,2025-03-21
2774,9,4950,1,0,0,0.0,2025-07-17
2775,5,800,1,0,0,0.0,2026-03-02
2776,2,3835,1,1,1,32.17,2025-01-22
2777,11,468,1,1,0,0.0,2024-09-03
2778,11,2739,1,0,0,0.0,2026-03-04
2779,36,2993,1,0,1,58.32,2024-11-04
2780,23,534,1,1,1,83.7,2025-07-25
2781,3,3919,1,1,0,0.0,2026-03-10
2782,7,3442,1,0,1,185.35,2026-07-27
2783,24,48,1,1,1,136.57,2024-08-28
2784,8,19,1,1,1,84.66,2026-01-08
2785,17,1129,1,0,0,0.0,2025-01-26
2786,37,3182,1,0,0,0.0,2024-12-18
2787,37,1957,1,0,0,0.0,2025-06-15
2788,31,1741,1,0,0,0.0,2024-09-21
2789,30,4666,1,1,1,159.67,2025-08-02
2790,28,4537,1,0,0,0.0,2024-10-04
2791,14,3607,1,1,0,0.0,2025-10-13
2792,26,3206,1,0,0,0.0,2025-05-21
2793,5,2913,1,0,1,12.8,2026-02-13
2794,19,4957,1,1,1,29.6,2025-03-05
2795,31,3028,1,1,0,0.0,2024-11-18
2796,40,790,1,1,1,215.11,2025-03-06
2797,17,118,1,0,1,56.88,2026-03-23
2798,27,1968,1,0,1,194.5,2026-04-07
2799,29,3995,1,0,1,212.46,2024-10-13
2800,27,548,1,0,0,0.0,2024-10-27
2801,23,1623,1,1,0,0.0,2024-10-27
2802,18,2865,1,1,1,31.76,2026-04-15
2803,33,1174,1,0,1,232.58,2026-01-16
2804,17,4102,1,1,0,0.0,2025-08-06
2805,3,1343,1,0,1,201.05,2024-12-24
2806,11,3662,1,1,1,200.01,2026-01-16
2807,26,4166,1,1,1,188.56,2025-05-30
2808,6,2679,1,1,1,88.71,2024-11-30
2809,8,2543,1,1,0,0.0,2025-12-16
2810,34,3778,1,0,0,0.0,2024-11-13
2811,12,3261,1,1,1,156.5,2024-08-22
2812,20,2244,1,0,0,0.0,2026-06-28
2813,32,1033,1,0,0,0.0,2025-02-09
2814,9,4688,1,0,0,0.0,2025-02-07
2815,29,263,1,0,1,119.77,2025-01-02
2816,24,1847,1,0,1,12.61,2026-01-08
2817,10,4841,1,0,1,144.4,2026-01-13
2818,10,3745,1,0,1,143.34,2025-04-18
2819,38,4924,1,1,0,0.0,2025-10-05
2820,27,165,1,1,1,215.03,2026-07-23
2821,27,3495,1,1,0,0.0,2025-04-28
2822,21,4940,1,0,1,88.34,2025-02-10
2823,29,4273,1,1,0,0.0,2025-08-17
2824,31,634,1,1,0,0.0,2025-08-10
2825,26,532,1,1,1,207.7,2025-03-16
2826,31,4379,1,1,0,0.0,2024-11-10
2827,3,1809,1,1,1,53.56,2026-07-15
2828,39,2478,1,1,1,76.78,2025-02-22
2829,25,4544,1,1,0,0.0,2026-01-14
2830,20,14,1,0,1,187.96,2026-03-12
2831,23,1118,1,1,1,67.96,2026-04-19
2832,16,199,1,0,1,113.35,2026-01-21
2833,17,1505,1,0,1,20.03,2025-10-26
2834,35,4338,1,1,1,124.85,2026-03-26
2835,22,4793,1,1,0,0.0,2025-07-16
2836,21,3507,1,0,0,0.0,2025-01-04
2837,8,1123,1,1,0,0.0,2026-01-22
2838,12,2444,1,1,1,12.35,2026-06-12
2839,37,2735,1,1,1,140.17,2025-01-01
2840,10,394,1,1,0,0.0,2026-06-29
2841,23,48,1,0,0,0.0,2025-08-24
2842,1,3545,1,1,1,244.67,2025-11-22
2843,19,1754,1,1,0,0.0,2026-01-06
2844,24,4405,1,0,0,0.0,2025-12-22
2845,28,3729,1,1,1,37.63,2026-05-05
2846,40,2970,1,1,1,193.28,2026-01-30
2847,35,4792,1,1,0,0.0,2024-10-29
2848,26,3552,1,1,0,0.0,2024-08-16
2849,30,3842,1,0,0,0.0,2026-07-08
2850,19,1248,1,1,1,91.43,2026-01-11
2851,34,3048,1,0,0,0.0,2026-04-18
2852,35,1435,1,0,0,0.0,2025-10-08
2853,19,4574,1,0,1,123.43,2024-09-07
2854,15,4282,1,1,0,0.0,2026-06-16
2855,32,2263,1,0,1,214.46,2026-05-09
2856,22,2623,1,1,1,237.22,2025-06-14
2857,24,4487,1,1,1,30.01,2025-04-16
2858,6,3398,1,0,1,87.33,2025-07-21
2859,1,3227,1,1,0,0.0,2025-08-13
2860,8,1828,1,0,0,0.0,2025-01-12
2861,38,2037,1,0,0,0.0,2026-03-28
2862,1,2373,1,0,1,189.54,2025-09-18
2863,8,1834,1,0,0,0.0,2026-02-24
2864,30,3161,1,1,1,25.39,2025-01-17
2865,28,58,1,1,1,162.77,2025-09-29
2866,19,1878,1,1,0,0.0,2025-02-18
2867,30,1194,1,0,0,0.0,2026-05-29
2868,6,3038,1,0,1,111.78,2025-07-26
2869,24,4097,1,1,0,0.0,2024-10-21
2870,11,2039,1,0,0,0.0,2025-06-01
2871,34,3499,1,0,0,0.0,2025-12-01
2872,34,1539,1,1,0,0.0,2024-09-01
2873,3,1385,1,0,0,0.0,2025-04-06
2874,4,1694,1,1,1,240.74,2025-02-03
2875,27,2970,1,0,0,0.0,2024-10-07
2876,28,2331,1,1,1,28.59,2024-10-25
2877,33,4182,1,0,1,196.8,2025-12-14
2878,27,2740,1,1,1,156.62,2026-06-04
2879,1,3216,1,1,0,0.0,2025-09-22
2880,14,1016,1,1,1,202.34,2025-04-04
2881,18,237,1,0,0,0.0,2025-03-13
2882,7,465,1,0,1,228.73,2025-04-13
2883,12,2805,1,1,0,0.0,2025-12-14
2884,38,4245,1,1,0,0.0,2024-11-13
2885,5,1455,1,0,1,174.66,2026-01-23
2886,29,364,1,1,1,171.0,2025-07-30
2887,27,3635,1,0,1,64.78,2026-04-13
2888,21,3244,1,1,0,0.0,2025-05-30
2889,19,213,1,1,1,16.31,2024-10-24
2890,6,4321,1,0,0,0.0,2024-11-01
2891,32,1160,1,0,0,0.0,2025-08-12
2892,5,3287,1,1,0,0.0,2025-01-23
2893,7,3458,1,1,0,0.0,2024-12-02
2894,34,2257,1,1,0,0.0,2026-06-22
2895,13,263,1,0,0,0.0,2026-01-20
2896,29,270,1,1,1,12.93,2025-07-03
2897,31,1600,1,1,0,0.0,2024-12-18
2898,22,3781,1,0,1,26.14,2025-11-25
2899,17,3050,1,0,1,51.79,2024-08-16
2900,36,2708,1,1,1,91.8,2024-09-23
2901,1,1214,1,0,1,210.25,2026-04-03
2902,26,303,1,0,0,0.0,2025-04-15
2903,38,1161,1,1,1,98.59,2025-02-19
2904,15,4076,1,1,1,55.63,2025-02-14
2905,34,2481,1,0,0,0.0,2024-08-30
2906,23,1355,1,0,0,0.0,2024-08-13
2907,27,4276,1,0,0,0.0,2024-11-14
2908,20,1644,1,0,0,0.0,2025-08-13
2909,11,2048,1,1,1,159.35,2026-05-28
2910,1,1355,1,1,0,0.0,2025-01-30
2911,6,744,1,0,1,102.63,2025-06-03
2912,16,764,1,0,1,159.1,2025-12-19
2913,13,3242,1,0,0,0.0,2025-09-05
2914,18,4246,1,0,0,0.0,2024-10-31
2915,10,2087,1,0,1,155.41,2025-03-09
2916,15,4210,1,1,1,87.09,2026-01-29
2917,14,3455,1,0,0,0.0,2024-10-04
2918,34,3750,1,0,1,160.03,2026-03-19
2919,23,303,1,1,1,55.8,2026-03-17
2920,24,1883,1,1,0,0.0,2026-03-07
2921,16,1921,1,0,0,0.0,2024-10-18
2922,11,4031,1,1,0,0.0,2025-07-22
2923,31,2811,1,1,0,0.0,2025-08-20
2924,1,2470,1,1,1,65.98,2024-10-27
2925,13,3876,1,0,1,51.23,2024-12-02
2926,10,589,1,1,1,62.6,2025-01-23
2927,35,2816,1,0,1,14.74,2026-07-03
2928,13,752,1,0,0,0.0,2025-11-27
2929,40,1845,1,1,1,105.99,2024-11-25
2930,34,3217,1,1,0,0.0,2025-04-13
2931,37,733,1,0,0,0.0,2026-07-24
2932,5,1589,1,1,0,0.0,2026-07-31
2933,35,666,1,0,0,0.0,2025-04-30
2934,25,2488,1,1,0,0.0,2026-04-23
2935,16,2252,1,1,0,0.0,2024-10-30
2936,24,2541,1,1,0,0.0,2025-02-26
2937,5,4516,1,0,0,0.0,2024-12-28
2938,14,930,1,0,1,145.85,2024-10-23
2939,36,1674,1,0,1,117.63,2026-05-15
2940,37,3890,1,0,1,50.33,2025-12-28
2941,28,4445,1,1,1,215.07,2025-02-27
2942,37,1441,1,0,1,22.83,2025-04-23
2943,35,3288,1,0,1,194.69,2026-02-02
2944,22,2940,1,1,1,91.12,2026-02-08
2945,21,3787,1,0,1,167.36,2025-08-05
2946,25,2539,1,1,0,0.0,2024-11-12
2947,3,2885,1,1,0,0.0,2025-09-17
2948,24,2825,1,0,0,0.0,2024-11-12
2949,33,580,1,1,0,0.0,2025-03-05
2950,36,2459,1,0,1,72.26,2026-01-29
2951,21,2081,1,0,0,0.0,2025-05-02
2952,23,1920,1,0,0,0.0,2026-01-09
2953,5,2158,1,1,0,0.0,2025-04-29
2954,38,2446,1,0,1,96.98,2024-10-15
2955,15,4931,1,0,0,0.0,2026-02-20
2956,39,3378,1,0,0,0.0,2026-03-27
2957,30,1744,1,0,0,0.0,2025-12-08
2958,22,1565,1,1,0,0.0,2025-09-02
2959,31,3771,1,1,1,150.24,2025-03-27
2960,21,4026,1,1,0,0.0,2025-02-04
2961,14,3746,1,1,0,0.0,2025-08-31
2962,33,3079,1,0,1,130.15,2025-11-17
2963,5,3828,1,0,0,0.0,2025-08-10
2964,3,3515,1,0,0,0.0,2025-07-16
2965,5,4246,1,0,0,0.0,2024-12-29
2966,12,3802,1,0,1,24.84,2026-05-20
2967,33,2609,1,0,1,160.12,2024-10-12
2968,2,4542,1,0,0,0.0,2024-08-28
2969,36,2584,1,1,1,52.68,2026-06-15
2970,14,270,1,1,1,184.52,2025-05-01
2971,10,1730,1,0,0,0.0,2025-01-26
2972,25,439,1,0,0,0.0,2025-07-20
2973,31,3251,1,0,1,238.28,2025-04-26
2974,20,1124,1,0,1,104.75,2026-01-01
2975,8,4649,1,0,1,96.83,2026-02-23
2976,27,1453,1,0,0,0.0,2025-11-08
2977,10,1346,1,0,0,0.0,2026-01-08
2978,23,2604,1,1,0,0.0,2025-01-24
2979,39,1246,1,0,1,140.44,2025-01-20
2980,30,1734,1,0,1,182.59,2025-04-10
2981,1,28,1,0,0,0.0,2024-12-02
2982,18,2574,1,0,0,0.0,2026-05-25
2983,12,4077,1,1,1,68.43,2025-01-21
2984,10,2137,1,1,0,0.0,2025-03-29
2985,34,2023,1,0,1,181.3,2025-06-17
2986,23,1728,1,1,0,0.0,2024-11-01
2987,4,1955,1,0,0,0.0,2024-08-05
2988,25,1508,1,1,0,0.0,2024-11-18
2989,23,3695,1,1,1,174.96,2026-07-16
2990,21,3042,1,0,1,83.17,2026-05-29
2991,36,192,1,1,0,0.0,2024-11-14
2992,22,3861,1,1,1,97.01,2024-12-16
2993,31,56,1,0,0,0.0,2024-10-01
2994,1,3521,1,1,0,0.0,2026-02-17
2995,36,192,1,0,0,0.0,2024-09-24
2996,20,893,1,0,1,60.7,2026-04-02
2997,9,3189,1,0,0,0.0,2025-02-08
2998,11,3352,1,1,1,20.97,2025-04-15
2999,35,3835,1,1,0,0.0,2026-05-20
3000,24,3154,1,0,1,130.61,2025-08-21
3001,3,3027,1,1,0,0.0,2024-09-17
3002,40,4789,1,0,1,185.75,2026-04-28
3003,12,3886,1,0,1,126.4,2025-09-04
3004,6,1378,1,1,1,25.32,2026-01-09
3005,5,4897,1,0,1,194.0,2025-10-22
3006,21,1699,1,0,0,0.0,2026-05-02
3007,26,392,1,0,1,201.4,2025-03-25
3008,31,3170,1,1,0,0.0,2025-02-26
3009,15,4934,1,1,0,0.0,2025-08-02
3010,25,1587,1,1,0,0.0,2026-04-07
3011,28,161,1,1,0,0.0,2025-08-26
3012,38,1748,1,0,0,0.0,2024-08-12
3013,18,61,1,1,1,58.41,2025-09-27
3014,36,3159,1,1,0,0.0,2025-06-20
3015,31,3392,1,0,0,0.0,2025-10-15
3016,28,4850,1,1,1,178.6,2025-11-03
3017,12,3596,1,0,1,101.95,2026-04-21
3018,31,1492,1,1,0,0.0,2026-04-25
3019,40,2409,1,1,1,185.17,2025-08-26
3020,40,957,1,1,0,0.0,2026-03-01
3021,31,1273,1,1,1,105.81,2024-12-11
3022,12,1219,1,0,0,0.0,2025-01-14
3023,16,3826,1,1,0,0.0,2025-11-23
3024,37,1255,1,0,0,0.0,2025-05-19
3025,18,1895,1,1,1,235.9,2026-03-20
3026,27,855,1,0,0,0.0,2024-08-10
3027,37,1135,1,1,0,0.0,2025-07-22
3028,28,961,1,0,0,0.0,2026-01-18
3029,33,3389,1,1,0,0.0,2025-04-07
3030,26,3361,1,1,0,0.0,2025-05-16
3031,32,815,1,0,1,28.74,2025-03-24
3032,37,183,1,1,0,0.0,2025-09-01
3033,11,35,1,1,0,0.0,2024-09-17
3034,38,1112,1,1,0,0.0,2024-08-12
3035,34,343,1,1,1,49.96,2026-05-18
3036,19,2916,1,0,0,0.0,2026-03-21
3037,27,1251,1,1,0,0.0,2026-06-28
3038,30,1371,1,0,1,215.32,2025-07-19
3039,4,198,1,1,1,43.4,2025-01-21
3040,12,3050,1,0,1,46.72,2024-11-30
3041,21,2990,1,1,0,0.0,2025-09-09
3042,9,3336,1,1,1,186.91,2025-05-15
3043,39,3925,1,0,0,0.0,2025-06-20
3044,23,3754,1,0,1,244.07,2026-07-07
3045,21,4738,1,1,0,0.0,2025-01-01
3046,34,4499,1,1,0,0.0,2025-01-21
3047,8,516,1,0,0,0.0,2025-09-27
3048,5,1467,1,0,0,0.0,2025-10-04
3049,14,3716,1,0,0,0.0,2026-05-26
3050,21,938,1,1,0,0.0,2025-09-16
3051,9,219,1,0,1,30.14,2025-11-24
3052,37,2282,1,1,0,0.0,2024-10-07
3053,11,4789,1,0,1,189.48,2025-08-23
3054,17,4764,1,0,0,0.0,2025-06-03
3055,19,1490,1,1,0,0.0,2025-06-01
3056,36,1264,1,1,1,247.34,2026-05-02
3057,23,494,1,1,0,0.0,2025-06-07
3058,30,1059,1,1,1,111.43,2025-02-07
3059,24,933,1,0,1,16.67,2024-12-09
3060,13,4717,1,1,0,0.0,2024-08-15
3061,35,877,1,0,0,0.0,2025-08-20
3062,30,142,1,0,1,221.5,2026-03-10
3063,1,406,1,1,0,0.0,2025-06-10
3064,29,3952,1,0,1,96.72,2025-01-27
3065,15,2172,1,0,1,20.81,2025-04-08
3066,5,1456,1,0,0,0.0,2025-03-14
3067,32,3666,1,1,1,194.33,2026-08-02
3068,30,676,1,0,0,0.0,2024-09-24
3069,27,3319,1,1,1,80.61,2025-12-10
3070,4,485,1,1,0,0.0,2025-01-07
3071,20,688,1,1,1,39.38,2025-05-05
3072,36,3056,1,0,1,12.58,2024-12-03
3073,5,2654,1,1,1,219.59,2024-09-17
3074,38,4457,1,1,0,0.0,2025-07-02
3075,3,3188,1,1,1,37.18,2025-08-27
3076,4,3187,1,0,0,0.0,2025-07-29
3077,39,2671,1,1,0,0.0,2025-11-11
3078,23,2591,1,1,0,0.0,2025-09-21
3079,1,3609,1,1,0,0.0,2025-07-08
3080,8,4116,1,1,0,0.0,2026-02-01
3081,4,3666,1,0,0,0.0,2025-02-07
3082,7,91,1,1,0,0.0,2025-11-20
3083,27,2604,1,1,0,0.0,2024-08-06
3084,14,3098,1,0,1,160.82,2025-09-12
3085,1,4320,1,1,0,0.0,2025-05-16
3086,38,1829,1,1,0,0.0,2026-06-22
3087,5,1734,1,0,1,195.29,2024-08-20
3088,23,3141,1,1,0,0.0,2024-12-26
3089,16,3724,1,1,0,0.0,2026-06-30
3090,23,3292,1,1,1,88.98,2025-07-26
3091,33,2909,1,0,0,0.0,2025-08-31
3092,31,3175,1,0,1,186.62,2025-08-03
3093,10,827,1,0,1,35.82,2025-06-10
3094,4,3855,1,1,0,0.0,2026-03-20
3095,33,2373,1,0,0,0.0,2025-01-11
3096,37,3284,1,0,0,0.0,2025-05-10
3097,12,751,1,0,0,0.0,2024-12-16
3098,36,3066,1,1,1,220.23,2025-10-09
3099,1,3482,1,1,1,231.34,2026-07-11
3100,10,3509,1,0,0,0.0,2025-05-07
3101,26,3774,1,0,0,0.0,2026-06-16
3102,23,4370,1,1,0,0.0,2024-10-09
3103,39,2707,1,1,0,0.0,2025-05-01
3104,13,1902,1,0,1,88.68,2025-04-30
3105,30,287,1,0,1,38.59,2026-07-04
3106,31,3204,1,1,0,0.0,2026-04-26
3107,18,2922,1,1,0,0.0,2025-02-23
3108,17,722,1,1,0,0.0,2024-10-06
3109,39,4665,1,1,1,67.95,2025-07-31
3110,17,4173,1,1,1,220.41,2025-06-01
3111,36,4608,1,1,0,0.0,2025-03-26
3112,34,708,1,1,1,182.49,2024-10-08
3113,40,3463,1,0,1,16.03,2025-08-03
3114,17,2963,1,1,1,168.92,2026-02-08
3115,28,3127,1,0,1,244.17,2025-10-23
3116,1,3516,1,1,0,0.0,2025-12-18
3117,1,4082,1,1,1,199.01,2026-07-22
3118,26,3060,1,0,1,113.1,2025-07-27
3119,11,2281,1,1,0,0.0,2025-08-30
3120,4,1774,1,0,0,0.0,2025-04-27
3121,31,2962,1,0,0,0.0,2026-02-15
3122,7,3777,1,1,1,186.73,2024-09-29
3123,4,1653,1,1,1,17.82,2025-08-09
3124,25,3176,1,0,0,0.0,2024-12-23
3125,26,4459,1,0,0,0.0,2026-07-06
3126,38,623,1,1,0,0.0,2025-09-17
3127,33,4142,1,0,0,0.0,2025-02-09
3128,40,1892,1,1,0,0.0,2025-03-24
3129,19,1501,1,1,1,151.87,2024-09-29
3130,14,3523,1,1,0,0.0,2024-09-19
3131,39,2973,1,1,1,73.94,2024-08-21
3132,30,412,1,1,0,0.0,2026-06-07
3133,6,2084,1,1,0,0.0,2025-09-24
3134,17,4779,1,0,0,0.0,2024-12-12
3135,10,3303,1,1,0,0.0,2024-12-28
3136,22,783,1,1,0,0.0,2026-05-22
3137,17,799,1,0,1,113.79,2026-01-30
3138,26,4843,1,0,0,0.0,2025-08-07
3139,9,133,1,0,1,150.25,2026-01-01
3140,18,3733,1,1,0,0.0,2024-12-02
3141,10,2744,1,1,0,0.0,2024-11-19
3142,18,3092,1,0,0,0.0,2026-05-12
3143,26,479,1,0,1,62.45,2025-02-07
3144,27,3423,1,0,0,0.0,2025-04-11
3145,37,3133,1,1,1,159.79,2026-02-03
3146,2,3445,1,0,0,0.0,2026-02-07
3147,21,3451,1,0,0,0.0,2026-02-01
3148,17,1071,1,0,0,0.0,2025-09-13
3149,37,813,1,1,1,15.96,2026-05-13
3150,17,94,1,0,0,0.0,2025-07-03
3151,17,1672,1,0,0,0.0,2025-07-28
3152,16,4941,1,1,0,0.0,2025-01-05
3153,20,2795,1,0,1,42.43,2024-11-23
3154,13,4570,1,0,1,162.22,2026-03-31
3155,4,675,1,0,1,21.21,2026-05-25
3156,22,4330,1,1,1,82.39,2025-05-16
3157,36,1753,1,0,0,0.0,2025-04-21
3158,27,1323,1,1,0,0.0,2025-07-18
3159,12,4339,1,1,0,0.0,2025-05-11
3160,21,3734,1,1,0,0.0,2025-03-29
3161,22,3009,1,0,1,207.5,2026-01-11
3162,9,1173,1,0,1,216.63,2024-10-04
3163,32,4409,1,0,1,173.11,2025-01-22
3164,11,4877,1,1,1,91.06,2024-12-03
3165,17,4981,1,1,1,132.98,2025-11-24
3166,36,106,1,1,1,113.32,2025-11-19
3167,10,4188,1,0,0,0.0,2026-02-25
3168,23,284,1,1,1,13.25,2026-07-25
3169,33,3083,1,0,1,28.29,2024-10-18
3170,8,2299,1,1,1,80.54,2026-01-14
3171,8,2887,1,0,0,0.0,2025-06-30
3172,26,3508,1,0,0,0.0,2025-01-17
3173,35,1263,1,0,0,0.0,2025-11-05
3174,3,3359,1,0,0,0.0,2025-01-24
3175,5,4575,1,0,0,0.0,2025-11-23
3176,20,1848,1,1,0,0.0,2025-01-15
3177,30,390,1,1,1,114.31,2025-04-09
3178,34,352,1,1,1,193.01,2025-10-06
3179,8,28,1,1,1,166.34,2025-11-21
3180,39,39,1,1,1,148.02,2024-11-03
3181,9,2561,1,1,0,0.0,2025-11-21
3182,4,3270,1,1,0,0.0,2026-06-23
3183,39,4251,1,0,1,68.71,2024-10-03
3184,29,1115,1,0,0,0.0,2026-03-31
3185,6,2544,1,0,0,0.0,2026-03-15
3186,32,329,1,0,1,30.7,2026-05-19
3187,6,2902,1,1,1,202.09,2024-10-06
3188,3,3607,1,0,0,0.0,2024-10-27
3189,9,858,1,0,0,0.0,2026-03-22
3190,18,1014,1,1,0,0.0,2024-09-29
3191,14,697,1,1,0,0.0,2025-04-11
3192,7,2657,1,1,0,0.0,2024-08-14
3193,5,3162,1,1,0,0.0,2025-06-27
3194,23,2870,1,0,0,0.0,2024-12-01
3195,17,3025,1,1,0,0.0,2025-07-09
3196,10,2609,1,0,0,0.0,2025-02-05
3197,36,4346,1,0,0,0.0,2026-01-22
3198,11,4863,1,1,0,0.0,2026-04-09
3199,1,2913,1,1,1,49.47,2025-07-27
3200,14,865,1,1,0,0.0,2025-08-31
3201,9,1078,1,0,1,21.63,2025-04-22
3202,23,3370,1,0,1,59.92,2026-03-19
3203,29,3975,1,0,0,0.0,2026-02-03
3204,17,2986,1,0,1,226.2,2026-06-20
3205,15,202,1,0,0,0.0,2024-08-28
3206,11,1422,1,1,0,0.0,2026-02-20
3207,24,1500,1,0,1,93.12,2025-06-04
3208,30,1479,1,1,0,0.0,2026-03-01
3209,1,2559,1,1,1,41.32,2024-10-16
3210,40,3924,1,0,0,0.0,2024-09-04
3211,21,4523,1,1,0,0.0,2026-05-17
3212,22,3902,1,0,1,57.08,2026-02-12
3213,2,2832,1,0,0,0.0,2024-08-15
3214,3,1175,1,0,1,143.17,2025-04-22
3215,30,3365,1,1,1,12.31,2025-10-18
3216,20,3038,1,0,0,0.0,2025-12-29
3217,13,3023,1,1,1,98.96,2025-02-02
3218,30,3222,1,1,0,0.0,2025-08-04
3219,13,37,1,0,0,0.0,2024-10-01
3220,10,239,1,1,0,0.0,2026-06-05
3221,7,2002,1,1,1,65.42,2024-11-13
3222,34,2585,1,0,0,0.0,2025-01-09
3223,2,291,1,1,1,131.55,2026-07-25
3224,25,1999,1,0,1,29.93,2025-10-28
3225,30,1976,1,1,0,0.0,2025-06-14
3226,16,4325,1,0,1,21.79,2024-10-26
3227,39,4622,1,0,0,0.0,2025-07-28
3228,2,3058,1,1,0,0.0,2025-12-13
3229,38,4146,1,1,0,0.0,2025-08-17
3230,19,1681,1,0,0,0.0,2025-12-03
3231,20,4515,1,1,0,0.0,2025-12-22
3232,22,2877,1,0,1,159.01,2025-12-18
3233,36,2654,1,0,0,0.0,2026-03-12
3234,22,4855,1,0,1,66.02,2024-12-20
3235,34,1328,1,1,1,22.9,2025-04-09
3236,16,2471,1,1,0,0.0,2025-04-06
3237,32,2686,1,1,1,190.2,2024-12-02
3238,37,3103,1,0,1,45.29,2024-09-05
3239,8,4732,1,0,0,0.0,2026-06-15
3240,15,1180,1,1,1,81.23,2026-03-09
3241,38,4358,1,1,0,0.0,2025-03-04
3242,27,2607,1,1,1,241.56,2025-02-13
3243,2,1878,1,0,0,0.0,2025-01-11
3244,7,1799,1,0,1,186.86,2025-05-04
3245,37,1974,1,1,1,234.21,2025-01-02
3246,26,2623,1,0,1,191.22,2025-02-06
3247,31,836,1,0,0,0.0,2025-11-17
3248,35,1763,1,0,1,98.48,2024-09-13
3249,25,3952,1,1,1,20.02,2026-07-08
3250,13,4836,1,0,1,245.68,2025-06-25
3251,23,1313,1,1,1,179.74,2026-07-04
3252,39,4639,1,1,0,0.0,2026-05-01
3253,10,3792,1,0,0,0.0,2026-06-13
3254,14,3892,1,0,0,0.0,2025-04-07
3255,6,2152,1,0,0,0.0,2024-11-15
3256,23,2809,1,0,0,0.0,2025-09-14
3257,39,288,1,0,0,0.0,2025-02-04
3258,35,4328,1,0,1,164.03,2025-07-16
3259,1,2405,1,0,0,0.0,2026-06-27
3260,19,4756,1,0,0,0.0,2026-01-08
3261,31,4792,1,0,1,199.69,2026-05-28
3262,4,3591,1,0,1,16.64,2024-09-30
3263,28,898,1,1,0,0.0,2025-10-08
3264,16,3023,1,0,1,212.69,2026-06-25
3265,13,211,1,0,0,0.0,2026-02-26
3266,23,3803,1,1,0,0.0,2025-11-17
3267,35,2978,1,0,1,142.91,2025-03-06
3268,31,1805,1,1,1,152.6,2025-04-12
3269,19,2477,1,0,1,72.72,2025-12-22
3270,30,3879,1,0,0,0.0,2026-03-05
3271,28,1229,1,1,0,0.0,2025-03-07
3272,3,429,1,0,1,100.21,2025-05-01
3273,28,649,1,1,0,0.0,2026-04-01
3274,16,3626,1,1,1,156.46,2025-01-26
3275,18,3444,1,0,1,239.95,2025-02-27
3276,28,2903,1,1,1,62.07,2025-08-24
3277,30,2825,1,1,0,0.0,2024-10-04
3278,16,4863,1,0,0,0.0,2026-06-01
3279,33,3520,1,0,0,0.0,2025-08-11
3280,12,651,1,0,0,0.0,2025-06-02
3281,25,3344,1,0,0,0.0,2024-08-06
3282,8,2532,1,0,0,0.0,2025-10-24
3283,10,4555,1,0,1,67.51,2025-01-16
3284,27,18,1,0,0,0.0,2025-03-28
3285,30,1352,1,0,1,196.12,2026-01-04
3286,37,641,1,1,0,0.0,2025-09-27
3287,25,978,1,0,0,0.0,2026-02-02
3288,21,3277,1,0,1,206.84,2026-01-11
3289,5,1220,1,1,1,188.57,2025-01-16
3290,6,461,1,0,0,0.0,2025-06-28
3291,11,3049,1,0,1,245.47,2025-11-13
3292,39,1044,1,0,0,0.0,2026-05-31
3293,19,478,1,0,0,0.0,2025-04-01
3294,28,2373,1,1,0,0.0,2025-11-02
3295,39,4803,1,0,0,0.0,2025-08-14
3296,13,740,1,0,0,0.0,2024-12-07
3297,19,4142,1,0,1,211.57,2026-07-15
3298,14,1797,1,1,1,22.5,2025-07-04
3299,19,2828,1,0,1,70.2,2025-03-24
3300,1,4359,1,0,0,0.0,2025-03-06
3301,16,3191,1,0,1,227.42,2025-05-21
3302,11,2244,1,1,1,48.36,2025-06-07
3303,37,4650,1,1,0,0.0,2025-03-20
3304,10,3464,1,1,1,201.48,2025-06-25
3305,36,2358,1,1,0,0.0,2025-12-17
3306,10,879,1,0,0,0.0,2025-07-09
3307,36,4592,1,1,0,0.0,2026-01-10
3308,10,3614,1,1,1,225.45,2025-09-29
3309,17,4687,1,1,1,180.08,2025-12-31
3310,27,61,1,0,1,137.78,2025-06-25
3311,17,1932,1,1,0,0.0,2026-07-31
3312,30,4201,1,1,0,0.0,2025-07-09
3313,24,1884,1,1,1,46.46,2026-06-13
3314,16,19,1,0,1,78.43,2025-06-03
3315,39,1857,1,1,0,0.0,2024-08-17
3316,39,1970,1,1,1,44.09,2025-07-16
3317,5,4802,1,1,0,0.0,2025-10-13
3318,7,42,1,0,0,0.0,2024-10-14
3319,30,2799,1,0,0,0.0,2026-05-23
3320,26,197,1,1,0,0.0,2026-02-14
3321,16,2621,1,1,0,0.0,2026-06-24
3322,25,2872,1,0,0,0.0,2025-10-09
3323,15,3838,1,0,1,186.44,2025-11-30
3324,37,1931,1,0,1,195.72,2025-07-24
3325,8,2025,1,0,1,185.35,2026-04-21
3326,18,2118,1,1,0,0.0,2024-11-17
3327,28,3183,1,0,0,0.0,2025-03-09
3328,10,2959,1,1,1,247.87,2026-02-03
3329,25,1895,1,1,0,0.0,2026-01-13
3330,30,1903,1,0,0,0.0,2025-02-16
3331,40,3419,1,1,0,0.0,2025-11-19
3332,2,2,1,0,0,0.0,2026-02-06
3333,13,3649,1,0,1,99.04,2025-03-16
3334,28,1638,1,1,0,0.0,2025-10-14
3335,2,2037,1,0,0,0.0,2025-03-02
3336,38,2650,1,0,0,0.0,2024-08-15
3337,33,2056,1,0,0,0.0,2025-07-18
3338,6,377,1,1,0,0.0,2024-09-26
3339,31,3257,1,0,0,0.0,2024-09-03
3340,26,3474,1,1,1,94.53,2025-04-09
3341,20,111,1,0,1,27.44,2025-04-29
3342,21,2505,1,1,0,0.0,2025-12-20
3343,13,2678,1,1,1,154.93,2025-03-11
3344,31,4733,1,1,0,0.0,2025-04-29
3345,17,435,1,1,0,0.0,2026-06-06
3346,20,4492,1,0,0,0.0,2026-03-04
3347,32,3214,1,1,0,0.0,2025-08-21
3348,32,2988,1,1,0,0.0,2026-03-08
3349,27,1282,1,0,0,0.0,2026-01-14
3350,7,1720,1,1,1,152.94,2025-01-13
3351,19,4302,1,1,1,237.24,2026-01-04
3352,36,4134,1,1,0,0.0,2024-12-03
3353,35,4358,1,0,1,76.58,2025-08-05
3354,17,3027,1,0,1,201.57,2025-10-04
3355,5,1770,1,1,1,245.73,2024-09-07
3356,1,3391,1,0,1,163.4,2025-06-25
3357,36,693,1,0,1,154.47,2025-01-20
3358,16,2904,1,0,0,0.0,2025-07-14
3359,2,911,1,0,0,0.0,2025-03-07
3360,22,2359,1,1,0,0.0,2026-04-11
3361,15,3992,1,0,1,17.43,2026-05-21
3362,18,4879,1,1,1,20.84,2024-08-24
3363,38,83,1,0,1,120.03,2025-02-21
3364,35,2872,1,0,1,157.3,2024-11-14
3365,13,4943,1,1,1,75.56,2025-11-23
3366,19,2369,1,1,1,36.22,2026-05-12
3367,9,2454,1,1,1,196.75,2025-09-07
3368,27,3858,1,0,0,0.0,2025-11-24
3369,1,3748,1,0,0,0.0,2026-05-28
3370,32,3017,1,1,1,160.66,2025-04-30
3371,38,79,1,1,0,0.0,2026-06-26
3372,10,4219,1,1,0,0.0,2025-10-22
3373,31,73,1,1,0,0.0,2025-05-20
3374,25,2946,1,1,1,221.37,2024-08-21
3375,26,2674,1,0,0,0.0,2025-10-04
3376,15,4732,1,0,0,0.0,2024-11-11
3377,39,3207,1,0,1,77.15,2025-03-25
3378,8,1194,1,0,0,0.0,2026-04-25
3379,10,2036,1,1,1,233.62,2025-01-08
3380,21,3651,1,0,1,199.11,2024-10-19
3381,11,4468,1,0,1,215.43,2026-06-20
3382,1,4535,1,1,1,29.64,2025-11-12
3383,21,2805,1,1,1,24.6,2026-05-12
3384,7,345,1,1,1,83.04,2024-08-11
3385,34,660,1,0,1,68.71,2026-02-17
3386,19,3043,1,0,0,0.0,2024-09-05
3387,29,9,1,0,0,0.0,2025-02-23
3388,36,2848,1,1,1,110.54,2025-03-12
3389,35,818,1,0,1,138.08,2025-06-27
3390,33,645,1,0,1,38.48,2025-08-31
3391,17,2597,1,0,0,0.0,2024-12-23
3392,34,2735,1,1,0,0.0,2025-02-02
3393,5,3762,1,0,1,21.41,2026-01-01
3394,19,578,1,1,0,0.0,2026-02-08
3395,34,3638,1,0,1,142.77,2025-10-28
3396,30,4183,1,0,0,0.0,2025-08-10
3397,19,1857,1,0,1,103.35,2026-03-01
3398,40,2119,1,0,0,0.0,2024-12-16
3399,4,2174,1,1,1,234.46,2025-09-06
3400,24,1695,1,0,0,0.0,2024-12-18
3401,4,4646,1,1,0,0.0,2025-08-07
3402,8,4214,1,0,1,156.0,2025-01-17
3403,7,2538,1,0,1,237.21,2026-01-23
3404,11,3947,1,1,1,30.17,2025-11-09
3405,37,2824,1,0,0,0.0,2026-01-23
3406,19,4500,1,0,0,0.0,2025-10-23
3407,29,1460,1,1,1,153.67,2025-09-14
3408,18,896,1,1,0,0.0,2026-02-06
3409,32,2684,1,1,1,120.46,2025-08-17
3410,29,4637,1,1,0,0.0,2025-06-22
3411,40,86,1,0,1,243.53,2026-04-05
3412,9,4990,1,0,1,45.13,2026-06-28
3413,10,1693,1,0,0,0.0,2025-03-21
3414,27,4794,1,0,0,0.0,2025-07-28
3415,31,4115,1,0,0,0.0,2025-04-10
3416,9,223,1,1,1,221.98,2025-07-09
3417,17,4131,1,0,0,0.0,2025-08-14
3418,15,3125,1,1,1,171.35,2025-08-22
3419,30,1479,1,0,0,0.0,2025-02-02
3420,8,3633,1,0,1,120.57,2026-02-12
3421,23,3315,1,1,1,207.78,2025-10-21
3422,10,25,1,1,1,228.23,2025-06-21
3423,19,3566,1,0,1,69.95,2025-05-01
3424,25,2301,1,1,0,0.0,2025-02-13
3425,10,3425,1,0,0,0.0,2026-05-25
3426,13,2001,1,0,0,0.0,2026-05-08
3427,31,2682,1,1,0,0.0,2026-06-29
3428,20,1076,1,1,0,0.0,2025-11-07
3429,38,1849,1,1,0,0.0,2024-10-17
3430,2,2349,1,1,0,0.0,2024-11-09
3431,32,19,1,0,1,126.25,2025-09-05
3432,36,1936,1,0,0,0.0,2025-08-14
3433,8,1863,1,1,1,12.44,2024-11-15
3434,30,1699,1,1,1,139.9,2026-07-16
3435,9,2228,1,1,0,0.0,2026-06-06
3436,6,1442,1,0,0,0.0,2025-05-27
3437,18,527,1,1,1,128.05,2025-02-23
3438,16,1608,1,1,1,32.3,2025-06-20
3439,34,3598,1,0,1,99.14,2024-12-10
3440,29,1103,1,0,1,152.59,2026-08-01
3441,7,860,1,0,1,92.44,2024-12-20
3442,35,3749,1,1,1,220.26,2026-01-08
3443,33,3649,1,0,1,218.93,2025-09-25
3444,12,3480,1,1,0,0.0,2025-07-23
3445,15,1951,1,0,1,228.21,2026-05-24
3446,3,3443,1,1,1,19.83,2026-01-25
3447,40,1465,1,1,0,0.0,2025-11-11
3448,39,1881,1,1,1,170.03,2025-11-10
3449,9,3847,1,1,0,0.0,2025-02-17
3450,24,4487,1,1,1,28.47,2025-09-01
3451,2,3490,1,0,1,226.01,2026-07-24
3452,16,1570,1,1,1,128.54,2026-07-22
3453,13,2160,1,0,1,234.49,2024-08-27
3454,40,3439,1,1,0,0.0,2025-06-30
3455,4,2727,1,1,0,0.0,2026-07-29
3456,17,1832,1,0,1,92.93,2026-05-27
3457,10,277,1,0,0,0.0,2024-10-25
3458,24,163,1,0,1,195.53,2025-09-08
3459,3,1762,1,0,1,247.77,2026-03-08
3460,10,4682,1,1,0,0.0,2025-03-01
3461,4,4591,1,0,0,0.0,2025-04-13
3462,40,4815,1,1,1,122.36,2026-05-16
3463,27,2162,1,1,1,75.66,2025-08-04
3464,40,442,1,0,1,166.8,2025-07-31
3465,40,3550,1,1,1,15.17,2024-09-28
3466,35,834,1,1,0,0.0,2026-06-24
3467,3,2891,1,0,0,0.0,2026-04-20
3468,20,4168,1,0,1,186.43,2025-12-28
3469,28,2757,1,1,1,84.72,2025-05-28
3470,26,2755,1,0,0,0.0,2025-07-01
3471,15,1506,1,0,1,81.5,2026-01-05
3472,15,3352,1,1,0,0.0,2025-11-15
3473,24,3339,1,0,1,69.55,2024-12-01
3474,36,2132,1,1,0,0.0,2025-02-20
3475,3,2995,1,0,1,131.86,2026-05-15
3476,29,4288,1,0,0,0.0,2024-12-22
3477,19,573,1,0,0,0.0,2024-10-13
3478,6,4256,1,0,1,112.48,2024-08-25
3479,24,3681,1,1,1,19.96,2025-05-14
3480,17,3627,1,0,1,242.99,2025-04-10
3481,10,3509,1,0,0,0.0,2024-10-18
3482,20,4847,1,1,0,0.0,2025-11-07
3483,7,2760,1,0,0,0.0,2025-02-16
3484,18,1616,1,1,0,0.0,2025-07-02
3485,34,2036,1,0,0,0.0,2025-02-16
3486,8,676,1,0,1,116.17,2024-10-16
3487,29,2674,1,1,0,0.0,2024-12-04
3488,30,3943,1,1,1,108.68,2025-05-26
3489,35,4355,1,1,1,108.66,2024-09-06
3490,9,4183,1,1,1,81.76,2025-04-11
3491,5,1805,1,0,1,183.94,2026-06-23
3492,16,1915,1,1,0,0.0,2026-04-08
3493,38,1383,1,1,1,237.25,2026-04-15
3494,16,3059,1,1,0,0.0,2026-04-21
3495,39,4720,1,1,0,0.0,2025-06-01
3496,33,1519,1,1,1,125.89,2025-01-22
3497,9,3512,1,1,1,42.31,2025-01-27
3498,9,4137,1,1,0,0.0,2025-11-07
3499,40,1227,1,0,0,0.0,2025-02-20
3500,4,3920,1,1,0,0.0,2025-10-12
3501,10,1339,1,1,0,0.0,2026-07-21
3502,34,2949,1,0,0,0.0,2026-05-15
3503,6,2304,1,1,0,0.0,2026-07-28
3504,5,4158,1,0,1,149.48,2026-02-06
3505,36,4294,1,0,1,190.88,2024-10-16
3506,14,4430,1,0,0,0.0,2026-02-06
3507,3,2637,1,0,0,0.0,2025-07-28
3508,28,2315,1,1,1,145.5,2025-08-14
3509,36,731,1,1,1,77.4,2025-04-18
3510,1,1667,1,1,0,0.0,2024-11-11
3511,40,2691,1,0,0,0.0,2026-04-06
3512,7,1195,1,0,0,0.0,2025-11-29
3513,34,4643,1,1,1,194.09,2026-06-19
3514,21,4631,1,0,0,0.0,2024-10-05
3515,7,4154,1,0,0,0.0,2025-08-11
3516,9,3423,1,1,0,0.0,2026-02-21
3517,5,687,1,0,1,80.93,2026-04-21
3518,13,1770,1,1,0,0.0,2024-10-26
3519,32,1729,1,1,0,0.0,2026-02-24
3520,13,2473,1,0,1,125.69,2025-10-15
3521,36,1692,1,1,1,31.27,2025-08-03
3522,29,3537,1,0,0,0.0,2024-12-18
3523,8,2437,1,1,0,0.0,2024-10-21
3524,17,4125,1,1,1,78.21,2024-10-09
3525,35,2866,1,0,0,0.0,2025-04-23
3526,14,4867,1,0,1,132.07,2026-02-24
3527,5,994,1,0,1,64.41,2025-03-18
3528,5,4407,1,0,1,150.89,2025-02-07
3529,22,3459,1,1,0,0.0,2024-12-31
3530,33,3985,1,1,0,0.0,2026-06-04
3531,19,23,1,1,0,0.0,2025-12-15
3532,15,1043,1,0,0,0.0,2025-07-04
3533,10,801,1,1,1,77.43,2025-08-02
3534,39,3972,1,0,1,197.72,2025-03-15
3535,32,229,1,0,1,186.31,2026-07-31
3536,36,2136,1,1,0,0.0,2025-02-20
3537,17,153,1,1,0,0.0,2025-05-06
3538,7,628,1,0,0,0.0,2025-08-19
3539,40,4721,1,0,1,93.39,2025-05-06
3540,16,1700,1,1,0,0.0,2025-08-09
3541,39,1138,1,1,0,0.0,2024-09-24
3542,17,1499,1,1,0,0.0,2025-08-05
3543,6,3234,1,0,1,12.79,2026-02-21
3544,24,2721,1,1,1,180.8,2025-06-29
3545,35,3575,1,1,0,0.0,2025-01-28
3546,26,4787,1,0,1,191.33,2025-11-11
3547,15,3735,1,0,0,0.0,2026-01-23
3548,13,4642,1,0,0,0.0,2026-01-15
3549,16,1467,1,0,1,71.71,2025-08-18
3550,10,1915,1,0,0,0.0,2026-05-04
3551,30,4201,1,1,0,0.0,2026-01-04
3552,35,3172,1,1,1,154.02,2025-11-12
3553,3,505,1,0,0,0.0,2025-02-25
3554,27,1800,1,1,0,0.0,2024-09-22
3555,7,107,1,0,0,0.0,2025-07-02
3556,26,3754,1,1,0,0.0,2025-06-05
3557,9,352,1,1,1,134.31,2025-03-18
3558,32,4211,1,1,0,0.0,2026-06-12
3559,2,3264,1,0,1,137.91,2024-09-11
3560,1,1869,1,0,1,48.38,2025-11-17
3561,7,2166,1,0,0,0.0,2026-06-08
3562,19,3138,1,0,0,0.0,2025-12-31
3563,34,601,1,0,0,0.0,2025-02-27
3564,25,3942,1,0,1,15.41,2026-06-30
3565,18,1296,1,0,1,98.36,2025-07-18
3566,16,4883,1,0,0,0.0,2025-06-22
3567,30,345,1,1,0,0.0,2025-06-10
3568,17,1477,1,0,0,0.0,2025-07-30
3569,35,4118,1,1,0,0.0,2025-01-08
3570,38,2911,1,0,0,0.0,2026-02-20
3571,4,918,1,1,1,97.2,2026-07-25
3572,20,4645,1,1,1,132.2,2025-11-25
3573,3,3572,1,0,0,0.0,2025-03-31
3574,14,533,1,0,1,174.59,2026-07-13
3575,15,467,1,1,1,52.18,2024-10-25
3576,8,2212,1,1,1,40.0,2026-06-21
3577,11,4111,1,0,0,0.0,2025-04-11
3578,32,438,1,0,1,184.19,2025-06-03
3579,24,1237,1,0,0,0.0,2025-09-22
3580,4,4364,1,1,0,0.0,2025-01-01
3581,35,3648,1,0,1,192.19,2026-01-12
3582,16,432,1,0,1,39.7,2026-02-12
3583,17,763,1,1,1,150.61,2026-03-21
3584,6,2173,1,1,1,16.71,2026-01-26
3585,32,1819,1,0,0,0.0,2025-11-19
3586,5,547,1,0,0,0.0,2024-12-28
3587,14,2240,1,0,0,0.0,2025-01-27
3588,3,2218,1,0,1,39.35,2025-04-11
3589,23,922,1,1,0,0.0,2026-01-23
3590,11,2996,1,1,0,0.0,2026-05-15
3591,13,2920,1,0,1,131.9,2024-09-09
3592,34,2338,1,0,0,0.0,2024-12-15
3593,18,4808,1,0,1,97.44,2025-11-04
3594,19,4178,1,0,0,0.0,2025-12-28
3595,28,1283,1,0,0,0.0,2025-05-10
3596,3,3640,1,1,0,0.0,2024-10-26
3597,7,2904,1,0,0,0.0,2025-09-09
3598,38,2661,1,1,0,0.0,2026-05-14
3599,9,1841,1,0,1,176.41,2026-01-26
3600,25,1227,1,1,0,0.0,2024-10-07
3601,24,3406,1,1,1,42.08,2026-05-09
3602,1,3810,1,1,1,146.14,2026-02-20
3603,32,4451,1,0,1,218.09,2026-03-04
3604,11,3689,1,1,0,0.0,2025-08-12
3605,8,4710,1,0,0,0.0,2025-07-28
3606,40,4868,1,1,1,132.84,2025-07-09
3607,24,4748,1,1,1,214.63,2025-05-19
3608,22,2801,1,0,0,0.0,2025-01-19
3609,2,95,1,0,0,0.0,2026-07-30
3610,21,4469,1,0,1,243.95,2026-04-09
3611,19,3086,1,0,0,0.0,2025-12-07
3612,3,330,1,0,1,21.42,2025-12-19
3613,27,4406,1,1,0,0.0,2024-11-29
3614,4,3592,1,1,0,0.0,2025-08-20
3615,7,124,1,1,1,156.23,2026-05-18
3616,4,697,1,0,0,0.0,2024-08-30
3617,9,488,1,1,0,0.0,2025-01-13
3618,27,112,1,1,1,50.28,2024-10-30
3619,34,3675,1,0,0,0.0,2025-11-11
3620,3,3475,1,0,0,0.0,2026-02-14
3621,23,1878,1,0,0,0.0,2026-07-24
3622,40,1212,1,0,0,0.0,2025-04-20
3623,3,1100,1,0,1,34.68,2024-10-06
3624,18,2101,1,1,0,0.0,2024-12-29
3625,11,1704,1,0,0,0.0,2026-08-01
3626,32,771,1,0,1,35.91,2024-10-08
3627,19,325,1,0,1,170.37,2024-12-02
3628,39,4430,1,1,1,113.06,2025-01-07
3629,32,2407,1,0,0,0.0,2024-11-23
3630,6,111,1,0,1,108.24,2025-10-05
3631,25,2714,1,0,1,12.24,2024-08-04
3632,22,3132,1,1,0,0.0,2025-01-08
3633,11,2741,1,0,0,0.0,2026-01-07
3634,13,1582,1,1,0,0.0,2025-03-15
3635,4,4926,1,0,0,0.0,2024-09-09
3636,28,3337,1,1,0,0.0,2026-03-27
3637,38,4013,1,1,1,79.93,2025-03-13
3638,38,2567,1,1,0,0.0,2026-01-31
3639,21,4646,1,1,0,0.0,2024-10-23
3640,10,458,1,0,0,0.0,2026-06-24
3641,24,2984,1,0,0,0.0,2025-11-06
3642,33,3368,1,1,1,123.21,2025-02-21
3643,9,4819,1,0,1,229.01,2025-07-19
3644,27,1799,1,1,1,98.05,2025-08-06
3645,32,718,1,0,0,0.0,2026-06-29
3646,12,2203,1,0,1,94.07,2026-01-21
3647,36,4779,1,1,1,241.75,2024-09-09
3648,29,4970,1,0,0,0.0,2025-05-17
3649,25,4887,1,1,0,0.0,2024-09-17
3650,6,3518,1,0,0,0.0,2025-05-07
3651,39,4286,1,0,0,0.0,2026-07-21
3652,10,1978,1,1,0,0.0,2025-01-30
3653,29,4608,1,0,1,244.47,2026-05-11
3654,15,1627,1,0,1,117.94,2025-11-11
3655,7,377,1,0,0,0.0,2025-01-28
3656,9,3546,1,1,0,0.0,2026-01-27
3657,24,1044,1,0,1,161.37,2025-09-22
3658,33,3037,1,0,1,193.79,2025-05-17
3659,4,1352,1,0,0,0.0,2025-09-14
3660,7,3074,1,0,0,0.0,2026-05-09
3661,13,62,1,0,0,0.0,2026-06-01
3662,4,2453,1,0,0,0.0,2024-09-18
3663,36,1561,1,1,0,0.0,2025-12-28
3664,35,4064,1,1,1,145.92,2026-04-07
3665,26,4867,1,0,1,52.06,2024-08-17
3666,2,4595,1,0,0,0.0,2024-08-23
3667,21,2921,1,0,1,189.38,2024-11-20
3668,1,2424,1,0,0,0.0,2026-04-13
3669,29,4135,1,1,1,78.64,2026-07-31
3670,36,1387,1,0,0,0.0,2024-11-28
3671,15,4325,1,0,0,0.0,2025-12-22
3672,2,1573,1,1,1,33.28,2025-05-27
3673,12,2534,1,0,0,0.0,2024-09-14
3674,27,3034,1,0,0,0.0,2025-04-04
3675,22,4395,1,1,1,29.91,2025-03-13
3676,38,751,1,1,0,0.0,2026-03-21
3677,2,2556,1,1,0,0.0,2025-10-31
3678,4,939,1,1,1,225.1,2026-05-14
3679,40,1356,1,1,1,209.78,2025-07-18
3680,4,3203,1,0,1,190.4,2025-01-10
3681,28,4440,1,1,0,0.0,2025-10-01
3682,17,411,1,0,1,40.45,2025-03-14
3683,7,2532,1,0,1,166.39,2025-07-21
3684,25,3577,1,0,0,0.0,2024-11-02
3685,20,1629,1,1,1,224.28,2025-02-15
3686,35,121,1,0,1,163.36,2025-08-07
3687,24,499,1,0,1,56.21,2025-01-15
3688,22,4001,1,0,1,38.9,2026-01-02
3689,35,4557,1,1,0,0.0,2026-02-05
3690,6,4491,1,0,1,64.88,2025-02-18
3691,31,769,1,0,0,0.0,2024-11-12
3692,19,1562,1,1,1,20.41,2025-10-04
3693,31,1151,1,1,0,0.0,2026-07-03
3694,4,4433,1,0,0,0.0,2026-03-31
3695,13,3778,1,1,0,0.0,2024-10-20
3696,40,4752,1,1,0,0.0,2024-08-30
3697,2,3445,1,0,0,0.0,2026-03-29
3698,39,1441,1,0,0,0.0,2026-03-03
3699,5,1943,1,0,0,0.0,2025-01-15
3700,24,135,1,1,0,0.0,2025-01-22
3701,4,1135,1,0,1,85.25,2024-09-02
3702,6,520,1,1,0,0.0,2025-07-11
3703,24,3482,1,1,0,0.0,2026-05-07
3704,31,441,1,1,0,0.0,2026-06-18
3705,12,206,1,0,1,188.61,2024-11-22
3706,31,689,1,1,0,0.0,2025-06-03
3707,25,1023,1,0,0,0.0,2025-07-23
3708,15,792,1,1,1,162.3,2026-07-16
3709,6,3729,1,0,1,215.89,2024-09-05
3710,2,3005,1,0,0,0.0,2026-06-02
3711,32,3079,1,1,1,82.62,2026-04-02
3712,28,1638,1,0,1,83.63,2024-09-28
3713,34,349,1,0,1,40.17,2024-11-28
3714,26,4569,1,1,0,0.0,2026-01-08
3715,37,4579,1,0,0,0.0,2025-05-09
3716,27,523,1,1,1,181.94,2025-08-15
3717,16,1675,1,0,1,154.88,2024-08-20
3718,7,2359,1,0,0,0.0,2026-07-09
3719,14,2161,1,1,1,74.01,2026-02-28
3720,10,2969,1,1,0,0.0,2026-05-26
3721,21,4573,1,0,0,0.0,2025-09-29
3722,7,3853,1,0,0,0.0,2026-07-04
3723,3,3637,1,1,0,0.0,2025-02-28
3724,40,3919,1,0,0,0.0,2025-12-11
3725,22,54,1,1,1,36.95,2025-08-30
3726,4,4406,1,1,1,91.72,2024-12-17
3727,37,3946,1,1,1,152.97,2026-06-02
3728,27,4309,1,1,1,205.3,2025-07-07
3729,34,2143,1,1,0,0.0,2025-04-20
3730,9,726,1,1,1,99.5,2025-10-10
3731,36,3019,1,0,0,0.0,2025-07-24
3732,21,1872,1,0,1,197.61,2026-05-27
3733,31,1250,1,0,0,0.0,2026-06-15
3734,3,4573,1,0,0,0.0,2026-07-01
3735,15,167,1,0,1,20.11,2025-02-27
3736,35,2470,1,0,0,0.0,2024-10-09
3737,20,582,1,0,0,0.0,2025-02-05
3738,38,4072,1,1,0,0.0,2026-04-07
3739,16,767,1,0,0,0.0,2026-06-24
3740,35,4178,1,0,1,126.76,2026-04-21
3741,7,1612,1,0,1,136.94,2025-07-09
3742,10,274,1,1,0,0.0,2024-10-31
3743,38,793,1,1,1,86.93,2026-02-26
3744,23,3383,1,0,0,0.0,2025-12-07
3745,39,512,1,0,0,0.0,2026-01-02
3746,35,2737,1,0,0,0.0,2025-08-10
3747,5,193,1,0,1,119.93,2025-07-19
3748,9,4154,1,1,1,166.33,2024-10-01
3749,22,4253,1,1,1,17.8,2026-06-05
3750,28,694,1,0,1,189.15,2025-03-21
3751,32,2231,1,0,1,31.84,2024-10-02
3752,35,1245,1,1,0,0.0,2025-06-07
3753,32,4642,1,1,0,0.0,2026-06-30
3754,28,2689,1,1,1,176.49,2026-02-28
3755,29,2218,1,0,1,138.58,2026-07-22
3756,23,863,1,1,1,201.25,2025-02-08
3757,14,221,1,0,1,58.43,2026-04-02
3758,30,2972,1,1,1,68.45,2026-05-27
3759,32,1513,1,1,0,0.0,2026-06-11
3760,24,4737,1,0,0,0.0,2024-09-11
3761,24,2219,1,1,0,0.0,2024-10-27
3762,18,851,1,0,0,0.0,2024-11-13
3763,7,2110,1,0,0,0.0,2026-05-13
3764,40,2381,1,1,0,0.0,2026-03-05
3765,19,1493,1,1,0,0.0,2024-08-11
3766,12,1093,1,1,0,0.0,2026-03-02
3767,23,2025,1,0,1,227.06,2024-11-03
3768,37,4895,1,0,0,0.0,2025-02-23
3769,39,4364,1,1,1,68.34,2024-09-16
3770,27,691,1,0,0,0.0,2025-11-05
3771,32,4209,1,1,0,0.0,2024-11-01
3772,10,3953,1,1,1,128.41,2024-10-20
3773,39,2776,1,0,0,0.0,2025-09-20
3774,23,32,1,0,1,102.74,2026-05-17
3775,23,4639,1,1,1,195.06,2025-10-22
3776,27,2804,1,0,0,0.0,2026-07-28
3777,37,2711,1,0,1,73.86,2025-07-18
3778,29,4439,1,0,1,21.83,2025-01-15
3779,6,4842,1,1,0,0.0,2024-08-23
3780,22,857,1,0,1,137.95,2024-11-21
3781,37,2023,1,1,1,22.24,2025-08-25
3782,6,4239,1,1,0,0.0,2025-02-27
3783,3,912,1,0,0,0.0,2025-06-14
3784,5,3752,1,1,0,0.0,2025-04-06
3785,36,4091,1,0,1,172.61,2024-10-14
3786,19,3931,1,0,0,0.0,2026-03-24
3787,15,2850,1,1,0,0.0,2024-08-09
3788,26,2237,1,1,0,0.0,2025-10-28
3789,14,211,1,0,1,95.62,2026-01-20
3790,15,2180,1,1,0,0.0,2025-03-13
3791,10,107,1,0,1,212.54,2025-07-12
3792,6,3360,1,1,1,168.9,2024-12-22
3793,35,4952,1,0,0,0.0,2026-05-15
3794,40,1845,1,0,1,15.68,2026-01-04
3795,39,4328,1,0,0,0.0,2025-09-17
3796,37,4950,1,1,0,0.0,2024-10-05
3797,11,1998,1,1,1,234.07,2026-03-02
3798,15,4772,1,0,0,0.0,2025-08-26
3799,34,674,1,1,0,0.0,2026-05-07
3800,6,2529,1,0,0,0.0,2024-10-04
3801,34,3293,1,1,1,151.75,2025-03-31
3802,8,2602,1,1,1,35.87,2024-11-02
3803,33,2748,1,0,0,0.0,2025-10-08
3804,16,235,1,1,0,0.0,2025-09-28
3805,33,2374,1,1,1,97.53,2025-01-14
3806,20,815,1,1,1,29.45,2026-05-28
3807,9,3741,1,0,1,109.88,2025-09-25
3808,26,2382,1,1,1,20.55,2026-05-19
3809,4,4562,1,0,0,0.0,2025-11-16
3810,11,4259,1,1,1,158.82,2024-09-01
3811,21,2898,1,1,0,0.0,2025-01-27
3812,31,2695,1,1,1,116.66,2025-03-23
3813,6,2567,1,1,0,0.0,2026-01-29
3814,27,963,1,1,1,225.05,2025-06-28
3815,6,4132,1,1,1,159.1,2026-06-08
3816,33,2653,1,0,0,0.0,2025-09-26
3817,23,4565,1,1,1,107.04,2025-10-27
3818,17,3927,1,1,1,145.94,2025-12-30
3819,24,2282,1,0,0,0.0,2025-10-18
3820,26,137,1,1,1,127.08,2026-07-09
3821,36,4054,1,0,0,0.0,2024-12-25
3822,1,3660,1,0,0,0.0,2025-04-13
3823,35,3108,1,1,0,0.0,2025-09-06
3824,28,3095,1,1,0,0.0,2026-05-28
3825,5,3653,1,0,1,130.11,2025-10-19
3826,2,971,1,1,0,0.0,2026-04-24
3827,21,3600,1,1,1,199.43,2026-05-29
3828,31,3134,1,0,0,0.0,2026-01-02
3829,22,2019,1,0,1,149.07,2026-04-30
3830,5,363,1,1,0,0.0,2026-06-08
3831,24,1655,1,0,1,30.73,2026-06-04
3832,9,2947,1,0,1,230.54,2025-05-22
3833,40,2196,1,1,0,0.0,2025-05-31
3834,8,1280,1,0,0,0.0,2026-03-24
3835,30,194,1,1,0,0.0,2025-11-05
3836,23,2376,1,1,0,0.0,2024-11-08
3837,29,3660,1,1,1,90.27,2025-11-22
3838,30,4607,1,0,0,0.0,2025-07-10
3839,13,4570,1,1,0,0.0,2025-05-21
3840,19,1904,1,0,0,0.0,2025-10-22
3841,22,2859,1,0,1,235.91,2025-07-06
3842,19,2868,1,1,0,0.0,2025-06-28
3843,17,3615,1,1,0,0.0,2025-03-10
3844,15,2141,1,0,0,0.0,2024-10-27
3845,15,661,1,0,0,0.0,2025-07-09
3846,8,4050,1,0,1,79.12,2026-02-04
3847,35,2852,1,1,1,166.34,2024-09-27
3848,8,264,1,0,0,0.0,2025-08-15
3849,9,2237,1,1,0,0.0,2025-07-08
3850,39,747,1,1,0,0.0,2026-03-29
3851,26,2537,1,0,0,0.0,2024-11-09
3852,5,4510,1,0,0,0.0,2024-09-04
3853,11,3464,1,0,0,0.0,2025-03-20
3854,19,201,1,1,0,0.0,2026-02-03
3855,12,4623,1,1,0,0.0,2024-09-28
3856,16,721,1,0,0,0.0,2025-07-26
3857,23,938,1,1,1,143.83,2024-08-30
3858,30,4095,1,0,1,73.61,2024-10-23
3859,5,1891,1,0,0,0.0,2025-02-03
3860,25,1490,1,1,0,0.0,2025-10-22
3861,17,4775,1,1,0,0.0,2025-11-15
3862,38,696,1,1,1,55.86,2024-11-09
3863,30,2500,1,0,0,0.0,2025-08-05
3864,34,312,1,1,1,162.71,2026-08-03
3865,31,1267,1,1,0,0.0,2024-08-27
3866,7,215,1,1,0,0.0,2025-11-12
3867,4,766,1,1,0,0.0,2024-11-01
3868,21,2457,1,0,0,0.0,2024-10-21
3869,5,4852,1,1,1,117.79,2026-08-03
3870,29,642,1,0,1,210.64,2025-02-17
3871,20,1853,1,1,0,0.0,2025-11-16
3872,7,79,1,1,0,0.0,2026-05-03
3873,14,2545,1,1,0,0.0,2024-08-09
3874,15,2709,1,1,1,77.14,2025-02-03
3875,29,2699,1,0,0,0.0,2026-01-20
3876,30,3123,1,1,1,48.27,2025-01-20
3877,22,1520,1,1,1,207.19,2024-09-21
3878,9,3476,1,0,0,0.0,2025-05-15
3879,5,1769,1,1,1,83.39,2025-12-22
3880,6,3283,1,0,1,245.78,2025-12-15
3881,3,1932,1,1,0,0.0,2026-07-18
3882,13,4310,1,0,1,132.76,2026-01-23
3883,22,3994,1,0,1,102.63,2025-06-05
3884,36,78,1,0,0,0.0,2024-10-25
3885,34,4106,1,0,1,153.33,2026-06-03
3886,27,4205,1,0,1,168.92,2026-06-14
3887,35,3670,1,1,1,70.22,2025-01-18
3888,4,1692,1,1,0,0.0,2025-04-20
3889,35,2180,1,1,1,35.7,2024-08-24
3890,2,3057,1,0,0,0.0,2025-05-01
3891,10,4596,1,1,1,125.44,2025-06-28
3892,3,3802,1,0,0,0.0,2025-04-27
3893,16,835,1,0,0,0.0,2026-03-23
3894,40,2597,1,1,1,122.33,2025-02-27
3895,19,191,1,0,1,56.95,2025-01-01
3896,22,2822,1,1,0,0.0,2025-05-25
3897,12,4399,1,1,1,162.03,2025-06-13
3898,40,1214,1,0,0,0.0,2026-03-09
3899,7,1752,1,1,1,143.3,2025-01-24
3900,27,493,1,1,0,0.0,2025-10-21
3901,20,422,1,1,1,157.05,2024-10-21
3902,30,4683,1,0,0,0.0,2025-10-06
3903,28,361,1,0,0,0.0,2025-11-02
3904,14,4111,1,0,1,175.93,2025-11-13
3905,1,4856,1,1,1,34.68,2025-05-13
3906,39,17,1,0,1,73.36,2024-10-22
3907,11,396,1,1,0,0.0,2026-06-23
3908,4,3221,1,1,0,0.0,2025-02-21
3909,26,3952,1,1,0,0.0,2025-09-12
3910,13,2003,1,0,0,0.0,2026-05-30
3911,38,4520,1,1,0,0.0,2025-03-24
3912,16,4899,1,1,1,178.14,2026-06-07
3913,12,4733,1,1,0,0.0,2025-05-02
3914,36,2455,1,0,1,41.93,2026-02-09
3915,25,2107,1,0,0,0.0,2024-10-13
3916,27,959,1,0,1,24.86,2026-03-15
3917,40,205,1,0,0,0.0,2026-02-05
3918,5,3217,1,0,0,0.0,2025-05-30
3919,25,203,1,0,0,0.0,2025-09-22
3920,38,790,1,0,0,0.0,2025-08-31
3921,5,1995,1,1,0,0.0,2026-03-08
3922,34,4186,1,0,0,0.0,2026-06-28
3923,21,577,1,0,0,0.0,2024-12-15
3924,13,1245,1,0,1,77.32,2025-02-14
3925,10,2771,1,1,1,213.94,2025-08-25
3926,32,4559,1,1,1,17.74,2025-04-13
3927,23,2697,1,0,0,0.0,2026-04-05
3928,36,836,1,0,1,161.49,2024-09-07
3929,39,670,1,1,0,0.0,2025-01-27
3930,33,3116,1,1,0,0.0,2025-03-01
3931,14,409,1,1,0,0.0,2025-10-20
3932,7,2086,1,1,0,0.0,2024-11-14
3933,13,2953,1,0,0,0.0,2025-12-14
3934,35,3170,1,0,1,207.67,2025-07-16
3935,27,3425,1,0,0,0.0,2025-08-20
3936,16,3059,1,1,0,0.0,2026-07-01
3937,23,1810,1,0,0,0.0,2024-09-19
3938,31,907,1,1,0,0.0,2024-11-19
3939,2,2678,1,0,0,0.0,2025-04-05
3940,10,3054,1,1,1,249.84,2025-12-28
3941,13,3897,1,0,1,27.84,2026-07-29
3942,3,1332,1,0,0,0.0,2025-09-20
3943,40,3396,1,0,0,0.0,2025-05-11
3944,34,3847,1,1,1,13.16,2025-06-25
3945,24,1292,1,1,1,105.34,2026-02-14
3946,15,343,1,0,0,0.0,2026-06-08
3947,7,3150,1,0,0,0.0,2025-04-17
3948,5,1765,1,1,1,249.37,2026-01-20
3949,25,695,1,0,1,243.66,2025-04-07
3950,34,4411,1,0,0,0.0,2026-04-03
3951,7,4330,1,0,0,0.0,2024-12-23
3952,29,1699,1,1,1,78.47,2025-01-28
3953,14,3360,1,1,1,87.45,2026-06-26
3954,20,4205,1,1,1,226.03,2026-01-28
3955,2,2410,1,1,0,0.0,2024-12-17
3956,14,3923,1,1,1,104.56,2025-05-19
3957,23,927,1,1,0,0.0,2025-02-08
3958,15,3843,1,0,1,202.98,2026-04-28
3959,13,842,1,0,0,0.0,2026-07-07
3960,8,3480,1,1,0,0.0,2025-11-25
3961,38,4806,1,1,0,0.0,2024-08-04
3962,24,1710,1,0,0,0.0,2025-01-16
3963,17,4626,1,0,1,101.23,2025-09-26
3964,20,85,1,0,0,0.0,2025-08-22
3965,7,2137,1,1,1,14.16,2024-11-08
3966,4,2789,1,1,0,0.0,2025-01-31
3967,38,3477,1,0,0,0.0,2025-01-22
3968,23,3717,1,0,0,0.0,2024-10-01
3969,35,1238,1,1,0,0.0,2026-07-15
3970,14,4629,1,0,1,242.56,2024-12-19
3971,34,407,1,1,0,0.0,2025-05-31
3972,35,2243,1,0,1,185.82,2025-08-18
3973,1,3692,1,0,0,0.0,2025-08-16
3974,38,1317,1,1,0,0.0,2026-03-09
3975,25,1750,1,0,1,67.81,2026-06-05
3976,6,2072,1,1,1,42.93,2025-04-22
3977,35,2433,1,0,1,93.82,2025-10-28
3978,29,3609,1,0,0,0.0,2025-05-02
3979,39,2267,1,1,0,0.0,2024-09-28
3980,18,4184,1,1,0,0.0,2025-05-03
3981,18,3160,1,0,0,0.0,2025-08-23
3982,26,4253,1,1,1,65.14,2025-05-03
3983,32,2655,1,0,1,11.1,2024-08-19
3984,39,3334,1,0,1,55.43,2025-10-01
3985,29,3771,1,0,1,216.18,2025-03-01
3986,14,2821,1,0,1,155.44,2026-03-11
3987,5,229,1,1,0,0.0,2026-05-26
3988,24,1164,1,1,0,0.0,2025-07-11
3989,26,3771,1,1,0,0.0,2024-11-10
3990,36,778,1,1,0,0.0,2025-06-09
3991,21,2118,1,1,0,0.0,2025-07-06
3992,23,4430,1,1,1,54.13,2025-12-12
3993,3,3451,1,1,1,90.32,2025-01-08
3994,17,4679,1,0,0,0.0,2025-03-08
3995,34,3568,1,1,0,0.0,2026-01-15
3996,14,3580,1,1,0,0.0,2025-09-04
3997,4,546,1,0,0,0.0,2024-08-28
3998,6,92,1,1,1,200.55,2024-12-08
3999,10,2482,1,0,1,110.82,2025-02-08
4000,16,2262,1,1,1,215.81,2025-11-10
4001,31,4299,1,0,1,110.9,2025-10-03
4002,39,4667,1,0,0,0.0,2025-12-11
4003,26,367,1,0,0,0.0,2026-02-10
4004,36,4294,1,1,0,0.0,2024-10-18
4005,36,1973,1,0,0,0.0,2025-01-13
4006,19,341,1,1,0,0.0,2025-07-04
4007,5,1455,1,1,1,216.16,2026-07-17
4008,20,534,1,1,1,151.49,2026-05-08
4009,26,1430,1,1,0,0.0,2025-08-30
4010,16,279,1,0,0,0.0,2025-04-01
4011,15,432,1,0,1,212.66,2026-02-20
4012,29,2832,1,1,0,0.0,2026-02-11
4013,34,987,1,0,0,0.0,2025-01-01
4014,34,4163,1,0,0,0.0,2024-12-02
4015,2,3270,1,0,0,0.0,2025-06-22
4016,21,4379,1,0,0,0.0,2025-07-23
4017,29,2944,1,1,0,0.0,2025-05-20
4018,16,4061,1,0,1,67.13,2025-12-08
4019,21,1635,1,0,0,0.0,2026-06-05
4020,9,1567,1,0,1,84.6,2026-02-13
4021,27,2136,1,1,0,0.0,2025-02-09
4022,10,4336,1,0,1,248.18,2024-08-15
4023,17,4432,1,0,0,0.0,2024-10-02
4024,27,581,1,1,1,217.1,2026-03-26
4025,24,54,1,0,0,0.0,2025-10-04
4026,27,1630,1,0,0,0.0,2025-06-07
4027,16,2443,1,1,0,0.0,2025-10-07
4028,1,4917,1,1,0,0.0,2025-06-19
4029,26,481,1,1,0,0.0,2025-06-29
4030,30,2137,1,1,1,71.79,2025-12-27
4031,17,4479,1,1,1,11.44,2024-10-02
4032,15,4869,1,1,0,0.0,2026-04-20
4033,12,3097,1,0,0,0.0,2026-02-18
4034,22,440,1,1,0,0.0,2026-07-20
4035,18,4461,1,0,0,0.0,2024-12-20
4036,34,4075,1,1,0,0.0,2025-12-18
4037,40,4684,1,1,0,0.0,2025-05-25
4038,20,4619,1,0,0,0.0,2025-04-15
4039,17,3164,1,0,0,0.0,2024-09-15
4040,37,3960,1,1,1,239.12,2026-07-21
4041,31,4275,1,0,0,0.0,2025-06-19
4042,25,1254,1,1,1,221.01,2024-11-12
4043,12,1720,1,1,0,0.0,2026-05-15
4044,25,3311,1,0,1,74.18,2024-11-13
4045,25,3967,1,1,0,0.0,2024-11-24
4046,6,1033,1,0,1,193.57,2026-02-12
4047,2,2033,1,0,1,177.57,2025-01-15
4048,11,778,1,0,0,0.0,2026-06-23
4049,13,100,1,0,0,0.0,2026-01-11
4050,26,3877,1,1,1,136.19,2025-07-20
4051,16,2147,1,0,0,0.0,2024-09-13
4052,6,3366,1,1,1,190.82,2025-07-24
4053,21,1183,1,0,0,0.0,2025-05-06
4054,29,4732,1,1,1,161.95,2026-06-27
4055,18,3055,1,0,0,0.0,2025-06-27
4056,9,141,1,0,0,0.0,2025-12-10
4057,24,4139,1,0,0,0.0,2025-10-10
4058,9,2558,1,1,0,0.0,2026-06-18
4059,34,3932,1,1,0,0.0,2026-04-09
4060,11,4025,1,0,1,16.17,2025-05-21
4061,14,348,1,1,0,0.0,2026-04-26
4062,24,531,1,1,0,0.0,2026-02-10
4063,6,3548,1,0,1,66.74,2025-01-17
4064,10,3208,1,1,0,0.0,2024-09-02
4065,3,3356,1,1,1,235.27,2024-10-17
4066,18,1529,1,1,0,0.0,2025-01-01
4067,38,2610,1,0,0,0.0,2024-09-07
4068,28,3447,1,0,0,0.0,2025-05-10
4069,16,3110,1,0,0,0.0,2025-02-15
4070,32,4547,1,1,0,0.0,2026-02-18
4071,11,4728,1,1,1,213.57,2024-10-13
4072,14,3687,1,0,1,102.97,2025-12-20
4073,4,3628,1,1,0,0.0,2025-02-16
4074,1,4390,1,0,0,0.0,2026-04-25
4075,13,2326,1,1,1,11.51,2025-06-18
4076,35,3409,1,1,0,0.0,2025-04-06
4077,1,163,1,0,1,143.14,2025-08-16
4078,29,598,1,1,0,0.0,2026-03-10
4079,14,4476,1,1,1,186.37,2025-09-03
4080,23,2011,1,0,0,0.0,2025-08-04
4081,4,2619,1,0,0,0.0,2024-09-25
4082,21,4919,1,0,1,95.08,2025-02-10
4083,26,510,1,0,0,0.0,2026-04-23
4084,39,2338,1,1,0,0.0,2024-11-23
4085,23,4560,1,1,0,0.0,2024-11-19
4086,1,3198,1,0,0,0.0,2025-02-02
4087,34,3703,1,0,1,45.67,2025-03-30
4088,40,3965,1,1,0,0.0,2026-01-05
4089,9,3567,1,1,0,0.0,2026-02-01
4090,13,2472,1,1,1,100.16,2025-01-06
4091,30,3638,1,1,1,65.48,2026-06-04
4092,6,1707,1,1,0,0.0,2026-03-18
4093,24,3546,1,1,0,0.0,2025-08-21
4094,35,4316,1,0,0,0.0,2025-04-21
4095,17,4671,1,0,0,0.0,2026-03-09
4096,38,3653,1,1,1,41.57,2025-04-18
4097,23,1964,1,0,1,90.97,2024-10-20
4098,37,4033,1,1,1,179.32,2024-10-31
4099,39,4000,1,0,0,0.0,2026-04-21
4100,1,877,1,0,0,0.0,2024-11-27
4101,32,3791,1,1,0,0.0,2026-07-20
4102,37,4150,1,0,1,223.29,2025-11-01
4103,7,174,1,1,1,97.88,2024-12-23
4104,11,280,1,0,1,235.59,2024-09-21
4105,35,665,1,0,0,0.0,2026-04-13
4106,23,3969,1,1,1,143.41,2025-02-21
4107,29,92,1,1,1,213.91,2025-12-13
4108,5,2431,1,0,1,174.27,2025-07-25
4109,26,2360,1,0,0,0.0,2026-04-27
4110,9,4311,1,1,1,229.31,2026-01-26
4111,14,4372,1,0,1,172.41,2025-08-28
4112,32,2652,1,1,1,244.19,2026-05-31
4113,7,2803,1,1,0,0.0,2025-11-02
4114,33,2438,1,0,0,0.0,2026-03-04
4115,25,2912,1,1,0,0.0,2025-05-22
4116,8,4047,1,1,0,0.0,2025-08-08
4117,30,4720,1,0,0,0.0,2024-12-17
4118,1,3745,1,0,0,0.0,2026-06-11
4119,34,3121,1,1,0,0.0,2025-05-30
4120,3,1732,1,0,0,0.0,2025-11-03
4121,26,2702,1,1,1,42.13,2025-06-09
4122,30,1704,1,1,0,0.0,2025-01-27
4123,13,3460,1,0,0,0.0,2024-10-19
4124,7,1656,1,0,1,235.38,2026-01-22
4125,26,1587,1,1,0,0.0,2025-08-29
4126,3,2561,1,0,0,0.0,2026-07-18
4127,16,588,1,0,1,172.97,2025-02-25
4128,29,1399,1,1,1,228.92,2025-05-07
4129,19,1743,1,0,1,67.65,2026-07-31
4130,8,433,1,1,0,0.0,2024-12-14
4131,37,3662,1,1,0,0.0,2026-02-02
4132,21,1299,1,0,0,0.0,2025-07-13
4133,3,1565,1,0,1,72.86,2024-08-30
4134,35,1551,1,0,0,0.0,2025-10-11
4135,8,2716,1,1,0,0.0,2026-02-10
4136,20,4457,1,0,0,0.0,2025-09-12
4137,1,3132,1,0,0,0.0,2025-01-18
4138,34,4122,1,0,0,0.0,2025-05-08
4139,11,3975,1,0,0,0.0,2025-05-15
4140,40,4610,1,0,0,0.0,2026-02-04
4141,14,2831,1,0,1,167.11,2025-06-19
4142,37,266,1,0,1,198.38,2026-05-15
4143,30,2605,1,1,1,110.14,2025-04-08
4144,23,139,1,0,0,0.0,2026-01-13
4145,30,4729,1,1,0,0.0,2024-12-10
4146,32,2206,1,1,0,0.0,2026-03-17
4147,7,726,1,1,1,183.33,2024-12-04
4148,29,615,1,1,0,0.0,2025-02-10
4149,11,2014,1,1,0,0.0,2026-05-09
4150,6,2687,1,1,0,0.0,2024-11-08
4151,32,2816,1,1,0,0.0,2026-04-25
4152,4,4000,1,0,0,0.0,2024-08-14
4153,3,4672,1,1,0,0.0,2025-08-30
4154,27,2690,1,1,1,71.29,2024-10-23
4155,9,674,1,1,1,32.01,2025-09-27
4156,29,1782,1,1,0,0.0,2025-05-16
4157,30,528,1,1,1,86.73,2025-04-12
4158,9,3959,1,0,0,0.0,2026-04-17
4159,24,1743,1,0,1,54.16,2025-04-03
4160,37,2297,1,0,1,217.09,2025-04-10
4161,24,1166,1,0,1,91.6,2024-10-25
4162,23,3766,1,1,1,185.08,2024-12-08
4163,3,2707,1,0,1,128.61,2024-12-24
4164,7,4381,1,1,1,196.7,2026-03-05
4165,28,4699,1,0,0,0.0,2025-10-28
4166,24,4574,1,0,1,241.71,2025-05-12
4167,2,4407,1,0,1,132.83,2025-11-19
4168,39,2004,1,0,0,0.0,2025-02-15
4169,25,1029,1,0,0,0.0,2025-03-15
4170,18,2157,1,1,0,0.0,2025-07-14
4171,35,3329,1,0,0,0.0,2025-05-02
4172,37,3207,1,1,0,0.0,2024-11-06
4173,15,2026,1,0,0,0.0,2025-12-31
4174,39,2164,1,0,0,0.0,2025-08-07
4175,5,110,1,0,1,129.6,2025-10-20
4176,22,1812,1,1,0,0.0,2025-11-06
4177,37,3398,1,1,0,0.0,2025-01-29
4178,35,1926,1,1,1,223.58,2025-04-26
4179,3,1839,1,1,1,28.04,2025-09-21
4180,37,2295,1,1,1,93.23,2024-11-15
4181,40,3942,1,1,1,170.32,2024-11-26
4182,18,4236,1,0,1,213.88,2025-03-10
4183,16,1668,1,0,1,67.91,2025-09-25
4184,29,3980,1,1,1,195.94,2025-10-15
4185,10,2533,1,1,1,41.07,2026-04-08
4186,24,1864,1,0,0,0.0,2026-05-27
4187,5,4786,1,1,0,0.0,2025-03-12
4188,7,2210,1,0,1,138.04,2025-06-29
4189,37,1733,1,1,0,0.0,2024-12-30
4190,12,1880,1,1,0,0.0,2025-08-13
4191,13,4921,1,0,1,103.96,2024-09-15
4192,18,4353,1,0,0,0.0,2025-07-07
4193,39,1113,1,0,0,0.0,2024-11-16
4194,12,4709,1,1,0,0.0,2025-05-11
4195,22,44,1,0,0,0.0,2025-09-03
4196,33,3216,1,1,0,0.0,2024-08-05
4197,6,3063,1,1,0,0.0,2026-02-11
4198,3,4626,1,0,1,116.8,2025-11-16
4199,39,1661,1,1,1,162.41,2026-02-06
4200,13,3879,1,0,0,0.0,2025-12-18
4201,18,3783,1,0,0,0.0,2025-01-07
4202,16,4666,1,0,1,50.11,2026-02-19
4203,11,2797,1,1,0,0.0,2025-11-01
4204,24,1741,1,0,0,0.0,2025-12-13
4205,16,4753,1,1,1,230.21,2025-09-18
4206,33,1225,1,1,0,0.0,2025-10-01
4207,20,4312,1,0,0,0.0,2026-06-21
4208,27,2430,1,1,1,120.46,2026-03-06
4209,38,671,1,0,1,118.99,2024-10-09
4210,31,1587,1,0,0,0.0,2025-08-17
4211,2,1937,1,0,1,114.0,2025-09-17
4212,5,4191,1,0,0,0.0,2025-12-16
4213,31,3171,1,0,0,0.0,2025-11-21
4214,29,4884,1,0,0,0.0,2025-02-14
4215,14,4886,1,0,1,169.49,2025-05-04
4216,6,2074,1,1,0,0.0,2024-10-02
4217,28,4543,1,0,0,0.0,2025-01-11
4218,15,2428,1,0,1,166.7,2026-02-27
4219,1,1282,1,1,1,73.55,2025-04-27
4220,40,109,1,0,1,244.81,2025-12-28
4221,17,3628,1,1,0,0.0,2025-05-06
4222,35,38,1,1,0,0.0,2025-02-27
4223,17,4443,1,0,0,0.0,2025-07-07
4224,8,1929,1,1,0,0.0,2026-01-01
4225,6,1800,1,1,1,185.33,2025-10-02
4226,9,4207,1,1,1,74.33,2024-10-15
4227,12,551,1,1,0,0.0,2024-12-07
4228,37,1314,1,0,0,0.0,2026-04-16
4229,26,2097,1,0,0,0.0,2025-04-15
4230,34,3879,1,1,1,112.83,2024-09-17
4231,5,1988,1,1,1,146.27,2025-10-16
4232,21,720,1,0,1,219.94,2025-07-16
4233,34,484,1,0,1,216.7,2024-08-17
4234,4,903,1,0,0,0.0,2026-06-18
4235,30,1592,1,0,0,0.0,2026-02-16
4236,22,4256,1,0,0,0.0,2025-04-14
4237,9,778,1,0,0,0.0,2025-04-27
4238,10,4439,1,1,0,0.0,2026-04-22
4239,18,3246,1,0,1,220.83,2025-05-05
4240,37,173,1,0,0,0.0,2026-01-05
4241,23,233,1,0,1,76.65,2024-08-23
4242,7,2203,1,0,0,0.0,2026-02-16
4243,9,1628,1,1,1,226.84,2025-02-19
4244,21,4468,1,1,1,178.12,2026-04-08
4245,26,834,1,1,0,0.0,2025-07-06
4246,14,44,1,0,1,145.93,2025-09-19
4247,2,1100,1,0,1,183.67,2025-08-03
4248,26,185,1,0,0,0.0,2026-01-16
4249,9,4472,1,1,0,0.0,2024-09-21
4250,16,1774,1,1,1,152.64,2025-05-27
4251,39,1524,1,1,0,0.0,2024-09-19
4252,1,467,1,0,1,234.99,2025-03-01
4253,9,4187,1,0,1,74.32,2026-04-16
4254,34,3490,1,1,0,0.0,2025-02-09
4255,25,1215,1,1,1,31.08,2024-08-14
4256,4,1534,1,0,0,0.0,2024-10-14
4257,11,4629,1,0,1,154.17,2025-09-04
4258,1,3403,1,1,1,135.81,2025-08-17
4259,31,3726,1,0,0,0.0,2025-07-31
4260,36,2396,1,0,0,0.0,2025-10-31
4261,34,2305,1,1,0,0.0,2025-01-03
4262,34,2156,1,1,0,0.0,2026-02-20
4263,21,497,1,0,1,48.12,2026-07-30
4264,2,1807,1,0,1,108.27,2025-04-30
4265,10,4585,1,1,1,177.28,2026-05-12
4266,11,1800,1,0,0,0.0,2024-08-09
4267,14,3214,1,1,0,0.0,2025-08-01
4268,24,4309,1,0,0,0.0,2026-05-18
4269,5,4061,1,0,0,0.0,2024-10-03
4270,37,2055,1,0,0,0.0,2025-10-24
4271,31,3987,1,0,1,25.51,2025-10-12
4272,3,2094,1,0,0,0.0,2025-02-15
4273,29,81,1,0,1,57.25,2025-12-22
4274,10,1180,1,0,1,196.88,2025-04-30
4275,40,2380,1,0,0,0.0,2024-08-04
4276,36,4104,1,1,0,0.0,2025-06-04
4277,34,177,1,0,1,188.77,2025-08-03
4278,20,1907,1,0,0,0.0,2025-01-25
4279,1,2745,1,1,0,0.0,2026-04-29
4280,37,2237,1,0,1,158.71,2025-06-07
4281,23,4498,1,0,1,208.44,2026-02-15
4282,29,2480,1,1,0,0.0,2026-06-30
4283,17,854,1,1,0,0.0,2025-04-18
4284,3,2556,1,1,0,0.0,2024-08-09
4285,13,4866,1,0,0,0.0,2024-12-10
4286,1,4273,1,0,1,56.03,2024-09-15
4287,10,1660,1,0,1,115.19,2025-01-30
4288,26,2696,1,0,0,0.0,2025-03-01
4289,13,1702,1,1,0,0.0,2025-10-24
4290,4,3247,1,0,0,0.0,2024-10-22
4291,29,3667,1,0,0,0.0,2025-10-29
4292,34,23,1,0,1,249.19,2025-12-17
4293,39,2205,1,0,0,0.0,2025-05-16
4294,16,461,1,0,1,183.9,2025-10-24
4295,19,1580,1,0,0,0.0,2026-01-31
4296,28,4568,1,0,1,242.26,2024-09-02
4297,11,2766,1,1,0,0.0,2025-10-03
4298,8,4660,1,1,0,0.0,2026-07-11
4299,15,1527,1,0,0,0.0,2026-07-01
4300,34,2415,1,1,0,0.0,2024-11-16
4301,27,4900,1,0,0,0.0,2025-11-22
4302,36,641,1,0,1,112.24,2025-04-24
4303,28,2652,1,0,0,0.0,2025-12-08
4304,28,1530,1,1,0,0.0,2025-04-15
4305,33,3433,1,1,1,88.19,2025-05-06
4306,18,507,1,0,0,0.0,2025-11-13
4307,14,3089,1,1,0,0.0,2025-02-07
4308,20,2731,1,1,1,13.03,2025-04-03
4309,35,2199,1,0,1,13.89,2025-01-03
4310,24,2255,1,0,1,72.95,2026-03-07
4311,25,2421,1,0,1,137.26,2026-02-19
4312,24,415,1,1,1,164.54,2026-07-07
4313,1,3287,1,1,1,235.03,2026-01-22
4314,6,2698,1,0,0,0.0,2025-10-02
4315,16,3164,1,0,0,0.0,2025-05-20
4316,19,1422,1,1,1,114.49,2025-05-05
4317,32,1083,1,1,0,0.0,2024-09-01
4318,30,1463,1,0,0,0.0,2025-03-02
4319,7,1332,1,0,0,0.0,2025-02-06
4320,20,185,1,0,0,0.0,2024-11-10
4321,27,1202,1,1,0,0.0,2025-04-29
4322,18,210,1,1,0,0.0,2024-12-20
4323,23,4622,1,0,1,10.72,2025-05-30
4324,40,779,1,1,0,0.0,2024-09-09
4325,32,793,1,1,0,0.0,2025-02-10
4326,18,4217,1,0,1,200.53,2026-04-01
4327,8,1516,1,1,1,229.36,2025-02-25
4328,3,2601,1,1,0,0.0,2025-02-03
4329,18,4057,1,1,1,203.67,2026-02-27
4330,2,1112,1,0,0,0.0,2025-11-28
4331,16,3245,1,1,0,0.0,2026-06-21
4332,26,2869,1,1,0,0.0,2024-11-16
4333,8,4435,1,0,0,0.0,2025-11-29
4334,38,4660,1,0,0,0.0,2025-09-29
4335,35,3433,1,0,1,128.5,2025-08-04
4336,34,2631,1,1,0,0.0,2024-12-15
4337,29,217,1,0,0,0.0,2024-08-30
4338,10,869,1,0,1,175.76,2024-10-17
4339,24,1809,1,0,1,60.68,2025-08-11
4340,26,2304,1,0,1,18.35,2024-08-11
4341,37,498,1,0,0,0.0,2026-01-21
4342,18,1690,1,0,0,0.0,2025-10-10
4343,29,2733,1,1,1,151.86,2025-08-04
4344,30,225,1,0,0,0.0,2025-11-07
4345,9,496,1,1,1,102.68,2025-09-14
4346,16,3727,1,1,0,0.0,2025-12-18
4347,26,2781,1,0,1,30.43,2026-06-08
4348,18,2093,1,0,1,100.82,2026-04-20
4349,32,2938,1,1,0,0.0,2024-12-09
4350,13,908,1,0,0,0.0,2024-12-06
4351,14,2947,1,1,1,86.64,2025-04-10
4352,34,2624,1,0,1,62.75,2025-04-25
4353,34,4371,1,0,0,0.0,2026-05-20
4354,21,1652,1,1,0,0.0,2025-12-13
4355,29,4229,1,1,1,147.69,2025-08-11
4356,18,2732,1,0,0,0.0,2026-03-18
4357,36,3107,1,1,0,0.0,2024-12-06
4358,33,279,1,1,1,153.21,2026-02-08
4359,5,2351,1,0,0,0.0,2025-09-29
4360,38,907,1,0,0,0.0,2025-11-02
4361,29,1936,1,0,0,0.0,2025-11-10
4362,39,8,1,0,1,240.87,2024-11-03
4363,14,1490,1,1,0,0.0,2025-03-21
4364,38,2178,1,1,0,0.0,2025-12-18
4365,38,1911,1,1,1,197.17,2025-05-12
4366,9,2893,1,0,0,0.0,2024-10-16
4367,18,2219,1,1,0,0.0,2026-05-09
4368,30,167,1,1,1,15.16,2025-07-20
4369,26,1885,1,1,0,0.0,2024-09-22
4370,9,2463,1,1,1,186.89,2025-03-08
4371,34,1981,1,1,0,0.0,2024-09-16
4372,24,186,1,1,0,0.0,2025-09-03
4373,24,4011,1,1,0,0.0,2025-07-26
4374,1,3167,1,1,0,0.0,2025-07-10
4375,5,1026,1,1,1,145.62,2025-03-29
4376,28,2706,1,1,1,123.9,2025-05-05
4377,22,1644,1,0,0,0.0,2026-01-28
4378,22,1905,1,1,1,210.87,2026-03-24
4379,31,2909,1,0,0,0.0,2024-10-30
4380,17,4727,1,1,0,0.0,2024-11-08
4381,8,3745,1,0,0,0.0,2026-02-23
4382,33,2495,1,1,1,197.02,2025-01-04
4383,39,3849,1,0,0,0.0,2025-01-28
4384,37,4083,1,1,1,97.2,2025-12-29
4385,5,833,1,1,1,179.28,2026-04-14
4386,39,3242,1,1,0,0.0,2024-12-17
4387,6,4639,1,1,1,31.46,2025-01-23
4388,22,2040,1,1,1,160.84,2024-11-28
4389,6,3834,1,1,0,0.0,2025-06-09
4390,3,2482,1,0,1,154.96,2025-04-04
4391,29,4283,1,0,1,11.28,2025-12-09
4392,9,473,1,1,0,0.0,2026-02-19
4393,21,1774,1,0,1,228.6,2024-11-20
4394,26,3619,1,0,0,0.0,2025-11-26
4395,18,4535,1,1,0,0.0,2026-06-07
4396,21,2788,1,0,0,0.0,2026-04-17
4397,5,831,1,1,0,0.0,2025-12-06
4398,8,4299,1,1,0,0.0,2026-06-17
4399,24,3665,1,1,0,0.0,2024-12-07
4400,21,2081,1,0,0,0.0,2025-04-06
4401,27,1632,1,1,0,0.0,2026-04-01
4402,1,4893,1,1,0,0.0,2025-09-04
4403,16,1143,1,1,1,156.88,2025-06-11
4404,18,4204,1,0,0,0.0,2026-01-08
4405,32,4594,1,1,1,172.25,2026-04-17
4406,12,2649,1,1,1,72.88,2025-10-22
4407,1,3815,1,0,0,0.0,2024-11-10
4408,28,4826,1,1,0,0.0,2026-05-29
4409,30,2553,1,1,1,179.22,2025-01-07
4410,8,4511,1,0,0,0.0,2026-05-03
4411,39,3736,1,1,1,127.9,2024-12-29
4412,10,2058,1,1,0,0.0,2024-12-20
4413,27,2872,1,1,0,0.0,2026-01-01
4414,16,438,1,1,0,0.0,2025-10-15
4415,7,1314,1,1,0,0.0,2026-07-14
4416,28,4044,1,0,1,152.31,2025-06-02
4417,12,2902,1,0,0,0.0,2026-07-18
4418,22,4049,1,0,0,0.0,2026-07-01
4419,24,2958,1,0,0,0.0,2024-11-23
4420,37,4064,1,0,0,0.0,2025-12-23
4421,39,1370,1,0,1,37.73,2024-11-13
4422,20,1529,1,1,0,0.0,2025-10-21
4423,14,2955,1,0,0,0.0,2025-12-04
4424,2,3536,1,1,1,58.34,2026-02-08
4425,18,4310,1,1,1,215.9,2024-11-29
4426,2,1868,1,0,0,0.0,2026-03-06
4427,5,2110,1,0,0,0.0,2026-05-11
4428,18,4566,1,0,0,0.0,2025-05-08
4429,38,1269,1,1,0,0.0,2025-12-14
4430,2,588,1,1,1,39.88,2025-05-24
4431,19,3113,1,1,1,213.46,2025-12-27
4432,21,157,1,1,0,0.0,2026-02-24
4433,29,4808,1,0,1,134.49,2026-04-26
4434,14,644,1,0,1,54.1,2025-12-08
4435,18,4022,1,0,0,0.0,2025-11-27
4436,31,4103,1,1,1,166.44,2026-01-29
4437,21,1164,1,0,0,0.0,2026-06-10
4438,40,2977,1,0,0,0.0,2025-10-04
4439,6,4811,1,0,0,0.0,2025-12-01
4440,27,4879,1,1,1,211.37,2025-02-17
4441,25,3670,1,0,0,0.0,2024-08-20
4442,16,4248,1,1,0,0.0,2025-11-13
4443,29,1046,1,1,0,0.0,2025-08-09
4444,11,1983,1,1,1,100.22,2025-12-08
4445,7,3693,1,0,1,81.55,2025-08-31
4446,10,3300,1,0,1,227.1,2024-10-26
4447,1,4628,1,0,1,202.81,2024-10-08
4448,35,711,1,0,0,0.0,2025-04-18
4449,39,2520,1,0,0,0.0,2025-07-04
4450,29,4187,1,1,1,62.51,2025-01-13
4451,33,3681,1,0,0,0.0,2026-07-28
4452,35,578,1,1,0,0.0,2025-05-27
4453,35,1394,1,0,1,229.57,2026-06-08
4454,22,2533,1,0,0,0.0,2024-08-18
4455,5,2186,1,1,1,156.42,2025-06-28
4456,36,2522,1,1,0,0.0,2025-01-12
4457,11,2414,1,0,0,0.0,2025-06-06
4458,22,4795,1,1,1,71.2,2025-03-14
4459,9,1836,1,0,0,0.0,2026-04-04
4460,18,4611,1,0,1,187.92,2025-07-13
4461,3,546,1,1,0,0.0,2026-05-16
4462,32,1427,1,0,1,170.36,2025-04-22
4463,33,3505,1,0,1,77.51,2025-04-02
4464,5,839,1,1,1,151.84,2025-12-19
4465,39,488,1,1,0,0.0,2025-01-06
4466,34,3543,1,0,0,0.0,2026-03-07
4467,34,1963,1,0,0,0.0,2024-10-09
4468,1,3273,1,1,0,0.0,2025-08-30
4469,19,305,1,1,1,99.97,2025-08-05
4470,2,1,1,1,0,0.0,2026-05-13
4471,39,4750,1,1,0,0.0,2025-03-29
4472,33,437,1,1,0,0.0,2025-04-19
4473,13,46,1,0,1,158.24,2026-05-07
4474,10,2710,1,0,1,83.21,2026-08-04
4475,13,3639,1,1,0,0.0,2025-05-27
4476,19,4605,1,1,1,187.53,2025-07-26
4477,39,1158,1,1,0,0.0,2026-03-16
4478,17,4278,1,1,1,16.89,2024-12-13
4479,14,771,1,0,1,41.17,2025-11-30
4480,30,4876,1,0,0,0.0,2026-03-13
4481,18,3862,1,0,0,0.0,2026-06-06
4482,2,2773,1,1,0,0.0,2025-09-12
4483,27,4406,1,1,1,90.87,2024-12-09
4484,6,1603,1,0,1,225.53,2025-05-03
4485,4,821,1,1,1,140.42,2025-12-09
4486,11,3688,1,0,1,75.16,2025-06-23
4487,3,2200,1,0,0,0.0,2024-09-22
4488,8,2907,1,1,0,0.0,2026-07-10
4489,26,4908,1,1,0,0.0,2026-01-03
4490,36,4622,1,1,0,0.0,2026-02-20
4491,26,4517,1,1,1,82.63,2026-03-24
4492,34,4043,1,0,1,147.14,2026-05-07
4493,15,4985,1,0,0,0.0,2025-02-16
4494,6,3514,1,0,1,121.11,2024-11-16
4495,33,1311,1,1,0,0.0,2024-10-06
4496,29,846,1,1,0,0.0,2025-02-16
4497,35,240,1,0,0,0.0,2025-10-17
4498,36,2487,1,0,1,100.6,2025-07-22
4499,11,1505,1,0,1,37.53,2026-06-10
4500,36,3310,1,1,1,111.24,2025-12-17
4501,15,2085,1,0,1,132.99,2024-10-12
4502,15,187,1,0,0,0.0,2025-08-23
4503,7,2873,1,0,0,0.0,2025-11-09
4504,20,4793,1,1,1,96.64,2025-05-26
4505,14,4340,1,1,1,79.11,2024-11-28
4506,29,1465,1,1,1,211.26,2024-08-27
4507,3,3942,1,1,0,0.0,2025-01-23
4508,23,2249,1,0,0,0.0,2025-11-18
4509,38,4475,1,1,1,25.49,2025-10-02
4510,4,2869,1,1,0,0.0,2026-07-20
4511,29,3443,1,0,0,0.0,2026-01-17
4512,11,956,1,1,1,54.03,2024-09-11
4513,5,3613,1,0,0,0.0,2024-10-07
4514,16,3200,1,1,1,46.17,2025-07-30
4515,10,769,1,0,0,0.0,2025-08-06
4516,28,969,1,1,1,222.85,2025-06-11
4517,21,4467,1,1,0,0.0,2025-02-04
4518,1,2680,1,0,1,88.38,2025-03-29
4519,26,1218,1,0,1,157.77,2025-12-02
4520,30,4785,1,1,0,0.0,2026-06-21
4521,10,4103,1,0,1,133.27,2024-11-07
4522,24,2678,1,1,1,203.0,2024-11-19
4523,31,4425,1,1,0,0.0,2025-01-04
4524,20,3777,1,1,1,16.01,2024-12-31
4525,9,225,1,0,0,0.0,2026-02-02
4526,8,680,1,0,1,119.31,2026-01-09
4527,14,2036,1,1,0,0.0,2025-07-06
4528,30,3752,1,1,1,10.01,2024-12-08
4529,8,53,1,0,0,0.0,2026-06-14
4530,34,4240,1,0,1,34.31,2025-06-14
4531,20,1759,1,0,1,234.95,2024-09-07
4532,30,4008,1,0,0,0.0,2026-01-25
4533,3,3420,1,0,0,0.0,2026-08-04
4534,35,4467,1,1,0,0.0,2025-10-14
4535,20,2486,1,0,0,0.0,2024-10-16
4536,3,4104,1,1,1,57.77,2025-03-05
4537,18,3548,1,0,1,164.87,2025-08-08
4538,3,2654,1,0,0,0.0,2026-07-09
4539,8,668,1,0,0,0.0,2024-10-17
4540,39,2581,1,0,0,0.0,2026-07-28
4541,15,2130,1,1,0,0.0,2026-05-20
4542,1,2307,1,0,1,216.81,2025-04-25
4543,38,899,1,0,1,167.71,2025-01-17
4544,9,1419,1,0,1,132.33,2026-06-02
4545,21,2308,1,1,0,0.0,2024-08-25
4546,34,1932,1,1,1,240.64,2025-08-03
4547,25,2524,1,1,0,0.0,2024-10-26
4548,27,295,1,1,1,208.42,2025-07-07
4549,34,3959,1,0,0,0.0,2025-10-20
4550,32,2538,1,1,0,0.0,2024-10-26
4551,18,3499,1,1,0,0.0,2026-01-02
4552,26,3895,1,0,0,0.0,2026-05-14
4553,18,1484,1,0,0,0.0,2025-05-06
4554,14,366,1,0,0,0.0,2025-11-26
4555,34,1245,1,1,0,0.0,2025-09-23
4556,3,2606,1,0,0,0.0,2026-07-27
4557,1,1946,1,1,0,0.0,2025-05-19
4558,36,254,1,0,1,144.07,2026-07-28
4559,22,4768,1,0,0,0.0,2026-01-30
4560,17,3568,1,0,1,218.14,2024-12-05
4561,2,4075,1,0,0,0.0,2025-07-16
4562,24,2001,1,0,0,0.0,2026-03-03
4563,13,3203,1,1,1,134.38,2025-04-05
4564,8,3715,1,1,0,0.0,2025-07-23
4565,17,2213,1,1,1,110.19,2025-05-21
4566,25,784,1,0,0,0.0,2026-01-01
4567,26,1571,1,1,1,105.25,2025-03-17
4568,38,3446,1,0,0,0.0,2026-07-28
4569,8,4176,1,0,0,0.0,2024-10-24
4570,13,483,1,1,0,0.0,2026-07-17
4571,13,217,1,0,0,0.0,2026-02-22
4572,10,549,1,0,1,60.69,2026-02-05
4573,28,4399,1,1,0,0.0,2024-09-12
4574,22,84,1,0,0,0.0,2024-08-28
4575,7,1122,1,1,1,238.46,2025-02-20
4576,32,4955,1,0,1,162.52,2026-01-13
4577,8,3293,1,0,0,0.0,2024-08-15
4578,33,2535,1,1,1,117.26,2025-09-02
4579,10,1939,1,1,0,0.0,2025-02-23
4580,7,929,1,1,0,0.0,2026-07-30
4581,23,4387,1,0,1,149.62,2025-12-14
4582,9,1365,1,1,1,94.38,2025-07-12
4583,31,4471,1,0,0,0.0,2025-08-05
4584,39,3891,1,1,0,0.0,2026-01-15
4585,1,2090,1,0,1,203.24,2026-06-20
4586,33,1433,1,1,0,0.0,2024-10-05
4587,8,4606,1,0,1,244.23,2025-01-30
4588,11,23,1,1,1,246.52,2026-01-04
4589,35,2524,1,1,1,248.82,2026-05-28
4590,10,2775,1,1,1,23.16,2026-01-19
4591,8,2396,1,1,1,113.73,2025-10-02
4592,4,4922,1,1,1,163.51,2025-12-25
4593,33,2469,1,0,1,128.1,2024-08-30
4594,9,4108,1,1,1,249.66,2026-02-08
4595,19,4444,1,0,0,0.0,2025-05-23
4596,11,2688,1,0,1,51.45,2024-10-20
4597,9,3126,1,1,0,0.0,2026-06-21
4598,26,1761,1,0,1,79.83,2026-06-30
4599,36,132,1,1,1,127.26,2026-06-19
4600,16,2682,1,0,1,195.61,2025-10-19
4601,24,2953,1,1,0,0.0,2025-05-02
4602,12,3146,1,0,1,204.38,2026-07-04
4603,3,3091,1,0,0,0.0,2026-07-10
4604,23,290,1,0,1,152.81,2024-11-05
4605,12,951,1,1,0,0.0,2025-07-06
4606,8,1171,1,1,0,0.0,2026-02-22
4607,20,3302,1,1,0,0.0,2025-07-25
4608,36,2604,1,0,1,74.65,2024-08-09
4609,21,4766,1,1,1,101.29,2024-12-15
4610,15,2111,1,1,0,0.0,2025-12-26
4611,7,3240,1,1,1,83.95,2024-08-14
4612,35,1678,1,0,0,0.0,2025-09-08
4613,10,4167,1,1,0,0.0,2025-11-13
4614,13,929,1,0,0,0.0,2025-12-10
4615,14,3893,1,0,1,127.58,2025-05-07
4616,32,2948,1,1,1,98.12,2024-12-23
4617,14,4308,1,1,0,0.0,2026-01-12
4618,3,4396,1,1,1,230.11,2026-04-05
4619,8,1627,1,1,1,42.54,2026-01-19
4620,28,713,1,0,0,0.0,2025-10-13
4621,37,4582,1,0,1,169.99,2025-07-12
4622,32,4699,1,0,0,0.0,2026-04-18
4623,25,1688,1,1,0,0.0,2025-02-21
4624,25,4599,1,1,1,160.6,2025-05-03
4625,38,1021,1,1,0,0.0,2025-04-06
4626,18,2548,1,0,1,61.71,2024-10-21
4627,8,4492,1,1,0,0.0,2026-02-14
4628,19,2151,1,0,1,149.65,2025-04-09
4629,14,4735,1,0,0,0.0,2024-08-04
4630,30,4038,1,0,0,0.0,2025-04-05
4631,22,1266,1,0,0,0.0,2025-09-13
4632,10,704,1,0,0,0.0,2025-03-09
4633,15,1123,1,0,0,0.0,2024-11-07
4634,13,2176,1,0,1,116.85,2025-02-28
4635,17,1918,1,0,0,0.0,2025-01-09
4636,35,4597,1,1,0,0.0,2025-11-14
4637,18,3321,1,1,0,0.0,2026-05-31
4638,36,4518,1,0,0,0.0,2025-02-03
4639,37,908,1,0,0,0.0,2025-06-17
4640,14,3419,1,0,1,240.69,2024-08-11
4641,28,483,1,0,0,0.0,2025-05-05
4642,38,4622,1,0,0,0.0,2025-04-25
4643,28,2869,1,1,0,0.0,2025-01-11
4644,18,4338,1,1,1,243.99,2024-10-17
4645,11,1241,1,1,0,0.0,2025-06-10
4646,36,1516,1,0,1,41.19,2025-07-30
4647,23,887,1,0,0,0.0,2026-06-27
4648,21,4784,1,1,0,0.0,2024-10-25
4649,28,1622,1,1,0,0.0,2026-05-29
4650,34,879,1,0,1,157.42,2025-06-13
4651,38,1426,1,0,0,0.0,2025-12-01
4652,26,188,1,1,0,0.0,2025-09-15
4653,18,4127,1,1,0,0.0,2025-10-29
4654,10,3343,1,0,0,0.0,2025-01-31
4655,12,3378,1,1,0,0.0,2026-07-27
4656,37,3842,1,1,0,0.0,2026-07-11
4657,8,181,1,0,0,0.0,2024-11-27
4658,6,3435,1,0,0,0.0,2025-07-15
4659,32,4287,1,0,0,0.0,2025-09-14
4660,21,3432,1,1,1,113.44,2024-09-06
4661,6,3861,1,0,1,75.72,2026-03-16
4662,3,1397,1,0,1,63.94,2025-02-01
4663,34,1241,1,1,0,0.0,2026-01-01
4664,11,4730,1,0,1,77.57,2024-12-02
4665,33,70,1,1,1,195.9,2025-01-21
4666,12,318,1,1,0,0.0,2024-08-06
4667,38,1933,1,0,0,0.0,2025-12-26
4668,17,3513,1,1,1,121.12,2026-03-14
4669,7,1138,1,1,0,0.0,2026-03-05
4670,26,3825,1,0,0,0.0,2025-09-30
4671,36,4419,1,0,0,0.0,2025-09-02
4672,18,3075,1,0,1,112.64,2025-03-02
4673,1,4418,1,0,1,245.6,2025-05-28
4674,35,402,1,1,0,0.0,2025-03-16
4675,27,3796,1,0,1,79.22,2026-04-14
4676,2,1535,1,0,1,53.37,2025-12-08
4677,18,2279,1,0,1,190.02,2025-04-10
4678,20,4674,1,1,0,0.0,2026-06-09
4679,37,1581,1,1,0,0.0,2026-03-06
4680,15,19,1,1,1,58.52,2025-01-06
4681,14,3964,1,0,0,0.0,2025-04-30
4682,14,3512,1,1,0,0.0,2025-03-02
4683,38,381,1,0,0,0.0,2024-11-22
4684,17,2936,1,1,1,22.07,2026-01-10
4685,11,3086,1,1,1,19.29,2025-01-21
4686,7,1523,1,0,1,17.12,2026-04-02
4687,5,2246,1,1,1,234.04,2024-09-10
4688,3,4236,1,0,0,0.0,2026-01-28
4689,27,4799,1,0,0,0.0,2025-02-23
4690,24,4357,1,0,1,169.85,2025-07-27
4691,33,3694,1,0,1,247.35,2026-02-21
4692,20,2761,1,1,1,130.97,2025-02-11
4693,11,3988,1,1,1,242.72,2024-11-23
4694,9,3907,1,1,1,203.24,2025-06-03
4695,29,153,1,0,0,0.0,2025-11-06
4696,14,2401,1,1,1,124.92,2025-10-25
4697,20,4355,1,1,1,86.41,2025-05-22
4698,3,1714,1,1,0,0.0,2025-12-23
4699,18,1122,1,1,1,97.53,2025-07-12
4700,33,4485,1,1,1,57.3,2026-04-28
4701,17,1731,1,1,1,125.68,2025-06-08
4702,2,3949,1,1,1,30.1,2024-08-12
4703,8,2699,1,0,0,0.0,2025-01-04
4704,3,3927,1,1,1,74.62,2024-09-07
4705,30,2885,1,1,0,0.0,2025-07-19
4706,34,3300,1,0,0,0.0,2025-06-01
4707,35,626,1,0,0,0.0,2025-11-07
4708,7,3175,1,1,1,100.64,2026-05-14
4709,17,938,1,1,0,0.0,2026-06-22
4710,25,2384,1,1,1,228.07,2026-03-10
4711,38,917,1,1,0,0.0,2026-03-30
4712,35,4543,1,0,0,0.0,2024-10-27
4713,23,2912,1,1,1,176.95,2025-11-28
4714,1,2733,1,0,0,0.0,2025-01-10
4715,15,605,1,1,0,0.0,2026-07-03
4716,29,4157,1,0,0,0.0,2025-04-07
4717,10,4878,1,0,1,29.43,2025-10-12
4718,1,4006,1,0,1,161.64,2024-11-14
4719,34,292,1,1,0,0.0,2025-04-02
4720,1,1930,1,0,1,144.59,2026-07-28
4721,40,3493,1,1,0,0.0,2025-10-25
4722,1,4759,1,0,0,0.0,2026-01-07
4723,3,2085,1,1,1,54.89,2025-05-22
4724,6,912,1,1,0,0.0,2026-03-29
4725,20,4523,1,1,0,0.0,2025-11-12
4726,33,792,1,1,1,235.92,2025-10-30
4727,40,257,1,0,0,0.0,2025-06-26
4728,16,2978,1,0,1,31.63,2024-08-29
4729,27,3629,1,0,1,79.54,2025-05-09
4730,6,2840,1,1,0,0.0,2026-07-28
4731,29,1725,1,0,0,0.0,2026-02-01
4732,9,892,1,0,1,49.85,2025-07-23
4733,33,1880,1,1,0,0.0,2025-09-03
4734,13,3978,1,1,0,0.0,2025-06-07
4735,8,984,1,1,0,0.0,2026-03-23
4736,32,206,1,1,1,144.11,2025-09-03
4737,22,1897,1,0,1,198.0,2024-08-14
4738,19,4943,1,0,1,239.68,2025-12-23
4739,9,2741,1,0,0,0.0,2025-10-29
4740,38,2786,1,0,0,0.0,2025-08-10
4741,29,90,1,0,0,0.0,2025-07-13
4742,10,1126,1,0,0,0.0,2025-12-30
4743,18,1009,1,0,1,43.53,2025-03-27
4744,37,3479,1,1,0,0.0,2025-02-26
4745,13,2108,1,0,0,0.0,2025-06-03
4746,32,1471,1,1,0,0.0,2024-11-09
4747,14,3472,1,1,1,117.53,2026-07-19
4748,32,4865,1,0,1,74.88,2025-11-20
4749,34,4918,1,0,1,47.89,2025-11-14
4750,3,810,1,1,0,0.0,2025-10-15
4751,20,591,1,0,0,0.0,2025-08-18
4752,26,682,1,0,0,0.0,2026-05-24
4753,28,1372,1,0,0,0.0,2024-10-05
4754,19,3061,1,0,0,0.0,2025-10-15
4755,37,4575,1,1,0,0.0,2025-07-01
4756,26,2434,1,1,1,171.13,2026-01-11
4757,1,2376,1,0,0,0.0,2024-11-24
4758,30,640,1,0,1,103.63,2024-11-01
4759,16,4584,1,0,0,0.0,2025-03-02
4760,12,2765,1,1,1,52.15,2025-06-04
4761,6,4258,1,0,0,0.0,2025-02-21
4762,30,114,1,0,0,0.0,2026-04-25
4763,15,2790,1,1,0,0.0,2026-01-08
4764,33,2085,1,1,1,212.5,2025-08-01
4765,12,3034,1,1,1,84.38,2025-04-07
4766,23,3380,1,1,0,0.0,2025-05-29
4767,17,1103,1,0,1,211.84,2025-11-14
4768,27,1492,1,1,0,0.0,2025-06-25
4769,40,3948,1,0,1,201.57,2025-11-04
4770,21,4098,1,0,1,195.05,2024-12-11
4771,34,1187,1,1,0,0.0,2025-03-17
4772,17,3864,1,0,1,159.39,2025-07-07
4773,36,4904,1,1,0,0.0,2025-12-25
4774,8,4567,1,1,1,25.61,2026-03-03
4775,22,4429,1,1,1,166.82,2025-07-12
4776,2,3981,1,1,0,0.0,2026-05-03
4777,1,2997,1,1,1,186.49,2026-07-09
4778,31,1,1,0,0,0.0,2025-07-22
4779,12,4215,1,1,1,111.17,2026-01-25
4780,1,2644,1,0,1,140.71,2025-09-22
4781,34,1828,1,0,1,158.17,2026-05-12
4782,21,2250,1,1,1,137.01,2024-12-09
4783,21,2050,1,1,1,105.21,2026-02-21
4784,21,2074,1,0,1,132.18,2026-04-25
4785,29,3169,1,0,1,178.66,2025-05-24
4786,10,1759,1,0,0,0.0,2025-01-15
4787,11,627,1,0,0,0.0,2025-11-21
4788,36,764,1,0,0,0.0,2026-01-20
4789,15,1319,1,1,0,0.0,2024-10-04
4790,25,4915,1,0,1,167.67,2026-03-24
4791,24,4318,1,0,0,0.0,2026-07-17
4792,20,745,1,0,0,0.0,2026-07-25
4793,28,2312,1,1,1,121.7,2026-05-06
4794,6,615,1,0,0,0.0,2025-06-14
4795,7,99,1,1,0,0.0,2025-06-10
4796,18,2409,1,1,0,0.0,2025-04-27
4797,20,4032,1,0,0,0.0,2024-09-24
4798,21,1831,1,0,1,249.96,2025-03-17
4799,40,4473,1,0,0,0.0,2025-09-23
4800,10,15,1,0,1,208.81,2024-11-04
4801,6,4732,1,0,0,0.0,2024-12-26
4802,33,1513,1,1,1,11.74,2026-03-06
4803,8,2466,1,0,0,0.0,2025-10-09
4804,25,2836,1,0,1,243.03,2025-12-17
4805,30,4943,1,1,1,95.26,2025-10-05
4806,38,1728,1,1,1,230.82,2026-05-09
4807,26,3580,1,1,1,25.77,2025-09-28
4808,21,4038,1,0,0,0.0,2024-11-04
4809,31,1988,1,1,1,237.94,2024-08-18
4810,13,1826,1,0,1,189.63,2025-02-10
4811,10,4009,1,1,0,0.0,2026-03-27
4812,39,4884,1,0,0,0.0,2026-01-16
4813,40,2003,1,1,0,0.0,2025-10-02
4814,34,2371,1,0,1,81.18,2026-04-26
4815,6,4886,1,1,1,28.17,2026-02-16
4816,7,2593,1,1,1,10.32,2025-12-27
4817,28,2060,1,1,0,0.0,2025-04-04
4818,2,1257,1,1,0,0.0,2024-11-15
4819,6,3285,1,0,1,102.45,2025-08-16
4820,5,1006,1,1,1,77.4,2025-05-03
4821,20,3790,1,1,0,0.0,2024-09-25
4822,1,2530,1,1,1,205.5,2026-05-22
4823,15,845,1,0,0,0.0,2026-04-28
4824,34,3518,1,0,0,0.0,2025-04-12
4825,11,3645,1,0,0,0.0,2025-06-19
4826,11,3722,1,0,1,95.21,2024-12-13
4827,32,1419,1,0,1,91.79,2024-10-05
4828,18,393,1,1,0,0.0,2025-06-28
4829,18,2081,1,1,0,0.0,2026-07-05
4830,25,4287,1,1,0,0.0,2026-06-13
4831,28,748,1,1,1,162.77,2025-09-21
4832,6,4059,1,1,0,0.0,2024-10-29
4833,29,3775,1,0,1,210.07,2025-11-12
4834,31,3357,1,0,0,0.0,2025-05-20
4835,25,1421,1,0,0,0.0,2024-12-19
4836,27,2870,1,0,1,172.11,2025-10-01
4837,9,3306,1,0,0,0.0,2024-12-28
4838,15,4305,1,1,0,0.0,2025-07-26
4839,33,3758,1,1,1,152.95,2024-11-24
4840,36,2620,1,1,0,0.0,2025-09-02
4841,21,2026,1,1,1,167.57,2024-11-07
4842,5,3305,1,0,0,0.0,2025-05-20
4843,13,2177,1,1,1,90.37,2024-12-17
4844,36,2815,1,0,0,0.0,2024-09-28
4845,29,4614,1,1,0,0.0,2025-04-29
4846,9,660,1,1,0,0.0,2024-12-01
4847,28,2201,1,1,1,63.73,2025-02-01
4848,2,2092,1,0,0,0.0,2025-05-31
4849,4,3428,1,0,1,232.69,2025-09-30
4850,29,766,1,0,0,0.0,2026-03-17
4851,6,1972,1,0,0,0.0,2026-07-01
4852,31,504,1,0,0,0.0,2026-05-04
4853,1,519,1,1,1,24.52,2026-07-24
4854,25,2561,1,0,0,0.0,2026-04-12
4855,29,4716,1,0,0,0.0,2025-07-11
4856,16,4615,1,0,0,0.0,2025-01-29
4857,27,909,1,1,1,146.68,2025-07-15
4858,24,974,1,1,1,100.92,2026-03-03
4859,13,4543,1,0,0,0.0,2024-09-16
4860,33,969,1,0,1,146.62,2026-06-30
4861,33,712,1,1,1,120.5,2026-05-12
4862,26,3611,1,1,0,0.0,2025-04-04
4863,39,4019,1,1,0,0.0,2025-12-25
4864,19,2454,1,0,0,0.0,2024-12-10
4865,12,3036,1,1,1,102.91,2026-05-04
4866,14,2205,1,0,1,39.27,2024-08-25
4867,32,4771,1,1,1,20.58,2024-10-16
4868,6,4776,1,1,0,0.0,2025-08-13
4869,1,3716,1,0,0,0.0,2025-05-24
4870,36,4635,1,1,0,0.0,2026-01-17
4871,13,1817,1,0,1,131.09,2025-04-03
4872,36,4462,1,0,0,0.0,2025-01-29
4873,10,1052,1,0,0,0.0,2025-12-07
4874,22,1461,1,0,0,0.0,2025-07-15
4875,19,2418,1,1,1,11.33,2025-06-07
4876,22,1321,1,1,0,0.0,2026-02-11
4877,13,2895,1,0,0,0.0,2026-03-18
4878,10,3106,1,0,0,0.0,2025-05-24
4879,15,3745,1,0,0,0.0,2025-08-21
4880,22,200,1,0,0,0.0,2026-04-07
4881,21,392,1,0,1,199.19,2026-01-13
4882,19,3132,1,0,1,36.67,2025-08-09
4883,28,3967,1,0,1,135.46,2025-06-10
4884,35,4746,1,1,1,210.23,2026-02-28
4885,6,653,1,0,0,0.0,2025-06-07
4886,21,2808,1,1,1,41.18,2025-04-25
4887,32,1238,1,0,0,0.0,2025-12-17
4888,9,4974,1,0,0,0.0,2025-04-26
4889,18,2479,1,0,1,232.52,2024-11-21
4890,31,1146,1,1,0,0.0,2026-03-18
4891,18,2940,1,0,1,173.28,2026-07-06
4892,23,4556,1,0,0,0.0,2025-03-09
4893,24,4776,1,1,1,31.22,2025-02-10
4894,36,1428,1,0,0,0.0,2024-11-17
4895,37,4271,1,0,1,101.8,2026-02-07
4896,34,464,1,1,0,0.0,2024-08-06
4897,19,3092,1,0,0,0.0,2025-10-11
4898,5,4337,1,0,1,145.46,2025-11-28
4899,38,1107,1,1,1,198.85,2026-02-12
4900,33,4044,1,1,1,26.12,2025-11-10
4901,27,3157,1,1,0,0.0,2026-03-12
4902,38,1330,1,0,1,19.79,2025-01-18
4903,13,3583,1,0,1,140.44,2025-07-08
4904,9,3108,1,0,1,104.72,2025-03-03
4905,28,4675,1,1,0,0.0,2025-02-01
4906,17,949,1,1,1,240.56,2024-10-05
4907,31,1172,1,0,0,0.0,2025-11-17
4908,27,858,1,1,1,107.36,2025-02-20
4909,11,3970,1,0,0,0.0,2024-10-27
4910,37,2423,1,1,1,138.82,2024-11-29
4911,3,3029,1,0,1,175.75,2025-01-26
4912,22,3623,1,0,0,0.0,2025-03-19
4913,33,2306,1,0,1,168.9,2024-09-14
4914,5,1888,1,1,0,0.0,2024-10-22
4915,36,4867,1,1,1,165.38,2025-01-24
4916,10,259,1,1,0,0.0,2024-11-12
4917,30,4555,1,1,0,0.0,2026-02-08
4918,2,3192,1,0,1,81.38,2025-01-30
4919,9,4330,1,0,1,114.44,2024-09-19
4920,6,2312,1,1,1,133.56,2025-06-05
4921,8,3697,1,1,1,168.35,2025-09-01
4922,11,4525,1,1,0,0.0,2024-12-06
4923,25,4547,1,1,0,0.0,2025-04-11
4924,19,1220,1,1,1,85.24,2024-11-03
4925,11,3110,1,0,0,0.0,2026-02-01
4926,7,4456,1,0,1,179.57,2025-07-30
4927,40,2958,1,0,0,0.0,2026-07-24
4928,2,1684,1,1,0,0.0,2025-11-06
4929,5,1644,1,0,1,156.13,2025-04-28
4930,4,4905,1,0,0,0.0,2025-05-09
4931,15,3301,1,1,1,182.19,2025-08-25
4932,19,102,1,1,0,0.0,2025-03-07
4933,16,2827,1,0,1,112.48,2025-02-27
4934,37,3808,1,0,1,121.71,2026-01-23
4935,39,4671,1,0,0,0.0,2026-02-18
4936,39,467,1,0,0,0.0,2025-07-03
4937,35,3660,1,0,1,17.27,2026-07-11
4938,19,2488,1,1,0,0.0,2026-05-21
4939,33,1273,1,1,1,142.29,2025-12-24
4940,32,2761,1,1,1,72.88,2025-08-11
4941,11,2969,1,0,0,0.0,2024-10-11
4942,1,4949,1,1,1,234.28,2025-05-21
4943,8,1809,1,0,0,0.0,2024-09-22
4944,23,3463,1,0,1,115.22,2025-04-13
4945,33,48,1,0,1,38.04,2025-05-20
4946,26,53,1,0,0,0.0,2026-05-23
4947,31,458,1,0,0,0.0,2025-11-11
4948,19,160,1,0,0,0.0,2025-05-07
4949,3,4023,1,0,1,78.97,2025-09-19
4950,29,4300,1,0,0,0.0,2025-10-29
4951,35,1434,1,0,1,193.58,2025-10-11
4952,3,462,1,1,1,63.24,2025-12-04
4953,15,1579,1,1,1,127.8,2026-05-17
4954,4,3194,1,0,1,233.25,2026-05-14
4955,19,3253,1,0,0,0.0,2025-06-09
4956,7,4481,1,1,0,0.0,2025-11-14
4957,11,1468,1,0,1,19.22,2026-04-26
4958,30,4382,1,0,1,80.12,2024-11-30
4959,5,1961,1,1,0,0.0,2025-11-13
4960,6,4815,1,1,1,53.71,2026-04-25
4961,36,4087,1,1,0,0.0,2025-05-28
4962,12,915,1,0,0,0.0,2026-02-28
4963,20,2921,1,1,1,57.43,2025-05-14
4964,15,4935,1,0,0,0.0,2025-02-07
4965,4,2815,1,1,1,138.0,2025-10-21
4966,7,3053,1,0,0,0.0,2024-10-18
4967,9,4241,1,0,1,215.72,2024-10-18
4968,1,151,1,1,1,143.71,2025-10-30
4969,19,1453,1,1,0,0.0,2025-08-20
4970,28,3079,1,0,0,0.0,2025-07-10
4971,18,2536,1,1,0,0.0,2024-10-12
4972,36,4880,1,1,0,0.0,2026-04-30
4973,17,86,1,1,1,39.63,2024-08-30
4974,21,2355,1,1,1,54.44,2025-03-22
4975,12,2818,1,1,1,216.74,2025-05-30
4976,5,4308,1,1,1,202.01,2024-12-03
4977,5,4752,1,1,0,0.0,2026-05-26
4978,36,1801,1,1,0,0.0,2025-10-31
4979,3,194,1,1,0,0.0,2025-09-10
4980,26,279,1,0,1,191.2,2026-06-27
4981,22,540,1,1,1,53.34,2025-01-11
4982,8,1009,1,0,0,0.0,2025-03-20
4983,3,3933,1,0,0,0.0,2025-04-22
4984,2,971,1,1,1,121.98,2025-07-20
4985,2,2597,1,1,1,23.57,2026-03-07
4986,33,3407,1,0,1,101.19,2025-05-14
4987,40,3216,1,0,0,0.0,2024-08-15
4988,4,655,1,1,0,0.0,2025-09-22
4989,18,609,1,1,0,0.0,2024-12-22
4990,28,912,1,1,0,0.0,2026-01-25
4991,11,1533,1,0,0,0.0,2025-12-22
4992,13,2430,1,1,1,79.65,2026-06-04
4993,29,305,1,1,1,189.14,2025-06-22
4994,36,120,1,1,0,0.0,2025-03-26
4995,6,574,1,1,1,93.12,2026-02-12
4996,25,3857,1,0,1,20.84,2025-03-14
4997,6,3967,1,0,0,0.0,2025-10-20
4998,7,2110,1,0,1,180.49,2025-05-19
4999,30,1110,1,0,0,0.0,2024-12-24
5000,2,3135,1,0,0,0.0,2025-08-03
5001,23,800,1,1,0,0.0,2025-01-03
5002,14,3092,1,1,1,81.07,2024-12-07
5003,1,3062,1,0,1,45.11,2025-04-19
5004,18,3883,1,1,0,0.0,2025-06-26
5005,1,465,1,1,1,68.78,2025-05-25
5006,22,2146,1,1,0,0.0,2025-10-28
5007,18,2540,1,1,0,0.0,2025-07-30
5008,32,162,1,1,1,167.86,2025-01-12
5009,40,1809,1,1,1,115.16,2025-09-28
5010,36,3561,1,0,0,0.0,2026-06-05
5011,12,1063,1,1,1,36.31,2025-10-18
5012,37,2940,1,0,0,0.0,2025-06-10
5013,22,2856,1,0,0,0.0,2025-09-09
5014,8,1670,1,0,0,0.0,2025-11-27
5015,21,4647,1,0,0,0.0,2024-12-15
5016,12,4100,1,1,0,0.0,2025-01-08
5017,2,771,1,0,0,0.0,2025-12-31
5018,13,4612,1,0,0,0.0,2026-01-28
5019,37,480,1,1,0,0.0,2024-10-05
5020,24,3278,1,1,0,0.0,2024-12-21
5021,17,3160,1,0,1,16.19,2026-02-03
5022,4,2643,1,1,0,0.0,2025-06-29
5023,12,4044,1,0,1,113.72,2025-11-15
5024,34,2937,1,0,0,0.0,2026-02-24
5025,40,2425,1,1,0,0.0,2026-02-09
5026,23,4391,1,1,1,82.47,2025-11-12
5027,7,3745,1,1,1,238.97,2025-06-01
5028,28,4049,1,1,0,0.0,2024-10-28
5029,31,3859,1,0,0,0.0,2024-12-16
5030,12,1389,1,0,1,118.44,2025-11-07
5031,26,2274,1,0,1,198.7,2025-02-24
5032,32,4994,1,1,0,0.0,2025-06-17
5033,16,3812,1,1,1,215.0,2024-09-25
5034,34,3106,1,0,0,0.0,2025-10-29
5035,19,1614,1,1,1,244.68,2026-04-06
5036,24,2006,1,0,0,0.0,2025-11-02
5037,35,4697,1,0,1,21.61,2025-04-15
5038,21,4672,1,1,0,0.0,2024-10-01
5039,37,2781,1,0,1,108.41,2026-04-04
5040,16,200,1,0,0,0.0,2025-01-01
5041,19,3088,1,0,0,0.0,2026-05-27
5042,32,4127,1,0,1,151.74,2025-02-01
5043,15,4212,1,1,1,119.86,2025-12-22
5044,28,2258,1,1,1,135.56,2025-05-11
5045,31,4338,1,0,1,37.0,2026-06-27
5046,16,3665,1,0,0,0.0,2025-06-21
5047,22,3702,1,1,0,0.0,2024-08-05
5048,21,1544,1,0,1,12.87,2026-02-28
5049,6,886,1,1,1,22.67,2026-02-16
5050,30,1415,1,1,0,0.0,2026-06-30
5051,30,1333,1,1,0,0.0,2024-12-12
5052,32,4022,1,0,0,0.0,2025-10-21
5053,14,4355,1,1,1,45.61,2025-03-04
5054,18,549,1,0,1,163.89,2025-06-25
5055,29,159,1,1,0,0.0,2025-04-09
5056,36,349,1,1,0,0.0,2024-12-20
5057,23,244,1,0,1,180.39,2025-02-14
5058,18,4581,1,0,1,30.97,2025-08-12
5059,34,628,1,1,0,0.0,2026-05-02
5060,3,447,1,1,1,97.1,2025-04-28
5061,38,4391,1,1,0,0.0,2025-04-18
5062,25,1484,1,1,1,56.45,2025-10-18
5063,27,358,1,0,0,0.0,2025-12-26
5064,22,1600,1,0,0,0.0,2024-12-24
5065,6,1930,1,0,0,0.0,2026-03-19
5066,25,4671,1,1,0,0.0,2026-04-20
5067,25,4887,1,1,0,0.0,2025-08-31
5068,8,739,1,0,1,144.17,2025-03-07
5069,11,1917,1,1,0,0.0,2025-06-29
5070,20,3846,1,1,1,159.2,2025-07-01
5071,9,3838,1,1,0,0.0,2024-11-26
5072,25,1855,1,0,0,0.0,2025-02-27
5073,11,3424,1,1,0,0.0,2025-06-03
5074,33,2075,1,1,0,0.0,2025-02-20
5075,15,4676,1,0,0,0.0,2026-04-16
5076,30,4629,1,1,1,184.62,2025-03-31
5077,37,4514,1,0,1,195.77,2026-07-25
5078,32,3303,1,0,0,0.0,2026-06-26
5079,36,1092,1,1,0,0.0,2025-06-21
5080,28,3860,1,1,0,0.0,2025-10-06
5081,25,1913,1,1,0,0.0,2026-08-01
5082,28,2359,1,1,0,0.0,2025-11-08
5083,1,970,1,1,0,0.0,2025-10-29
5084,29,4683,1,0,0,0.0,2026-03-15
5085,21,1768,1,0,1,56.59,2025-04-06
5086,35,1574,1,1,0,0.0,2025-10-17
5087,2,3927,1,1,0,0.0,2026-01-22
5088,37,2971,1,1,0,0.0,2025-04-18
5089,4,3121,1,1,1,74.56,2025-01-16
5090,30,2547,1,1,1,225.53,2025-10-15
5091,23,3470,1,0,1,166.46,2025-10-27
5092,21,2222,1,1,0,0.0,2025-06-24
5093,5,2333,1,1,0,0.0,2025-11-26
5094,36,3786,1,0,0,0.0,2026-01-13
5095,21,4535,1,0,0,0.0,2025-05-05
5096,38,2721,1,1,1,240.51,2024-11-25
5097,4,611,1,0,1,42.52,2025-06-18
5098,12,414,1,0,1,45.55,2026-03-19
5099,18,2614,1,1,0,0.0,2026-05-08
5100,13,3317,1,0,1,138.17,2025-07-29
5101,18,2761,1,1,1,230.15,2026-03-21
5102,36,4040,1,0,1,62.07,2026-02-15
5103,36,277,1,1,1,130.96,2026-01-06
5104,12,168,1,1,0,0.0,2026-02-21
5105,33,4338,1,1,1,201.4,2026-04-11
5106,18,57,1,1,1,66.92,2024-08-04
5107,2,2627,1,0,1,28.31,2026-02-13
5108,5,3389,1,0,1,90.56,2024-08-24
5109,22,2420,1,0,0,0.0,2025-03-01
5110,25,1643,1,0,0,0.0,2025-12-19
5111,15,4013,1,0,0,0.0,2025-01-05
5112,38,1105,1,1,0,0.0,2025-09-08
5113,20,244,1,0,1,50.79,2026-06-07
5114,40,2297,1,1,0,0.0,2025-12-11
5115,25,8,1,1,0,0.0,2025-03-24
5116,5,4189,1,1,1,192.98,2025-06-16
5117,11,4599,1,0,1,122.86,2024-11-25
5118,4,4847,1,1,1,223.6,2026-06-04
5119,29,2724,1,0,1,156.18,2026-05-15
5120,30,2408,1,0,0,0.0,2024-12-21
5121,40,1337,1,0,0,0.0,2025-08-20
5122,2,198,1,0,0,0.0,2025-06-30
5123,15,3992,1,1,0,0.0,2025-04-17
5124,4,4710,1,1,0,0.0,2026-07-10
5125,36,1200,1,1,0,0.0,2026-04-17
5126,15,2587,1,0,1,114.03,2025-03-11
5127,23,3225,1,0,0,0.0,2024-10-18
5128,10,4169,1,0,1,147.58,2025-04-10
5129,39,493,1,1,0,0.0,2026-03-14
5130,13,920,1,0,1,174.42,2025-07-14
5131,13,2969,1,1,0,0.0,2026-03-01
5132,31,317,1,0,0,0.0,2025-07-24
5133,39,4805,1,0,0,0.0,2026-03-20
5134,5,3530,1,0,1,161.28,2025-07-12
5135,1,288,1,1,1,111.44,2025-09-19
5136,29,2657,1,0,0,0.0,2026-07-21
5137,29,3455,1,1,0,0.0,2024-12-30
5138,24,4549,1,1,0,0.0,2025-02-08
5139,35,4721,1,1,1,38.23,2025-07-24
5140,17,3930,1,0,0,0.0,2026-06-30
5141,6,1989,1,1,0,0.0,2025-02-08
5142,22,3473,1,0,1,216.49,2025-09-09
5143,24,2996,1,1,0,0.0,2026-01-12
5144,34,3826,1,0,1,112.74,2024-11-22
5145,38,114,1,0,0,0.0,2026-02-01
5146,36,817,1,1,0,0.0,2025-12-14
5147,25,2632,1,1,1,99.51,2025-02-24
5148,20,1079,1,1,0,0.0,2025-05-22
5149,4,3868,1,1,0,0.0,2024-09-28
5150,14,2785,1,1,1,195.14,2026-06-13
5151,34,864,1,0,0,0.0,2025-10-23
5152,26,2904,1,0,0,0.0,2025-07-13
5153,35,3301,1,0,1,65.29,2025-06-10
5154,26,3598,1,0,0,0.0,2024-09-30
5155,18,3667,1,0,1,14.97,2024-10-03
5156,26,4849,1,0,1,221.36,2025-05-22
5157,4,873,1,1,0,0.0,2024-08-17
5158,12,2029,1,1,0,0.0,2025-04-27
5159,39,3471,1,1,0,0.0,2026-03-16
5160,31,1907,1,0,0,0.0,2025-06-22
5161,3,4844,1,0,0,0.0,2025-07-03
5162,12,589,1,1,1,137.39,2026-06-19
5163,25,1988,1,0,0,0.0,2024-08-16
5164,2,1792,1,1,0,0.0,2024-12-03
5165,16,483,1,1,1,177.97,2025-04-22
5166,13,4262,1,1,0,0.0,2025-01-12
5167,39,595,1,1,0,0.0,2025-08-30
5168,1,2087,1,0,1,86.54,2026-04-21
5169,37,3008,1,0,1,25.31,2024-08-19
5170,40,3106,1,1,0,0.0,2024-09-03
5171,21,519,1,1,0,0.0,2025-12-05
5172,20,2825,1,0,1,232.74,2025-10-18
5173,25,4748,1,0,1,144.53,2025-04-19
5174,4,1348,1,0,0,0.0,2025-12-18
5175,38,1157,1,0,0,0.0,2026-06-20
5176,5,371,1,0,0,0.0,2026-05-29
5177,6,2833,1,0,1,95.44,2025-11-30
5178,33,3562,1,0,1,204.83,2025-06-15
5179,37,2302,1,1,1,143.51,2026-06-05
5180,13,483,1,1,1,213.12,2025-11-02
5181,17,1598,1,0,1,181.76,2026-05-06
5182,39,1586,1,0,0,0.0,2025-02-04
5183,14,38,1,1,0,0.0,2026-01-17
5184,6,589,1,0,0,0.0,2025-05-30
5185,29,3878,1,1,1,226.17,2025-09-02
5186,40,2228,1,0,0,0.0,2026-02-22
5187,6,2397,1,1,1,64.14,2026-04-12
5188,36,3401,1,0,0,0.0,2026-07-13
5189,26,626,1,1,0,0.0,2025-07-29
5190,19,3661,1,0,0,0.0,2026-03-03
5191,34,1077,1,0,1,146.89,2025-03-16
5192,32,3637,1,1,0,0.0,2025-09-05
5193,14,147,1,1,1,124.04,2025-08-06
5194,1,3905,1,1,1,178.95,2024-12-10
5195,33,2963,1,0,1,107.62,2026-07-18
5196,26,3671,1,0,0,0.0,2025-03-19
5197,18,108,1,1,1,114.58,2026-05-29
5198,18,2177,1,0,0,0.0,2025-10-02
5199,29,3897,1,0,1,198.12,2026-06-11
5200,18,1002,1,0,0,0.0,2025-02-25
5201,32,3086,1,0,0,0.0,2024-12-17
5202,17,2892,1,0,1,78.73,2025-08-26
5203,26,4645,1,1,0,0.0,2025-06-17
5204,21,1375,1,1,0,0.0,2025-06-21
5205,8,291,1,0,1,105.14,2025-10-16
5206,9,551,1,1,0,0.0,2026-06-22
5207,5,408,1,1,1,104.0,2024-12-14
5208,10,3980,1,1,1,29.4,2026-07-31
5209,35,1371,1,0,1,211.07,2025-11-14
5210,30,4205,1,1,1,134.25,2025-10-10
5211,32,2432,1,1,1,165.73,2024-11-19
5212,8,4976,1,0,0,0.0,2025-03-27
5213,6,601,1,1,0,0.0,2026-02-08
5214,30,2009,1,0,1,129.34,2024-08-16
5215,3,792,1,1,0,0.0,2024-08-07
5216,10,607,1,1,1,174.39,2025-05-21
5217,23,947,1,0,1,12.42,2026-03-10
5218,13,2043,1,0,1,102.0,2026-04-24
5219,38,1234,1,1,1,107.38,2025-10-18
5220,28,3378,1,1,0,0.0,2026-02-03
5221,18,4525,1,1,0,0.0,2025-09-21
5222,29,685,1,1,1,77.88,2025-01-14
5223,20,4485,1,1,0,0.0,2026-07-02
5224,7,1717,1,0,1,115.11,2025-03-19
5225,9,4731,1,1,0,0.0,2024-08-04
5226,24,4193,1,1,0,0.0,2025-03-04
5227,14,2501,1,1,0,0.0,2026-03-09
5228,27,323,1,1,0,0.0,2024-08-06
5229,30,3724,1,0,0,0.0,2025-12-15
5230,25,2705,1,1,0,0.0,2026-01-19
5231,7,1476,1,1,0,0.0,2026-05-28
5232,26,1112,1,0,0,0.0,2025-07-02
5233,14,2183,1,0,0,0.0,2026-03-27
5234,6,1616,1,0,0,0.0,2024-09-30
5235,40,899,1,1,1,190.53,2025-07-17
5236,10,405,1,1,0,0.0,2026-06-22
5237,6,2945,1,1,0,0.0,2025-11-17
5238,2,3279,1,0,1,74.28,2026-04-09
5239,1,4246,1,0,0,0.0,2026-02-01
5240,22,2796,1,0,0,0.0,2026-05-20
5241,23,2782,1,0,1,162.58,2025-02-22
5242,27,3847,1,0,1,247.89,2025-06-01
5243,4,3404,1,0,1,217.95,2026-04-18
5244,1,1745,1,0,0,0.0,2025-05-06
5245,28,1485,1,0,1,12.78,2025-09-29
5246,33,912,1,0,0,0.0,2025-02-20
5247,12,4680,1,1,0,0.0,2026-06-26
5248,11,3857,1,1,0,0.0,2025-02-04
5249,1,828,1,1,1,13.57,2025-02-03
5250,6,1199,1,0,1,106.35,2025-07-28
5251,33,3529,1,0,0,0.0,2026-01-08
5252,12,4923,1,1,0,0.0,2026-06-25
5253,8,4042,1,0,0,0.0,2025-03-09
5254,31,767,1,0,0,0.0,2025-09-12
5255,1,1235,1,1,1,212.99,2025-10-17
5256,5,1253,1,0,0,0.0,2024-10-21
5257,32,239,1,1,1,54.01,2025-07-15
5258,39,4764,1,0,1,37.58,2025-02-13
5259,40,2243,1,0,0,0.0,2025-06-25
5260,33,458,1,0,0,0.0,2025-11-07
5261,23,3951,1,0,1,115.58,2025-09-29
5262,26,183,1,0,1,145.01,2026-01-13
5263,21,3157,1,0,1,149.63,2025-01-09
5264,39,2961,1,0,1,159.02,2026-03-25
5265,24,1382,1,1,0,0.0,2026-03-17
5266,28,4639,1,1,1,183.07,2025-05-31
5267,31,3894,1,1,1,50.67,2025-06-24
5268,34,718,1,0,0,0.0,2025-05-20
5269,33,861,1,1,1,226.58,2024-11-23
5270,36,3414,1,1,0,0.0,2026-01-25
5271,9,667,1,1,0,0.0,2024-09-08
5272,19,355,1,1,1,107.79,2025-03-28
5273,2,229,1,0,1,35.29,2026-06-20
5274,5,1160,1,0,0,0.0,2025-05-19
5275,18,2325,1,1,1,123.26,2026-04-05
5276,10,1360,1,0,0,0.0,2024-12-16
5277,10,603,1,0,0,0.0,2026-04-08
5278,14,4183,1,0,1,136.2,2025-04-10
5279,10,2158,1,0,0,0.0,2024-11-08
5280,17,4828,1,1,1,210.14,2025-08-31
5281,5,447,1,1,1,114.07,2025-01-06
5282,19,2051,1,0,1,121.62,2025-02-05
5283,5,4782,1,0,0,0.0,2024-12-28
5284,37,3595,1,0,1,223.19,2025-04-13
5285,27,3478,1,1,1,195.43,2025-10-04
5286,1,1857,1,1,0,0.0,2025-04-18
5287,4,3004,1,1,1,85.27,2024-11-11
5288,7,2923,1,1,1,159.51,2025-12-19
5289,4,515,1,1,0,0.0,2025-02-11
5290,17,4810,1,1,1,180.6,2025-06-12
5291,30,356,1,1,1,193.14,2026-04-07
5292,28,2342,1,1,0,0.0,2025-03-09
5293,20,174,1,1,1,226.92,2025-02-23
5294,9,1265,1,0,0,0.0,2026-05-25
5295,17,2182,1,1,1,182.36,2026-06-22
5296,24,1659,1,1,0,0.0,2025-10-14
5297,10,1415,1,1,1,192.02,2025-06-12
5298,4,829,1,1,0,0.0,2026-03-29
5299,36,1089,1,0,1,36.67,2025-09-18
5300,29,384,1,0,1,43.42,2025-05-10
5301,22,4698,1,0,0,0.0,2026-06-15
5302,25,2363,1,1,0,0.0,2025-10-03
5303,27,4910,1,0,0,0.0,2026-05-30
5304,35,3635,1,0,1,85.29,2025-02-04
5305,31,4928,1,1,0,0.0,2024-12-16
5306,24,4690,1,1,0,0.0,2026-03-06
5307,30,1427,1,1,1,214.82,2025-12-20
5308,34,3036,1,0,1,157.11,2025-11-29
5309,6,2775,1,1,1,142.82,2025-11-29
5310,28,341,1,0,1,36.24,2025-05-23
5311,18,271,1,1,1,103.38,2026-01-04
5312,19,1775,1,0,1,19.93,2025-09-06
5313,38,4442,1,0,1,171.75,2024-10-23
5314,18,4978,1,0,1,115.34,2025-05-24
5315,2,43,1,1,0,0.0,2026-05-29
5316,14,637,1,1,0,0.0,2024-09-25
5317,11,3067,1,1,0,0.0,2026-07-15
5318,28,4500,1,0,0,0.0,2025-04-20
5319,34,4829,1,1,1,28.6,2026-05-02
5320,22,2958,1,0,0,0.0,2026-02-14
5321,40,592,1,1,1,157.85,2025-05-27
5322,25,357,1,0,1,55.31,2025-12-28
5323,16,3280,1,0,1,168.64,2025-08-24
5324,33,2552,1,0,0,0.0,2026-06-14
5325,16,1972,1,1,0,0.0,2024-11-01
5326,13,4819,1,0,0,0.0,2025-04-10
5327,33,204,1,1,0,0.0,2025-11-12
5328,6,3555,1,0,0,0.0,2025-03-09
5329,29,153,1,1,0,0.0,2026-01-31
5330,9,2968,1,0,1,235.95,2024-12-08
5331,25,3367,1,1,1,78.22,2024-09-07
5332,23,689,1,0,0,0.0,2024-10-25
5333,11,945,1,0,1,235.02,2024-12-28
5334,31,2972,1,1,1,112.21,2025-03-27
5335,18,647,1,1,1,80.47,2024-12-01
5336,33,1534,1,0,0,0.0,2026-02-27
5337,39,3673,1,0,1,74.79,2026-07-22
5338,40,3497,1,1,1,211.76,2024-11-27
5339,37,1155,1,1,0,0.0,2024-11-12
5340,31,3084,1,1,0,0.0,2025-03-30
5341,25,3052,1,1,0,0.0,2026-01-26
5342,11,1725,1,0,0,0.0,2024-10-17
5343,13,746,1,1,0,0.0,2026-03-12
5344,17,3060,1,0,0,0.0,2025-03-07
5345,31,2993,1,0,0,0.0,2024-11-23
5346,22,1602,1,0,0,0.0,2026-06-17
5347,24,1591,1,1,0,0.0,2026-03-09
5348,12,3082,1,1,1,153.0,2024-11-04
5349,27,2552,1,0,0,0.0,2026-07-03
5350,6,2600,1,0,0,0.0,2025-03-27
5351,18,1701,1,1,0,0.0,2025-07-31
5352,25,1767,1,1,0,0.0,2026-04-23
5353,2,1998,1,1,1,175.6,2025-02-03
5354,1,2244,1,0,0,0.0,2024-10-14
5355,30,4801,1,0,1,53.13,2025-09-13
5356,12,4591,1,1,0,0.0,2025-10-01
5357,12,1071,1,1,1,206.44,2025-10-05
5358,13,3843,1,1,1,46.07,2024-09-06
5359,37,738,1,0,0,0.0,2026-07-04
5360,21,3489,1,1,1,131.08,2024-10-03
5361,5,3311,1,1,0,0.0,2024-12-28
5362,17,2298,1,1,1,12.52,2024-11-10
5363,2,4585,1,0,1,33.66,2026-03-24
5364,21,4571,1,0,0,0.0,2025-06-15
5365,39,129,1,1,0,0.0,2026-03-15
5366,2,3589,1,1,1,185.53,2025-06-02
5367,16,3679,1,0,1,88.78,2026-07-25
5368,13,1511,1,0,0,0.0,2025-03-31
5369,27,1027,1,1,0,0.0,2024-08-22
5370,30,566,1,0,0,0.0,2025-01-05
5371,4,2476,1,0,0,0.0,2026-05-13
5372,15,4165,1,0,0,0.0,2026-07-19
5373,23,1224,1,0,1,170.28,2025-11-06
5374,2,2029,1,0,0,0.0,2025-08-26
5375,36,4909,1,1,1,202.58,2026-07-09
5376,19,629,1,0,1,217.48,2024-09-05
5377,12,1717,1,1,1,247.46,2025-12-14
5378,15,131,1,1,0,0.0,2025-08-21
5379,29,523,1,0,1,100.02,2026-03-15
5380,28,4365,1,0,1,167.78,2025-09-06
5381,21,356,1,0,0,0.0,2026-04-05
5382,39,3024,1,1,1,161.18,2025-09-16
5383,8,2905,1,1,0,0.0,2026-02-03
5384,31,1098,1,0,1,100.32,2026-01-25
5385,18,2362,1,1,1,100.22,2026-02-03
5386,8,4542,1,0,1,186.45,2026-03-01
5387,7,4902,1,0,0,0.0,2025-08-25
5388,6,1800,1,0,0,0.0,2026-07-08
5389,31,202,1,1,0,0.0,2025-08-23
5390,28,3604,1,1,1,235.31,2024-09-10
5391,2,3940,1,0,1,105.77,2026-04-02
5392,29,3807,1,0,0,0.0,2025-05-11
5393,38,66,1,0,1,232.06,2025-05-09
5394,24,1182,1,1,0,0.0,2025-03-18
5395,21,3402,1,1,1,130.1,2025-04-13
5396,22,2837,1,1,1,96.45,2024-09-05
5397,29,4642,1,0,0,0.0,2024-12-02
5398,2,2639,1,1,1,126.31,2025-01-12
5399,1,2628,1,1,1,15.17,2025-04-23
5400,18,2620,1,0,0,0.0,2026-04-05
5401,6,3321,1,0,1,231.28,2026-04-21
5402,35,1796,1,0,0,0.0,2025-11-30
5403,4,302,1,0,0,0.0,2024-09-27
5404,27,4908,1,1,0,0.0,2024-08-27
5405,23,154,1,1,1,50.93,2026-02-04
5406,7,216,1,1,0,0.0,2025-09-02
5407,16,3526,1,1,0,0.0,2025-01-03
5408,12,4813,1,0,1,157.48,2026-04-13
5409,25,1104,1,1,1,133.45,2025-08-18
5410,1,4628,1,1,0,0.0,2026-05-04
5411,39,1043,1,1,0,0.0,2026-07-28
5412,34,3286,1,1,0,0.0,2024-09-02
5413,6,1439,1,1,0,0.0,2025-07-29
5414,10,4448,1,1,1,217.54,2024-08-30
5415,12,28,1,1,1,228.33,2025-05-19
5416,30,1243,1,0,1,198.87,2025-04-18
5417,39,2078,1,0,1,141.28,2024-12-22
5418,29,1739,1,0,1,193.67,2024-10-04
5419,9,2445,1,1,1,169.65,2024-09-08
5420,14,4966,1,0,0,0.0,2024-09-11
5421,9,375,1,1,1,154.59,2025-11-07
5422,18,4421,1,0,1,139.93,2025-03-07
5423,33,884,1,1,1,248.48,2026-01-06
5424,5,4168,1,1,0,0.0,2025-05-25
5425,4,1348,1,1,0,0.0,2026-05-17
5426,39,4970,1,1,0,0.0,2025-03-04
5427,18,16,1,0,1,156.32,2024-10-24
5428,6,3871,1,0,0,0.0,2026-03-13
5429,10,850,1,0,1,63.88,2026-01-01
5430,29,2301,1,1,1,131.37,2025-05-17
5431,28,1899,1,1,1,243.71,2025-08-03
5432,38,4810,1,0,0,0.0,2025-07-28
5433,32,3936,1,1,1,222.33,2025-03-12
5434,32,1608,1,1,0,0.0,2025-04-17
5435,13,1356,1,1,1,72.75,2026-01-09
5436,25,1756,1,0,1,80.12,2025-10-14
5437,30,4954,1,0,0,0.0,2025-06-16
5438,35,178,1,0,1,181.03,2024-12-12
5439,13,1434,1,0,0,0.0,2025-05-15
5440,34,1125,1,1,0,0.0,2026-03-13
5441,29,1096,1,1,0,0.0,2024-11-29
5442,23,242,1,1,1,189.06,2025-07-25
5443,28,4861,1,1,0,0.0,2025-11-04
5444,3,3009,1,0,0,0.0,2024-09-04
5445,24,3662,1,1,0,0.0,2026-04-26
5446,28,2176,1,1,1,210.94,2025-09-21
5447,26,981,1,1,0,0.0,2025-10-03
5448,31,3944,1,1,1,191.6,2024-12-02
5449,3,553,1,1,1,242.3,2025-10-23
5450,36,495,1,1,1,17.95,2024-11-01
5451,7,2739,1,1,0,0.0,2025-04-08
5452,37,2798,1,0,0,0.0,2026-06-04
5453,28,1613,1,0,1,76.35,2026-03-27
5454,18,3540,1,1,0,0.0,2025-11-24
5455,26,3064,1,0,0,0.0,2025-08-26
5456,26,2280,1,1,1,82.05,2024-08-22
5457,24,472,1,1,0,0.0,2025-03-09
5458,15,3523,1,1,0,0.0,2025-02-27
5459,20,2267,1,0,0,0.0,2025-05-27
5460,36,4195,1,1,1,179.52,2026-01-13
5461,24,1483,1,1,1,44.03,2026-02-08
5462,21,1102,1,0,0,0.0,2024-11-21
5463,30,572,1,0,0,0.0,2025-06-22
5464,30,550,1,0,1,61.22,2025-12-03
5465,4,4724,1,0,1,36.86,2025-05-26
5466,20,3818,1,1,0,0.0,2025-05-01
5467,8,2811,1,1,0,0.0,2026-02-21
5468,9,3608,1,0,1,77.73,2025-04-18
5469,17,4641,1,1,0,0.0,2025-07-09
5470,21,1565,1,0,1,214.21,2025-11-03
5471,28,2559,1,1,0,0.0,2026-02-23
5472,7,3041,1,1,0,0.0,2024-10-13
5473,1,429,1,0,0,0.0,2025-05-28
5474,3,3790,1,1,0,0.0,2026-03-13
5475,38,2804,1,1,1,236.94,2026-01-24
5476,15,4263,1,1,0,0.0,2025-03-30
5477,14,3117,1,0,0,0.0,2024-09-24
5478,40,1606,1,0,0,0.0,2026-02-22
5479,26,3732,1,1,0,0.0,2025-08-11
5480,16,3968,1,0,0,0.0,2026-06-12
5481,39,196,1,0,0,0.0,2026-06-07
5482,25,3800,1,0,0,0.0,2026-03-15
5483,34,2242,1,1,0,0.0,2024-10-17
5484,4,2404,1,1,1,150.06,2025-05-18
5485,30,2872,1,1,0,0.0,2025-06-22
5486,8,603,1,1,0,0.0,2026-02-13
5487,32,3627,1,0,0,0.0,2024-12-20
5488,32,2182,1,1,0,0.0,2024-10-08
5489,37,3924,1,0,0,0.0,2025-10-13
5490,32,3753,1,0,0,0.0,2025-09-08
5491,12,1255,1,0,0,0.0,2026-07-09
5492,5,2146,1,1,1,17.53,2026-07-02
5493,22,3242,1,0,0,0.0,2025-11-07
5494,22,515,1,1,1,108.01,2025-11-18
5495,15,1905,1,1,0,0.0,2025-07-29
5496,6,1540,1,0,0,0.0,2024-11-14
5497,31,3177,1,0,1,184.08,2024-08-29
5498,4,2991,1,1,0,0.0,2025-02-28
5499,34,510,1,1,0,0.0,2025-08-15
5500,40,4845,1,1,0,0.0,2026-06-19
5501,29,4494,1,1,0,0.0,2026-03-15
5502,28,1462,1,1,1,43.14,2025-04-15
5503,19,4188,1,0,1,215.54,2025-09-25
5504,12,1747,1,1,0,0.0,2025-02-26
5505,30,3085,1,1,1,21.32,2025-10-12
5506,16,3986,1,0,0,0.0,2025-03-25
5507,36,1441,1,0,1,30.3,2024-09-25
5508,26,4713,1,0,1,101.26,2025-08-27
5509,1,2508,1,0,0,0.0,2026-01-17
5510,36,3041,1,1,0,0.0,2026-04-04
5511,17,2053,1,1,1,136.64,2026-02-18
5512,8,3760,1,0,0,0.0,2026-03-27
5513,11,1499,1,0,1,75.28,2025-01-07
5514,13,3634,1,1,1,106.56,2025-10-05
5515,22,4842,1,1,0,0.0,2025-08-05
5516,17,268,1,0,0,0.0,2025-11-29
5517,37,3684,1,0,0,0.0,2026-05-24
5518,19,911,1,0,0,0.0,2025-04-12
5519,19,301,1,0,0,0.0,2026-06-24
5520,24,1363,1,1,0,0.0,2025-07-07
5521,15,1074,1,0,0,0.0,2024-10-30
5522,33,2653,1,1,1,108.01,2025-10-07
5523,39,3591,1,1,0,0.0,2026-01-03
5524,31,697,1,0,0,0.0,2024-10-03
5525,1,3706,1,0,0,0.0,2025-08-21
5526,13,1837,1,0,1,85.77,2026-01-12
5527,36,4495,1,0,0,0.0,2025-08-12
5528,31,2715,1,1,0,0.0,2025-04-07
5529,32,1302,1,1,0,0.0,2026-01-05
5530,8,1261,1,0,0,0.0,2025-04-18
5531,8,2828,1,1,1,41.46,2025-03-29
5532,3,23,1,0,0,0.0,2025-09-04
5533,31,2111,1,1,1,151.58,2025-10-31
5534,28,965,1,0,1,186.79,2025-01-04
5535,39,4645,1,0,1,23.09,2026-01-08
5536,20,2642,1,0,1,40.68,2025-07-07
5537,17,2523,1,0,0,0.0,2024-10-26
5538,34,4651,1,1,1,46.77,2024-08-31
5539,40,1129,1,0,1,166.58,2025-12-22
5540,10,4250,1,1,1,106.94,2024-11-11
5541,29,2500,1,1,1,24.85,2024-11-06
5542,6,636,1,1,0,0.0,2026-07-13
5543,20,1875,1,1,1,186.6,2025-05-22
5544,17,4927,1,1,1,29.32,2025-02-02
5545,11,4551,1,1,0,0.0,2025-06-09
5546,30,2169,1,1,1,53.04,2025-08-16
5547,19,902,1,0,0,0.0,2026-05-10
5548,3,1034,1,0,0,0.0,2024-11-29
5549,15,808,1,1,1,119.23,2024-08-30
5550,26,2427,1,1,0,0.0,2025-12-27
5551,36,2825,1,0,1,237.03,2026-01-31
5552,15,115,1,0,0,0.0,2026-02-06
5553,30,706,1,0,0,0.0,2025-05-04
5554,31,1175,1,0,1,217.8,2025-03-29
5555,25,2767,1,1,1,100.54,2026-05-21
5556,16,2721,1,1,1,58.26,2025-08-01
5557,10,284,1,0,1,74.56,2025-12-26
5558,3,3615,1,0,0,0.0,2025-05-23
5559,15,1517,1,1,0,0.0,2024-08-04
5560,32,1679,1,0,1,230.95,2024-08-08
5561,34,4549,1,0,1,121.57,2025-09-20
5562,23,4690,1,1,0,0.0,2025-11-26
5563,29,2785,1,1,1,106.59,2025-01-09
5564,28,4088,1,0,1,14.85,2026-02-21
5565,39,4171,1,0,1,16.84,2025-03-26
5566,32,1278,1,1,1,31.55,2025-09-06
5567,25,3254,1,1,0,0.0,2025-01-20
5568,27,2792,1,1,0,0.0,2025-07-24
5569,22,4667,1,0,0,0.0,2024-10-25
5570,25,3557,1,0,1,182.44,2025-02-07
5571,17,3293,1,1,0,0.0,2026-05-09
5572,2,2273,1,0,0,0.0,2025-03-08
5573,13,848,1,0,0,0.0,2026-07-06
5574,10,4940,1,1,0,0.0,2026-03-24
5575,3,2467,1,0,1,61.39,2025-10-13
5576,32,2337,1,0,1,94.89,2025-06-16
5577,12,524,1,0,1,79.54,2024-08-18
5578,2,1553,1,1,0,0.0,2026-07-12
5579,20,2452,1,1,0,0.0,2024-09-10
5580,20,4341,1,1,1,84.73,2025-06-03
5581,2,1414,1,1,1,136.0,2025-03-23
5582,37,3836,1,0,1,207.82,2026-02-12
5583,7,1796,1,1,0,0.0,2024-08-26
5584,22,1389,1,0,0,0.0,2026-02-08
5585,18,1271,1,1,1,50.16,2025-05-12
5586,40,831,1,0,0,0.0,2026-06-18
5587,7,2401,1,0,1,104.81,2026-03-22
5588,23,3816,1,0,1,75.71,2024-12-14
5589,5,4386,1,1,1,236.92,2026-08-04
5590,4,3517,1,0,1,130.66,2025-06-28
5591,4,259,1,1,0,0.0,2025-11-21
5592,18,1991,1,0,0,0.0,2026-04-01
5593,12,4580,1,1,1,13.97,2026-03-23
5594,39,3985,1,1,1,105.46,2026-06-08
5595,28,515,1,0,1,154.82,2026-05-14
5596,24,25,1,1,0,0.0,2026-01-06
5597,37,4751,1,0,0,0.0,2025-03-07
5598,34,1524,1,0,0,0.0,2025-06-12
5599,35,1512,1,1,0,0.0,2024-11-04
5600,29,2006,1,1,0,0.0,2025-01-31
5601,39,220,1,1,0,0.0,2025-05-11
5602,24,2122,1,1,1,191.5,2025-07-30
5603,7,2795,1,0,1,76.6,2026-03-25
5604,30,2609,1,1,1,41.57,2026-03-25
5605,18,2573,1,0,0,0.0,2025-10-16
5606,40,3832,1,1,1,43.07,2026-04-08
5607,34,1627,1,0,0,0.0,2025-08-23
5608,3,3133,1,0,0,0.0,2025-04-29
5609,21,3246,1,1,1,235.16,2026-02-27
5610,16,4634,1,0,1,98.99,2025-05-09
5611,23,3134,1,1,0,0.0,2025-07-31
5612,7,3134,1,0,1,203.7,2025-02-04
5613,27,4726,1,0,0,0.0,2026-04-12
5614,5,50,1,1,1,97.87,2026-05-14
5615,35,3403,1,0,0,0.0,2024-11-10
5616,25,1581,1,1,1,52.0,2026-05-15
5617,2,2191,1,1,0,0.0,2026-07-10
5618,6,1373,1,0,0,0.0,2025-09-06
5619,9,3514,1,0,0,0.0,2024-08-10
5620,19,22,1,0,0,0.0,2026-05-08
5621,3,3679,1,0,1,245.9,2026-01-09
5622,27,1393,1,1,1,94.07,2026-07-29
5623,12,4392,1,0,0,0.0,2025-10-26
5624,13,3331,1,1,0,0.0,2024-11-30
5625,24,2305,1,1,1,57.82,2026-05-12
5626,29,2426,1,1,1,216.16,2026-03-28
5627,37,4167,1,0,0,0.0,2024-09-22
5628,4,4036,1,0,0,0.0,2024-11-12
5629,20,1803,1,1,0,0.0,2025-12-16
5630,10,886,1,1,1,144.79,2025-02-11
5631,14,4237,1,0,1,181.26,2024-11-10
5632,13,4883,1,0,1,176.33,2025-04-13
5633,16,1010,1,1,1,109.42,2025-05-18
5634,39,3928,1,0,0,0.0,2025-05-30
5635,8,1205,1,1,0,0.0,2025-09-30
5636,34,4960,1,0,0,0.0,2026-02-16
5637,7,2961,1,0,1,87.33,2025-12-02
5638,1,1667,1,0,0,0.0,2026-05-12
5639,28,2952,1,0,1,35.14,2026-05-18
5640,1,4124,1,1,0,0.0,2026-06-08
5641,32,939,1,0,0,0.0,2026-07-03
5642,6,2605,1,1,1,18.43,2025-04-01
5643,11,384,1,1,0,0.0,2024-11-04
5644,5,2591,1,1,0,0.0,2024-09-13
5645,11,4759,1,1,0,0.0,2025-09-23
5646,36,3615,1,1,0,0.0,2026-05-17
5647,26,2564,1,0,1,25.31,2026-05-27
5648,14,3457,1,1,0,0.0,2025-01-17
5649,5,3369,1,1,1,11.08,2026-03-21
5650,19,3088,1,0,0,0.0,2025-05-16
5651,28,4039,1,1,0,0.0,2024-11-12
5652,7,1345,1,0,1,187.24,2025-02-15
5653,6,1236,1,1,0,0.0,2025-01-29
5654,39,2897,1,0,0,0.0,2024-08-08
5655,13,4410,1,1,1,237.55,2025-09-07
5656,21,266,1,1,0,0.0,2025-09-16
5657,13,3665,1,0,1,10.25,2026-04-29
5658,10,1614,1,1,1,50.62,2025-05-25
5659,15,2811,1,0,0,0.0,2025-12-27
5660,34,1173,1,0,1,164.4,2025-06-15
5661,5,1834,1,1,1,247.88,2025-08-17
5662,34,2184,1,0,0,0.0,2026-03-13
5663,29,153,1,1,1,230.51,2026-03-17
5664,9,2517,1,1,1,154.96,2024-10-23
5665,28,3007,1,0,1,232.69,2025-03-20
5666,14,1999,1,1,0,0.0,2026-08-03
5667,7,241,1,1,0,0.0,2024-10-12
5668,10,4992,1,1,1,134.29,2025-01-31
5669,38,1935,1,0,0,0.0,2026-01-19
5670,32,4932,1,0,0,0.0,2026-03-06
5671,19,4475,1,1,1,207.38,2025-07-02
5672,28,3043,1,0,0,0.0,2025-09-14
5673,40,2069,1,0,1,125.57,2026-03-24
5674,35,288,1,1,0,0.0,2025-07-03
5675,28,4766,1,0,1,248.56,2025-05-28
5676,36,4766,1,0,0,0.0,2026-06-26
5677,34,4203,1,1,0,0.0,2025-11-04
5678,32,2471,1,0,0,0.0,2024-12-26
5679,26,519,1,0,0,0.0,2025-11-09
5680,9,909,1,0,0,0.0,2025-12-23
5681,30,578,1,0,1,30.84,2025-03-14
5682,25,1733,1,0,1,73.12,2026-05-28
5683,38,939,1,0,1,126.9,2026-04-03
5684,24,1708,1,0,1,242.53,2024-08-11
5685,38,4301,1,1,0,0.0,2024-08-09
5686,29,2982,1,0,1,115.95,2025-09-19
5687,25,1091,1,0,1,237.65,2024-10-25
5688,9,1955,1,0,0,0.0,2025-10-23
5689,33,1013,1,0,1,112.21,2026-04-06
5690,31,3124,1,0,0,0.0,2026-01-01
5691,31,332,1,0,0,0.0,2025-01-17
5692,8,3698,1,1,1,94.56,2024-12-28
5693,24,3337,1,0,0,0.0,2025-02-23
5694,15,902,1,1,1,163.31,2025-11-03
5695,13,293,1,0,1,95.23,2025-06-14
5696,36,277,1,1,0,0.0,2026-01-30
5697,17,3544,1,1,0,0.0,2026-04-25
5698,22,230,1,1,1,216.42,2026-02-21
5699,24,3775,1,1,1,14.2,2025-03-13
5700,1,18,1,1,0,0.0,2025-04-13
5701,26,4452,1,1,1,76.49,2026-02-13
5702,2,4225,1,0,0,0.0,2026-04-11
5703,37,356,1,0,0,0.0,2024-11-27
5704,22,3168,1,1,0,0.0,2025-09-08
5705,36,3353,1,0,0,0.0,2025-02-22
5706,18,3740,1,1,1,219.43,2025-03-06
5707,28,1370,1,1,1,72.17,2025-07-11
5708,39,214,1,0,0,0.0,2025-01-16
5709,6,2046,1,1,1,122.99,2025-01-01
5710,8,2289,1,1,0,0.0,2025-06-20
5711,33,3827,1,1,1,59.58,2025-10-16
5712,14,1020,1,0,1,24.74,2025-11-12
5713,32,2892,1,1,0,0.0,2026-05-03
5714,20,501,1,1,1,77.91,2025-07-09
5715,10,4765,1,0,0,0.0,2026-03-05
5716,13,520,1,0,1,134.29,2025-07-16
5717,25,1812,1,1,1,67.96,2026-05-19
5718,6,161,1,0,1,64.44,2026-03-10
5719,16,4084,1,0,0,0.0,2025-02-27
5720,25,3323,1,1,0,0.0,2025-11-14
5721,40,1961,1,0,1,167.26,2025-02-19
5722,30,3172,1,1,0,0.0,2026-01-06
5723,39,3472,1,1,1,227.29,2025-08-15
5724,24,4829,1,0,1,240.83,2026-08-02
5725,3,3771,1,1,0,0.0,2026-06-25
5726,19,1003,1,1,0,0.0,2026-04-07
5727,20,44,1,1,0,0.0,2026-06-23
5728,25,3599,1,0,1,175.1,2026-07-24
5729,40,1598,1,0,0,0.0,2025-03-13
5730,25,2406,1,0,1,209.06,2024-08-23
5731,14,4492,1,1,0,0.0,2025-11-10
5732,24,4716,1,0,1,235.76,2025-07-31
5733,19,3003,1,0,1,177.52,2026-03-14
5734,3,3659,1,0,0,0.0,2026-05-07
5735,13,3263,1,1,1,27.21,2025-03-02
5736,14,2774,1,1,0,0.0,2025-10-17
5737,17,3892,1,1,0,0.0,2024-12-31
5738,33,1673,1,1,1,225.03,2026-04-19
5739,19,3615,1,1,1,184.35,2026-01-17
5740,6,4403,1,0,0,0.0,2026-04-09
5741,23,595,1,1,0,0.0,2024-12-29
5742,28,1115,1,1,0,0.0,2026-02-26
5743,31,4561,1,1,1,62.96,2026-01-20
5744,10,1941,1,1,1,80.36,2026-01-03
5745,9,519,1,0,1,163.7,2026-01-30
5746,34,1207,1,1,0,0.0,2026-01-16
5747,4,4281,1,1,1,135.25,2025-05-15
5748,15,2691,1,0,1,20.22,2025-12-16
5749,8,2839,1,1,1,166.66,2025-11-17
5750,26,442,1,1,0,0.0,2024-12-08
5751,11,2147,1,1,1,16.96,2024-10-01
5752,27,3727,1,0,1,66.59,2026-05-03
5753,12,2330,1,1,0,0.0,2025-03-24
5754,10,4295,1,0,1,195.78,2025-09-04
5755,15,3523,1,1,0,0.0,2025-03-15
5756,26,115,1,1,0,0.0,2025-10-05
5757,31,176,1,0,0,0.0,2025-06-08
5758,29,4134,1,1,0,0.0,2025-12-29
5759,19,3001,1,0,0,0.0,2026-01-15
5760,19,1400,1,0,1,51.09,2025-07-09
5761,4,748,1,0,0,0.0,2025-12-25
5762,3,1538,1,0,1,123.95,2026-08-04
5763,10,2065,1,0,0,0.0,2026-05-16
5764,38,3500,1,1,0,0.0,2026-07-06
5765,26,3513,1,0,0,0.0,2026-01-04
5766,28,575,1,0,1,221.42,2026-02-02
5767,1,3686,1,1,0,0.0,2025-08-28
5768,2,1160,1,1,0,0.0,2025-02-27
5769,6,4325,1,0,1,149.32,2024-12-09
5770,12,2462,1,0,1,192.02,2025-06-30
5771,40,261,1,0,0,0.0,2024-10-03
5772,3,1475,1,0,0,0.0,2025-01-07
5773,25,3586,1,0,1,93.37,2024-08-06
5774,5,1120,1,0,0,0.0,2026-01-20
5775,10,3393,1,0,0,0.0,2026-01-05
5776,31,4131,1,0,0,0.0,2025-05-21
5777,40,1023,1,0,1,198.09,2025-12-25
5778,17,4378,1,0,0,0.0,2024-11-11
5779,6,359,1,0,1,112.64,2025-03-13
5780,5,3562,1,1,0,0.0,2026-08-04
5781,24,1113,1,1,1,204.5,2025-05-16
5782,5,3198,1,0,1,91.67,2026-06-10
5783,23,2173,1,0,1,61.53,2026-07-27
5784,32,1278,1,0,1,237.18,2026-05-16
5785,23,4652,1,0,0,0.0,2024-09-09
5786,22,1270,1,0,1,21.77,2026-01-16
5787,31,1426,1,1,1,140.63,2024-10-19
5788,35,1720,1,0,1,78.9,2025-06-18
5789,9,1615,1,0,0,0.0,2024-10-23
5790,39,3659,1,1,1,70.39,2025-04-10
5791,36,2714,1,0,0,0.0,2025-12-16
5792,32,3016,1,0,1,36.46,2024-08-14
5793,1,4180,1,1,0,0.0,2025-10-04
5794,37,1698,1,1,0,0.0,2025-05-19
5795,1,1283,1,1,1,45.47,2026-04-04
5796,8,4582,1,1,1,199.63,2026-03-26
5797,40,1856,1,1,0,0.0,2025-04-18
5798,10,1090,1,0,0,0.0,2024-10-23
5799,11,209,1,1,1,95.33,2026-06-01
5800,40,1230,1,1,0,0.0,2026-03-25
5801,10,2374,1,0,1,68.13,2025-11-25
5802,26,1789,1,0,0,0.0,2026-03-22
5803,10,717,1,1,0,0.0,2025-06-19
5804,32,4618,1,0,0,0.0,2025-09-12
5805,2,2152,1,1,0,0.0,2025-12-29
5806,18,878,1,0,0,0.0,2026-06-28
5807,27,2925,1,1,1,21.31,2024-09-12
5808,37,2448,1,0,1,95.96,2025-12-15
5809,23,3537,1,1,1,109.77,2025-09-14
5810,9,2997,1,1,0,0.0,2025-08-12
5811,16,2040,1,0,1,26.59,2026-06-29
5812,38,638,1,1,1,96.91,2026-04-27
5813,30,2937,1,0,0,0.0,2025-02-04
5814,20,1048,1,1,0,0.0,2026-06-18
5815,3,2510,1,1,1,172.84,2025-04-16
5816,7,249,1,1,1,154.46,2026-03-16
5817,33,2968,1,0,0,0.0,2025-10-20
5818,29,3069,1,1,1,117.13,2026-05-01
5819,30,1342,1,1,1,188.37,2025-07-18
5820,3,4222,1,1,0,0.0,2026-03-25
5821,15,3065,1,1,0,0.0,2024-10-13
5822,36,4415,1,0,1,236.32,2026-04-21
5823,10,898,1,1,1,14.74,2025-11-12
5824,8,2340,1,1,0,0.0,2024-09-02
5825,31,2479,1,0,0,0.0,2024-12-05
5826,10,3998,1,1,1,200.5,2026-01-03
5827,15,36,1,0,1,124.59,2025-09-21
5828,14,4854,1,0,0,0.0,2026-07-19
5829,6,1889,1,0,1,154.46,2025-07-30
5830,4,1947,1,0,1,88.27,2025-01-02
5831,5,2077,1,0,0,0.0,2026-07-27
5832,12,100,1,0,1,235.64,2025-03-18
5833,17,1293,1,0,1,137.76,2024-11-30
5834,9,1347,1,0,1,143.76,2024-10-14
5835,13,4378,1,0,1,80.76,2025-12-08
5836,21,3877,1,0,1,79.22,2024-12-13
5837,40,806,1,1,1,103.48,2025-02-25
5838,28,3658,1,0,1,43.54,2025-01-14
5839,9,1376,1,1,1,111.84,2026-06-27
5840,32,1304,1,1,0,0.0,2026-03-23
5841,23,3751,1,0,0,0.0,2025-09-03
5842,38,4997,1,0,1,71.0,2026-06-14
5843,38,2816,1,1,0,0.0,2025-08-12
5844,25,2498,1,0,1,103.96,2024-10-09
5845,35,4851,1,1,1,189.34,2025-03-01
5846,26,481,1,0,1,29.83,2025-10-18
5847,16,2542,1,1,1,99.27,2025-06-19
5848,12,1538,1,0,1,58.61,2025-04-18
5849,29,3978,1,0,0,0.0,2026-07-12
5850,33,2667,1,1,1,140.26,2024-10-24
5851,13,4211,1,0,0,0.0,2025-03-25
5852,30,2717,1,1,0,0.0,2026-07-01
5853,38,3338,1,1,0,0.0,2024-08-15
5854,11,1718,1,1,0,0.0,2024-08-30
5855,11,1867,1,0,0,0.0,2025-12-05
5856,16,912,1,1,0,0.0,2025-01-12
5857,33,2649,1,0,0,0.0,2025-09-12
5858,14,3371,1,1,0,0.0,2026-05-24
5859,34,2678,1,1,0,0.0,2025-10-08
5860,9,4529,1,1,0,0.0,2024-11-14
5861,20,3876,1,1,1,156.26,2024-12-11
5862,9,2904,1,1,0,0.0,2025-09-13
5863,24,1488,1,1,0,0.0,2025-03-31
5864,31,1945,1,1,1,130.23,2026-05-21
5865,3,4221,1,0,0,0.0,2025-03-27
5866,1,4031,1,1,0,0.0,2026-06-10
5867,5,672,1,1,0,0.0,2026-03-04
5868,20,4186,1,0,1,242.75,2025-06-24
5869,17,1026,1,0,0,0.0,2025-10-05
5870,3,4449,1,1,0,0.0,2026-05-03
5871,1,901,1,0,1,138.21,2026-02-09
5872,36,2987,1,0,1,107.58,2025-04-02
5873,9,3976,1,0,0,0.0,2026-04-05
5874,3,2929,1,1,1,173.0,2025-07-29
5875,39,3251,1,1,1,38.25,2025-04-15
5876,34,1997,1,0,0,0.0,2025-01-28
5877,37,4279,1,0,0,0.0,2025-04-18
5878,31,2305,1,0,1,151.29,2026-05-29
5879,6,1831,1,0,0,0.0,2024-10-24
5880,38,1422,1,1,0,0.0,2026-05-03
5881,17,2709,1,0,0,0.0,2026-06-13
5882,36,4247,1,0,0,0.0,2026-07-05
5883,18,260,1,1,0,0.0,2026-03-28
5884,4,1213,1,1,1,73.55,2025-05-21
5885,14,4293,1,0,1,19.66,2026-05-30
5886,28,3035,1,1,1,84.01,2025-05-09
5887,16,3074,1,1,1,128.35,2024-09-04
5888,31,4503,1,0,1,247.13,2024-12-09
5889,36,4246,1,0,0,0.0,2026-07-12
5890,38,2038,1,0,0,0.0,2026-03-09
5891,12,166,1,1,0,0.0,2026-06-15
5892,7,2211,1,0,0,0.0,2025-01-20
5893,25,600,1,0,0,0.0,2024-11-15
5894,4,3954,1,0,0,0.0,2024-12-01
5895,34,1258,1,0,0,0.0,2026-03-18
5896,12,4491,1,0,1,87.16,2026-02-18
5897,18,4052,1,0,0,0.0,2025-09-29
5898,20,511,1,0,0,0.0,2024-08-04
5899,14,422,1,1,1,57.23,2026-06-19
5900,11,3598,1,1,0,0.0,2025-03-27
5901,13,3838,1,1,1,41.09,2025-07-26
5902,31,3350,1,0,1,191.58,2025-11-25
5903,34,1441,1,1,0,0.0,2026-03-11
5904,17,862,1,0,0,0.0,2026-05-30
5905,29,882,1,0,0,0.0,2025-02-09
5906,35,3415,1,0,0,0.0,2025-01-08
5907,4,565,1,1,0,0.0,2025-09-11
5908,11,554,1,1,0,0.0,2025-07-04
5909,37,2168,1,1,1,210.14,2025-11-27
5910,31,1804,1,0,1,98.16,2026-06-18
5911,37,1702,1,0,0,0.0,2025-08-14
5912,13,4005,1,0,0,0.0,2025-12-17
5913,22,3532,1,1,1,202.88,2025-01-15
5914,33,3158,1,0,1,44.09,2025-05-21
5915,27,1049,1,1,1,49.15,2025-10-24
5916,3,24,1,0,1,114.25,2024-12-16
5917,4,4183,1,1,1,156.73,2025-03-22
5918,33,3009,1,1,0,0.0,2024-12-14
5919,7,3604,1,1,1,111.62,2025-12-01
5920,31,3512,1,1,0,0.0,2025-04-11
5921,24,218,1,0,1,227.77,2026-07-13
5922,20,1434,1,1,0,0.0,2025-10-15
5923,4,3503,1,1,0,0.0,2026-07-25
5924,36,4452,1,1,0,0.0,2025-07-26
5925,9,3927,1,0,0,0.0,2025-12-03
5926,35,1181,1,1,0,0.0,2026-07-10
5927,21,3407,1,1,0,0.0,2025-10-16
5928,8,638,1,0,1,216.06,2026-06-30
5929,28,4023,1,1,0,0.0,2026-03-09
5930,17,4902,1,0,0,0.0,2025-09-26
5931,4,82,1,1,1,14.74,2025-07-17
5932,22,3741,1,1,1,57.43,2026-07-03
5933,20,1875,1,1,1,107.14,2024-09-09
5934,19,2890,1,0,1,54.7,2024-09-04
5935,7,692,1,0,0,0.0,2025-02-11
5936,23,4240,1,1,0,0.0,2024-09-03
5937,40,320,1,0,1,171.84,2026-05-16
5938,21,3307,1,1,1,10.12,2025-03-09
5939,17,3420,1,0,0,0.0,2024-12-23
5940,6,3665,1,1,1,214.44,2025-02-18
5941,35,2676,1,1,1,137.18,2025-11-16
5942,23,4555,1,1,0,0.0,2024-09-27
5943,34,2789,1,1,0,0.0,2026-06-06
5944,21,1689,1,0,0,0.0,2026-05-08
5945,15,4372,1,0,1,159.59,2026-01-04
5946,25,1103,1,0,1,138.7,2025-03-14
5947,10,3415,1,0,1,204.54,2026-05-26
5948,32,4170,1,1,0,0.0,2026-07-10
5949,39,361,1,0,0,0.0,2025-02-15
5950,10,3091,1,1,1,147.39,2025-12-10
5951,21,1183,1,1,0,0.0,2026-04-04
5952,34,1512,1,0,0,0.0,2026-07-18
5953,18,4533,1,1,1,70.02,2025-09-03
5954,14,30,1,0,0,0.0,2025-07-12
5955,31,4923,1,1,0,0.0,2024-08-18
5956,7,1061,1,1,0,0.0,2025-02-09
5957,6,1152,1,0,1,230.72,2024-11-29
5958,3,4643,1,1,0,0.0,2025-12-18
5959,13,4535,1,1,1,153.42,2026-01-03
5960,8,4953,1,1,0,0.0,2026-07-15
5961,25,3682,1,0,0,0.0,2026-04-23
5962,23,3935,1,1,0,0.0,2025-10-01
5963,3,50,1,1,0,0.0,2025-09-17
5964,14,3943,1,0,1,186.67,2025-05-14
5965,21,3159,1,1,0,0.0,2026-02-11
5966,29,2715,1,0,0,0.0,2025-07-17
5967,32,2676,1,0,1,202.15,2025-07-14
5968,4,3254,1,0,1,171.56,2025-01-23
5969,22,1666,1,0,0,0.0,2025-09-06
5970,27,1469,1,1,1,117.66,2024-09-10
5971,26,135,1,0,0,0.0,2025-05-17
5972,17,4333,1,1,0,0.0,2024-09-25
5973,33,3861,1,1,1,90.24,2025-01-02
5974,11,2086,1,1,0,0.0,2026-07-18
5975,14,1400,1,0,1,30.48,2026-01-11
5976,25,347,1,1,0,0.0,2024-09-29
5977,8,1572,1,0,0,0.0,2026-02-04
5978,35,2707,1,0,0,0.0,2025-04-30
5979,1,2718,1,0,1,83.96,2025-07-31
5980,35,1280,1,0,0,0.0,2024-12-02
5981,9,4438,1,1,0,0.0,2024-10-05
5982,38,3915,1,0,0,0.0,2025-02-16
5983,25,1522,1,1,1,235.59,2024-12-08
5984,22,3029,1,0,1,22.42,2024-09-14
5985,19,238,1,0,0,0.0,2025-12-09
5986,40,761,1,0,1,147.12,2025-01-27
5987,27,11,1,1,0,0.0,2026-03-14
5988,31,4412,1,1,0,0.0,2025-04-30
5989,39,1606,1,0,0,0.0,2025-10-11
5990,17,2429,1,1,0,0.0,2025-07-17
5991,3,3244,1,1,0,0.0,2025-07-16
5992,12,2280,1,1,1,54.38,2024-11-05
5993,37,318,1,1,1,85.9,2024-12-10
5994,33,700,1,0,1,30.94,2026-06-20
5995,23,1830,1,0,0,0.0,2025-02-23
5996,11,3870,1,1,0,0.0,2025-11-23
5997,37,2792,1,1,1,198.91,2026-03-29
5998,33,4489,1,0,1,87.43,2025-06-12
5999,33,876,1,0,0,0.0,2025-06-07
6000,37,4852,1,1,0,0.0,2026-03-01
6001,9,4686,1,1,0,0.0,2025-06-02
6002,28,903,1,0,1,183.29,2024-09-15
6003,30,2701,1,0,0,0.0,2024-12-11
6004,15,1183,1,1,0,0.0,2025-05-06
6005,33,4140,1,0,1,13.8,2025-08-16
6006,22,2248,1,0,0,0.0,2026-03-15
6007,19,3421,1,0,0,0.0,2024-12-04
6008,4,726,1,1,1,129.71,2026-06-30
6009,29,3804,1,0,0,0.0,2026-02-06
6010,1,2106,1,0,0,0.0,2024-09-11
6011,32,2916,1,0,1,36.14,2025-11-22
6012,31,1427,1,1,1,163.49,2025-09-29
6013,14,3161,1,0,0,0.0,2025-04-17
6014,20,2120,1,0,1,223.88,2024-12-14
6015,19,1342,1,1,0,0.0,2025-02-03
6016,35,1812,1,1,1,107.04,2025-06-24
6017,25,4442,1,0,0,0.0,2024-08-30
6018,29,3369,1,0,1,206.84,2024-09-24
6019,8,1520,1,0,1,178.74,2025-02-18
6020,26,4694,1,1,0,0.0,2025-06-06
6021,38,3758,1,1,1,49.15,2024-12-30
6022,38,3115,1,0,0,0.0,2025-04-14
6023,23,2975,1,0,0,0.0,2025-03-04
6024,12,783,1,1,1,34.29,2025-01-31
6025,36,2535,1,0,1,167.59,2026-02-05
6026,26,3579,1,0,1,64.65,2026-07-26
6027,14,1746,1,0,0,0.0,2025-06-26
6028,6,171,1,1,1,11.67,2025-01-12
6029,9,1778,1,1,1,48.23,2026-01-29
6030,22,4763,1,1,0,0.0,2026-04-23
6031,28,1123,1,0,0,0.0,2025-02-11
6032,27,4105,1,1,1,182.71,2025-07-26
6033,6,3956,1,1,1,86.73,2025-03-23
6034,3,1228,1,0,0,0.0,2025-04-02
6035,31,2141,1,1,0,0.0,2025-02-22
6036,18,711,1,0,0,0.0,2026-03-13
6037,3,4466,1,1,0,0.0,2026-07-28
6038,20,899,1,0,1,153.39,2025-05-16
6039,2,1366,1,1,1,41.1,2026-03-07
6040,5,440,1,0,0,0.0,2026-06-02
6041,19,4108,1,1,0,0.0,2025-08-10
6042,21,3282,1,1,1,182.8,2026-06-25
6043,23,2933,1,0,1,173.0,2024-08-13
6044,21,1812,1,0,1,16.54,2025-11-02
6045,5,3657,1,1,0,0.0,2026-07-25
6046,4,1435,1,0,0,0.0,2024-09-28
6047,26,3113,1,1,1,130.81,2025-02-02
6048,21,3689,1,1,0,0.0,2026-08-01
6049,4,4413,1,0,1,213.26,2026-03-17
6050,38,2202,1,1,1,40.28,2024-10-22
6051,23,249,1,0,1,194.93,2024-09-01
6052,19,4866,1,0,0,0.0,2025-01-14
6053,38,761,1,1,1,157.47,2025-09-22
6054,4,1933,1,0,1,202.76,2025-06-10
6055,4,1689,1,1,1,37.36,2024-12-10
6056,30,3357,1,0,0,0.0,2024-12-25
6057,9,4723,1,0,1,52.27,2025-04-02
6058,16,266,1,1,1,86.7,2024-11-16
6059,40,3666,1,1,0,0.0,2024-10-11
6060,19,464,1,0,0,0.0,2026-06-17
6061,21,504,1,0,0,0.0,2024-09-29
6062,3,1738,1,0,0,0.0,2024-12-19
6063,16,4063,1,1,1,232.61,2025-04-01
6064,24,2023,1,0,1,39.11,2026-05-16
6065,27,747,1,1,0,0.0,2025-10-03
6066,2,3297,1,0,0,0.0,2026-05-03
6067,6,2343,1,0,0,0.0,2025-10-12
6068,3,4933,1,1,0,0.0,2025-09-25
6069,33,1870,1,1,0,0.0,2024-12-06
6070,15,4667,1,1,0,0.0,2025-09-25
6071,39,966,1,0,0,0.0,2026-02-15
6072,38,1185,1,1,0,0.0,2025-03-11
6073,39,3363,1,1,1,127.75,2025-10-28
6074,32,1537,1,0,0,0.0,2025-03-11
6075,39,1890,1,1,0,0.0,2024-09-03
6076,22,875,1,0,1,160.94,2024-11-18
6077,7,3997,1,0,1,188.46,2026-04-21
6078,27,3572,1,0,0,0.0,2025-05-29
6079,31,3791,1,0,0,0.0,2025-08-17
6080,28,3341,1,1,0,0.0,2025-06-23
6081,9,1261,1,1,1,146.94,2026-02-14
6082,33,1391,1,1,1,33.71,2026-03-04
6083,22,447,1,0,0,0.0,2024-10-22
6084,22,4092,1,1,0,0.0,2024-10-11
6085,25,242,1,0,1,210.45,2024-09-15
6086,9,848,1,1,0,0.0,2025-05-01
6087,25,3678,1,0,1,187.53,2026-05-24
6088,34,2105,1,0,0,0.0,2024-11-22
6089,31,3615,1,1,1,102.64,2025-09-20
6090,18,831,1,0,0,0.0,2025-10-24
6091,5,3338,1,1,1,136.11,2024-12-16
6092,28,4946,1,1,0,0.0,2024-12-09
6093,22,583,1,0,0,0.0,2025-02-27
6094,2,3251,1,1,0,0.0,2024-12-01
6095,19,2645,1,1,1,158.25,2024-11-10
6096,10,2758,1,1,1,184.52,2026-05-20
6097,40,3888,1,0,0,0.0,2024-09-11
6098,13,3665,1,1,0,0.0,2025-06-13
6099,3,3630,1,1,0,0.0,2025-06-02
6100,5,3689,1,1,1,152.75,2026-03-16
6101,14,2273,1,0,1,14.64,2026-01-15
6102,30,1647,1,1,0,0.0,2024-10-01
6103,39,3840,1,0,1,41.57,2025-06-15
6104,2,4038,1,0,0,0.0,2024-12-08
6105,2,2351,1,0,1,116.21,2024-12-21
6106,38,4715,1,1,0,0.0,2025-05-06
6107,24,3300,1,0,0,0.0,2025-07-02
6108,24,4136,1,0,1,180.02,2025-02-11
6109,19,3967,1,0,0,0.0,2025-09-13
6110,26,1798,1,0,0,0.0,2024-09-07
6111,23,3021,1,1,1,18.13,2026-03-08
6112,21,453,1,0,0,0.0,2025-03-16
6113,28,2590,1,1,1,90.72,2026-06-23
6114,37,520,1,1,1,243.27,2025-05-07
6115,11,1348,1,1,0,0.0,2026-04-14
6116,24,989,1,0,1,201.9,2025-08-12
6117,39,355,1,1,1,241.56,2025-10-21
6118,3,4806,1,0,0,0.0,2024-09-16
6119,16,2658,1,0,0,0.0,2025-02-22
6120,34,3337,1,0,1,45.75,2025-12-25
6121,35,3116,1,0,0,0.0,2025-10-07
6122,22,1213,1,1,1,68.85,2026-07-10
6123,13,1962,1,1,0,0.0,2025-07-17
6124,20,176,1,0,0,0.0,2025-02-10
6125,4,714,1,0,0,0.0,2026-03-17
6126,22,2336,1,0,0,0.0,2025-09-13
6127,10,893,1,0,0,0.0,2024-12-23
6128,25,2559,1,0,0,0.0,2026-07-06
6129,23,3836,1,1,1,23.45,2026-01-31
6130,30,1325,1,1,0,0.0,2025-06-29
6131,20,3141,1,1,0,0.0,2025-05-04
6132,40,2170,1,0,1,181.79,2025-05-31
6133,9,1674,1,0,1,51.46,2026-05-07
6134,28,4035,1,1,0,0.0,2026-08-04
6135,5,2388,1,0,0,0.0,2026-03-21
6136,6,2908,1,1,1,216.9,2026-05-30
6137,5,449,1,1,1,180.05,2026-06-16
6138,25,4928,1,1,0,0.0,2026-04-09
6139,35,1049,1,1,0,0.0,2026-03-23
6140,21,4028,1,1,0,0.0,2026-06-26
6141,16,4470,1,1,1,103.63,2025-05-29
6142,7,4747,1,0,1,32.1,2025-10-30
6143,25,1723,1,0,1,66.27,2026-05-16
6144,4,4800,1,0,0,0.0,2025-06-29
6145,24,2806,1,0,1,33.5,2026-02-24
6146,6,4330,1,1,1,139.46,2025-10-04
6147,35,142,1,0,0,0.0,2025-02-15
6148,27,4711,1,0,0,0.0,2026-02-17
6149,32,1381,1,0,0,0.0,2025-02-18
6150,8,1822,1,0,0,0.0,2026-01-05
6151,21,4301,1,1,0,0.0,2026-04-25
6152,15,2986,1,0,0,0.0,2025-04-08
6153,34,857,1,0,0,0.0,2025-07-08
6154,10,2084,1,1,0,0.0,2025-01-19
6155,11,2640,1,0,0,0.0,2025-04-14
6156,16,141,1,0,0,0.0,2025-10-18
6157,18,4270,1,0,0,0.0,2024-12-20
6158,25,2703,1,1,0,0.0,2024-10-11
6159,18,1068,1,0,1,104.83,2024-10-26
6160,23,4016,1,1,1,219.98,2024-08-04
6161,37,969,1,0,1,74.25,2024-10-06
6162,13,3637,1,0,0,0.0,2025-12-15
6163,31,350,1,0,0,0.0,2025-11-27
6164,6,838,1,1,0,0.0,2026-02-15
6165,11,4463,1,1,0,0.0,2026-02-17
6166,38,4128,1,1,1,146.1,2024-09-21
6167,5,2963,1,0,0,0.0,2024-11-29
6168,10,956,1,0,1,140.44,2025-12-08
6169,25,2363,1,1,1,225.98,2026-03-04
6170,35,2263,1,1,0,0.0,2024-12-06
6171,11,4901,1,1,1,18.18,2026-03-29
6172,12,2748,1,1,1,136.93,2026-01-19
6173,19,4371,1,0,1,114.51,2024-10-16
6174,32,221,1,1,0,0.0,2026-03-01
6175,40,64,1,0,0,0.0,2024-08-30
6176,18,1579,1,1,0,0.0,2024-09-18
6177,12,3339,1,1,1,91.54,2025-10-30
6178,2,3365,1,0,0,0.0,2026-05-17
6179,18,2439,1,1,0,0.0,2026-06-01
6180,34,2084,1,0,0,0.0,2024-11-04
6181,24,1843,1,1,0,0.0,2025-01-26
6182,17,2159,1,0,0,0.0,2025-03-20
6183,16,4190,1,1,1,64.73,2025-07-18
6184,18,1438,1,0,0,0.0,2024-10-07
6185,34,424,1,0,1,150.47,2026-06-17
6186,1,199,1,1,1,242.44,2024-12-30
6187,17,70,1,1,0,0.0,2025-02-16
6188,29,4376,1,1,0,0.0,2024-09-22
6189,31,401,1,0,1,132.69,2025-12-08
6190,30,3664,1,0,0,0.0,2024-12-10
6191,29,2058,1,1,0,0.0,2026-08-02
6192,12,616,1,1,0,0.0,2025-12-30
6193,39,3616,1,1,1,18.06,2026-07-23
6194,12,1798,1,1,1,228.21,2025-12-27
6195,33,4109,1,1,0,0.0,2024-09-09
6196,8,3909,1,1,1,235.18,2026-01-31
6197,12,1289,1,0,0,0.0,2025-04-20
6198,34,2610,1,0,1,230.46,2026-05-08
6199,35,561,1,1,0,0.0,2025-04-13
6200,14,1326,1,0,0,0.0,2025-11-24
6201,40,3031,1,0,0,0.0,2026-03-01
6202,16,4554,1,0,0,0.0,2024-09-03
6203,21,2854,1,1,0,0.0,2026-06-06
6204,10,125,1,1,0,0.0,2025-03-02
6205,16,823,1,1,1,147.51,2026-07-22
6206,3,330,1,0,1,228.52,2026-04-27
6207,3,2515,1,0,1,195.34,2025-02-24
6208,22,2620,1,1,0,0.0,2025-10-13
6209,30,823,1,0,1,210.2,2026-03-04
6210,21,2597,1,1,0,0.0,2025-04-19
6211,10,679,1,1,0,0.0,2026-05-02
6212,3,2881,1,0,1,11.81,2024-10-26
6213,32,155,1,0,0,0.0,2026-03-18
6214,37,2030,1,0,0,0.0,2026-06-30
6215,36,3393,1,1,0,0.0,2024-11-24
6216,15,89,1,0,1,147.37,2025-11-09
6217,2,2309,1,1,1,31.62,2024-10-28
6218,14,1802,1,0,0,0.0,2026-02-05
6219,30,1146,1,1,0,0.0,2025-07-04
6220,13,1707,1,1,0,0.0,2025-12-21
6221,36,4923,1,1,0,0.0,2026-04-16
6222,15,1558,1,1,0,0.0,2024-10-31
6223,38,2046,1,0,0,0.0,2024-08-06
6224,34,4903,1,1,0,0.0,2025-08-03
6225,31,4092,1,1,1,87.81,2025-11-25
6226,28,721,1,0,1,190.5,2026-05-08
6227,6,2980,1,0,1,148.62,2024-11-16
6228,30,2295,1,1,0,0.0,2025-05-22
6229,17,3370,1,1,1,210.58,2024-08-18
6230,35,2427,1,1,0,0.0,2025-06-30
6231,28,2440,1,1,0,0.0,2025-01-28
6232,27,125,1,0,1,97.67,2025-11-04
6233,1,333,1,0,1,111.34,2026-06-07
6234,37,1087,1,1,1,109.96,2026-07-13
6235,6,4858,1,1,0,0.0,2026-07-15
6236,22,2059,1,0,1,121.19,2026-03-07
6237,31,2561,1,0,0,0.0,2026-02-19
6238,25,217,1,0,0,0.0,2024-08-18
6239,15,120,1,1,0,0.0,2025-08-17
6240,19,2633,1,1,1,226.04,2025-01-16
6241,10,949,1,1,0,0.0,2026-06-16
6242,11,1626,1,0,0,0.0,2025-04-04
6243,15,1439,1,0,0,0.0,2025-07-15
6244,35,806,1,1,0,0.0,2025-01-16
6245,30,1085,1,0,1,19.15,2025-04-01
6246,25,1512,1,0,0,0.0,2024-09-27
6247,29,3691,1,0,0,0.0,2026-06-27
6248,23,837,1,0,0,0.0,2026-05-28
6249,38,1275,1,1,1,229.98,2025-06-04
6250,9,3795,1,0,1,126.15,2025-10-31
6251,17,4541,1,1,0,0.0,2025-06-22
6252,22,1938,1,1,1,169.29,2025-09-28
6253,37,3044,1,0,0,0.0,2026-06-21
6254,33,1258,1,1,1,238.37,2025-02-17
6255,34,4650,1,1,0,0.0,2026-01-24
6256,32,1009,1,1,1,212.24,2025-10-02
6257,9,1221,1,0,1,103.42,2024-11-01
6258,9,4463,1,1,1,169.81,2025-05-28
6259,2,3761,1,1,0,0.0,2025-02-03
6260,26,2971,1,1,1,192.69,2025-08-15
6261,10,1531,1,0,0,0.0,2025-08-10
6262,5,4475,1,1,1,16.82,2026-01-26
6263,35,2436,1,0,0,0.0,2025-09-26
6264,21,2446,1,1,0,0.0,2025-10-29
6265,29,3291,1,1,1,201.68,2025-10-10
6266,3,2563,1,0,0,0.0,2026-03-11
6267,4,1305,1,1,0,0.0,2026-03-27
6268,4,3723,1,0,0,0.0,2025-01-24
6269,24,2676,1,1,1,228.69,2025-06-14
6270,20,713,1,1,1,248.54,2026-01-10
6271,1,3950,1,1,1,169.79,2024-09-13
6272,13,1213,1,0,0,0.0,2026-07-05
6273,33,4037,1,0,1,214.61,2025-01-18
6274,18,1183,1,1,1,80.65,2024-11-23
6275,16,1915,1,0,0,0.0,2025-04-24
6276,40,2067,1,1,0,0.0,2025-11-10
6277,33,3903,1,0,0,0.0,2024-11-16
6278,1,4552,1,0,1,78.71,2025-07-08
6279,27,2016,1,0,0,0.0,2024-08-15
6280,4,4159,1,1,1,192.85,2025-04-07
6281,21,424,1,1,0,0.0,2026-04-12
6282,11,3673,1,0,1,164.09,2025-05-07
6283,3,632,1,0,0,0.0,2024-10-17
6284,36,2584,1,0,0,0.0,2024-10-08
6285,1,1762,1,0,1,249.78,2026-05-25
6286,12,3521,1,1,0,0.0,2025-07-20
6287,11,4877,1,0,0,0.0,2024-10-22
6288,5,1554,1,0,1,98.23,2024-08-11
6289,32,753,1,0,1,198.37,2025-11-13
6290,28,30,1,0,0,0.0,2025-05-26
6291,27,4313,1,0,0,0.0,2025-07-06
6292,19,2196,1,0,0,0.0,2025-10-21
6293,26,589,1,0,1,100.08,2024-12-06
6294,40,4489,1,1,0,0.0,2024-08-08
6295,28,1809,1,1,0,0.0,2026-05-26
6296,2,4360,1,1,0,0.0,2025-04-25
6297,33,3727,1,0,0,0.0,2025-07-27
6298,11,4851,1,1,0,0.0,2025-05-21
6299,15,4877,1,1,0,0.0,2025-12-24
6300,21,1183,1,1,0,0.0,2026-03-21
6301,30,1835,1,1,0,0.0,2026-01-08
6302,3,501,1,0,0,0.0,2025-11-17
6303,34,633,1,1,0,0.0,2025-04-09
6304,23,2357,1,1,0,0.0,2026-07-08
6305,26,3340,1,1,1,211.91,2026-06-07
6306,4,4513,1,0,0,0.0,2026-04-17
6307,9,3081,1,1,0,0.0,2025-03-19
6308,29,4357,1,1,0,0.0,2024-10-18
6309,32,4872,1,1,0,0.0,2025-08-15
6310,11,1792,1,0,1,60.55,2025-03-29
6311,32,3120,1,1,0,0.0,2024-10-13
6312,31,1936,1,0,1,58.94,2024-12-24
6313,32,4334,1,1,1,95.84,2026-07-25
6314,6,1952,1,0,0,0.0,2024-08-05
6315,35,2473,1,0,1,163.92,2026-02-06
6316,8,436,1,1,0,0.0,2026-07-09
6317,23,968,1,1,1,248.41,2025-05-14
6318,21,1248,1,1,0,0.0,2025-11-05
6319,1,4311,1,0,1,219.35,2025-10-01
6320,3,4662,1,0,0,0.0,2025-11-27
6321,16,1410,1,1,0,0.0,2026-03-19
6322,8,1766,1,0,0,0.0,2024-10-12
6323,22,1202,1,0,0,0.0,2025-06-29
6324,21,113,1,1,1,207.83,2026-03-20
6325,22,1339,1,0,0,0.0,2024-11-12
6326,18,3133,1,1,1,32.75,2024-12-23
6327,10,1316,1,1,0,0.0,2024-12-17
6328,25,1802,1,0,1,247.29,2026-04-04
6329,6,4422,1,0,1,119.8,2025-02-20
6330,4,1742,1,1,1,17.59,2025-12-13
6331,24,1720,1,0,1,76.57,2025-04-23
6332,17,2643,1,1,0,0.0,2024-10-18
6333,26,1264,1,0,1,115.25,2024-08-29
6334,16,109,1,1,1,66.3,2026-07-12
6335,31,4807,1,1,1,248.58,2025-11-26
6336,33,820,1,0,0,0.0,2025-12-11
6337,14,4766,1,0,1,75.92,2025-07-29
6338,6,2228,1,1,1,177.05,2026-07-06
6339,34,1644,1,1,0,0.0,2025-03-13
6340,25,1414,1,1,1,107.08,2025-11-02
6341,37,693,1,1,0,0.0,2025-01-22
6342,29,519,1,0,1,93.43,2026-07-18
6343,32,3995,1,0,1,80.01,2025-03-03
6344,33,1039,1,0,1,157.84,2025-11-20
6345,15,4975,1,1,1,142.21,2024-12-13
6346,30,1766,1,1,1,160.78,2026-06-28
6347,18,3076,1,0,0,0.0,2025-09-10
6348,36,2265,1,0,1,216.15,2026-06-03
6349,7,2908,1,1,1,149.92,2026-04-20
6350,35,636,1,0,0,0.0,2025-10-23
6351,15,2448,1,0,0,0.0,2025-10-21
6352,9,2738,1,0,0,0.0,2026-03-18
6353,36,3615,1,0,0,0.0,2025-08-07
6354,10,4910,1,1,0,0.0,2026-01-24
6355,12,4874,1,0,0,0.0,2025-03-05
6356,18,2246,1,1,0,0.0,2024-12-02
6357,34,3903,1,1,0,0.0,2025-05-16
6358,22,1622,1,0,0,0.0,2026-07-13
6359,23,4930,1,1,0,0.0,2025-01-18
6360,25,4062,1,1,1,86.43,2026-06-02
6361,31,272,1,0,1,220.33,2025-07-07
6362,4,622,1,0,1,13.01,2026-06-05
6363,12,1306,1,1,0,0.0,2025-11-01
6364,17,697,1,1,1,161.39,2026-02-28
6365,4,3491,1,0,1,25.6,2026-03-25
6366,19,929,1,1,1,96.08,2026-05-17
6367,28,765,1,0,1,21.26,2025-06-09
6368,39,2785,1,0,1,137.42,2026-05-08
6369,35,1660,1,1,1,204.34,2025-09-11
6370,3,4136,1,1,1,16.64,2025-01-18
6371,37,4105,1,0,1,85.36,2026-07-12
6372,27,99,1,0,0,0.0,2026-07-11
6373,17,1892,1,0,0,0.0,2024-12-28
6374,39,4997,1,0,1,28.94,2025-03-21
6375,28,2391,1,0,1,21.93,2024-09-23
6376,13,1123,1,1,1,96.5,2026-04-01
6377,22,2206,1,0,0,0.0,2025-01-10
6378,17,979,1,0,1,115.33,2025-01-30
6379,32,3037,1,1,0,0.0,2026-08-02
6380,28,3112,1,1,1,70.08,2025-03-06
6381,16,2775,1,0,1,74.41,2026-06-17
6382,16,4657,1,1,1,151.28,2026-05-31
6383,10,484,1,1,0,0.0,2025-04-18
6384,11,2816,1,1,0,0.0,2026-04-25
6385,40,438,1,0,0,0.0,2025-03-07
6386,24,3440,1,0,0,0.0,2025-12-13
6387,28,206,1,1,0,0.0,2026-01-07
6388,11,3377,1,1,1,180.89,2025-09-16
6389,22,3647,1,0,0,0.0,2025-05-25
6390,15,3356,1,1,0,0.0,2026-04-29
6391,27,3746,1,0,0,0.0,2025-06-26
6392,6,250,1,0,0,0.0,2026-03-24
6393,11,3096,1,1,0,0.0,2025-10-07
6394,34,691,1,1,0,0.0,2026-04-12
6395,17,4957,1,1,1,208.98,2025-05-09
6396,23,2715,1,0,1,106.07,2026-03-07
6397,35,3369,1,0,1,77.18,2026-04-13
6398,31,4635,1,0,0,0.0,2025-09-17
6399,35,3808,1,1,0,0.0,2025-06-29
6400,11,3525,1,1,0,0.0,2026-01-11
6401,23,3366,1,1,1,130.06,2024-08-22
6402,39,2329,1,0,0,0.0,2025-07-24
6403,39,1607,1,1,1,128.14,2026-03-28
6404,1,1532,1,0,0,0.0,2026-03-18
6405,16,3995,1,1,0,0.0,2024-12-07
6406,26,1588,1,1,0,0.0,2024-08-21
6407,17,1443,1,0,1,178.23,2025-05-05
6408,9,1712,1,0,0,0.0,2026-04-22
6409,21,3006,1,1,0,0.0,2026-07-01
6410,21,3325,1,0,1,120.94,2025-03-16
6411,16,3643,1,1,0,0.0,2024-10-01
6412,3,888,1,0,0,0.0,2025-09-10
6413,25,572,1,0,0,0.0,2025-06-27
6414,20,4310,1,1,1,131.71,2026-06-16
6415,34,4728,1,1,0,0.0,2025-06-02
6416,16,935,1,0,0,0.0,2024-09-02
6417,32,3598,1,0,1,167.76,2025-11-20
6418,2,2980,1,0,1,182.32,2025-07-17
6419,4,33,1,1,0,0.0,2025-01-27
6420,6,4888,1,1,0,0.0,2025-04-01
6421,8,3231,1,0,0,0.0,2025-08-29
6422,28,2562,1,0,0,0.0,2025-11-14
6423,26,2748,1,0,0,0.0,2025-10-09
6424,7,854,1,1,0,0.0,2024-08-21
6425,21,4296,1,1,1,154.48,2026-02-01
6426,38,2669,1,1,0,0.0,2025-09-15
6427,18,3703,1,1,1,92.56,2026-01-21
6428,7,3654,1,1,1,204.61,2025-10-28
6429,22,412,1,1,0,0.0,2025-11-28
6430,13,2436,1,1,1,247.14,2026-03-21
6431,19,3253,1,1,0,0.0,2025-10-26
6432,22,1940,1,1,1,30.98,2024-09-01
6433,16,3929,1,1,1,53.08,2026-01-12
6434,22,1682,1,1,0,0.0,2024-10-05
6435,40,4176,1,1,1,105.03,2025-11-06
6436,34,2656,1,1,1,68.49,2026-02-01
6437,22,2322,1,0,0,0.0,2026-04-10
6438,5,652,1,0,0,0.0,2024-10-31
6439,7,2119,1,0,0,0.0,2025-10-16
6440,8,2880,1,0,0,0.0,2025-09-23
6441,40,1322,1,0,1,37.41,2024-09-04
6442,22,3394,1,0,1,148.96,2025-12-31
6443,16,4893,1,0,1,104.98,2026-04-09
6444,18,519,1,1,1,15.59,2025-05-06
6445,24,1743,1,1,1,154.95,2025-08-23
6446,8,3071,1,1,1,75.52,2025-07-09
6447,16,798,1,0,1,113.0,2026-03-16
6448,18,2694,1,0,0,0.0,2026-03-22
6449,32,252,1,0,0,0.0,2024-10-14
6450,32,3597,1,0,0,0.0,2026-05-26
6451,9,2168,1,1,1,81.77,2026-03-08
6452,2,1655,1,1,0,0.0,2025-11-12
6453,19,1096,1,0,0,0.0,2025-05-16
6454,5,1159,1,1,1,145.31,2024-08-18
6455,30,3431,1,0,1,172.84,2026-01-10
6456,16,4613,1,0,0,0.0,2025-09-08
6457,29,1139,1,1,0,0.0,2025-02-22
6458,9,3047,1,0,0,0.0,2026-03-07
6459,28,2015,1,0,0,0.0,2025-01-22
6460,27,1788,1,0,1,124.07,2025-12-25
6461,7,4312,1,0,1,99.78,2024-10-20
6462,8,3079,1,1,1,85.48,2025-12-07
6463,27,3062,1,0,1,99.44,2025-07-06
6464,29,947,1,0,1,73.72,2026-05-02
6465,30,4178,1,1,0,0.0,2026-03-28
6466,6,1060,1,0,0,0.0,2026-03-25
6467,15,3617,1,0,0,0.0,2026-04-21
6468,1,1350,1,0,0,0.0,2026-04-19
6469,11,3321,1,1,1,132.09,2026-05-15
6470,30,4601,1,1,0,0.0,2025-03-08
6471,14,1522,1,0,0,0.0,2026-04-07
6472,2,471,1,1,0,0.0,2026-06-30
6473,30,298,1,1,1,217.55,2025-02-28
6474,2,151,1,0,0,0.0,2025-11-11
6475,13,1032,1,1,0,0.0,2025-09-03
6476,12,1905,1,1,1,203.5,2024-12-13
6477,26,768,1,0,0,0.0,2025-08-01
6478,9,3087,1,0,0,0.0,2026-01-19
6479,32,655,1,1,1,92.48,2025-11-30
6480,39,3540,1,0,1,131.94,2025-10-27
6481,5,2798,1,0,0,0.0,2024-10-29
6482,14,4606,1,0,0,0.0,2026-02-09
6483,1,1808,1,0,1,223.14,2025-11-15
6484,11,4350,1,1,1,61.56,2024-08-08
6485,1,4620,1,0,0,0.0,2025-07-20
6486,21,3518,1,0,0,0.0,2024-09-05
6487,9,1796,1,0,0,0.0,2026-02-15
6488,39,886,1,0,1,212.11,2026-04-05
6489,31,3037,1,0,1,206.79,2024-08-06
6490,39,2397,1,0,0,0.0,2026-03-23
6491,23,1229,1,1,0,0.0,2025-01-20
6492,11,811,1,0,0,0.0,2024-10-25
6493,8,1319,1,0,0,0.0,2025-02-06
6494,35,2559,1,1,1,138.01,2026-08-04
6495,10,1004,1,1,0,0.0,2025-12-15
6496,13,4380,1,0,0,0.0,2025-07-13
6497,34,2848,1,0,1,206.54,2025-10-12
6498,21,4841,1,1,0,0.0,2024-09-16
6499,19,2531,1,0,0,0.0,2025-12-25
6500,21,2309,1,0,0,0.0,2025-05-12
6501,8,2278,1,1,1,133.44,2025-12-09
6502,31,1186,1,0,0,0.0,2025-07-15
6503,3,4848,1,1,0,0.0,2025-08-18
6504,28,2209,1,0,0,0.0,2025-06-06
6505,11,1513,1,0,0,0.0,2024-10-04
6506,25,734,1,1,1,137.26,2026-01-26
6507,29,495,1,0,1,248.05,2026-02-25
6508,18,2185,1,1,0,0.0,2024-09-07
6509,19,2680,1,1,1,67.14,2025-10-23
6510,27,3700,1,0,1,12.6,2025-09-29
6511,9,351,1,0,0,0.0,2025-07-27
6512,12,1298,1,0,0,0.0,2025-09-11
6513,35,4763,1,1,1,39.26,2025-05-31
6514,4,2514,1,1,1,151.98,2025-03-01
6515,18,694,1,0,1,23.89,2024-11-01
6516,5,2997,1,1,1,66.45,2024-08-25
6517,1,4406,1,0,0,0.0,2025-07-19
6518,14,3155,1,0,0,0.0,2026-02-02
6519,39,4659,1,1,0,0.0,2025-04-25
6520,38,2443,1,0,0,0.0,2026-07-28
6521,10,4418,1,1,1,112.87,2026-05-05
6522,16,594,1,1,1,41.08,2026-02-12
6523,28,1430,1,1,1,77.16,2024-09-17
6524,28,900,1,0,1,62.63,2024-09-27
6525,18,4762,1,0,1,225.41,2026-01-07
6526,16,3157,1,0,1,121.23,2025-04-16
6527,16,1445,1,1,1,185.96,2024-09-14
6528,17,4059,1,1,1,224.55,2024-09-19
6529,32,2983,1,1,1,230.52,2025-04-16
6530,22,3195,1,1,0,0.0,2024-09-17
6531,19,3016,1,1,1,234.66,2025-08-19
6532,38,3540,1,0,0,0.0,2025-10-03
6533,16,2631,1,1,1,217.04,2024-08-30
6534,10,2206,1,1,1,105.43,2026-03-27
6535,32,2004,1,0,0,0.0,2024-08-13
6536,5,2600,1,1,0,0.0,2026-05-02
6537,35,1857,1,0,1,49.27,2026-04-12
6538,2,151,1,0,0,0.0,2025-03-21
6539,6,1089,1,0,1,243.96,2026-02-17
6540,16,706,1,1,0,0.0,2025-05-13
6541,5,1935,1,0,0,0.0,2025-10-18
6542,30,3607,1,0,0,0.0,2026-02-17
6543,37,3367,1,1,1,63.14,2025-09-24
6544,22,880,1,0,1,100.47,2026-07-05
6545,22,1662,1,1,0,0.0,2025-02-24
6546,38,889,1,0,1,214.57,2024-11-06
6547,29,3052,1,1,0,0.0,2026-03-28
6548,27,3993,1,0,0,0.0,2025-06-21
6549,18,3601,1,1,1,136.78,2025-03-23
6550,26,272,1,1,1,108.95,2025-03-06
6551,26,737,1,1,0,0.0,2025-12-07
6552,6,2582,1,1,1,17.75,2025-09-27
6553,33,1472,1,0,0,0.0,2026-05-04
6554,23,2099,1,0,0,0.0,2025-05-28
6555,36,2403,1,0,1,128.11,2026-07-23
6556,18,562,1,1,1,208.6,2025-08-29
6557,13,1878,1,1,1,110.77,2024-08-27
6558,13,1980,1,1,0,0.0,2024-12-05
6559,12,2077,1,1,1,101.54,2024-11-04
6560,28,2882,1,0,0,0.0,2025-09-10
6561,35,3099,1,1,0,0.0,2026-05-08
6562,24,4417,1,1,0,0.0,2025-03-17
6563,32,4851,1,0,0,0.0,2025-09-10
6564,4,2470,1,0,1,158.18,2026-07-09
6565,40,1922,1,1,1,169.58,2025-02-12
6566,37,3029,1,1,1,139.76,2025-01-30
6567,30,749,1,1,0,0.0,2025-08-22
6568,32,272,1,1,0,0.0,2025-05-17
6569,27,3890,1,1,0,0.0,2026-07-14
6570,36,3675,1,0,1,163.94,2026-03-20
6571,26,1565,1,0,0,0.0,2025-08-07
6572,36,1973,1,1,1,226.16,2026-04-09
6573,37,441,1,0,0,0.0,2024-12-20
6574,6,2432,1,1,1,160.72,2025-08-13
6575,24,2772,1,1,0,0.0,2025-03-24
6576,37,3456,1,1,1,132.8,2026-01-04
6577,8,438,1,1,0,0.0,2026-03-04
6578,21,87,1,1,0,0.0,2024-08-27
6579,8,4377,1,1,0,0.0,2025-06-04
6580,9,4048,1,0,1,141.63,2026-01-01
6581,31,1955,1,1,1,21.46,2025-06-09
6582,15,2947,1,0,1,93.64,2026-01-11
6583,25,3828,1,1,0,0.0,2026-04-20
6584,5,4391,1,0,0,0.0,2026-02-17
6585,5,214,1,0,1,192.5,2025-06-13
6586,28,536,1,0,1,69.26,2026-07-24
6587,34,531,1,1,1,93.68,2025-03-20
6588,9,3389,1,1,0,0.0,2026-03-05
6589,27,4038,1,1,0,0.0,2026-05-15
6590,5,1167,1,0,1,94.38,2025-09-26
6591,38,1039,1,1,0,0.0,2026-01-09
6592,34,114,1,0,0,0.0,2024-09-17
6593,7,2185,1,1,0,0.0,2026-05-06
6594,18,3174,1,0,1,77.61,2025-08-17
6595,10,340,1,0,1,97.26,2025-08-02
6596,2,3223,1,0,0,0.0,2025-06-06
6597,5,109,1,0,1,229.69,2025-10-05
6598,4,1977,1,0,0,0.0,2025-04-22
6599,32,2288,1,0,1,60.86,2026-02-02
6600,15,97,1,0,1,240.99,2025-06-29
6601,18,4703,1,1,1,203.64,2024-10-31
6602,6,1858,1,0,1,68.05,2024-08-07
6603,24,2307,1,1,0,0.0,2025-07-06
6604,20,3130,1,0,1,28.57,2025-08-19
6605,24,3826,1,1,1,185.84,2025-08-16
6606,3,1556,1,0,1,160.04,2025-08-10
6607,33,1365,1,1,0,0.0,2026-01-20
6608,12,3295,1,0,1,94.16,2024-12-10
6609,36,1883,1,0,0,0.0,2025-04-20
6610,30,420,1,1,1,149.05,2026-02-13
6611,35,2822,1,0,1,188.82,2026-07-09
6612,4,1336,1,1,1,59.82,2024-12-11
6613,17,477,1,1,0,0.0,2025-09-21
6614,11,3277,1,1,1,144.64,2025-12-29
6615,26,2260,1,0,1,212.58,2025-02-10
6616,17,2905,1,0,1,189.2,2025-08-22
6617,39,2159,1,0,1,141.42,2026-07-08
6618,6,2915,1,0,1,248.32,2026-01-02
6619,26,1570,1,1,1,67.78,2025-08-29
6620,16,2658,1,1,0,0.0,2026-01-23
6621,28,3091,1,1,1,130.8,2026-03-25
6622,26,2354,1,0,0,0.0,2025-10-18
6623,6,2102,1,1,0,0.0,2026-03-30
6624,30,2638,1,0,1,247.54,2025-02-14
6625,23,2551,1,1,0,0.0,2025-05-05
6626,39,1594,1,0,0,0.0,2026-06-08
6627,19,3518,1,1,0,0.0,2025-01-05
6628,24,2449,1,0,1,160.56,2025-10-11
6629,34,3708,1,0,0,0.0,2024-08-28
6630,23,2359,1,1,0,0.0,2024-12-14
6631,2,4819,1,0,1,20.87,2024-08-26
6632,9,3206,1,0,0,0.0,2026-04-01
6633,27,4242,1,0,0,0.0,2026-01-24
6634,37,307,1,0,0,0.0,2026-03-22
6635,17,3008,1,0,0,0.0,2024-10-18
6636,19,521,1,1,1,218.08,2026-01-14
6637,14,934,1,0,0,0.0,2025-03-30
6638,15,2897,1,1,0,0.0,2024-10-24
6639,1,3645,1,1,1,31.58,2025-08-12
6640,27,652,1,0,1,213.0,2025-12-13
6641,22,1905,1,0,1,150.78,2025-09-22
6642,3,2247,1,0,0,0.0,2024-11-10
6643,12,1208,1,1,1,184.91,2026-01-26
6644,4,1413,1,1,0,0.0,2025-06-06
6645,12,1672,1,0,1,144.59,2025-06-12
6646,32,1730,1,1,1,200.09,2024-09-26
6647,22,4920,1,0,0,0.0,2025-04-03
6648,5,25,1,0,1,190.52,2025-04-28
6649,28,3988,1,1,0,0.0,2025-06-08
6650,7,3818,1,0,0,0.0,2025-08-04
6651,32,542,1,0,0,0.0,2024-11-25
6652,38,4660,1,0,0,0.0,2024-11-11
6653,40,3493,1,1,0,0.0,2025-12-19
6654,10,803,1,0,0,0.0,2025-02-20
6655,14,4246,1,0,1,14.29,2025-03-11
6656,22,1686,1,1,1,185.29,2026-05-05
6657,34,722,1,1,0,0.0,2025-03-16
6658,3,1359,1,1,1,11.86,2026-04-12
6659,23,1816,1,0,0,0.0,2025-08-24
6660,9,1856,1,1,0,0.0,2025-05-08
6661,23,4658,1,0,1,58.56,2025-08-08
6662,4,1914,1,1,1,34.13,2025-05-17
6663,27,1057,1,1,1,97.36,2024-10-22
6664,15,396,1,1,1,180.98,2024-12-01
6665,38,3638,1,0,1,146.13,2025-02-01
6666,35,1116,1,0,0,0.0,2025-10-19
6667,11,4547,1,0,1,176.09,2026-04-15
6668,15,4095,1,1,0,0.0,2025-08-13
6669,9,1056,1,0,0,0.0,2024-10-10
6670,20,4492,1,0,0,0.0,2025-04-02
6671,37,4458,1,0,1,247.33,2024-10-10
6672,21,3594,1,1,0,0.0,2026-06-20
6673,26,4883,1,1,0,0.0,2024-09-20
6674,31,3050,1,1,0,0.0,2024-11-19
6675,13,4216,1,1,1,63.28,2025-04-08
6676,13,1585,1,0,0,0.0,2024-12-01
6677,11,887,1,1,0,0.0,2024-11-29
6678,14,590,1,0,0,0.0,2024-09-23
6679,1,2896,1,1,1,198.05,2024-08-18
6680,18,4335,1,1,1,240.0,2025-07-21
6681,22,1389,1,1,1,73.82,2026-01-21
6682,8,4708,1,0,0,0.0,2024-09-21
6683,25,3474,1,0,1,168.36,2025-05-11
6684,9,1161,1,1,0,0.0,2025-03-18
6685,32,5,1,1,1,19.7,2025-07-27
6686,27,547,1,1,1,206.62,2025-12-11
6687,25,3880,1,1,0,0.0,2024-11-04
6688,6,1736,1,1,1,183.24,2025-04-06
6689,23,50,1,0,0,0.0,2024-12-02
6690,11,2592,1,0,0,0.0,2025-03-12
6691,16,493,1,1,1,31.88,2025-04-10
6692,19,1144,1,1,0,0.0,2025-06-11
6693,30,3039,1,0,0,0.0,2026-01-22
6694,24,2102,1,1,0,0.0,2025-01-28
6695,28,2028,1,1,1,182.75,2026-02-03
6696,21,2481,1,0,1,212.96,2024-10-11
6697,20,4085,1,0,1,166.78,2025-09-06
6698,2,2915,1,1,1,240.11,2026-05-15
6699,30,2367,1,0,0,0.0,2025-10-21
6700,2,3103,1,1,0,0.0,2026-03-23
6701,18,434,1,0,0,0.0,2025-08-03
6702,2,4029,1,0,1,243.42,2025-09-25
6703,19,3526,1,1,1,144.22,2025-06-26
6704,14,2281,1,0,0,0.0,2025-08-26
6705,30,4689,1,1,0,0.0,2026-01-19
6706,33,3835,1,1,0,0.0,2026-02-05
6707,12,4148,1,1,1,95.55,2026-02-25
6708,26,416,1,1,0,0.0,2025-02-19
6709,33,2864,1,1,1,32.54,2025-05-21
6710,8,811,1,1,0,0.0,2026-07-23
6711,4,2487,1,0,1,154.86,2024-09-24
6712,25,485,1,1,1,146.83,2024-12-09
6713,39,4515,1,0,1,247.09,2025-09-30
6714,25,4152,1,1,1,65.73,2025-08-15
6715,10,4007,1,0,0,0.0,2026-07-24
6716,16,3267,1,1,0,0.0,2025-05-26
6717,12,1974,1,1,1,25.44,2025-12-05
6718,6,2260,1,0,1,37.25,2025-10-28
6719,17,4848,1,1,0,0.0,2024-10-18
6720,28,2961,1,0,1,65.82,2024-11-08
6721,3,905,1,0,1,245.1,2024-09-15
6722,23,1965,1,1,1,25.15,2025-07-04
6723,29,2332,1,0,0,0.0,2024-11-30
6724,38,474,1,0,0,0.0,2025-10-05
6725,6,3824,1,0,0,0.0,2025-09-13
6726,32,1371,1,0,1,147.31,2024-12-25
6727,39,3710,1,0,0,0.0,2025-12-17
6728,14,695,1,0,1,82.72,2025-02-24
6729,4,2951,1,0,1,107.56,2024-10-01
6730,38,3222,1,0,0,0.0,2025-11-23
6731,5,3262,1,1,0,0.0,2026-06-04
6732,37,1313,1,1,0,0.0,2025-11-10
6733,19,2298,1,1,0,0.0,2026-07-07
6734,8,1922,1,1,1,231.28,2026-02-04
6735,34,4553,1,1,1,29.85,2024-11-01
6736,35,3928,1,0,1,85.93,2025-02-11
6737,28,2593,1,1,0,0.0,2025-08-22
6738,35,1348,1,1,1,218.45,2025-05-14
6739,27,4127,1,1,1,79.52,2025-05-10
6740,12,1158,1,0,0,0.0,2024-12-11
6741,11,4549,1,0,0,0.0,2026-01-21
6742,39,2003,1,0,0,0.0,2025-05-23
6743,18,151,1,0,0,0.0,2026-01-15
6744,38,1946,1,1,0,0.0,2026-04-14
6745,12,3999,1,0,1,78.94,2025-06-25
6746,40,1051,1,1,0,0.0,2025-10-12
6747,31,2065,1,0,0,0.0,2026-06-30
6748,26,802,1,1,0,0.0,2024-09-30
6749,25,4487,1,0,0,0.0,2025-03-06
6750,3,2574,1,1,0,0.0,2025-05-16
6751,36,3141,1,0,0,0.0,2024-11-21
6752,30,112,1,1,0,0.0,2024-08-19
6753,3,3210,1,0,1,93.37,2025-01-03
6754,3,2075,1,1,1,22.05,2024-09-15
6755,36,1852,1,0,1,224.21,2026-07-05
6756,9,1798,1,1,0,0.0,2025-09-09
6757,8,2053,1,1,1,111.48,2025-04-08
6758,25,974,1,1,0,0.0,2024-12-30
6759,18,742,1,0,1,173.04,2024-12-14
6760,22,425,1,1,0,0.0,2024-10-24
6761,21,3461,1,0,1,218.02,2026-05-22
6762,32,2015,1,1,0,0.0,2025-02-09
6763,38,554,1,1,0,0.0,2025-05-19
6764,30,3010,1,1,0,0.0,2025-12-27
6765,21,4773,1,1,0,0.0,2026-04-06
6766,9,449,1,1,0,0.0,2025-04-26
6767,8,2455,1,1,0,0.0,2025-04-13
6768,19,680,1,1,0,0.0,2024-09-28
6769,18,4925,1,1,0,0.0,2026-03-27
6770,14,4041,1,1,1,111.87,2025-03-24
6771,19,329,1,0,1,21.84,2026-03-12
6772,3,4914,1,1,0,0.0,2026-04-29
6773,27,3868,1,0,0,0.0,2025-05-08
6774,16,4286,1,1,1,20.21,2025-03-10
6775,21,4510,1,0,1,176.66,2025-10-13
6776,39,3202,1,1,1,228.78,2026-06-03
6777,14,680,1,1,1,161.13,2024-08-16
6778,10,4766,1,0,1,138.11,2025-08-24
6779,16,2191,1,1,0,0.0,2025-08-05
6780,28,2778,1,0,1,60.58,2025-04-06
6781,3,4836,1,0,1,195.74,2024-11-10
6782,11,841,1,0,0,0.0,2026-07-08
6783,25,2202,1,1,0,0.0,2025-06-27
6784,17,2047,1,0,0,0.0,2025-02-10
6785,8,338,1,1,1,204.09,2025-12-09
6786,18,1519,1,1,1,221.31,2026-06-28
6787,27,2126,1,1,1,91.31,2025-04-01
6788,30,3991,1,0,0,0.0,2026-04-30
6789,22,3441,1,1,0,0.0,2024-08-08
6790,31,4512,1,1,1,222.9,2025-05-09
6791,4,4914,1,0,0,0.0,2025-10-02
6792,23,4845,1,1,1,86.26,2025-03-18
6793,24,2570,1,1,0,0.0,2026-05-28
6794,2,586,1,0,0,0.0,2025-08-13
6795,4,4783,1,0,1,95.46,2026-03-07
6796,24,1213,1,1,1,159.61,2025-05-05
6797,25,155,1,1,0,0.0,2025-08-14
6798,13,4146,1,1,1,223.88,2025-01-17
6799,30,1570,1,1,1,141.87,2025-09-29
6800,17,4821,1,0,0,0.0,2025-09-12
6801,7,3327,1,0,0,0.0,2026-04-29
6802,38,1161,1,0,0,0.0,2024-12-18
6803,7,4306,1,1,0,0.0,2026-06-09
6804,38,2690,1,1,0,0.0,2026-04-04
6805,26,3029,1,1,0,0.0,2026-03-31
6806,11,3391,1,1,0,0.0,2026-02-15
6807,10,3820,1,1,1,148.41,2025-04-07
6808,38,971,1,1,1,128.26,2025-12-16
6809,30,1008,1,0,0,0.0,2026-04-09
6810,14,1425,1,0,0,0.0,2025-09-12
6811,5,4656,1,0,1,219.44,2025-06-02
6812,15,767,1,1,0,0.0,2025-06-25
6813,24,3641,1,1,0,0.0,2025-06-14
6814,18,2623,1,1,0,0.0,2024-09-29
6815,10,437,1,1,1,146.72,2024-11-12
6816,10,2904,1,0,0,0.0,2025-02-23
6817,37,1837,1,0,1,70.51,2024-09-02
6818,33,1368,1,1,0,0.0,2025-08-22
6819,5,1767,1,0,1,199.2,2024-12-13
6820,32,2528,1,0,1,140.17,2024-12-17
6821,12,1116,1,1,0,0.0,2024-08-14
6822,10,4058,1,1,1,140.59,2025-08-02
6823,23,4879,1,0,1,221.5,2026-05-17
6824,29,3351,1,0,0,0.0,2025-10-25
6825,14,547,1,0,0,0.0,2025-03-28
6826,3,323,1,0,1,73.33,2025-02-26
6827,17,2913,1,0,1,223.33,2026-05-27
6828,14,4805,1,0,0,0.0,2026-03-17
6829,5,2784,1,0,0,0.0,2026-04-21
6830,16,1247,1,1,0,0.0,2025-03-26
6831,17,711,1,1,0,0.0,2025-02-10
6832,2,4055,1,1,0,0.0,2026-05-08
6833,17,2564,1,1,0,0.0,2024-11-30
6834,3,224,1,0,0,0.0,2025-12-01
6835,19,4738,1,1,0,0.0,2025-07-29
6836,9,4634,1,0,1,25.79,2026-02-23
6837,31,3288,1,1,1,108.09,2024-12-14
6838,39,3813,1,1,1,21.29,2025-08-14
6839,27,310,1,1,1,20.8,2026-07-25
6840,39,4848,1,1,0,0.0,2026-03-09
6841,29,1338,1,0,0,0.0,2025-06-13
6842,37,1442,1,0,1,134.74,2026-05-08
6843,37,4092,1,1,1,26.76,2025-12-18
6844,36,3441,1,1,1,193.37,2026-01-23
6845,35,4530,1,1,1,20.95,2025-08-17
6846,14,4869,1,0,1,186.86,2025-08-24
6847,17,2909,1,0,0,0.0,2025-05-31
6848,31,2101,1,0,1,19.92,2026-06-06
6849,26,1764,1,0,0,0.0,2026-01-21
6850,4,533,1,0,1,243.45,2026-06-22
6851,22,3416,1,1,1,73.22,2024-09-22
6852,8,3076,1,0,0,0.0,2025-04-14
6853,8,4010,1,0,0,0.0,2026-06-01
6854,37,4106,1,0,0,0.0,2025-06-18
6855,31,1814,1,0,0,0.0,2025-12-04
6856,23,3390,1,1,0,0.0,2026-05-31
6857,38,4169,1,0,1,119.99,2024-09-21
6858,18,4746,1,1,1,104.13,2026-01-13
6859,31,2360,1,1,1,214.31,2024-12-31
6860,12,2144,1,0,1,15.04,2026-05-15
6861,36,195,1,1,0,0.0,2024-12-03
6862,29,3275,1,0,0,0.0,2026-08-02
6863,38,1402,1,1,1,218.81,2026-06-25
6864,36,2745,1,1,0,0.0,2026-03-30
6865,10,2427,1,1,0,0.0,2025-03-15
6866,26,3125,1,1,0,0.0,2025-06-04
6867,37,1749,1,0,1,67.74,2025-06-02
6868,10,550,1,0,1,80.25,2025-08-13
6869,15,1779,1,0,1,182.89,2025-10-18
6870,14,3410,1,1,0,0.0,2025-12-23
6871,12,67,1,0,1,101.57,2025-10-15
6872,14,2162,1,0,0,0.0,2025-05-16
6873,6,1856,1,1,0,0.0,2025-06-02
6874,2,1969,1,1,1,18.55,2024-12-09
6875,11,3161,1,0,0,0.0,2025-05-26
6876,11,602,1,1,1,129.07,2025-02-13
6877,17,3426,1,0,1,23.42,2025-12-26
6878,3,2455,1,0,0,0.0,2025-01-15
6879,8,1904,1,0,0,0.0,2025-06-04
6880,29,4589,1,1,1,178.08,2026-06-18
6881,11,621,1,1,0,0.0,2024-12-01
6882,3,3224,1,0,0,0.0,2025-12-29
6883,37,4010,1,0,0,0.0,2024-11-14
6884,24,3326,1,0,1,125.1,2024-10-28
6885,32,3694,1,0,0,0.0,2024-12-20
6886,28,2739,1,1,0,0.0,2025-10-14
6887,11,90,1,0,1,79.48,2025-10-23
6888,12,2380,1,0,1,104.72,2026-04-30
6889,39,2129,1,1,0,0.0,2026-03-29
6890,23,2991,1,0,0,0.0,2025-06-04
6891,15,1352,1,1,1,126.43,2025-10-11
6892,35,46,1,0,1,40.72,2026-03-20
6893,36,2872,1,1,0,0.0,2026-01-27
6894,24,734,1,0,0,0.0,2025-06-14
6895,40,3787,1,0,0,0.0,2024-10-31
6896,17,3041,1,0,1,116.55,2026-06-26
6897,38,2483,1,0,0,0.0,2026-07-04
6898,37,3766,1,1,1,47.42,2025-08-04
6899,30,2396,1,0,0,0.0,2026-07-22
6900,23,3512,1,1,0,0.0,2025-03-27
6901,20,4601,1,1,1,20.73,2024-12-04
6902,20,1379,1,1,1,155.15,2026-01-29
6903,13,1659,1,0,1,123.17,2026-04-29
6904,24,4361,1,1,1,72.3,2025-08-12
6905,37,3317,1,1,1,99.19,2025-03-18
6906,30,970,1,1,0,0.0,2026-05-30
6907,6,2274,1,0,1,236.54,2025-02-25
6908,16,4870,1,1,0,0.0,2025-01-05
6909,31,4210,1,1,1,169.6,2024-08-30
6910,27,6,1,1,1,86.7,2024-11-30
6911,2,3003,1,1,0,0.0,2025-08-31
6912,13,3694,1,1,1,17.29,2026-07-27
6913,26,3664,1,0,1,84.61,2025-04-06
6914,1,4107,1,1,0,0.0,2025-12-02
6915,11,3190,1,1,1,179.04,2025-07-30
6916,32,4662,1,1,0,0.0,2026-02-07
6917,17,979,1,1,1,226.49,2025-02-10
6918,38,2920,1,0,1,19.95,2025-03-10
6919,8,4924,1,1,0,0.0,2024-10-05
6920,22,4552,1,0,0,0.0,2026-04-17
6921,6,3841,1,1,1,246.15,2025-05-22
6922,20,3964,1,1,1,243.89,2026-05-04
6923,38,4031,1,0,1,66.17,2025-06-24
6924,33,2056,1,0,1,97.43,2026-07-13
6925,5,3203,1,0,1,84.14,2024-09-11
6926,22,3282,1,1,0,0.0,2025-01-18
6927,28,3054,1,0,0,0.0,2025-04-19
6928,26,1426,1,1,0,0.0,2024-11-09
6929,35,1447,1,1,0,0.0,2026-03-20
6930,1,494,1,1,1,173.88,2024-09-03
6931,6,3512,1,0,1,154.78,2025-02-21
6932,15,3885,1,1,1,230.97,2025-11-19
6933,6,3324,1,0,1,109.16,2024-10-24
6934,37,4191,1,1,0,0.0,2025-05-22
6935,8,1014,1,1,0,0.0,2025-06-18
6936,7,1395,1,0,0,0.0,2025-09-25
6937,35,449,1,1,1,149.02,2025-02-15
6938,38,745,1,0,1,204.16,2026-02-06
6939,30,2884,1,1,1,222.23,2025-01-28
6940,1,3496,1,0,1,142.74,2026-07-22
6941,31,2035,1,1,1,35.2,2024-09-01
6942,35,1238,1,1,0,0.0,2025-01-01
6943,26,2773,1,1,0,0.0,2025-10-31
6944,12,3308,1,1,1,50.15,2026-02-27
6945,24,1553,1,1,0,0.0,2025-12-02
6946,3,831,1,1,1,36.08,2025-10-25
6947,25,2698,1,0,0,0.0,2025-07-16
6948,6,321,1,1,0,0.0,2026-06-13
6949,22,4956,1,1,1,156.34,2024-08-25
6950,7,85,1,1,0,0.0,2025-11-17
6951,29,748,1,0,0,0.0,2025-04-27
6952,7,1251,1,1,1,120.79,2025-12-28
6953,15,1066,1,0,1,44.26,2025-05-07
6954,26,4128,1,0,1,208.96,2026-05-30
6955,13,2340,1,0,0,0.0,2024-12-13
6956,40,956,1,1,1,83.76,2026-02-14
6957,3,3114,1,0,0,0.0,2024-09-24
6958,11,2688,1,0,0,0.0,2024-09-26
6959,9,2382,1,0,1,205.11,2025-10-14
6960,11,74,1,1,0,0.0,2024-12-09
6961,5,2568,1,1,0,0.0,2024-12-03
6962,3,1851,1,1,0,0.0,2026-04-06
6963,20,4189,1,0,0,0.0,2025-01-11
6964,15,1220,1,0,1,157.16,2024-09-01
6965,14,2700,1,1,0,0.0,2025-07-10
6966,3,1663,1,0,1,190.69,2025-03-19
6967,26,3264,1,0,0,0.0,2024-10-14
6968,16,1445,1,1,1,64.79,2024-10-28
6969,10,4813,1,1,0,0.0,2025-04-15
6970,15,519,1,1,1,123.31,2026-07-30
6971,10,2613,1,0,1,118.87,2024-10-26
6972,15,1319,1,0,0,0.0,2025-07-06
6973,34,4991,1,1,0,0.0,2025-12-19
6974,8,3843,1,1,1,145.33,2026-04-26
6975,38,493,1,0,1,112.58,2025-03-05
6976,21,4861,1,0,0,0.0,2025-08-18
6977,1,3188,1,0,0,0.0,2025-01-27
6978,31,3689,1,0,0,0.0,2026-05-26
6979,23,912,1,1,0,0.0,2025-08-11
6980,34,4260,1,1,1,226.84,2026-04-16
6981,1,3100,1,0,0,0.0,2024-11-09
6982,1,2321,1,0,0,0.0,2025-08-05
6983,10,3343,1,1,0,0.0,2026-01-28
6984,26,4714,1,0,1,26.67,2025-11-25
6985,2,3933,1,1,0,0.0,2024-12-21
6986,31,3763,1,1,1,131.38,2025-09-13
6987,33,1459,1,1,0,0.0,2026-02-13
6988,21,2486,1,0,1,42.88,2025-05-21
6989,27,2792,1,1,1,173.97,2026-06-27
6990,1,3562,1,1,0,0.0,2026-07-30
6991,26,2635,1,0,0,0.0,2026-06-19
6992,1,2134,1,1,0,0.0,2025-10-08
6993,16,3168,1,0,1,99.51,2025-12-21
6994,24,587,1,1,0,0.0,2024-09-17
6995,24,3749,1,1,1,51.51,2024-12-18
6996,29,3759,1,0,1,93.8,2025-08-08
6997,40,770,1,1,0,0.0,2025-04-21
6998,9,2683,1,1,1,206.08,2026-05-13
6999,7,4736,1,0,0,0.0,2025-06-13
7000,28,3436,1,0,0,0.0,2025-06-29
7001,1,3755,1,0,0,0.0,2025-08-12
7002,21,1430,1,1,1,188.48,2026-06-27
7003,24,3992,1,0,1,234.91,2025-02-15
7004,35,1734,1,1,0,0.0,2024-12-11
7005,31,4014,1,1,1,53.14,2026-03-10
7006,4,2165,1,1,1,206.87,2026-05-28
7007,23,1277,1,0,0,0.0,2024-10-18
7008,6,2726,1,0,0,0.0,2025-02-22
7009,5,3859,1,1,1,147.7,2025-11-08
7010,8,1323,1,1,0,0.0,2026-02-18
7011,4,4110,1,0,1,92.84,2026-05-02
7012,36,2900,1,0,1,137.66,2025-05-03
7013,13,3353,1,0,0,0.0,2026-04-13
7014,27,352,1,1,1,243.95,2026-08-02
7015,2,896,1,1,0,0.0,2025-11-26
7016,31,1079,1,0,0,0.0,2025-03-04
7017,31,2669,1,0,0,0.0,2024-08-22
7018,17,885,1,0,0,0.0,2025-01-25
7019,38,3044,1,1,1,75.45,2025-05-24
7020,22,1173,1,1,1,129.64,2024-09-27
7021,37,4937,1,0,1,199.24,2025-05-09
7022,14,1,1,0,1,82.45,2025-10-26
7023,26,4400,1,0,1,19.4,2025-12-26
7024,38,491,1,1,0,0.0,2024-08-29
7025,2,3927,1,1,0,0.0,2025-05-25
7026,19,3099,1,1,0,0.0,2025-12-26
7027,25,1201,1,1,1,120.22,2025-01-08
7028,28,4685,1,0,0,0.0,2024-11-30
7029,2,2482,1,0,0,0.0,2025-03-13
7030,40,3817,1,0,1,194.23,2026-03-22
7031,34,198,1,0,0,0.0,2026-04-08
7032,32,1469,1,0,0,0.0,2025-07-08
7033,15,2405,1,0,0,0.0,2025-11-10
7034,19,1550,1,0,0,0.0,2026-06-26
7035,35,2476,1,0,1,233.77,2025-03-05
7036,32,1723,1,1,1,33.09,2026-02-13
7037,19,2694,1,0,1,126.77,2025-05-29
7038,38,3160,1,0,1,205.97,2026-01-17
7039,3,372,1,0,0,0.0,2024-11-24
7040,3,729,1,1,1,204.11,2025-11-20
7041,24,289,1,1,1,249.25,2025-08-27
7042,12,1772,1,0,0,0.0,2026-01-04
7043,38,3738,1,0,0,0.0,2026-03-07
7044,3,3997,1,0,0,0.0,2025-01-05
7045,32,4752,1,1,0,0.0,2026-01-15
7046,34,660,1,0,1,189.13,2025-06-02
7047,15,4850,1,1,0,0.0,2025-03-10
7048,24,613,1,1,1,12.74,2026-02-21
7049,22,4399,1,1,0,0.0,2025-04-29
7050,26,4353,1,1,0,0.0,2026-01-03
7051,12,3449,1,1,0,0.0,2026-01-21
7052,19,3474,1,0,0,0.0,2025-05-20
7053,10,2568,1,0,1,29.34,2026-01-24
7054,28,2186,1,1,0,0.0,2026-03-13
7055,33,4631,1,1,0,0.0,2026-04-09
7056,23,2216,1,0,1,21.44,2025-10-13
7057,37,2849,1,0,0,0.0,2025-10-31
7058,19,1797,1,0,1,213.68,2025-03-06
7059,16,1949,1,0,1,128.86,2025-09-04
7060,8,1670,1,0,0,0.0,2025-08-07
7061,27,313,1,1,0,0.0,2025-10-01
7062,14,2887,1,0,0,0.0,2026-05-09
7063,27,1595,1,1,1,68.06,2025-12-04
7064,32,860,1,1,1,207.83,2025-06-29
7065,6,2249,1,1,0,0.0,2025-11-23
7066,4,3998,1,0,0,0.0,2025-05-07
7067,18,2232,1,0,0,0.0,2026-03-09
7068,16,3201,1,0,0,0.0,2025-05-31
7069,22,4886,1,0,0,0.0,2026-02-28
7070,32,3333,1,0,1,108.6,2025-03-20
7071,4,2283,1,0,0,0.0,2025-01-07
7072,32,157,1,0,0,0.0,2025-04-03
7073,24,3120,1,0,0,0.0,2025-07-17
7074,6,4886,1,1,0,0.0,2025-11-15
7075,18,1740,1,1,1,191.82,2025-05-09
7076,5,1622,1,1,0,0.0,2025-12-08
7077,18,1615,1,0,0,0.0,2024-08-19
7078,34,4508,1,0,1,44.15,2025-09-20
7079,10,2579,1,0,1,142.31,2024-12-22
7080,23,1296,1,0,1,28.03,2025-12-06
7081,34,150,1,0,1,97.61,2024-10-18
7082,28,2817,1,1,0,0.0,2025-10-10
7083,36,3200,1,0,1,152.59,2025-02-14
7084,22,2538,1,0,0,0.0,2026-06-21
7085,26,2584,1,1,1,119.43,2024-10-10
7086,2,2006,1,0,0,0.0,2025-11-26
7087,32,3215,1,0,1,106.31,2025-03-22
7088,20,3004,1,1,0,0.0,2026-04-19
7089,31,71,1,0,1,200.54,2025-05-31
7090,2,936,1,1,0,0.0,2026-02-12
7091,4,1748,1,1,1,128.07,2025-11-03
7092,34,1491,1,1,1,21.95,2024-11-03
7093,22,529,1,1,1,231.47,2025-12-12
7094,25,2057,1,0,0,0.0,2026-01-21
7095,33,3542,1,1,0,0.0,2025-03-30
7096,29,2097,1,1,0,0.0,2025-11-14
7097,20,2251,1,1,1,98.56,2025-07-05
7098,32,1209,1,0,0,0.0,2025-04-20
7099,1,2220,1,0,0,0.0,2024-11-02
7100,40,1883,1,0,0,0.0,2024-09-18
7101,15,2038,1,1,0,0.0,2026-05-22
7102,38,1149,1,1,1,71.55,2026-07-25
7103,18,3558,1,0,0,0.0,2025-12-14
7104,19,408,1,0,1,114.54,2026-03-26
7105,10,2542,1,1,1,209.73,2024-08-27
7106,36,595,1,1,0,0.0,2025-06-22
7107,3,814,1,1,0,0.0,2026-02-05
7108,39,912,1,1,0,0.0,2025-02-07
7109,19,3485,1,0,1,42.59,2025-12-23
7110,10,2358,1,0,0,0.0,2024-11-29
7111,1,1428,1,1,0,0.0,2026-06-23
7112,35,4050,1,0,0,0.0,2025-08-06
7113,19,3797,1,1,0,0.0,2025-01-02
7114,40,4935,1,0,0,0.0,2026-03-25
7115,14,2590,1,1,0,0.0,2026-06-09
7116,33,2776,1,0,1,240.93,2025-12-11
7117,34,3091,1,1,1,73.04,2025-04-15
7118,11,119,1,0,0,0.0,2025-03-20
7119,29,1140,1,0,1,62.1,2025-06-27
7120,2,1439,1,0,0,0.0,2026-08-01
7121,12,2960,1,1,1,78.88,2025-06-10
7122,28,1865,1,1,0,0.0,2024-10-23
7123,9,2082,1,1,0,0.0,2026-05-01
7124,18,2449,1,0,0,0.0,2025-07-28
7125,10,579,1,0,0,0.0,2026-07-16
7126,19,4740,1,0,0,0.0,2025-11-23
7127,39,1173,1,1,1,146.4,2025-02-24
7128,10,4960,1,1,1,97.31,2024-09-03
7129,36,2278,1,1,1,234.7,2024-11-29
7130,30,594,1,1,0,0.0,2025-09-24
7131,19,4716,1,1,0,0.0,2025-01-01
7132,15,304,1,1,1,226.55,2025-05-05
7133,22,2289,1,0,0,0.0,2025-06-10
7134,16,2293,1,0,1,192.73,2026-06-15
7135,17,1572,1,1,1,66.27,2026-06-10
7136,34,549,1,1,0,0.0,2025-02-05
7137,34,1392,1,0,1,43.96,2025-02-10
7138,30,3314,1,1,0,0.0,2025-08-29
7139,24,2910,1,1,0,0.0,2025-04-26
7140,8,2097,1,0,0,0.0,2025-12-07
7141,11,4950,1,0,1,59.93,2024-12-16
7142,33,262,1,0,1,124.67,2025-12-28
7143,25,1156,1,1,1,238.35,2024-10-30
7144,28,2094,1,0,0,0.0,2024-08-09
7145,20,2895,1,0,0,0.0,2024-12-19
7146,28,3647,1,0,1,96.03,2025-06-26
7147,35,4854,1,1,1,37.85,2026-02-13
7148,3,4780,1,0,1,44.02,2025-07-16
7149,8,4696,1,0,0,0.0,2025-10-26
7150,40,2385,1,0,1,156.74,2025-11-24
7151,11,2354,1,0,0,0.0,2026-02-10
7152,26,3519,1,1,1,185.4,2026-04-26
7153,10,3598,1,0,1,57.66,2026-07-26
7154,27,4848,1,0,0,0.0,2025-12-19
7155,7,733,1,0,1,63.53,2024-11-02
7156,30,2661,1,0,0,0.0,2026-01-11
7157,19,1330,1,1,1,41.17,2026-06-26
7158,3,3467,1,1,0,0.0,2024-11-02
7159,25,2437,1,0,0,0.0,2025-03-28
7160,20,4368,1,0,0,0.0,2025-09-14
7161,29,3916,1,1,1,102.06,2024-08-23
7162,15,72,1,1,0,0.0,2025-09-15
7163,16,1477,1,0,1,205.01,2025-02-27
7164,12,763,1,0,1,169.89,2025-12-06
7165,12,4561,1,1,0,0.0,2024-09-27
7166,37,3628,1,0,0,0.0,2024-12-26
7167,32,633,1,0,0,0.0,2025-07-21
7168,7,4315,1,1,0,0.0,2025-05-04
7169,27,4844,1,0,1,92.36,2026-06-26
7170,31,2540,1,1,0,0.0,2024-09-02
7171,3,1850,1,0,1,214.57,2025-09-21
7172,31,1231,1,1,1,54.44,2025-12-09
7173,30,4817,1,0,0,0.0,2025-10-12
7174,35,152,1,0,0,0.0,2026-03-30
7175,25,4780,1,1,1,77.87,2025-04-19
7176,37,4031,1,1,0,0.0,2024-09-08
7177,5,2912,1,1,0,0.0,2026-05-08
7178,25,845,1,1,0,0.0,2025-03-09
7179,8,1960,1,0,0,0.0,2026-02-09
7180,18,3552,1,0,1,222.46,2026-07-02
7181,3,3168,1,0,1,240.79,2024-08-12
7182,14,3665,1,0,1,71.41,2024-11-29
7183,20,1529,1,0,0,0.0,2026-06-13
7184,17,4825,1,1,0,0.0,2025-03-16
7185,10,4443,1,1,0,0.0,2026-01-13
7186,39,196,1,0,1,156.6,2024-10-27
7187,31,2461,1,0,1,73.36,2025-08-21
7188,33,1922,1,1,0,0.0,2026-06-28
7189,3,4983,1,0,1,249.03,2024-09-04
7190,35,2283,1,1,1,114.81,2026-02-22
7191,5,1267,1,1,0,0.0,2025-05-05
7192,6,3398,1,0,0,0.0,2025-04-25
7193,17,1097,1,1,1,135.88,2025-09-11
7194,27,2409,1,0,1,134.81,2024-12-05
7195,3,1618,1,0,1,43.24,2025-02-02
7196,30,1679,1,0,0,0.0,2025-12-22
7197,27,2060,1,1,0,0.0,2026-04-25
7198,38,3149,1,0,1,138.34,2025-01-27
7199,9,1100,1,0,1,243.47,2026-03-21
7200,19,3298,1,1,0,0.0,2025-01-24
7201,14,111,1,0,0,0.0,2024-08-30
7202,4,4758,1,0,0,0.0,2026-05-08
7203,29,4648,1,0,0,0.0,2026-06-11
7204,10,3272,1,0,0,0.0,2026-01-05
7205,25,2505,1,0,0,0.0,2024-11-21
7206,8,2865,1,1,1,57.5,2026-06-23
7207,35,3371,1,1,0,0.0,2026-07-08
7208,31,4844,1,1,1,137.52,2024-10-01
7209,30,647,1,1,1,187.93,2026-04-23
7210,3,695,1,0,1,32.9,2025-07-29
7211,32,2466,1,0,1,145.19,2025-06-14
7212,3,1482,1,1,0,0.0,2025-07-03
7213,1,1719,1,1,0,0.0,2026-04-27
7214,40,1669,1,0,1,248.38,2025-11-22
7215,27,739,1,1,0,0.0,2025-04-06
7216,18,4217,1,0,0,0.0,2026-04-05
7217,10,3075,1,0,1,99.41,2025-10-31
7218,5,151,1,1,0,0.0,2025-04-01
7219,30,4679,1,0,0,0.0,2025-12-04
7220,37,22,1,1,1,24.33,2025-10-09
7221,35,879,1,1,0,0.0,2025-04-22
7222,21,279,1,1,0,0.0,2026-05-27
7223,38,4358,1,1,1,49.61,2024-10-19
7224,25,1072,1,1,0,0.0,2025-08-03
7225,40,3338,1,0,0,0.0,2026-04-28
7226,9,217,1,0,0,0.0,2024-12-21
7227,20,3439,1,1,1,73.14,2025-02-16
7228,27,2201,1,0,1,42.68,2025-09-17
7229,30,4551,1,0,1,237.71,2024-11-23
7230,9,1795,1,1,1,66.62,2025-12-24
7231,33,4651,1,1,0,0.0,2025-03-24
7232,18,2874,1,0,0,0.0,2025-12-08
7233,3,2766,1,1,1,67.67,2025-09-02
7234,39,2359,1,1,0,0.0,2025-10-22
7235,39,4506,1,1,0,0.0,2026-05-04
7236,16,1628,1,1,1,239.3,2024-12-06
7237,27,2097,1,0,1,68.17,2026-07-18
7238,3,3983,1,0,1,138.47,2025-07-31
7239,15,3533,1,1,1,170.59,2026-06-27
7240,27,686,1,1,0,0.0,2025-08-20
7241,5,685,1,1,1,164.03,2026-01-13
7242,16,1079,1,1,0,0.0,2025-05-29
7243,39,3868,1,0,0,0.0,2026-06-13
7244,22,1884,1,0,1,175.29,2025-05-28
7245,28,1705,1,0,0,0.0,2025-12-28
7246,7,1947,1,1,1,108.61,2024-12-02
7247,21,1465,1,0,1,189.21,2025-12-20
7248,21,3187,1,0,0,0.0,2025-03-30
7249,35,3376,1,1,1,164.5,2026-01-15
7250,3,4938,1,1,0,0.0,2025-04-17
7251,6,2112,1,0,1,29.1,2026-04-03
7252,25,40,1,1,0,0.0,2025-05-27
7253,15,2305,1,0,1,33.16,2025-10-03
7254,19,1505,1,0,1,31.46,2026-02-10
7255,35,4077,1,0,0,0.0,2025-11-27
7256,24,4817,1,1,0,0.0,2026-04-14
7257,17,3993,1,0,0,0.0,2024-09-21
7258,6,2088,1,1,1,32.84,2025-04-27
7259,15,3062,1,0,1,133.91,2026-01-22
7260,29,4559,1,0,1,57.52,2025-11-28
7261,25,4047,1,1,1,125.56,2025-02-05
7262,20,2638,1,1,1,197.08,2025-09-11
7263,4,3517,1,0,0,0.0,2026-07-24
7264,25,4151,1,1,1,135.68,2026-06-30
7265,20,3834,1,0,0,0.0,2026-05-08
7266,40,1891,1,1,1,230.07,2025-06-21
7267,5,3932,1,0,0,0.0,2024-08-13
7268,9,2559,1,0,0,0.0,2025-12-02
7269,31,3782,1,1,1,165.26,2026-01-03
7270,23,3661,1,1,0,0.0,2026-02-14
7271,38,4356,1,0,1,16.01,2025-07-05
7272,10,1993,1,1,0,0.0,2026-04-20
7273,11,2733,1,0,1,28.49,2025-05-23
7274,33,2846,1,1,1,107.12,2026-07-20
7275,9,134,1,1,0,0.0,2025-06-29
7276,25,3576,1,1,0,0.0,2024-10-31
7277,24,459,1,1,0,0.0,2024-09-17
7278,35,4258,1,0,0,0.0,2024-10-15
7279,26,2174,1,0,0,0.0,2025-07-18
7280,13,2736,1,1,0,0.0,2025-06-08
7281,9,2575,1,1,0,0.0,2025-07-29
7282,38,3248,1,1,1,138.14,2025-05-11
7283,17,1772,1,1,0,0.0,2026-01-21
7284,8,962,1,1,1,110.05,2025-09-03
7285,32,4293,1,0,0,0.0,2025-12-06
7286,21,1651,1,0,1,242.91,2025-09-29
7287,29,504,1,0,0,0.0,2026-04-17
7288,37,3512,1,0,0,0.0,2025-07-18
7289,32,1504,1,1,0,0.0,2025-02-05
7290,9,2328,1,0,1,214.12,2026-05-14
7291,25,366,1,1,1,246.61,2025-10-16
7292,37,2860,1,1,0,0.0,2024-08-20
7293,5,3154,1,1,0,0.0,2024-08-22
7294,5,2140,1,1,1,135.52,2026-05-31
7295,7,1223,1,0,1,191.45,2025-01-22
7296,25,86,1,1,1,210.67,2026-02-15
7297,11,1956,1,0,1,95.88,2024-09-24
7298,15,1721,1,1,1,239.01,2025-02-24
7299,27,3136,1,0,0,0.0,2024-12-15
7300,10,1948,1,0,0,0.0,2025-05-20
7301,9,4732,1,1,0,0.0,2025-08-30
7302,13,4342,1,0,0,0.0,2026-01-11
7303,15,414,1,1,0,0.0,2025-09-16
7304,18,2668,1,1,1,109.11,2025-06-09
7305,19,413,1,1,0,0.0,2024-10-15
7306,19,4962,1,1,0,0.0,2025-12-14
7307,14,3486,1,0,0,0.0,2025-01-13
7308,19,3110,1,1,1,25.06,2025-02-27
7309,17,4770,1,0,1,26.39,2025-02-14
7310,36,1379,1,1,1,94.59,2025-04-10
7311,13,4065,1,0,0,0.0,2026-03-14
7312,20,1648,1,1,1,53.53,2026-01-11
7313,21,296,1,0,1,114.22,2025-06-29
7314,16,4839,1,1,1,47.46,2026-01-04
7315,2,4369,1,0,1,191.02,2025-07-05
7316,13,1445,1,1,1,101.65,2024-11-22
7317,15,2509,1,0,1,120.66,2024-09-16
7318,32,4427,1,0,1,210.22,2024-10-20
7319,6,2031,1,0,0,0.0,2024-10-09
7320,17,805,1,1,0,0.0,2025-05-31
7321,28,895,1,0,0,0.0,2025-04-10
7322,35,4694,1,1,1,159.22,2025-01-18
7323,21,1504,1,0,0,0.0,2025-03-14
7324,13,3470,1,1,1,199.55,2025-02-07
7325,29,3305,1,1,1,23.79,2025-02-05
7326,22,322,1,1,0,0.0,2025-09-05
7327,30,600,1,1,0,0.0,2026-06-15
7328,13,639,1,0,1,238.76,2024-10-18
7329,6,288,1,1,1,197.24,2025-11-22
7330,16,2289,1,0,0,0.0,2024-11-28
7331,9,1091,1,0,1,74.34,2024-12-20
7332,12,2084,1,0,1,162.49,2025-06-02
7333,18,3242,1,1,0,0.0,2025-05-10
7334,14,2434,1,0,0,0.0,2025-09-21
7335,15,1293,1,1,1,41.31,2025-08-13
7336,19,2726,1,1,1,157.42,2024-12-17
7337,32,4907,1,0,1,134.9,2025-12-02
7338,6,4480,1,0,0,0.0,2024-10-25
7339,5,891,1,0,1,151.06,2025-04-11
7340,32,3356,1,1,0,0.0,2025-03-28
7341,37,2863,1,0,0,0.0,2025-07-27
7342,12,3917,1,1,0,0.0,2026-03-01
7343,17,2364,1,0,1,185.6,2024-10-29
7344,23,1724,1,1,0,0.0,2025-09-04
7345,7,712,1,0,1,38.98,2025-03-26
7346,29,113,1,0,1,240.18,2026-06-03
7347,7,1944,1,0,0,0.0,2025-03-17
7348,26,1409,1,0,0,0.0,2026-07-12
7349,29,3399,1,1,0,0.0,2025-09-13
7350,36,2922,1,0,0,0.0,2025-09-22
7351,5,2318,1,1,0,0.0,2025-07-18
7352,27,4296,1,0,1,72.4,2026-05-06
7353,14,2116,1,1,1,228.35,2025-10-12
7354,26,4547,1,1,0,0.0,2026-02-07
7355,6,4323,1,0,0,0.0,2025-09-08
7356,29,876,1,1,0,0.0,2025-08-05
7357,21,4158,1,1,0,0.0,2026-05-10
7358,31,37,1,0,1,207.24,2024-10-12
7359,9,489,1,1,0,0.0,2026-05-21
7360,7,4086,1,0,1,66.69,2025-04-02
7361,9,2994,1,0,1,119.54,2025-09-10
7362,36,1797,1,1,1,120.04,2025-06-03
7363,20,2937,1,0,0,0.0,2026-06-17
7364,28,773,1,1,1,185.1,2025-12-22
7365,37,3470,1,1,0,0.0,2024-08-31
7366,6,1493,1,0,0,0.0,2025-11-23
7367,26,1213,1,0,0,0.0,2025-03-03
7368,35,3225,1,1,0,0.0,2025-05-11
7369,16,2613,1,0,1,166.26,2024-10-17
7370,27,4576,1,1,1,214.3,2024-09-07
7371,21,1603,1,0,0,0.0,2026-03-21
7372,19,663,1,0,1,244.51,2025-09-03
7373,31,1370,1,0,0,0.0,2025-08-06
7374,5,3615,1,1,0,0.0,2024-10-28
7375,39,3450,1,1,0,0.0,2025-08-31
7376,36,3250,1,1,0,0.0,2026-04-19
7377,20,3476,1,1,0,0.0,2025-11-04
7378,35,1355,1,0,1,138.8,2025-01-24
7379,32,2136,1,0,1,186.44,2026-06-29
7380,5,2782,1,0,0,0.0,2026-07-08
7381,36,3875,1,0,1,35.51,2025-02-16
7382,24,4306,1,0,1,41.75,2025-05-22
7383,17,813,1,1,1,129.42,2026-06-26
7384,34,4813,1,0,1,169.58,2026-07-11
7385,26,3668,1,1,0,0.0,2026-03-04
7386,31,524,1,1,1,32.12,2025-08-08
7387,11,696,1,0,1,173.2,2025-07-18
7388,32,3986,1,1,1,120.22,2024-09-12
7389,23,41,1,1,0,0.0,2025-10-16
7390,9,2733,1,0,1,160.36,2026-05-28
7391,13,283,1,1,0,0.0,2026-07-05
7392,39,1050,1,1,0,0.0,2025-04-08
7393,9,76,1,1,0,0.0,2025-10-10
7394,36,465,1,0,1,73.27,2026-04-13
7395,6,3489,1,0,0,0.0,2025-04-26
7396,3,4905,1,1,0,0.0,2024-09-29
7397,21,113,1,1,0,0.0,2026-07-12
7398,37,2577,1,0,0,0.0,2026-08-03
7399,15,3567,1,1,1,204.41,2024-10-11
7400,15,795,1,0,1,125.18,2025-11-17
7401,31,3051,1,0,0,0.0,2025-01-30
7402,9,3914,1,0,0,0.0,2026-03-23
7403,40,1192,1,0,1,245.76,2026-01-09
7404,23,2189,1,0,1,11.66,2024-10-21
7405,9,2397,1,1,0,0.0,2025-10-14
7406,39,2768,1,1,1,171.01,2025-11-26
7407,12,4921,1,0,0,0.0,2026-07-13
7408,35,1847,1,0,0,0.0,2025-09-01
7409,31,3455,1,0,0,0.0,2024-11-07
7410,16,3262,1,1,0,0.0,2026-02-18
7411,32,3157,1,1,1,175.9,2025-05-28
7412,40,4371,1,0,1,70.56,2025-02-27
7413,40,3807,1,0,1,242.26,2026-07-04
7414,35,4784,1,0,0,0.0,2026-05-24
7415,27,2641,1,1,1,30.54,2025-12-07
7416,13,1166,1,1,0,0.0,2025-03-02
7417,6,691,1,0,0,0.0,2026-06-02
7418,39,135,1,0,1,237.65,2024-09-02
7419,4,581,1,1,1,165.49,2026-01-16
7420,38,3947,1,1,1,139.59,2026-01-19
7421,37,4329,1,1,0,0.0,2025-07-31
7422,11,3937,1,0,0,0.0,2025-09-15
7423,10,742,1,0,0,0.0,2024-12-18
7424,32,2669,1,1,0,0.0,2026-04-16
7425,26,4211,1,1,0,0.0,2025-01-01
7426,14,3161,1,1,0,0.0,2025-12-15
7427,21,2615,1,1,0,0.0,2025-04-30
7428,23,1659,1,0,1,61.38,2026-06-16
7429,12,3436,1,0,0,0.0,2026-07-11
7430,30,3016,1,1,1,121.68,2025-02-06
7431,28,1774,1,1,0,0.0,2026-08-03
7432,11,2783,1,0,0,0.0,2025-08-14
7433,14,2518,1,0,0,0.0,2025-09-05
7434,17,66,1,1,0,0.0,2024-10-19
7435,36,1300,1,0,0,0.0,2025-03-14
7436,2,4137,1,1,1,226.24,2025-06-14
7437,24,4047,1,1,1,205.03,2025-01-26
7438,15,821,1,0,1,221.94,2025-11-11
7439,12,1021,1,0,0,0.0,2025-04-18
7440,29,767,1,1,0,0.0,2025-06-16
7441,26,3819,1,0,1,192.33,2024-11-08
7442,18,523,1,1,1,135.4,2025-06-19
7443,24,2662,1,0,1,55.29,2024-09-22
7444,7,2728,1,0,1,77.33,2024-09-23
7445,37,1305,1,0,0,0.0,2025-03-17
7446,40,1981,1,0,1,77.33,2026-04-26
7447,27,1586,1,1,0,0.0,2024-09-08
7448,13,1584,1,0,0,0.0,2025-05-10
7449,11,157,1,1,1,156.88,2025-07-01
7450,25,400,1,1,1,74.31,2024-11-02
7451,8,1710,1,1,0,0.0,2026-04-30
7452,13,1909,1,1,0,0.0,2026-07-05
7453,13,4012,1,0,0,0.0,2026-04-14
7454,13,1982,1,1,0,0.0,2025-03-24
7455,7,1340,1,0,0,0.0,2024-11-21
7456,34,575,1,0,0,0.0,2025-07-16
7457,17,966,1,1,1,131.22,2025-05-19
7458,39,701,1,0,1,246.7,2024-11-18
7459,8,3206,1,0,0,0.0,2025-03-31
7460,33,2757,1,1,1,117.81,2025-11-12
7461,1,3589,1,1,1,24.97,2025-04-28
7462,12,485,1,1,1,167.1,2024-11-25
7463,10,635,1,0,1,141.65,2025-04-24
7464,22,1824,1,0,0,0.0,2026-07-24
7465,27,837,1,0,1,185.95,2025-08-07
7466,30,2871,1,0,1,191.62,2026-03-08
7467,40,1436,1,1,0,0.0,2024-11-04
7468,14,3009,1,1,1,174.09,2025-10-26
7469,28,4460,1,0,0,0.0,2024-11-24
7470,30,3758,1,0,1,16.23,2025-05-08
7471,38,3038,1,0,0,0.0,2026-07-24
7472,10,3931,1,0,1,166.84,2026-01-22
7473,17,2410,1,0,0,0.0,2025-08-08
7474,38,1233,1,0,1,13.36,2025-05-09
7475,18,4530,1,0,0,0.0,2026-07-18
7476,23,2786,1,0,0,0.0,2025-11-03
7477,10,2744,1,0,0,0.0,2025-04-02
7478,40,4500,1,0,0,0.0,2024-09-20
7479,11,4702,1,1,1,106.36,2025-07-05
7480,9,2398,1,0,1,107.39,2025-03-13
7481,22,1437,1,1,0,0.0,2025-04-28
7482,30,1369,1,0,0,0.0,2025-12-17
7483,27,216,1,1,0,0.0,2024-08-25
7484,13,1701,1,1,0,0.0,2025-05-28
7485,39,2405,1,1,1,196.95,2024-11-04
7486,17,3264,1,1,0,0.0,2025-03-13
7487,5,861,1,0,1,118.58,2025-04-15
7488,3,3574,1,0,1,39.85,2025-10-07
7489,8,4980,1,0,1,25.39,2026-07-22
7490,8,3491,1,0,0,0.0,2025-09-16
7491,7,3841,1,1,0,0.0,2025-02-27
7492,26,4158,1,0,0,0.0,2025-10-06
7493,33,2129,1,1,1,124.74,2024-08-11
7494,10,3104,1,0,1,117.81,2026-01-13
7495,17,325,1,1,1,129.77,2026-01-25
7496,21,1504,1,1,0,0.0,2025-02-12
7497,32,4437,1,1,0,0.0,2026-07-15
7498,4,468,1,1,0,0.0,2024-12-03
7499,19,3209,1,0,0,0.0,2024-12-24
7500,27,512,1,1,1,234.55,2026-07-25
7501,11,4207,1,1,1,234.38,2026-02-14
7502,2,1296,1,1,1,39.94,2026-01-31
7503,13,3835,1,1,1,56.91,2026-04-28
7504,1,4480,1,0,0,0.0,2025-01-20
7505,11,1090,1,1,0,0.0,2024-12-19
7506,35,4991,1,0,1,91.85,2025-08-13
7507,13,4644,1,1,1,107.35,2026-02-09
7508,18,384,1,0,0,0.0,2025-04-05
7509,31,66,1,0,0,0.0,2025-02-25
7510,23,4119,1,1,1,102.48,2026-06-04
7511,36,633,1,1,0,0.0,2025-12-06
7512,36,1879,1,0,1,76.85,2024-12-21
7513,7,611,1,1,0,0.0,2025-10-23
7514,7,1993,1,0,0,0.0,2026-05-21
7515,32,3858,1,1,0,0.0,2026-01-18
7516,31,2234,1,1,1,29.86,2024-09-27
7517,18,590,1,1,0,0.0,2026-03-12
7518,38,3344,1,0,1,137.01,2024-10-07
7519,25,2842,1,0,1,62.62,2026-02-13
7520,16,4873,1,1,0,0.0,2026-07-19
7521,13,197,1,0,1,219.93,2024-09-17
7522,23,178,1,1,1,141.63,2026-05-07
7523,23,3851,1,1,0,0.0,2026-01-07
7524,12,1545,1,0,0,0.0,2025-02-23
7525,16,546,1,1,0,0.0,2024-09-13
7526,30,4192,1,1,0,0.0,2026-02-02
7527,28,153,1,1,1,33.78,2024-09-28
7528,28,841,1,0,0,0.0,2025-11-17
7529,6,1543,1,0,1,52.94,2024-08-06
7530,23,1576,1,1,0,0.0,2024-10-10
7531,9,1241,1,1,1,190.57,2026-03-22
7532,14,176,1,1,0,0.0,2025-10-04
7533,27,2463,1,1,1,233.28,2025-06-23
7534,9,3358,1,0,0,0.0,2025-05-25
7535,35,2342,1,1,0,0.0,2025-11-11
7536,19,2808,1,1,1,177.26,2025-11-10
7537,8,2860,1,0,1,107.52,2025-08-16
7538,8,3239,1,1,0,0.0,2026-04-24
7539,37,1028,1,0,0,0.0,2025-09-28
7540,30,1755,1,0,1,37.43,2024-08-30
7541,7,3188,1,1,0,0.0,2025-03-19
7542,9,1244,1,1,0,0.0,2025-03-26
7543,4,823,1,1,1,125.4,2025-10-24
7544,7,4223,1,1,0,0.0,2024-11-29
7545,16,2450,1,1,0,0.0,2025-09-15
7546,15,369,1,0,1,89.37,2026-06-22
7547,20,4357,1,0,0,0.0,2024-10-24
7548,26,3122,1,0,1,172.81,2025-09-18
7549,8,1488,1,0,0,0.0,2025-09-03
7550,40,4542,1,0,0,0.0,2025-10-12
7551,33,3482,1,0,0,0.0,2025-08-10
7552,17,1831,1,1,0,0.0,2025-09-22
7553,17,2380,1,1,0,0.0,2026-05-30
7554,21,1155,1,0,1,40.81,2026-02-03
7555,9,3889,1,0,0,0.0,2025-08-21
7556,35,1861,1,1,0,0.0,2024-12-19
7557,10,4042,1,0,1,226.43,2025-04-11
7558,10,4809,1,1,1,144.62,2024-12-21
7559,34,2538,1,1,1,192.12,2026-07-26
7560,4,1182,1,0,0,0.0,2025-05-11
7561,15,4323,1,1,0,0.0,2024-12-08
7562,28,3002,1,1,1,90.02,2024-11-14
7563,12,3224,1,1,1,209.25,2026-03-16
7564,21,3658,1,1,0,0.0,2025-08-09
7565,18,25,1,1,1,131.83,2025-02-12
7566,17,4109,1,1,1,238.94,2025-10-02
7567,25,2998,1,1,1,235.45,2026-06-26
7568,35,621,1,1,0,0.0,2024-08-20
7569,1,4782,1,1,0,0.0,2026-01-23
7570,22,4959,1,1,1,223.12,2026-07-22
7571,6,4823,1,1,0,0.0,2025-09-16
7572,35,4032,1,1,0,0.0,2026-01-09
7573,10,2225,1,0,0,0.0,2025-11-11
7574,19,420,1,0,0,0.0,2026-03-07
7575,4,1789,1,1,0,0.0,2025-12-29
7576,23,4942,1,0,0,0.0,2024-11-20
7577,3,4646,1,1,0,0.0,2026-05-08
7578,1,4580,1,1,1,172.93,2025-07-06
7579,3,3785,1,0,0,0.0,2024-10-21
7580,10,4667,1,1,1,121.81,2025-04-08
7581,3,461,1,1,1,233.53,2026-05-31
7582,23,2576,1,0,0,0.0,2026-06-11
7583,2,1237,1,0,0,0.0,2025-04-11
7584,35,1984,1,1,1,10.43,2024-09-04
7585,27,3724,1,1,0,0.0,2026-06-07
7586,34,1667,1,1,0,0.0,2026-06-26
7587,17,2716,1,0,0,0.0,2025-05-07
7588,1,1248,1,0,0,0.0,2024-10-10
7589,13,2477,1,0,0,0.0,2025-09-21
7590,26,4736,1,0,1,12.36,2024-11-08
7591,22,306,1,1,0,0.0,2024-09-28
7592,17,777,1,1,0,0.0,2024-08-05
7593,12,2634,1,1,0,0.0,2025-03-09
7594,23,3567,1,1,1,189.06,2025-08-08
7595,11,2984,1,1,0,0.0,2026-06-20
7596,34,4558,1,1,1,139.19,2025-11-13
7597,8,1989,1,0,0,0.0,2025-12-21
7598,32,3925,1,1,0,0.0,2025-08-12
7599,21,2493,1,0,0,0.0,2024-10-31
7600,24,1141,1,1,1,131.85,2026-04-16
7601,40,4996,1,1,0,0.0,2026-04-04
7602,17,538,1,1,0,0.0,2024-12-07
7603,14,1257,1,1,0,0.0,2025-05-20
7604,38,1602,1,1,0,0.0,2025-06-06
7605,24,3834,1,1,1,171.68,2025-09-20
7606,17,2918,1,0,1,213.95,2024-12-15
7607,11,4430,1,1,1,243.44,2025-09-01
7608,26,4423,1,1,0,0.0,2025-01-13
7609,40,2281,1,0,0,0.0,2025-11-26
7610,9,1357,1,0,1,39.41,2025-06-15
7611,12,2086,1,0,0,0.0,2024-12-09
7612,32,3888,1,1,0,0.0,2026-02-23
7613,23,4927,1,1,0,0.0,2025-07-07
7614,35,1688,1,0,0,0.0,2026-02-28
7615,23,3763,1,0,1,48.88,2025-06-23
7616,6,1040,1,0,0,0.0,2026-01-11
7617,7,494,1,1,1,117.46,2026-02-06
7618,1,1482,1,1,0,0.0,2025-05-22
7619,29,1018,1,0,1,77.42,2025-08-06
7620,7,1706,1,0,0,0.0,2026-03-05
7621,22,4769,1,1,0,0.0,2026-07-04
7622,23,186,1,1,0,0.0,2024-10-28
7623,39,4590,1,0,1,38.72,2025-04-06
7624,18,235,1,1,0,0.0,2025-02-07
7625,39,2010,1,1,1,134.44,2026-06-28
7626,7,2196,1,1,1,165.5,2024-10-05
7627,5,2000,1,1,0,0.0,2026-04-28
7628,20,4671,1,0,0,0.0,2025-10-27
7629,3,3874,1,0,1,58.29,2025-05-16
7630,22,4072,1,1,0,0.0,2025-06-08
7631,28,2163,1,1,0,0.0,2025-08-11
7632,2,669,1,0,0,0.0,2025-09-27
7633,19,4475,1,1,0,0.0,2024-11-28
7634,31,316,1,0,1,182.8,2026-01-27
7635,24,2021,1,0,1,94.53,2024-09-17
7636,16,2239,1,0,1,83.08,2024-08-11
7637,21,3819,1,0,0,0.0,2026-03-04
7638,40,3258,1,1,1,169.56,2025-10-03
7639,9,793,1,1,0,0.0,2026-02-07
7640,35,4032,1,1,0,0.0,2025-07-05
7641,19,3345,1,1,0,0.0,2025-06-08
7642,6,2256,1,1,0,0.0,2024-10-28
7643,7,58,1,0,1,140.31,2026-04-07
7644,11,3304,1,1,0,0.0,2025-10-31
7645,10,921,1,0,1,74.93,2024-08-24
7646,3,1972,1,0,1,62.17,2026-04-09
7647,35,2008,1,1,0,0.0,2026-06-11
7648,31,1748,1,1,0,0.0,2026-07-21
7649,5,69,1,0,0,0.0,2025-09-19
7650,21,4080,1,0,0,0.0,2024-12-07
7651,37,1368,1,1,0,0.0,2026-01-18
7652,36,1290,1,1,1,11.68,2024-11-29
7653,29,1744,1,1,1,223.0,2026-06-05
7654,40,3647,1,1,1,156.52,2024-11-12
7655,39,2154,1,1,0,0.0,2024-08-30
7656,12,1879,1,1,1,139.82,2025-07-11
7657,3,4252,1,1,0,0.0,2025-09-12
7658,5,1220,1,0,1,67.3,2025-12-17
7659,2,2824,1,1,1,209.98,2025-02-09
7660,15,2298,1,0,1,151.3,2025-02-17
7661,35,646,1,0,0,0.0,2024-12-13
7662,36,2876,1,1,0,0.0,2024-11-07
7663,37,1861,1,0,0,0.0,2026-05-30
7664,33,3413,1,0,1,82.93,2024-10-31
7665,14,2656,1,1,1,215.59,2025-04-10
7666,7,1760,1,0,0,0.0,2025-10-26
7667,37,1758,1,1,1,183.1,2024-12-10
7668,10,1691,1,0,1,191.59,2024-08-26
7669,39,4049,1,1,0,0.0,2025-06-22
7670,7,4473,1,1,0,0.0,2026-01-24
7671,28,579,1,0,0,0.0,2025-12-21
7672,21,1480,1,0,1,63.91,2026-03-26
7673,20,1096,1,1,1,183.95,2025-02-28
7674,4,3206,1,0,0,0.0,2025-12-20
7675,33,1537,1,0,1,173.54,2025-09-24
7676,20,329,1,0,1,93.6,2025-04-28
7677,12,1060,1,0,0,0.0,2024-12-13
7678,36,4773,1,0,1,144.94,2026-07-12
7679,23,3777,1,1,1,48.2,2024-09-30
7680,7,3924,1,1,1,154.1,2025-07-02
7681,40,380,1,0,0,0.0,2025-11-15
7682,15,1517,1,1,0,0.0,2026-05-06
7683,30,559,1,0,0,0.0,2024-12-19
7684,20,3858,1,1,0,0.0,2024-11-27
7685,22,4426,1,0,0,0.0,2024-09-15
7686,19,828,1,1,0,0.0,2025-04-07
7687,7,4109,1,0,0,0.0,2025-08-12
7688,38,3192,1,0,1,105.65,2024-09-16
7689,31,4916,1,1,1,145.31,2025-07-15
7690,28,4667,1,0,1,205.63,2026-07-01
7691,29,2760,1,0,0,0.0,2025-10-28
7692,31,145,1,1,0,0.0,2026-04-08
7693,34,3153,1,0,0,0.0,2025-11-19
7694,38,4948,1,1,1,58.93,2025-10-01
7695,5,1458,1,0,0,0.0,2026-03-08
7696,7,553,1,1,0,0.0,2026-01-11
7697,23,874,1,0,0,0.0,2025-05-05
7698,4,2591,1,0,0,0.0,2025-02-14
7699,16,1162,1,0,1,84.64,2024-09-25
7700,40,3469,1,1,1,38.92,2026-06-01
7701,32,4164,1,1,1,157.5,2025-02-05
7702,15,3658,1,0,0,0.0,2025-06-08
7703,21,3228,1,1,1,92.93,2025-04-29
7704,31,4746,1,1,0,0.0,2025-01-19
7705,36,999,1,1,1,81.15,2026-02-25
7706,30,1610,1,0,1,10.46,2025-02-25
7707,20,1108,1,1,0,0.0,2025-04-12
7708,6,2524,1,0,0,0.0,2026-02-26
7709,22,943,1,0,1,152.84,2025-06-25
7710,4,3346,1,1,1,86.0,2026-06-06
7711,3,2734,1,0,0,0.0,2026-03-15
7712,9,4351,1,0,0,0.0,2025-04-29
7713,39,4994,1,0,0,0.0,2026-02-13
7714,25,2569,1,1,0,0.0,2025-01-22
7715,19,1225,1,0,0,0.0,2025-07-17
7716,27,167,1,1,0,0.0,2025-01-29
7717,37,3799,1,0,0,0.0,2025-04-20
7718,2,415,1,0,1,220.34,2025-03-30
7719,8,4447,1,0,0,0.0,2026-02-01
7720,15,3571,1,0,0,0.0,2025-01-14
7721,5,3746,1,1,0,0.0,2025-10-03
7722,21,247,1,0,0,0.0,2024-08-23
7723,11,983,1,1,1,90.3,2026-03-27
7724,18,3887,1,0,0,0.0,2024-10-09
7725,39,114,1,0,1,229.33,2026-05-28
7726,20,2819,1,1,0,0.0,2026-05-22
7727,2,4119,1,1,0,0.0,2026-03-03
7728,40,2080,1,0,0,0.0,2025-10-26
7729,6,1939,1,1,0,0.0,2026-04-03
7730,3,2220,1,1,0,0.0,2025-10-24
7731,30,2755,1,0,0,0.0,2025-08-27
7732,4,729,1,0,0,0.0,2024-11-03
7733,35,3984,1,1,0,0.0,2026-02-23
7734,4,3366,1,1,1,52.24,2025-01-27
7735,8,1028,1,1,0,0.0,2024-10-01
7736,31,2864,1,1,1,136.19,2024-12-18
7737,27,850,1,0,1,174.78,2025-07-17
7738,33,3722,1,0,1,119.01,2025-02-02
7739,20,2936,1,0,0,0.0,2025-05-18
7740,31,123,1,0,0,0.0,2026-06-09
7741,11,4192,1,1,1,82.68,2024-08-31
7742,1,3418,1,1,0,0.0,2026-02-23
7743,27,258,1,0,1,160.83,2025-04-29
7744,23,3560,1,1,0,0.0,2025-11-21
7745,38,1954,1,0,0,0.0,2024-09-08
7746,30,4079,1,0,1,102.8,2025-08-09
7747,40,4791,1,0,0,0.0,2024-09-21
7748,14,2510,1,1,1,193.78,2026-08-02
7749,15,262,1,0,1,219.78,2025-11-11
7750,12,2590,1,0,0,0.0,2026-03-01
7751,19,2056,1,1,0,0.0,2024-11-01
7752,4,75,1,1,0,0.0,2024-10-05
7753,30,1913,1,1,0,0.0,2025-07-19
7754,20,200,1,0,0,0.0,2026-05-14
7755,31,2056,1,1,0,0.0,2025-03-20
7756,26,3199,1,0,1,36.25,2026-07-18
7757,5,265,1,0,1,172.7,2025-02-22
7758,19,413,1,0,0,0.0,2025-08-05
7759,12,2718,1,1,1,232.69,2026-03-17
7760,1,1341,1,1,1,70.18,2026-03-20
7761,33,2880,1,0,0,0.0,2026-05-09
7762,30,2633,1,1,0,0.0,2025-08-02
7763,38,723,1,0,1,106.65,2024-11-04
7764,11,1731,1,0,1,206.16,2024-11-19
7765,39,954,1,0,1,76.2,2025-05-08
7766,20,4318,1,0,1,86.73,2024-09-26
7767,17,2060,1,0,0,0.0,2024-12-04
7768,20,2496,1,0,1,182.37,2024-09-10
7769,6,4317,1,0,0,0.0,2025-06-30
7770,15,4859,1,1,1,140.03,2025-11-17
7771,7,3396,1,0,1,85.13,2025-01-13
7772,25,1312,1,1,1,183.13,2025-08-29
7773,4,2337,1,1,0,0.0,2024-12-09
7774,22,3716,1,0,0,0.0,2025-05-04
7775,10,3972,1,1,1,224.3,2025-04-09
7776,19,419,1,0,0,0.0,2025-06-04
7777,5,414,1,0,0,0.0,2026-03-03
7778,12,3582,1,0,1,126.24,2025-08-03
7779,27,2095,1,0,0,0.0,2025-08-23
7780,5,411,1,1,0,0.0,2025-06-15
7781,10,4823,1,1,1,191.54,2024-11-10
7782,32,728,1,0,0,0.0,2025-06-04
7783,5,2735,1,1,1,218.63,2025-02-21
7784,6,101,1,1,1,217.84,2024-11-26
7785,26,1866,1,0,0,0.0,2026-06-04
7786,13,4745,1,1,0,0.0,2025-05-02
7787,17,4909,1,1,1,192.67,2026-08-03
7788,36,3141,1,1,0,0.0,2024-08-20
7789,8,3978,1,0,0,0.0,2024-12-20
7790,18,791,1,1,0,0.0,2026-05-10
7791,10,4924,1,1,0,0.0,2026-07-28
7792,38,3587,1,1,0,0.0,2024-09-12
7793,12,3406,1,1,0,0.0,2025-12-29
7794,31,4471,1,1,1,43.51,2026-02-28
7795,19,3102,1,0,1,239.75,2025-03-26
7796,23,3450,1,1,0,0.0,2024-10-17
7797,13,3298,1,0,0,0.0,2024-10-19
7798,30,28,1,0,0,0.0,2025-11-14
7799,30,863,1,1,0,0.0,2026-03-29
7800,7,3435,1,0,1,108.72,2025-03-20
7801,10,4119,1,1,1,158.77,2026-04-11
7802,23,1031,1,1,1,156.7,2025-03-15
7803,19,4651,1,0,0,0.0,2025-02-24
7804,28,2401,1,0,0,0.0,2025-08-31
7805,39,4212,1,0,0,0.0,2024-08-22
7806,19,512,1,0,0,0.0,2025-06-30
7807,25,484,1,1,0,0.0,2025-05-14
7808,28,4019,1,1,1,139.65,2024-12-04
7809,7,780,1,1,1,221.34,2026-03-20
7810,23,2959,1,1,0,0.0,2025-10-31
7811,14,4580,1,0,1,117.04,2025-01-24
7812,10,4163,1,1,1,127.18,2026-01-07
7813,26,3214,1,0,0,0.0,2026-07-16
7814,2,1822,1,1,0,0.0,2026-07-14
7815,19,1953,1,0,0,0.0,2025-08-28
7816,23,3980,1,0,0,0.0,2025-02-20
7817,3,3712,1,0,0,0.0,2024-10-29
7818,19,4429,1,0,0,0.0,2026-07-20
7819,20,3257,1,1,0,0.0,2024-10-23
7820,14,661,1,0,1,197.46,2025-11-18
7821,1,1258,1,1,1,141.9,2026-03-12
7822,12,4357,1,1,1,92.0,2025-01-07
7823,25,3489,1,1,0,0.0,2025-03-06
7824,39,4489,1,1,0,0.0,2025-04-02
7825,4,2301,1,1,1,51.57,2025-05-16
7826,37,2761,1,0,0,0.0,2025-12-24
7827,11,1408,1,0,0,0.0,2025-12-18
7828,15,2251,1,1,0,0.0,2025-04-10
7829,31,2769,1,1,0,0.0,2025-11-28
7830,14,1351,1,0,0,0.0,2025-09-27
7831,23,2861,1,1,1,67.99,2026-07-08
7832,13,3837,1,1,1,124.02,2025-03-15
7833,29,4435,1,1,0,0.0,2026-06-27
7834,40,2358,1,1,1,184.66,2025-04-08
7835,9,3159,1,1,0,0.0,2026-06-21
7836,12,2963,1,0,0,0.0,2025-08-21
7837,2,1947,1,0,0,0.0,2026-07-16
7838,4,4546,1,1,1,117.66,2026-04-24
7839,18,1487,1,0,1,34.05,2024-10-17
7840,37,411,1,0,0,0.0,2025-03-20
7841,7,758,1,0,0,0.0,2025-12-03
7842,26,1678,1,0,1,85.03,2026-07-08
7843,17,334,1,0,0,0.0,2025-01-10
7844,6,2941,1,0,1,110.07,2025-12-20
7845,22,361,1,1,0,0.0,2026-07-24
7846,40,849,1,0,1,87.02,2024-11-03
7847,27,2465,1,0,1,44.37,2025-04-01
7848,3,4517,1,0,1,67.53,2026-06-23
7849,8,3838,1,0,1,181.69,2025-11-05
7850,36,3353,1,1,0,0.0,2026-02-03
7851,38,202,1,0,0,0.0,2026-05-16
7852,19,3005,1,1,0,0.0,2024-08-14
7853,31,4246,1,1,0,0.0,2025-12-10
7854,15,1421,1,1,0,0.0,2024-12-02
7855,31,2850,1,0,0,0.0,2026-01-22
7856,25,765,1,0,0,0.0,2025-12-03
7857,19,521,1,0,0,0.0,2025-09-23
7858,12,434,1,0,1,249.52,2024-08-04
7859,6,4195,1,1,0,0.0,2026-02-17
7860,25,1560,1,1,0,0.0,2025-05-19
7861,16,1134,1,0,0,0.0,2025-10-15
7862,28,2527,1,0,0,0.0,2026-05-16
7863,12,385,1,0,0,0.0,2025-06-01
7864,15,4949,1,0,0,0.0,2026-07-09
7865,3,888,1,1,1,189.71,2026-03-24
7866,5,1788,1,1,1,159.68,2024-08-29
7867,10,1794,1,1,0,0.0,2026-06-13
7868,32,2071,1,0,1,221.8,2026-05-06
7869,18,2457,1,1,0,0.0,2025-11-27
7870,3,2230,1,1,0,0.0,2024-09-30
7871,29,1060,1,0,1,146.37,2024-09-05
7872,3,2727,1,0,0,0.0,2025-10-19
7873,26,1248,1,1,0,0.0,2025-03-31
7874,1,2817,1,1,0,0.0,2025-04-14
7875,16,1175,1,0,0,0.0,2024-10-30
7876,31,1707,1,1,1,53.58,2025-01-17
7877,29,798,1,1,1,206.74,2025-04-02
7878,7,160,1,0,0,0.0,2025-05-11
7879,23,4942,1,0,0,0.0,2025-04-14
7880,22,4385,1,0,1,130.28,2025-08-29
7881,40,3852,1,0,0,0.0,2026-03-31
7882,6,1920,1,1,1,185.2,2025-12-04
7883,26,3258,1,0,1,176.97,2024-09-30
7884,7,3531,1,0,1,239.46,2026-03-24
7885,22,1816,1,0,1,129.68,2025-10-06
7886,22,1922,1,0,1,247.54,2026-01-15
7887,37,3717,1,0,1,198.66,2024-11-09
7888,27,2800,1,1,0,0.0,2024-12-07
7889,33,1245,1,1,0,0.0,2025-07-26
7890,25,4040,1,1,1,113.47,2024-11-03
7891,36,1904,1,0,0,0.0,2024-12-18
7892,6,3613,1,0,1,239.45,2026-07-05
7893,17,1416,1,0,0,0.0,2024-12-24
7894,4,3066,1,1,0,0.0,2025-03-13
7895,31,953,1,0,0,0.0,2024-12-06
7896,31,1004,1,0,1,17.89,2024-10-23
7897,20,1068,1,0,0,0.0,2025-04-12
7898,25,945,1,1,0,0.0,2024-10-08
7899,32,3609,1,1,0,0.0,2025-04-30
7900,7,2388,1,0,0,0.0,2025-11-23
7901,29,3348,1,1,1,216.67,2026-03-13
7902,11,4818,1,0,1,19.48,2025-03-06
7903,39,4523,1,1,1,54.8,2024-12-07
7904,38,2719,1,1,1,39.9,2026-07-09
7905,22,4260,1,1,1,113.23,2025-10-19
7906,2,767,1,1,0,0.0,2026-01-22
7907,39,4597,1,0,0,0.0,2026-02-06
7908,23,1158,1,0,0,0.0,2025-03-16
7909,19,2881,1,0,1,138.89,2026-03-01
7910,4,4144,1,1,1,46.73,2025-10-15
7911,9,2887,1,1,0,0.0,2025-10-15
7912,1,1298,1,1,0,0.0,2026-01-18
7913,32,3420,1,0,0,0.0,2024-10-09
7914,7,1953,1,1,0,0.0,2024-09-26
7915,31,3459,1,0,0,0.0,2025-08-02
7916,9,3176,1,0,0,0.0,2025-03-04
7917,23,3914,1,1,0,0.0,2025-02-17
7918,4,2342,1,1,0,0.0,2024-10-28
7919,37,2723,1,1,1,121.68,2026-07-21
7920,32,634,1,0,0,0.0,2025-08-24
7921,33,2075,1,0,1,247.04,2026-04-03
7922,10,509,1,1,0,0.0,2024-10-24
7923,25,3738,1,1,1,97.87,2025-07-14
7924,30,1111,1,0,0,0.0,2024-08-23
7925,35,4457,1,1,0,0.0,2026-05-04
7926,18,3574,1,0,0,0.0,2026-02-01
7927,6,625,1,0,0,0.0,2024-12-08
7928,1,3562,1,1,0,0.0,2026-08-04
7929,8,3809,1,1,1,65.84,2026-06-18
7930,4,4264,1,0,0,0.0,2026-01-01
7931,21,4805,1,1,0,0.0,2025-04-17
7932,7,4654,1,0,0,0.0,2025-02-05
7933,18,741,1,1,1,212.8,2026-02-13
7934,18,527,1,1,1,25.97,2025-03-21
7935,23,2862,1,0,0,0.0,2025-05-20
7936,21,2736,1,1,0,0.0,2024-12-01
7937,23,246,1,1,1,129.1,2025-03-03
7938,23,2669,1,0,0,0.0,2026-03-01
7939,3,4121,1,1,0,0.0,2025-03-28
7940,26,801,1,0,0,0.0,2025-06-19
7941,28,213,1,1,1,228.21,2025-12-14
7942,16,1558,1,0,0,0.0,2025-03-25
7943,9,2394,1,1,0,0.0,2026-01-13
7944,15,976,1,1,1,182.05,2024-12-14
7945,8,4863,1,0,0,0.0,2026-07-10
7946,30,3220,1,0,1,218.0,2024-09-13
7947,38,1844,1,0,0,0.0,2024-08-19
7948,34,2093,1,1,0,0.0,2024-09-07
7949,14,3921,1,0,0,0.0,2025-09-27
7950,38,2438,1,0,0,0.0,2026-07-11
7951,25,1104,1,0,1,236.0,2025-11-06
7952,12,4373,1,0,0,0.0,2026-01-11
7953,34,1037,1,1,0,0.0,2026-08-01
7954,35,4343,1,0,0,0.0,2025-05-12
7955,15,3571,1,0,0,0.0,2026-02-22
7956,14,1281,1,1,0,0.0,2025-03-11
7957,11,4242,1,0,0,0.0,2024-10-08
7958,35,4622,1,0,0,0.0,2026-07-27
7959,28,867,1,1,0,0.0,2025-08-11
7960,39,3184,1,1,1,84.7,2024-08-22
7961,4,3449,1,0,1,127.8,2026-01-10
7962,32,1214,1,0,0,0.0,2026-04-19
7963,27,3165,1,0,0,0.0,2025-05-25
7964,39,187,1,0,1,232.58,2025-03-26
7965,1,2978,1,0,0,0.0,2025-06-29
7966,12,1175,1,1,1,106.63,2025-05-20
7967,40,1211,1,0,1,234.34,2024-10-31
7968,15,2107,1,0,0,0.0,2026-06-05
7969,11,4578,1,1,0,0.0,2025-04-15
7970,23,1387,1,1,1,19.1,2026-03-04
7971,39,1921,1,1,0,0.0,2026-01-22
7972,3,759,1,1,0,0.0,2025-09-21
7973,39,723,1,0,1,122.51,2024-08-19
7974,39,1679,1,0,1,196.01,2025-07-02
7975,30,1871,1,0,0,0.0,2025-11-20
7976,40,3555,1,0,1,71.51,2025-11-27
7977,1,159,1,0,0,0.0,2026-04-20
7978,21,2685,1,0,0,0.0,2024-12-09
7979,24,2581,1,1,0,0.0,2024-09-16
7980,23,4674,1,0,1,205.09,2024-12-27
7981,23,101,1,0,0,0.0,2024-10-25
7982,12,3776,1,0,0,0.0,2024-10-25
7983,29,4425,1,0,0,0.0,2025-09-26
7984,9,1703,1,1,0,0.0,2024-09-24
7985,7,3446,1,1,0,0.0,2024-11-29
7986,13,2683,1,0,0,0.0,2025-10-31
7987,37,330,1,0,0,0.0,2025-03-24
7988,25,326,1,1,1,150.47,2026-07-04
7989,10,3837,1,1,1,245.38,2026-04-21
7990,28,665,1,1,1,51.26,2026-04-15
7991,37,4267,1,0,0,0.0,2026-05-16
7992,5,3864,1,1,1,205.15,2024-09-01
7993,38,3138,1,1,1,134.94,2025-05-24
7994,34,4264,1,0,1,20.5,2026-05-14
7995,29,2376,1,1,0,0.0,2025-07-31
7996,24,4246,1,1,0,0.0,2026-01-12
7997,19,871,1,0,1,169.08,2025-02-07
7998,11,1844,1,1,1,218.1,2025-08-17
7999,3,1646,1,1,0,0.0,2024-08-21
8000,1,3500,1,0,0,0.0,2025-11-22
8001,9,2982,1,1,0,0.0,2026-03-04
8002,7,1506,1,0,1,62.22,2025-10-04
8003,22,2420,1,0,0,0.0,2024-08-08
8004,9,3237,1,1,1,131.66,2024-08-21
8005,14,2476,1,0,1,185.11,2025-01-24
8006,19,2097,1,1,0,0.0,2025-11-12
8007,4,4432,1,1,1,91.15,2026-03-23
8008,36,784,1,1,1,119.79,2024-12-14
8009,17,245,1,0,0,0.0,2025-03-25
8010,30,4580,1,0,1,21.46,2025-06-14
8011,7,4147,1,1,0,0.0,2025-12-31
8012,18,2166,1,1,0,0.0,2026-07-12
8013,30,2266,1,0,1,168.26,2025-01-04
8014,10,3614,1,1,0,0.0,2026-05-01
8015,3,523,1,0,1,94.69,2025-12-23
8016,7,1128,1,0,0,0.0,2024-11-25
8017,13,3180,1,0,0,0.0,2024-10-18
8018,30,2442,1,0,1,40.1,2025-01-04
8019,2,4768,1,0,1,91.82,2026-06-21
8020,20,2427,1,1,0,0.0,2025-10-09
8021,7,2134,1,0,0,0.0,2026-06-15
8022,13,3357,1,0,0,0.0,2024-09-28
8023,15,1500,1,1,0,0.0,2025-01-08
8024,34,328,1,0,1,105.55,2025-07-04
8025,19,3446,1,0,0,0.0,2025-07-13
8026,11,3320,1,1,1,145.33,2024-10-29
8027,31,688,1,0,0,0.0,2025-08-13
8028,17,3591,1,0,1,246.61,2024-12-10
8029,27,2926,1,0,0,0.0,2025-04-10
8030,19,303,1,0,0,0.0,2025-04-14
8031,8,3323,1,1,0,0.0,2025-09-13
8032,25,1254,1,1,0,0.0,2026-03-05
8033,25,4982,1,1,0,0.0,2024-12-21
8034,35,4606,1,0,0,0.0,2025-03-17
8035,6,2978,1,1,1,131.87,2025-09-06
8036,37,2589,1,0,0,0.0,2026-06-30
8037,3,2948,1,1,1,178.53,2026-05-24
8038,38,3014,1,0,0,0.0,2024-08-05
8039,19,387,1,1,1,166.96,2026-06-14
8040,8,610,1,1,1,140.73,2026-04-17
8041,22,4950,1,1,0,0.0,2025-10-02
8042,36,2403,1,0,0,0.0,2025-09-24
8043,35,2387,1,0,0,0.0,2025-04-28
8044,21,1672,1,0,1,17.46,2024-10-21
8045,1,2223,1,1,1,190.97,2025-06-03
8046,22,2539,1,0,0,0.0,2025-08-22
8047,35,128,1,1,0,0.0,2025-06-21
8048,12,1939,1,1,1,148.96,2026-01-06
8049,19,908,1,0,1,122.33,2024-09-05
8050,15,2288,1,1,0,0.0,2025-05-31
8051,12,1482,1,1,1,126.4,2026-02-04
8052,1,1247,1,1,1,242.92,2024-08-26
8053,26,1360,1,0,0,0.0,2025-03-29
8054,7,3899,1,0,1,189.79,2024-11-19
8055,39,1652,1,0,0,0.0,2025-12-08
8056,3,463,1,0,1,65.08,2026-03-16
8057,15,4478,1,0,0,0.0,2025-02-21
8058,37,2625,1,1,1,218.79,2025-11-09
8059,16,1891,1,0,1,175.38,2024-09-25
8060,19,2182,1,0,1,71.73,2025-04-19
8061,15,2953,1,1,1,167.3,2025-04-08
8062,19,712,1,0,1,95.98,2024-11-28
8063,8,342,1,0,1,180.54,2025-11-14
8064,35,4478,1,0,0,0.0,2026-03-03
8065,3,4707,1,1,0,0.0,2026-07-16
8066,26,4793,1,0,1,102.85,2024-08-16
8067,9,442,1,1,1,236.57,2026-03-25
8068,13,3299,1,1,0,0.0,2025-04-10
8069,12,2189,1,1,1,127.95,2025-12-26
8070,29,2690,1,1,0,0.0,2025-08-22
8071,9,4690,1,0,0,0.0,2026-01-21
8072,17,2515,1,0,0,0.0,2024-08-15
8073,31,3334,1,0,0,0.0,2026-05-13
8074,30,4341,1,1,0,0.0,2026-07-02
8075,15,2098,1,0,1,123.98,2024-11-23
8076,3,1656,1,1,0,0.0,2026-04-20
8077,12,545,1,0,0,0.0,2025-09-02
8078,32,3978,1,0,1,46.64,2025-10-19
8079,14,4840,1,0,1,237.27,2025-02-21
8080,21,4608,1,1,0,0.0,2024-10-12
8081,28,4530,1,0,1,95.21,2026-07-15
8082,23,3449,1,0,0,0.0,2025-10-31
8083,21,4220,1,1,1,170.58,2025-04-11
8084,14,1336,1,0,1,179.2,2025-06-22
8085,9,2240,1,1,1,99.47,2025-11-18
8086,26,2484,1,0,1,216.72,2025-06-09
8087,14,1740,1,0,1,222.75,2025-08-28
8088,4,199,1,1,0,0.0,2026-01-27
8089,20,948,1,1,1,18.9,2025-01-30
8090,3,1421,1,0,0,0.0,2024-12-02
8091,12,1961,1,0,1,175.03,2024-12-26
8092,3,1388,1,0,1,164.53,2024-10-22
8093,17,3410,1,1,1,120.79,2026-05-27
8094,3,767,1,1,0,0.0,2026-01-31
8095,19,3532,1,1,1,60.45,2025-03-31
8096,38,878,1,1,0,0.0,2024-10-26
8097,19,4800,1,1,1,167.87,2026-01-25
8098,39,1222,1,1,0,0.0,2026-05-28
8099,12,2661,1,1,0,0.0,2025-07-27
8100,33,4641,1,1,0,0.0,2025-10-05
8101,22,4973,1,0,0,0.0,2026-07-14
8102,8,1086,1,1,0,0.0,2025-12-28
8103,28,290,1,1,1,173.8,2025-09-22
8104,2,2650,1,1,1,139.1,2025-03-28
8105,18,4932,1,0,0,0.0,2025-12-10
8106,1,1131,1,1,0,0.0,2025-06-15
8107,2,4831,1,1,1,70.48,2025-10-17
8108,21,3537,1,0,1,72.94,2024-08-04
8109,12,4491,1,1,0,0.0,2026-04-30
8110,25,3871,1,1,1,34.91,2025-04-01
8111,23,98,1,0,1,101.56,2025-08-05
8112,14,219,1,1,1,151.34,2024-11-18
8113,16,140,1,0,0,0.0,2026-04-23
8114,18,3820,1,1,1,218.4,2025-12-13
8115,23,2515,1,0,0,0.0,2025-09-27
8116,16,3890,1,0,0,0.0,2025-11-22
8117,19,4697,1,1,1,45.9,2025-09-30
8118,37,1493,1,0,1,126.23,2025-06-05
8119,27,152,1,1,0,0.0,2025-11-23
8120,11,2466,1,0,1,205.71,2025-04-12
8121,40,1074,1,0,0,0.0,2024-11-07
8122,36,34,1,1,1,154.57,2025-12-28
8123,11,350,1,1,0,0.0,2025-11-10
8124,2,4866,1,1,1,164.54,2025-05-18
8125,12,1327,1,0,1,131.22,2026-06-15
8126,40,4265,1,0,0,0.0,2026-07-16
8127,32,3049,1,1,1,71.7,2024-12-30
8128,9,1894,1,1,1,203.07,2026-02-22
8129,33,2859,1,0,1,216.52,2026-07-17
8130,4,944,1,0,1,206.75,2024-09-29
8131,9,3981,1,1,0,0.0,2026-06-28
8132,18,3725,1,0,0,0.0,2025-05-13
8133,17,3790,1,1,0,0.0,2026-07-26
8134,32,1260,1,0,0,0.0,2024-10-03
8135,19,4756,1,0,1,132.16,2025-09-03
8136,21,913,1,1,0,0.0,2026-03-21
8137,19,1302,1,0,0,0.0,2025-08-10
8138,10,3920,1,1,1,91.03,2026-03-16
8139,34,1220,1,1,0,0.0,2025-06-15
8140,10,2598,1,0,1,28.29,2025-04-01
8141,20,552,1,1,1,75.86,2025-08-17
8142,32,2119,1,1,0,0.0,2025-12-27
8143,17,1440,1,1,1,110.36,2025-02-18
8144,31,284,1,1,0,0.0,2024-08-24
8145,32,1274,1,1,0,0.0,2026-03-12
8146,21,2161,1,1,1,217.71,2025-10-02
8147,15,3538,1,1,1,52.82,2024-09-03
8148,8,258,1,0,1,147.85,2026-05-20
8149,37,4995,1,1,1,110.15,2025-04-12
8150,16,1188,1,1,0,0.0,2025-10-09
8151,24,1554,1,0,0,0.0,2024-08-14
8152,31,2110,1,1,1,141.46,2025-02-28
8153,27,2257,1,1,0,0.0,2025-09-19
8154,1,4071,1,0,0,0.0,2025-05-11
8155,2,1630,1,1,0,0.0,2026-01-13
8156,22,1619,1,1,1,137.79,2026-02-10
8157,39,4067,1,0,0,0.0,2024-08-04
8158,10,2279,1,1,1,168.92,2025-05-06
8159,12,4478,1,0,0,0.0,2025-08-03
8160,31,3258,1,0,1,129.21,2026-02-26
8161,25,4288,1,0,0,0.0,2025-11-11
8162,38,2190,1,0,1,141.81,2025-05-13
8163,39,1503,1,0,0,0.0,2026-01-28
8164,13,1001,1,1,1,79.48,2025-11-29
8165,24,4413,1,1,1,98.45,2025-05-04
8166,5,4554,1,1,0,0.0,2026-05-28
8167,2,894,1,1,1,232.63,2024-09-04
8168,15,2922,1,0,1,242.08,2025-05-23
8169,37,2616,1,0,0,0.0,2025-09-04
8170,35,4255,1,1,0,0.0,2025-12-14
8171,15,564,1,0,0,0.0,2025-04-18
8172,30,4566,1,1,0,0.0,2024-09-07
8173,3,668,1,0,1,132.25,2024-08-21
8174,29,2520,1,1,0,0.0,2025-09-11
8175,14,4160,1,1,0,0.0,2026-06-12
8176,13,2128,1,1,0,0.0,2025-10-22
8177,16,2509,1,1,0,0.0,2026-03-27
8178,8,2738,1,1,1,116.56,2024-08-21
8179,26,274,1,0,1,199.13,2024-11-29
8180,30,2744,1,1,0,0.0,2024-09-28
8181,34,2571,1,1,0,0.0,2024-09-09
8182,30,1885,1,0,1,220.37,2026-07-28
8183,33,919,1,1,0,0.0,2026-02-05
8184,17,1602,1,1,0,0.0,2026-02-11
8185,1,3316,1,1,0,0.0,2024-09-25
8186,15,931,1,0,1,68.74,2025-06-30
8187,14,3958,1,0,1,248.51,2024-09-17
8188,15,1150,1,0,1,12.75,2025-08-24
8189,20,1241,1,0,1,138.38,2025-12-24
8190,3,4852,1,1,0,0.0,2024-11-26
8191,6,2853,1,0,0,0.0,2024-12-02
8192,25,548,1,1,0,0.0,2025-08-04
8193,15,89,1,1,1,247.01,2025-02-21
8194,40,4249,1,1,0,0.0,2026-03-25
8195,11,2062,1,1,1,160.25,2025-04-17
8196,27,686,1,1,1,24.42,2024-12-15
8197,36,3776,1,0,0,0.0,2026-01-10
8198,35,976,1,1,0,0.0,2025-12-26
8199,5,2803,1,0,0,0.0,2026-03-04
8200,28,3738,1,0,0,0.0,2026-01-17
8201,16,3061,1,1,0,0.0,2024-11-27
8202,2,2886,1,1,0,0.0,2025-10-12
8203,24,4683,1,0,0,0.0,2025-11-22
8204,28,4215,1,0,0,0.0,2026-05-03
8205,37,3702,1,0,0,0.0,2026-03-15
8206,28,1308,1,1,1,120.41,2026-04-15
8207,8,3961,1,0,1,38.13,2024-11-09
8208,30,1759,1,0,1,160.57,2026-06-16
8209,20,769,1,1,0,0.0,2025-10-19
8210,17,613,1,0,0,0.0,2026-03-16
8211,26,1230,1,1,0,0.0,2026-01-30
8212,13,1115,1,0,0,0.0,2025-07-30
8213,22,1271,1,0,1,220.98,2025-07-02
8214,6,2447,1,1,0,0.0,2025-01-20
8215,11,719,1,0,1,88.01,2026-06-10
8216,2,518,1,0,0,0.0,2024-12-28
8217,17,1636,1,1,0,0.0,2025-05-20
8218,11,3071,1,1,1,106.96,2024-11-10
8219,22,4739,1,0,1,19.84,2025-05-08
8220,17,4983,1,1,0,0.0,2024-10-29
8221,3,1607,1,1,1,97.24,2026-07-12
8222,22,2161,1,1,1,135.44,2026-02-19
8223,24,4986,1,1,0,0.0,2025-06-22
8224,15,828,1,0,1,156.46,2026-04-18
8225,25,3219,1,0,1,152.36,2025-01-05
8226,13,1347,1,0,0,0.0,2026-04-12
8227,22,2792,1,1,0,0.0,2026-01-05
8228,39,16,1,1,0,0.0,2026-03-03
8229,20,2649,1,1,1,17.98,2024-12-07
8230,30,446,1,1,0,0.0,2025-01-27
8231,38,3468,1,1,0,0.0,2025-08-15
8232,28,1689,1,1,1,136.62,2026-03-20
8233,3,749,1,0,0,0.0,2025-01-20
8234,31,1961,1,0,0,0.0,2024-10-15
8235,17,3028,1,0,1,143.77,2026-03-05
8236,25,1714,1,1,1,129.07,2024-08-10
8237,16,1115,1,1,1,91.08,2025-04-08
8238,34,3727,1,0,0,0.0,2026-05-15
8239,21,4842,1,0,1,63.61,2025-01-07
8240,2,2488,1,1,0,0.0,2025-01-09
8241,23,3809,1,0,1,188.08,2025-03-05
8242,26,4602,1,1,0,0.0,2025-04-05
8243,30,537,1,0,0,0.0,2026-07-31
8244,39,4901,1,0,1,34.52,2024-11-02
8245,30,171,1,1,0,0.0,2026-05-06
8246,37,2571,1,1,0,0.0,2026-02-02
8247,27,888,1,0,1,183.4,2025-06-23
8248,14,2330,1,0,0,0.0,2025-07-21
8249,38,4946,1,1,1,220.97,2025-11-11
8250,28,933,1,0,0,0.0,2025-12-08
8251,6,1191,1,0,1,104.72,2026-05-03
8252,17,3086,1,1,0,0.0,2025-11-16
8253,15,1157,1,0,1,126.0,2025-02-08
8254,1,811,1,0,0,0.0,2024-08-16
8255,6,508,1,0,0,0.0,2025-08-20
8256,11,2173,1,0,1,176.0,2024-08-25
8257,2,3590,1,1,1,107.39,2026-04-29
8258,25,4015,1,0,1,192.38,2025-10-20
8259,40,3713,1,0,1,249.98,2025-03-05
8260,5,1606,1,1,0,0.0,2025-07-15
8261,4,550,1,1,1,38.01,2025-03-30
8262,39,4969,1,0,0,0.0,2025-03-31
8263,21,801,1,0,1,223.65,2026-06-06
8264,26,4552,1,0,0,0.0,2025-09-15
8265,26,3862,1,0,1,72.36,2024-09-25
8266,40,628,1,1,0,0.0,2026-07-15
8267,35,365,1,0,0,0.0,2025-03-06
8268,26,922,1,0,0,0.0,2026-01-05
8269,6,3157,1,1,1,49.07,2026-07-06
8270,5,2376,1,0,1,135.67,2025-02-27
8271,4,1158,1,1,1,89.7,2026-06-11
8272,7,3504,1,1,0,0.0,2025-03-23
8273,36,1245,1,1,0,0.0,2026-04-07
8274,23,15,1,1,0,0.0,2026-06-24
8275,23,2679,1,1,1,216.3,2025-04-22
8276,29,2283,1,0,0,0.0,2025-01-01
8277,23,2645,1,0,1,238.79,2026-04-15
8278,32,4011,1,1,1,232.8,2024-11-15
8279,39,2583,1,0,0,0.0,2026-06-22
8280,15,124,1,1,0,0.0,2025-05-04
8281,21,3242,1,0,1,229.36,2025-04-13
8282,3,1087,1,0,1,186.18,2024-10-14
8283,23,425,1,0,0,0.0,2026-01-06
8284,33,4791,1,0,1,108.56,2024-12-15
8285,9,3904,1,0,0,0.0,2025-07-16
8286,30,4733,1,0,0,0.0,2025-02-17
8287,36,4020,1,1,0,0.0,2024-09-06
8288,13,444,1,0,1,184.52,2025-03-02
8289,31,4700,1,0,0,0.0,2026-05-10
8290,18,3874,1,0,1,44.52,2025-06-13
8291,5,4116,1,1,1,115.09,2026-06-10
8292,1,92,1,0,0,0.0,2025-09-02
8293,37,2079,1,0,0,0.0,2025-06-01
8294,34,3227,1,1,0,0.0,2026-02-16
8295,15,1761,1,1,0,0.0,2024-12-10
8296,23,1785,1,0,0,0.0,2024-10-31
8297,7,1210,1,0,0,0.0,2026-02-03
8298,17,54,1,1,0,0.0,2026-02-25
8299,21,2280,1,1,1,119.95,2025-11-12
8300,26,3320,1,1,0,0.0,2024-10-20
8301,38,3506,1,0,1,187.58,2025-01-16
8302,37,4389,1,1,0,0.0,2025-05-22
8303,12,3808,1,1,0,0.0,2025-12-22
8304,25,4390,1,0,0,0.0,2025-11-15
8305,31,4505,1,1,1,66.84,2025-06-01
8306,8,2388,1,1,0,0.0,2026-07-13
8307,20,1462,1,0,1,90.05,2025-02-08
8308,37,576,1,0,1,164.29,2025-04-08
8309,7,744,1,1,0,0.0,2025-07-15
8310,33,3836,1,1,0,0.0,2025-11-16
8311,13,868,1,0,1,157.1,2025-06-15
8312,26,2324,1,1,0,0.0,2025-12-15
8313,1,2641,1,1,0,0.0,2026-04-14
8314,19,2176,1,1,1,126.0,2025-03-01
8315,5,3240,1,0,0,0.0,2024-09-27
8316,32,2981,1,1,1,168.78,2026-05-17
8317,25,4449,1,1,0,0.0,2024-11-11
8318,27,700,1,1,1,73.7,2024-08-16
8319,26,4185,1,1,0,0.0,2025-03-16
8320,27,218,1,0,1,140.47,2024-11-18
8321,12,3634,1,0,0,0.0,2025-01-30
8322,37,162,1,0,1,176.17,2025-12-02
8323,2,2201,1,1,1,79.79,2026-06-05
8324,15,96,1,0,1,49.49,2025-02-17
8325,22,127,1,0,0,0.0,2025-11-11
8326,27,458,1,1,1,91.92,2025-08-28
8327,29,506,1,0,1,56.18,2025-06-23
8328,6,2117,1,0,0,0.0,2025-08-31
8329,1,3568,1,0,1,235.71,2025-04-17
8330,15,4136,1,0,0,0.0,2026-05-18
8331,39,4719,1,1,0,0.0,2025-03-20
8332,24,3340,1,0,0,0.0,2024-11-13
8333,14,3943,1,1,1,108.5,2025-07-15
8334,26,4644,1,0,0,0.0,2024-08-31
8335,36,49,1,1,0,0.0,2026-02-12
8336,5,2320,1,0,1,208.83,2026-03-09
8337,5,955,1,0,0,0.0,2025-11-19
8338,8,4406,1,1,1,66.38,2025-04-06
8339,31,257,1,0,1,11.41,2024-12-08
8340,17,2655,1,1,1,185.95,2026-08-01
8341,27,3769,1,1,0,0.0,2026-07-08
8342,6,1545,1,1,0,0.0,2025-01-04
8343,36,4101,1,1,0,0.0,2024-10-09
8344,24,2768,1,0,0,0.0,2024-08-30
8345,4,3337,1,0,0,0.0,2025-11-14
8346,27,2459,1,1,0,0.0,2026-06-16
8347,23,119,1,0,0,0.0,2026-04-25
8348,37,1044,1,0,1,55.48,2026-04-13
8349,17,2376,1,1,0,0.0,2024-10-25
8350,10,656,1,0,0,0.0,2024-09-23
8351,36,293,1,1,0,0.0,2026-06-09
8352,30,4919,1,0,0,0.0,2024-11-05
8353,10,2250,1,1,1,194.46,2025-07-01
8354,39,3083,1,1,0,0.0,2026-01-16
8355,12,214,1,0,1,90.41,2024-10-20
8356,4,4280,1,1,1,220.71,2026-07-26
8357,29,2985,1,0,0,0.0,2025-01-09
8358,25,1593,1,1,1,173.9,2025-11-22
8359,10,1886,1,1,0,0.0,2024-09-23
8360,35,4185,1,1,1,79.15,2026-06-05
8361,38,2080,1,1,1,131.73,2024-09-27
8362,39,2378,1,1,0,0.0,2024-09-16
8363,24,4981,1,0,1,26.96,2025-02-03
8364,26,1920,1,1,0,0.0,2026-06-05
8365,18,1531,1,1,1,51.67,2026-03-18
8366,6,4545,1,1,0,0.0,2025-03-08
8367,18,4324,1,0,1,19.41,2025-07-20
8368,18,4569,1,1,0,0.0,2026-03-04
8369,14,3976,1,0,0,0.0,2024-09-11
8370,24,1756,1,0,1,133.45,2024-12-23
8371,37,4753,1,1,1,43.4,2026-01-12
8372,40,2557,1,0,0,0.0,2025-11-24
8373,1,570,1,0,1,84.71,2026-01-23
8374,38,4041,1,0,0,0.0,2025-06-07
8375,32,4798,1,0,1,160.86,2024-12-23
8376,17,4023,1,1,0,0.0,2026-02-03
8377,36,867,1,1,0,0.0,2025-08-01
8378,34,1294,1,1,1,97.84,2025-04-29
8379,9,4256,1,1,0,0.0,2026-04-17
8380,21,1150,1,0,0,0.0,2024-09-24
8381,2,2330,1,1,1,92.96,2025-07-11
8382,22,1213,1,0,1,209.04,2026-05-10
8383,17,4476,1,0,1,41.48,2024-12-02
8384,13,951,1,1,1,120.1,2024-12-22
8385,7,542,1,0,1,157.18,2026-03-13
8386,21,100,1,1,0,0.0,2025-06-17
8387,6,2034,1,0,0,0.0,2025-01-07
8388,5,3669,1,1,0,0.0,2025-12-12
8389,40,551,1,1,0,0.0,2025-02-10
8390,39,2237,1,1,1,218.11,2026-03-05
8391,18,4409,1,0,1,56.78,2025-05-25
8392,12,2213,1,1,1,230.25,2025-11-15
8393,25,2864,1,1,1,107.75,2025-08-27
8394,13,1577,1,1,0,0.0,2025-08-03
8395,35,326,1,0,1,18.69,2026-03-02
8396,1,3677,1,0,0,0.0,2025-11-30
8397,12,1441,1,0,0,0.0,2024-11-04
8398,6,3482,1,1,1,44.52,2026-06-16
8399,2,3427,1,1,0,0.0,2025-10-30
8400,38,3709,1,1,0,0.0,2025-08-24
8401,20,1729,1,1,0,0.0,2025-01-31
8402,2,1515,1,0,1,227.91,2024-12-04
8403,19,696,1,0,1,186.85,2026-01-02
8404,2,1027,1,0,0,0.0,2024-09-06
8405,39,1921,1,1,0,0.0,2024-10-05
8406,35,1476,1,0,1,126.17,2026-03-11
8407,3,3194,1,1,0,0.0,2025-09-13
8408,15,205,1,1,1,188.84,2024-12-29
8409,16,4686,1,0,1,149.02,2025-12-21
8410,12,3880,1,1,0,0.0,2026-03-14
8411,21,2844,1,0,0,0.0,2025-04-20
8412,25,492,1,1,0,0.0,2025-12-04
8413,19,4654,1,0,0,0.0,2026-05-11
8414,14,674,1,0,1,229.33,2026-04-29
8415,17,4168,1,0,0,0.0,2025-04-19
8416,39,4360,1,0,1,74.55,2026-06-22
8417,36,411,1,1,1,120.08,2025-03-08
8418,16,124,1,0,0,0.0,2025-12-17
8419,18,1142,1,1,1,242.08,2024-10-28
8420,27,4345,1,0,1,159.96,2024-08-13
8421,18,3702,1,0,1,55.36,2026-04-21
8422,1,3448,1,1,0,0.0,2025-01-25
8423,25,4225,1,0,0,0.0,2025-12-18
8424,31,2429,1,1,0,0.0,2025-04-25
8425,5,2247,1,1,0,0.0,2025-10-28
8426,34,4247,1,0,0,0.0,2025-09-08
8427,20,1628,1,1,0,0.0,2025-03-15
8428,2,1827,1,0,1,14.26,2024-12-20
8429,20,298,1,1,0,0.0,2025-06-19
8430,33,4559,1,1,1,191.55,2026-06-16
8431,40,217,1,1,0,0.0,2024-10-03
8432,16,82,1,1,1,111.17,2025-01-20
8433,20,2709,1,1,0,0.0,2024-10-06
8434,29,185,1,0,0,0.0,2025-10-04
8435,32,544,1,1,1,123.39,2025-08-14
8436,13,1521,1,1,0,0.0,2026-04-26
8437,33,4359,1,0,1,150.25,2024-12-31
8438,6,2670,1,1,1,163.65,2025-08-23
8439,35,1892,1,1,1,138.01,2026-05-06
8440,20,4532,1,1,0,0.0,2024-09-03
8441,29,445,1,1,1,214.48,2025-03-07
8442,31,1342,1,0,1,104.14,2026-02-12
8443,10,2960,1,0,0,0.0,2024-11-09
8444,28,3354,1,1,1,140.86,2025-11-28
8445,30,4649,1,0,1,16.29,2025-01-20
8446,16,362,1,0,0,0.0,2025-03-10
8447,21,1131,1,1,1,190.32,2024-10-19
8448,8,3948,1,1,0,0.0,2024-09-02
8449,33,4842,1,1,1,169.06,2025-03-06
8450,35,704,1,0,0,0.0,2026-07-19
8451,7,4761,1,1,0,0.0,2025-03-24
8452,20,4219,1,1,1,203.91,2026-07-20
8453,22,2907,1,1,0,0.0,2024-08-13
8454,20,2106,1,0,0,0.0,2025-11-03
8455,18,1625,1,1,0,0.0,2025-01-17
8456,9,2286,1,1,0,0.0,2026-06-26
8457,6,636,1,0,0,0.0,2025-02-27
8458,40,4211,1,1,0,0.0,2024-08-09
8459,32,2598,1,1,0,0.0,2025-11-01
8460,2,799,1,1,1,19.74,2025-12-02
8461,23,1539,1,0,0,0.0,2025-01-20
8462,31,2002,1,0,1,18.89,2026-06-22
8463,34,2023,1,1,0,0.0,2024-08-14
8464,28,2181,1,1,1,48.95,2025-09-17
8465,24,4905,1,0,1,111.2,2024-12-26
8466,5,3786,1,1,1,135.42,2024-08-21
8467,8,500,1,0,0,0.0,2025-08-05
8468,21,2154,1,1,1,102.29,2026-04-09
8469,16,1241,1,1,1,150.5,2026-04-03
8470,14,1374,1,0,1,135.93,2026-06-02
8471,1,1494,1,0,1,32.09,2025-08-06
8472,30,40,1,0,0,0.0,2024-12-08
8473,26,4839,1,1,1,84.56,2025-06-07
8474,26,4887,1,0,0,0.0,2024-09-30
8475,1,2774,1,0,0,0.0,2025-09-27
8476,18,257,1,0,1,109.27,2025-09-23
8477,14,2095,1,0,0,0.0,2025-03-10
8478,6,4564,1,0,0,0.0,2024-11-19
8479,9,2110,1,0,0,0.0,2025-01-09
8480,39,2453,1,0,0,0.0,2026-04-12
8481,31,3990,1,0,0,0.0,2025-09-03
8482,20,1067,1,1,1,37.72,2026-03-23
8483,27,262,1,1,0,0.0,2025-09-10
8484,17,4845,1,1,0,0.0,2025-05-11
8485,28,4395,1,1,0,0.0,2026-02-17
8486,10,2572,1,1,0,0.0,2025-11-23
8487,31,1764,1,0,1,248.15,2026-01-27
8488,21,4266,1,1,1,13.15,2024-08-25
8489,15,1703,1,0,0,0.0,2025-05-17
8490,23,383,1,0,1,96.89,2025-10-27
8491,39,2970,1,0,0,0.0,2026-04-22
8492,32,1205,1,0,1,156.8,2025-04-22
8493,4,1264,1,1,1,100.42,2025-10-24
8494,26,1090,1,1,1,18.73,2025-10-26
8495,33,1459,1,0,0,0.0,2025-03-13
8496,3,551,1,1,0,0.0,2026-04-19
8497,26,3162,1,1,1,221.81,2024-09-07
8498,32,4533,1,0,0,0.0,2026-03-11
8499,39,3102,1,1,0,0.0,2024-08-08
8500,16,2016,1,1,0,0.0,2025-06-02
8501,32,1285,1,1,1,192.65,2026-01-28
8502,3,363,1,0,0,0.0,2025-04-11
8503,13,3363,1,0,1,154.56,2025-04-17
8504,26,3010,1,0,1,63.28,2026-03-27
8505,36,3381,1,0,0,0.0,2025-06-27
8506,38,2253,1,0,1,92.47,2026-07-29
8507,21,2959,1,1,0,0.0,2026-02-24
8508,34,4699,1,1,0,0.0,2026-06-22
8509,15,2801,1,1,0,0.0,2025-03-05
8510,1,4872,1,0,0,0.0,2025-10-02
8511,25,2905,1,1,0,0.0,2025-10-01
8512,25,1780,1,1,0,0.0,2025-07-22
8513,5,1448,1,1,0,0.0,2026-01-04
8514,21,2679,1,0,1,138.15,2024-12-23
8515,32,2142,1,0,0,0.0,2026-03-21
8516,1,4179,1,1,0,0.0,2026-06-06
8517,18,1545,1,1,1,49.42,2026-01-27
8518,1,2639,1,0,1,241.02,2025-06-12
8519,18,4878,1,1,1,201.76,2025-02-03
8520,37,2726,1,0,1,137.05,2025-07-21
8521,25,3411,1,0,0,0.0,2025-02-04
8522,2,969,1,0,1,134.85,2026-07-02
8523,23,888,1,0,0,0.0,2026-06-28
8524,2,2737,1,1,0,0.0,2025-11-16
8525,24,4822,1,0,1,125.05,2026-04-17
8526,8,1566,1,1,0,0.0,2026-08-01
8527,30,3112,1,1,1,111.3,2024-11-19
8528,1,365,1,1,1,141.8,2025-11-24
8529,8,3885,1,0,0,0.0,2026-03-03
8530,18,3968,1,1,1,110.54,2025-08-12
8531,15,2609,1,0,0,0.0,2026-03-26
8532,15,1767,1,1,1,13.74,2026-01-09
8533,12,556,1,0,0,0.0,2026-05-20
8534,37,2959,1,1,1,47.49,2025-11-10
8535,20,3348,1,1,1,236.71,2025-11-03
8536,1,4302,1,1,0,0.0,2024-11-09
8537,39,3885,1,0,1,139.71,2026-02-16
8538,13,4593,1,1,1,176.31,2025-10-20
8539,4,2090,1,0,0,0.0,2026-07-17
8540,1,2789,1,1,1,233.79,2024-10-20
8541,28,1797,1,1,0,0.0,2025-09-30
8542,20,2101,1,1,1,195.89,2025-03-05
8543,34,128,1,1,0,0.0,2025-02-24
8544,14,3604,1,0,1,114.92,2025-09-13
8545,25,275,1,0,0,0.0,2026-07-29
8546,19,3130,1,1,0,0.0,2025-04-22
8547,15,4070,1,0,0,0.0,2025-12-01
8548,2,2750,1,0,0,0.0,2025-11-10
8549,39,2434,1,1,1,133.15,2025-05-23
8550,2,1949,1,0,1,55.35,2026-01-27
8551,9,1992,1,1,0,0.0,2024-12-12
8552,33,4093,1,1,0,0.0,2025-05-13
8553,7,1377,1,1,0,0.0,2024-11-09
8554,14,4579,1,0,0,0.0,2025-07-02
8555,15,158,1,1,0,0.0,2025-10-03
8556,32,2265,1,0,1,132.52,2024-08-15
8557,23,4168,1,1,0,0.0,2025-10-31
8558,5,458,1,0,1,96.96,2025-02-13
8559,15,5,1,0,1,234.12,2025-05-18
8560,37,3068,1,0,0,0.0,2025-01-27
8561,19,3955,1,1,0,0.0,2025-04-17
8562,34,3735,1,1,1,39.44,2025-07-27
8563,1,4512,1,0,0,0.0,2026-02-24
8564,19,3784,1,0,1,114.64,2024-12-21
8565,32,4767,1,1,1,207.69,2024-12-18
8566,20,818,1,1,0,0.0,2025-02-19
8567,27,1570,1,1,0,0.0,2025-01-13
8568,30,1908,1,1,0,0.0,2026-02-10
8569,9,4877,1,0,0,0.0,2025-11-20
8570,15,2447,1,0,0,0.0,2025-05-08
8571,3,2875,1,1,0,0.0,2025-06-21
8572,34,4617,1,0,0,0.0,2026-02-01
8573,1,3607,1,0,0,0.0,2025-03-08
8574,38,996,1,1,1,114.66,2025-10-08
8575,7,4383,1,0,0,0.0,2026-06-22
8576,12,4594,1,0,1,73.19,2024-09-05
8577,1,296,1,0,1,98.08,2024-11-17
8578,21,906,1,1,0,0.0,2025-11-28
8579,31,1682,1,0,0,0.0,2025-11-19
8580,9,3801,1,1,0,0.0,2026-07-30
8581,6,676,1,1,0,0.0,2025-08-17
8582,14,484,1,0,1,109.29,2026-07-31
8583,1,2245,1,1,0,0.0,2025-06-14
8584,40,3728,1,1,1,32.37,2026-07-20
8585,30,4758,1,0,0,0.0,2026-05-25
8586,40,1899,1,0,0,0.0,2026-04-24
8587,9,1767,1,0,0,0.0,2026-05-29
8588,26,3314,1,1,1,114.01,2024-09-12
8589,33,3406,1,0,1,181.59,2024-12-16
8590,7,4565,1,0,1,83.36,2026-01-14
8591,17,2339,1,1,0,0.0,2026-07-07
8592,36,4957,1,1,0,0.0,2025-03-28
8593,22,4626,1,1,1,105.53,2026-05-09
8594,30,2927,1,0,0,0.0,2026-06-27
8595,16,4673,1,0,1,102.87,2025-03-22
8596,16,3802,1,1,1,33.26,2025-08-08
8597,21,3336,1,0,1,101.68,2025-05-07
8598,34,3278,1,0,0,0.0,2025-09-25
8599,17,1691,1,1,1,99.83,2025-05-14
8600,14,4275,1,1,0,0.0,2026-03-13
8601,37,465,1,0,1,116.32,2024-12-28
8602,13,925,1,1,0,0.0,2026-07-23
8603,27,2717,1,0,0,0.0,2025-11-07
8604,39,1410,1,1,0,0.0,2026-01-15
8605,1,642,1,0,0,0.0,2026-04-29
8606,38,4664,1,0,1,62.3,2025-07-09
8607,34,2522,1,0,1,35.52,2025-04-28
8608,15,4228,1,0,1,43.38,2025-11-07
8609,39,2425,1,0,0,0.0,2026-02-16
8610,8,3316,1,1,0,0.0,2025-11-20
8611,36,3990,1,1,0,0.0,2024-11-26
8612,16,4924,1,1,0,0.0,2024-09-14
8613,33,3520,1,0,1,237.55,2024-08-07
8614,40,1880,1,0,0,0.0,2025-06-02
8615,23,4541,1,1,0,0.0,2024-11-03
8616,31,113,1,0,1,41.7,2024-11-21
8617,6,4796,1,0,0,0.0,2025-02-21
8618,28,4158,1,1,1,194.6,2025-05-15
8619,39,3942,1,0,1,143.35,2024-12-02
8620,1,3565,1,1,1,47.75,2025-11-01
8621,26,3770,1,1,1,174.79,2026-03-07
8622,34,4722,1,0,1,89.92,2026-02-28
8623,34,4879,1,1,0,0.0,2025-06-23
8624,39,2651,1,0,1,187.08,2025-10-31
8625,9,2799,1,1,1,74.73,2025-03-03
8626,3,3972,1,0,0,0.0,2026-05-08
8627,27,2106,1,1,1,213.85,2025-05-01
8628,13,654,1,0,0,0.0,2025-03-24
8629,36,4512,1,0,0,0.0,2025-09-26
8630,15,2438,1,0,1,223.78,2025-03-21
8631,23,1450,1,0,0,0.0,2025-07-08
8632,4,2811,1,0,0,0.0,2024-11-10
8633,26,4112,1,1,1,127.57,2025-04-27
8634,27,1137,1,0,1,222.18,2026-01-30
8635,4,2904,1,1,0,0.0,2026-05-16
8636,31,2054,1,1,0,0.0,2026-05-25
8637,26,2378,1,1,0,0.0,2024-09-23
8638,9,2012,1,0,0,0.0,2024-10-26
8639,29,2192,1,0,1,114.88,2026-07-02
8640,18,89,1,1,1,60.6,2024-10-15
8641,8,522,1,0,1,74.86,2026-04-19
8642,14,51,1,0,1,205.44,2026-06-04
8643,24,1213,1,0,0,0.0,2025-03-24
8644,37,3204,1,0,0,0.0,2025-03-27
8645,31,4175,1,0,1,158.01,2024-10-22
8646,3,1391,1,0,1,79.45,2025-10-02
8647,14,1997,1,1,0,0.0,2025-12-18
8648,31,4237,1,1,1,41.12,2026-01-08
8649,2,1069,1,1,0,0.0,2026-06-17
8650,32,3618,1,1,0,0.0,2025-02-01
8651,5,4109,1,0,1,92.37,2025-06-09
8652,8,1570,1,0,1,11.32,2025-01-27
8653,19,4147,1,1,1,58.28,2026-06-29
8654,10,332,1,0,0,0.0,2025-07-14
8655,20,305,1,0,1,229.04,2026-03-10
8656,29,1198,1,0,0,0.0,2025-03-05
8657,25,4729,1,0,1,235.34,2026-01-19
8658,8,824,1,0,1,179.8,2025-11-24
8659,30,4447,1,1,0,0.0,2025-12-18
8660,10,671,1,1,1,195.06,2025-06-01
8661,30,4107,1,0,0,0.0,2026-03-05
8662,18,4712,1,1,1,145.2,2024-11-20
8663,19,637,1,1,1,43.06,2025-08-03
8664,1,3232,1,0,0,0.0,2026-01-14
8665,35,902,1,0,1,190.12,2026-03-21
8666,13,4702,1,0,0,0.0,2025-05-11
8667,32,2301,1,0,1,213.7,2026-01-19
8668,17,4749,1,1,0,0.0,2025-09-01
8669,20,1280,1,0,0,0.0,2026-01-12
8670,2,599,1,1,0,0.0,2026-03-29
8671,2,111,1,1,0,0.0,2024-10-26
8672,24,2732,1,0,0,0.0,2026-08-01
8673,40,1956,1,0,1,160.16,2024-08-27
8674,37,1851,1,1,0,0.0,2025-10-05
8675,20,1603,1,1,1,40.2,2025-02-01
8676,12,4610,1,1,0,0.0,2024-11-20
8677,18,1326,1,0,1,186.59,2026-07-21
8678,21,124,1,0,0,0.0,2025-07-29
8679,39,401,1,0,1,35.96,2026-01-27
8680,21,1597,1,1,0,0.0,2026-04-17
8681,13,2373,1,0,1,63.85,2025-04-28
8682,17,1724,1,1,0,0.0,2025-01-07
8683,37,992,1,0,0,0.0,2026-02-12
8684,18,1484,1,0,1,17.06,2025-05-05
8685,25,534,1,0,1,96.44,2026-01-30
8686,13,2317,1,0,1,164.11,2026-02-07
8687,27,3832,1,1,0,0.0,2025-05-29
8688,8,156,1,1,0,0.0,2025-09-07
8689,7,430,1,0,0,0.0,2024-08-24
8690,19,4462,1,0,1,101.02,2024-11-23
8691,39,3033,1,0,0,0.0,2025-10-26
8692,13,120,1,1,1,172.66,2025-04-21
8693,2,3678,1,0,0,0.0,2026-07-10
8694,25,2383,1,0,1,132.48,2026-06-22
8695,18,4120,1,0,1,94.76,2026-05-20
8696,5,3998,1,1,0,0.0,2026-07-04
8697,14,4460,1,1,0,0.0,2026-07-27
8698,15,3450,1,1,1,22.88,2025-08-19
8699,23,3439,1,0,0,0.0,2026-02-24
8700,40,272,1,1,1,42.36,2026-02-24
8701,31,3450,1,1,0,0.0,2025-07-23
8702,21,1373,1,0,1,41.64,2025-01-14
8703,37,377,1,1,0,0.0,2026-06-12
8704,29,4567,1,1,1,204.62,2025-01-07
8705,25,2496,1,0,1,205.9,2025-07-19
8706,10,1288,1,1,0,0.0,2025-10-16
8707,13,4546,1,1,1,35.36,2025-07-23
8708,4,4840,1,1,0,0.0,2026-04-30
8709,27,1462,1,1,0,0.0,2026-02-04
8710,24,4861,1,1,0,0.0,2026-01-23
8711,10,214,1,1,1,171.19,2025-03-09
8712,32,1866,1,1,0,0.0,2026-06-15
8713,5,3075,1,0,0,0.0,2025-12-27
8714,2,3174,1,0,0,0.0,2024-08-23
8715,25,1357,1,0,0,0.0,2024-09-25
8716,24,741,1,0,1,248.19,2025-05-04
8717,39,1880,1,0,0,0.0,2024-12-03
8718,25,1938,1,1,1,87.19,2025-06-09
8719,30,208,1,0,1,172.71,2024-08-12
8720,23,2020,1,1,0,0.0,2025-06-13
8721,32,4550,1,1,1,188.61,2025-03-28
8722,8,473,1,1,0,0.0,2025-07-23
8723,6,2305,1,1,0,0.0,2026-06-10
8724,37,4056,1,1,1,99.96,2026-05-26
8725,35,638,1,1,1,30.96,2025-10-27
8726,17,2280,1,0,1,24.91,2024-08-08
8727,1,4182,1,1,0,0.0,2026-01-15
8728,35,987,1,0,0,0.0,2026-06-03
8729,6,2267,1,1,0,0.0,2024-08-04
8730,27,3547,1,1,0,0.0,2025-09-13
8731,30,3475,1,1,0,0.0,2025-05-03
8732,16,2316,1,0,0,0.0,2026-02-16
8733,38,1047,1,0,0,0.0,2025-10-20
8734,27,3689,1,1,1,39.53,2025-12-14
8735,21,2713,1,1,1,122.94,2025-09-03
8736,39,2998,1,0,1,194.62,2025-04-09
8737,22,3784,1,0,0,0.0,2025-01-19
8738,13,707,1,1,0,0.0,2025-04-23
8739,22,2279,1,1,1,134.64,2024-12-05
8740,1,1179,1,1,0,0.0,2025-03-05
8741,18,2276,1,1,0,0.0,2024-09-29
8742,37,966,1,1,1,108.49,2025-11-26
8743,37,456,1,1,0,0.0,2025-10-21
8744,36,2906,1,1,0,0.0,2025-03-29
8745,22,3856,1,1,0,0.0,2026-06-11
8746,27,2895,1,0,1,17.41,2025-08-11
8747,8,1775,1,1,1,94.3,2026-03-05
8748,37,194,1,0,0,0.0,2025-11-02
8749,39,4292,1,1,1,246.68,2026-02-10
8750,25,258,1,1,1,185.88,2024-12-18
8751,6,1064,1,0,0,0.0,2025-10-02
8752,15,4059,1,0,0,0.0,2026-05-30
8753,17,1896,1,0,0,0.0,2025-07-15
8754,18,4059,1,1,0,0.0,2026-04-09
8755,19,689,1,1,0,0.0,2025-10-08
8756,39,4011,1,1,0,0.0,2026-04-14
8757,8,335,1,0,0,0.0,2025-10-25
8758,15,4450,1,1,0,0.0,2025-04-17
8759,2,2445,1,1,0,0.0,2025-04-22
8760,29,1256,1,0,0,0.0,2024-09-29
8761,24,2527,1,1,0,0.0,2024-09-06
8762,39,1678,1,1,0,0.0,2025-01-16
8763,30,759,1,1,0,0.0,2026-06-18
8764,11,3198,1,0,0,0.0,2026-01-15
8765,36,4491,1,1,1,233.08,2026-04-22
8766,7,3210,1,1,1,100.39,2025-09-15
8767,10,3664,1,0,1,231.07,2024-10-05
8768,12,1752,1,1,1,114.37,2024-09-10
8769,25,885,1,1,0,0.0,2025-11-21
8770,31,1131,1,0,0,0.0,2025-11-04
8771,14,2663,1,1,1,223.49,2024-11-14
8772,14,2186,1,1,0,0.0,2025-10-15
8773,22,256,1,0,1,210.94,2025-03-14
8774,27,1911,1,0,0,0.0,2025-06-25
8775,17,735,1,0,1,149.98,2026-01-21
8776,18,4815,1,0,1,66.33,2025-11-26
8777,12,2819,1,1,0,0.0,2025-02-03
8778,20,1095,1,1,1,112.53,2025-10-03
8779,29,2473,1,1,0,0.0,2025-06-10
8780,35,2208,1,1,0,0.0,2026-01-19
8781,36,1031,1,0,1,148.46,2025-02-23
8782,19,4274,1,0,1,245.93,2026-06-12
8783,40,4670,1,1,1,145.8,2024-12-11
8784,3,944,1,0,1,223.28,2026-02-02
8785,18,3191,1,1,1,73.13,2025-05-23
8786,10,1260,1,1,0,0.0,2025-08-20
8787,13,4761,1,0,1,245.17,2025-05-03
8788,13,2240,1,1,0,0.0,2025-11-28
8789,24,3845,1,1,1,190.9,2024-10-17
8790,13,1368,1,1,0,0.0,2025-01-31
8791,33,861,1,1,0,0.0,2024-11-04
8792,33,4014,1,0,0,0.0,2025-12-06
8793,27,4867,1,1,1,65.15,2024-10-27
8794,33,3756,1,1,0,0.0,2025-11-24
8795,20,3061,1,1,1,155.3,2025-03-17
8796,1,137,1,1,1,172.79,2025-01-28
8797,24,799,1,1,0,0.0,2026-07-18
8798,4,2052,1,0,1,207.86,2026-04-03
8799,3,2587,1,0,1,148.45,2024-09-25
8800,2,4554,1,1,1,160.96,2026-03-25
8801,33,3479,1,1,1,217.84,2024-11-24
8802,31,2300,1,1,0,0.0,2025-03-04
8803,1,1521,1,0,1,231.6,2024-09-09
8804,16,4516,1,1,0,0.0,2026-05-11
8805,32,4211,1,0,1,103.83,2025-11-26
8806,19,2078,1,1,1,67.78,2025-09-25
8807,22,2082,1,0,0,0.0,2025-07-27
8808,16,1401,1,0,1,31.06,2026-02-10
8809,3,383,1,1,0,0.0,2026-03-22
8810,7,3305,1,1,1,108.98,2024-09-18
8811,5,1955,1,1,1,214.85,2025-11-22
8812,12,3855,1,0,0,0.0,2025-03-30
8813,34,1659,1,1,0,0.0,2026-02-16
8814,27,687,1,0,0,0.0,2026-01-25
8815,21,4809,1,0,0,0.0,2026-04-07
8816,6,2567,1,1,0,0.0,2025-01-08
8817,10,1514,1,0,1,172.2,2025-10-03
8818,38,2117,1,1,0,0.0,2024-12-14
8819,4,3391,1,0,0,0.0,2026-06-04
8820,20,125,1,0,1,186.82,2024-08-18
8821,23,1125,1,0,0,0.0,2025-05-13
8822,21,2915,1,1,0,0.0,2026-06-06
8823,13,1348,1,1,0,0.0,2025-11-08
8824,28,3112,1,0,0,0.0,2026-01-23
8825,2,805,1,1,0,0.0,2025-08-15
8826,25,1569,1,0,0,0.0,2024-12-13
8827,16,3986,1,1,0,0.0,2024-12-07
8828,13,1412,1,0,0,0.0,2025-11-19
8829,28,2518,1,1,1,102.39,2024-08-11
8830,19,1268,1,1,0,0.0,2025-12-18
8831,30,4043,1,0,1,239.09,2024-08-10
8832,32,3809,1,0,0,0.0,2026-01-27
8833,25,834,1,0,0,0.0,2025-05-24
8834,36,2678,1,1,1,222.25,2025-01-25
8835,27,2086,1,1,0,0.0,2024-09-30
8836,28,3636,1,0,1,69.41,2026-05-04
8837,40,4186,1,1,0,0.0,2025-11-04
8838,9,3715,1,1,0,0.0,2024-10-14
8839,22,4491,1,0,1,189.67,2024-11-22
8840,13,1694,1,1,0,0.0,2025-07-15
8841,17,1932,1,0,1,176.84,2026-01-25
8842,38,2993,1,1,1,55.11,2026-05-23
8843,3,4760,1,0,0,0.0,2025-07-25
8844,36,2090,1,1,0,0.0,2025-06-28
8845,32,3638,1,1,1,103.17,2024-12-11
8846,12,1098,1,0,1,89.7,2025-07-03
8847,26,846,1,0,0,0.0,2026-08-03
8848,26,4313,1,1,0,0.0,2024-12-21
8849,8,4277,1,0,0,0.0,2025-09-10
8850,18,3731,1,0,1,39.75,2024-08-28
8851,23,1290,1,0,0,0.0,2025-12-07
8852,30,2320,1,0,0,0.0,2025-11-18
8853,32,745,1,0,0,0.0,2025-04-11
8854,23,774,1,0,0,0.0,2025-07-24
8855,16,2211,1,0,1,22.87,2025-10-28
8856,39,84,1,1,0,0.0,2025-12-05
8857,35,2113,1,1,0,0.0,2024-12-18
8858,24,2572,1,0,0,0.0,2025-05-07
8859,39,1097,1,0,0,0.0,2025-03-26
8860,6,4913,1,1,0,0.0,2026-02-03
8861,28,1059,1,0,0,0.0,2025-04-05
8862,14,4477,1,1,0,0.0,2025-12-13
8863,38,4907,1,1,0,0.0,2026-05-22
8864,30,3791,1,0,0,0.0,2024-08-28
8865,24,1903,1,0,1,48.2,2026-06-27
8866,31,3131,1,0,1,147.87,2026-06-01
8867,33,4960,1,1,1,98.65,2025-01-23
8868,6,2642,1,1,1,188.23,2025-01-24
8869,38,2184,1,0,0,0.0,2025-02-17
8870,16,326,1,0,1,115.53,2025-04-22
8871,22,2442,1,1,1,225.28,2024-09-27
8872,37,4001,1,1,0,0.0,2025-11-18
8873,19,2745,1,0,1,74.39,2025-07-27
8874,40,1344,1,1,0,0.0,2025-05-20
8875,20,3149,1,1,1,76.07,2024-09-10
8876,30,860,1,1,0,0.0,2025-11-21
8877,39,3171,1,0,0,0.0,2024-11-09
8878,39,243,1,1,0,0.0,2025-02-03
8879,29,3388,1,1,0,0.0,2025-07-21
8880,35,555,1,0,0,0.0,2024-12-12
8881,22,2136,1,0,0,0.0,2026-03-14
8882,28,3476,1,1,0,0.0,2025-09-12
8883,11,1356,1,1,0,0.0,2025-04-11
8884,18,3607,1,1,0,0.0,2025-05-14
8885,5,2630,1,0,0,0.0,2025-10-08
8886,6,5,1,1,0,0.0,2025-03-20
8887,2,4724,1,0,1,78.73,2026-05-23
8888,33,4356,1,1,1,76.61,2026-05-18
8889,12,4219,1,1,0,0.0,2024-12-22
8890,32,2830,1,1,0,0.0,2026-06-05
8891,21,2609,1,1,1,109.04,2025-11-30
8892,2,3845,1,1,0,0.0,2025-07-25
8893,29,2006,1,0,1,75.26,2026-03-04
8894,20,753,1,0,1,122.54,2026-02-14
8895,29,2616,1,1,0,0.0,2025-10-17
8896,2,444,1,1,0,0.0,2026-06-24
8897,8,160,1,1,0,0.0,2024-12-25
8898,19,4288,1,1,0,0.0,2026-03-05
8899,27,1156,1,1,0,0.0,2024-09-09
8900,14,1655,1,0,0,0.0,2024-08-20
8901,10,4429,1,0,0,0.0,2024-09-16
8902,22,619,1,1,1,247.78,2025-05-12
8903,38,3410,1,0,0,0.0,2025-04-20
8904,8,1344,1,1,1,213.01,2025-04-18
8905,38,2877,1,0,0,0.0,2025-01-16
8906,37,539,1,0,0,0.0,2024-09-24
8907,32,3760,1,0,0,0.0,2025-09-20
8908,27,4828,1,1,1,38.17,2025-10-05
8909,31,624,1,0,1,87.75,2026-04-12
8910,30,4100,1,1,0,0.0,2025-12-07
8911,27,4114,1,1,0,0.0,2025-01-28
8912,12,1058,1,0,1,157.84,2024-12-11
8913,26,150,1,0,1,121.7,2026-03-12
8914,29,426,1,1,0,0.0,2024-08-06
8915,17,3721,1,0,1,169.7,2025-05-08
8916,35,1499,1,1,0,0.0,2026-04-15
8917,1,3738,1,1,1,140.17,2025-11-12
8918,33,2117,1,1,0,0.0,2025-09-26
8919,32,4477,1,1,1,148.06,2025-01-02
8920,10,4952,1,1,1,229.18,2024-09-27
8921,20,2297,1,1,0,0.0,2025-04-27
8922,10,92,1,1,0,0.0,2025-12-01
8923,37,3239,1,0,0,0.0,2025-08-24
8924,15,2175,1,0,0,0.0,2025-11-11
8925,37,2114,1,0,1,24.65,2026-02-19
8926,25,3980,1,0,0,0.0,2026-02-28
8927,11,635,1,1,0,0.0,2025-08-22
8928,15,3298,1,1,0,0.0,2025-03-13
8929,11,1318,1,1,0,0.0,2026-02-15
8930,36,2119,1,1,0,0.0,2026-05-30
8931,30,1249,1,1,1,163.73,2024-12-09
8932,5,2817,1,0,0,0.0,2025-11-24
8933,6,3960,1,1,1,236.62,2025-12-18
8934,28,628,1,1,0,0.0,2025-01-14
8935,34,1817,1,1,1,136.37,2024-08-21
8936,12,4530,1,1,1,50.18,2026-03-29
8937,31,2661,1,1,1,139.35,2026-01-22
8938,6,1551,1,0,1,84.91,2024-12-25
8939,20,3636,1,0,1,12.93,2024-12-13
8940,23,4403,1,1,0,0.0,2026-01-20
8941,21,3912,1,0,1,157.73,2026-05-15
8942,36,2447,1,1,0,0.0,2025-07-11
8943,28,4630,1,1,0,0.0,2024-10-04
8944,1,2310,1,1,1,106.58,2026-01-28
8945,23,41,1,1,0,0.0,2026-01-04
8946,23,4062,1,0,0,0.0,2025-09-27
8947,35,337,1,0,1,127.86,2024-10-19
8948,36,264,1,1,0,0.0,2025-12-19
8949,28,3944,1,1,0,0.0,2025-02-23
8950,27,3156,1,1,1,196.5,2025-07-01
8951,30,1553,1,0,1,163.31,2024-09-23
8952,22,498,1,1,0,0.0,2026-01-05
8953,38,404,1,0,1,60.18,2024-11-10
8954,38,816,1,0,0,0.0,2025-07-08
8955,36,4566,1,1,0,0.0,2025-10-03
8956,31,2875,1,1,0,0.0,2025-09-07
8957,40,508,1,1,0,0.0,2025-03-31
8958,19,3278,1,1,0,0.0,2026-02-04
8959,13,2674,1,1,0,0.0,2025-02-27
8960,30,4023,1,0,0,0.0,2025-09-24
8961,36,4083,1,0,0,0.0,2025-11-23
8962,14,1321,1,1,0,0.0,2025-08-06
8963,38,4702,1,0,1,51.62,2025-04-28
8964,34,666,1,1,0,0.0,2025-04-23
8965,39,2455,1,1,1,144.18,2025-05-14
8966,27,741,1,1,1,223.56,2025-12-30
8967,3,4613,1,0,1,172.54,2024-10-11
8968,35,244,1,0,1,53.54,2025-05-24
8969,26,4347,1,1,0,0.0,2026-03-07
8970,38,2513,1,1,0,0.0,2025-07-24
8971,32,2437,1,0,0,0.0,2026-03-28
8972,11,2755,1,0,0,0.0,2024-10-14
8973,8,990,1,0,0,0.0,2026-03-03
8974,33,736,1,1,0,0.0,2025-02-14
8975,8,2531,1,1,0,0.0,2025-05-19
8976,6,2006,1,0,0,0.0,2024-08-19
8977,37,3202,1,0,1,122.28,2025-11-28
8978,6,4979,1,0,1,74.27,2025-04-13
8979,34,3250,1,0,1,220.26,2025-07-01
8980,26,1565,1,1,0,0.0,2024-09-01
8981,9,373,1,1,1,108.49,2025-11-19
8982,26,1453,1,1,0,0.0,2026-07-02
8983,38,1128,1,0,0,0.0,2025-08-19
8984,18,2445,1,1,1,42.59,2024-09-26
8985,25,3915,1,1,0,0.0,2026-07-10
8986,27,890,1,0,0,0.0,2025-04-09
8987,12,743,1,0,1,185.0,2025-12-15
8988,5,2511,1,1,0,0.0,2025-10-01
8989,10,1605,1,1,0,0.0,2025-04-24
8990,38,3133,1,0,1,157.5,2025-08-04
8991,16,3905,1,0,0,0.0,2026-03-08
8992,27,1694,1,0,1,144.93,2024-11-08
8993,24,4998,1,0,0,0.0,2026-06-18
8994,29,1082,1,1,1,142.73,2025-10-21
8995,22,2698,1,1,0,0.0,2026-02-22
8996,9,317,1,1,1,81.51,2026-05-06
8997,33,628,1,1,0,0.0,2025-07-22
8998,27,1367,1,1,0,0.0,2025-09-14
8999,8,1265,1,0,0,0.0,2026-04-07
9000,24,2844,1,1,1,106.01,2024-09-20
9001,21,2350,1,1,0,0.0,2025-04-20
9002,11,3261,1,0,1,244.96,2026-03-06
9003,37,1322,1,0,1,35.43,2025-03-28
9004,14,4955,1,0,1,11.86,2024-12-15
9005,1,4990,1,1,1,153.02,2024-08-14
9006,14,4206,1,0,1,209.37,2024-09-20
9007,37,3519,1,1,1,73.73,2024-10-28
9008,17,1715,1,0,0,0.0,2025-05-01
9009,23,2523,1,1,0,0.0,2025-02-13
9010,10,2171,1,1,1,29.27,2025-07-16
9011,16,1750,1,0,1,70.72,2024-09-04
9012,4,4465,1,1,0,0.0,2025-10-03
9013,40,2891,1,1,0,0.0,2024-08-26
9014,37,2398,1,1,0,0.0,2026-05-12
9015,27,4316,1,1,0,0.0,2024-11-18
9016,28,1733,1,0,0,0.0,2024-11-11
9017,30,2226,1,0,1,113.97,2026-03-20
9018,38,680,1,1,1,169.92,2024-12-24
9019,14,676,1,1,0,0.0,2025-10-23
9020,4,720,1,1,0,0.0,2025-05-14
9021,14,1243,1,1,0,0.0,2025-06-15
9022,14,2978,1,1,1,208.53,2025-06-07
9023,23,1838,1,0,1,82.39,2024-10-28
9024,17,50,1,1,1,158.04,2024-12-30
9025,35,494,1,0,1,54.3,2024-08-19
9026,16,3346,1,1,1,167.17,2025-11-27
9027,28,4813,1,1,0,0.0,2026-05-08
9028,4,1192,1,1,1,177.68,2025-05-22
9029,15,1911,1,1,1,23.58,2025-09-26
9030,28,652,1,1,1,206.0,2025-04-17
9031,12,2900,1,0,1,48.98,2025-01-13
9032,31,2540,1,0,0,0.0,2026-07-23
9033,2,761,1,1,1,123.04,2025-12-11
9034,31,4448,1,1,0,0.0,2026-06-06
9035,35,3847,1,0,1,26.16,2026-06-22
9036,21,3716,1,1,1,155.98,2024-09-06
9037,30,1203,1,1,1,69.38,2024-10-16
9038,25,490,1,1,0,0.0,2025-03-06
9039,18,4833,1,1,0,0.0,2024-10-18
9040,34,3457,1,1,1,222.21,2025-07-16
9041,13,650,1,1,1,73.07,2025-07-07
9042,40,4084,1,1,0,0.0,2026-04-01
9043,9,1985,1,1,0,0.0,2025-07-05
9044,28,5000,1,0,0,0.0,2026-05-30
9045,39,4681,1,1,1,210.0,2024-10-23
9046,19,1029,1,0,1,13.3,2025-01-24
9047,1,4029,1,1,0,0.0,2024-08-22
9048,36,4243,1,1,1,168.4,2024-10-30
9049,26,1362,1,1,0,0.0,2026-03-31
9050,12,986,1,0,1,132.84,2024-10-22
9051,35,1943,1,0,0,0.0,2025-03-13
9052,10,4150,1,0,0,0.0,2025-12-19
9053,14,2156,1,0,0,0.0,2024-11-20
9054,34,1636,1,1,0,0.0,2025-06-20
9055,31,318,1,0,0,0.0,2025-12-01
9056,39,4104,1,1,1,113.09,2025-08-13
9057,37,2020,1,0,0,0.0,2025-09-07
9058,20,164,1,0,0,0.0,2026-05-30
9059,5,2783,1,0,1,85.92,2025-11-04
9060,25,681,1,0,1,75.85,2025-10-16
9061,27,1809,1,0,0,0.0,2026-02-27
9062,14,1152,1,0,1,209.43,2025-04-20
9063,23,711,1,1,0,0.0,2025-12-18
9064,11,1438,1,0,0,0.0,2025-05-16
9065,11,52,1,0,1,164.95,2026-03-06
9066,7,888,1,0,0,0.0,2025-11-26
9067,27,2092,1,0,0,0.0,2025-12-22
9068,13,3666,1,0,1,217.12,2026-03-06
9069,34,1093,1,1,0,0.0,2026-03-08
9070,17,4640,1,1,1,141.21,2025-03-05
9071,10,271,1,0,1,203.45,2025-10-16
9072,6,4211,1,0,1,202.99,2025-07-24
9073,18,4752,1,0,1,25.28,2025-05-28
9074,19,4425,1,1,0,0.0,2026-06-02
9075,2,4605,1,1,1,73.79,2025-01-21
9076,30,3161,1,0,1,163.08,2025-05-03
9077,2,3064,1,0,0,0.0,2025-08-19
9078,29,2286,1,1,0,0.0,2025-07-07
9079,20,3998,1,0,1,39.23,2026-05-06
9080,18,4974,1,0,0,0.0,2026-04-13
9081,26,2137,1,1,0,0.0,2026-04-28
9082,25,4498,1,0,1,221.52,2026-05-21
9083,28,710,1,0,0,0.0,2025-03-29
9084,36,1880,1,1,0,0.0,2025-12-29
9085,33,829,1,0,1,231.62,2024-10-15
9086,33,1138,1,0,0,0.0,2024-12-21
9087,8,2498,1,0,0,0.0,2025-09-16
9088,37,3241,1,0,0,0.0,2026-02-11
9089,40,1522,1,1,0,0.0,2024-11-07
9090,12,4495,1,1,1,70.37,2026-07-05
9091,18,4702,1,0,0,0.0,2025-06-14
9092,15,1628,1,1,0,0.0,2025-11-27
9093,25,1053,1,1,0,0.0,2026-06-26
9094,17,3415,1,1,0,0.0,2024-09-26
9095,17,573,1,0,1,60.62,2025-06-08
9096,31,2683,1,0,0,0.0,2025-02-27
9097,21,2209,1,0,0,0.0,2025-10-08
9098,18,694,1,0,0,0.0,2025-09-25
9099,2,4509,1,1,1,247.98,2025-01-05
9100,14,3129,1,0,1,183.36,2024-11-12
9101,30,3602,1,1,1,198.48,2025-02-22
9102,19,3936,1,0,1,63.44,2025-09-23
9103,16,2679,1,1,1,149.32,2025-01-02
9104,23,330,1,1,1,91.97,2025-07-21
9105,34,3887,1,1,0,0.0,2026-06-05
9106,31,4457,1,1,0,0.0,2024-10-01
9107,18,3992,1,0,1,19.92,2025-09-18
9108,7,4630,1,1,1,152.37,2026-01-16
9109,36,4609,1,0,0,0.0,2025-02-28
9110,37,3557,1,1,0,0.0,2026-05-06
9111,19,4352,1,0,0,0.0,2025-02-01
9112,9,3913,1,0,1,160.12,2026-04-17
9113,24,283,1,1,1,34.08,2026-06-10
9114,28,3092,1,1,1,216.89,2025-10-31
9115,32,215,1,0,0,0.0,2025-04-18
9116,15,4176,1,0,0,0.0,2025-11-16
9117,38,1713,1,0,0,0.0,2025-08-27
9118,27,3574,1,1,0,0.0,2024-08-14
9119,26,4534,1,1,0,0.0,2026-04-15
9120,14,2881,1,1,0,0.0,2025-12-22
9121,34,2353,1,1,0,0.0,2024-08-18
9122,18,3190,1,0,1,166.68,2025-01-26
9123,20,3138,1,0,1,246.52,2026-05-12
9124,32,4872,1,1,0,0.0,2025-01-15
9125,30,3279,1,1,0,0.0,2024-08-30
9126,35,391,1,0,0,0.0,2025-08-22
9127,14,3962,1,0,0,0.0,2024-10-17
9128,12,4999,1,1,1,244.09,2024-11-03
9129,16,793,1,1,0,0.0,2025-01-21
9130,20,944,1,1,0,0.0,2026-05-26
9131,39,878,1,1,0,0.0,2026-06-13
9132,34,2399,1,1,1,235.92,2024-08-27
9133,38,3026,1,0,1,102.29,2026-06-04
9134,21,2672,1,0,1,172.34,2026-06-25
9135,5,4470,1,0,0,0.0,2025-04-18
9136,22,1599,1,1,0,0.0,2024-09-07
9137,37,2148,1,0,1,179.59,2024-10-11
9138,8,3159,1,1,0,0.0,2026-01-03
9139,8,789,1,0,0,0.0,2026-08-01
9140,31,3647,1,1,0,0.0,2026-02-21
9141,23,2554,1,0,0,0.0,2026-06-23
9142,18,4111,1,0,0,0.0,2025-06-05
9143,25,565,1,1,0,0.0,2025-11-13
9144,34,4915,1,1,0,0.0,2024-09-22
9145,2,3814,1,1,1,61.41,2026-02-13
9146,39,1076,1,0,1,83.87,2024-11-21
9147,25,2752,1,0,0,0.0,2025-05-21
9148,4,4232,1,0,0,0.0,2026-01-30
9149,18,3089,1,0,1,228.96,2026-01-07
9150,33,2876,1,1,1,27.61,2025-03-23
9151,2,576,1,0,1,90.32,2026-04-16
9152,40,4893,1,0,1,109.86,2025-08-24
9153,30,4307,1,1,0,0.0,2024-11-10
9154,18,2727,1,0,1,98.42,2024-11-13
9155,38,2342,1,1,0,0.0,2026-03-18
9156,18,1769,1,1,0,0.0,2024-08-31
9157,12,3109,1,0,1,215.25,2025-08-17
9158,6,2801,1,1,0,0.0,2026-03-18
9159,15,2136,1,0,0,0.0,2025-11-14
9160,27,4177,1,0,1,178.4,2026-05-15
9161,31,1651,1,0,0,0.0,2025-05-17
9162,40,2529,1,0,0,0.0,2025-03-24
9163,38,1823,1,0,1,114.08,2024-11-24
9164,39,1623,1,1,0,0.0,2025-11-06
9165,13,1826,1,0,0,0.0,2024-12-01
9166,38,4007,1,1,0,0.0,2026-01-31
9167,13,3149,1,0,1,120.92,2025-02-14
9168,38,2122,1,0,1,63.8,2025-06-08
9169,31,2398,1,1,0,0.0,2026-03-29
9170,14,4418,1,0,0,0.0,2024-08-28
9171,7,2663,1,0,1,92.86,2024-10-17
9172,32,69,1,1,1,211.47,2026-05-28
9173,30,2297,1,1,0,0.0,2026-05-27
9174,2,1020,1,1,1,176.0,2026-03-02
9175,19,3040,1,1,1,63.68,2025-08-07
9176,34,3235,1,1,0,0.0,2026-06-04
9177,15,1986,1,0,0,0.0,2026-02-16
9178,26,98,1,0,1,241.65,2026-06-01
9179,19,599,1,0,0,0.0,2024-11-13
9180,11,3602,1,1,0,0.0,2026-02-06
9181,27,3571,1,1,0,0.0,2025-05-31
9182,8,3055,1,0,1,155.27,2026-05-11
9183,18,874,1,0,0,0.0,2026-07-13
9184,35,3815,1,0,0,0.0,2025-07-16
9185,28,3664,1,1,0,0.0,2025-11-24
9186,11,547,1,0,1,110.25,2026-07-14
9187,15,3792,1,1,0,0.0,2025-04-17
9188,20,2543,1,0,0,0.0,2025-10-12
9189,27,4598,1,1,0,0.0,2025-06-10
9190,36,710,1,1,0,0.0,2024-09-01
9191,37,2977,1,1,0,0.0,2025-12-24
9192,28,4100,1,1,1,130.83,2026-02-04
9193,8,122,1,0,1,142.69,2026-06-08
9194,7,1406,1,0,0,0.0,2025-05-24
9195,35,1712,1,1,0,0.0,2025-03-22
9196,7,1233,1,1,1,173.95,2025-03-11
9197,10,2456,1,1,0,0.0,2025-12-25
9198,34,1203,1,1,1,11.95,2025-10-09
9199,29,1494,1,0,0,0.0,2024-08-13
9200,23,3163,1,1,0,0.0,2026-04-19
9201,10,2920,1,0,1,81.22,2025-04-18
9202,27,2446,1,0,0,0.0,2026-05-12
9203,25,4562,1,0,1,75.87,2025-11-06
9204,21,648,1,1,1,248.22,2026-07-20
9205,6,2873,1,0,0,0.0,2025-03-06
9206,11,2720,1,1,1,40.46,2025-03-01
9207,29,2997,1,1,0,0.0,2025-06-14
9208,4,3742,1,1,1,202.9,2025-03-07
9209,36,2049,1,0,1,37.6,2026-01-15
9210,37,1955,1,1,0,0.0,2024-10-29
9211,24,2531,1,0,1,22.07,2025-08-13
9212,38,4237,1,1,1,219.3,2025-08-15
9213,4,644,1,0,0,0.0,2026-01-31
9214,34,2083,1,1,0,0.0,2025-11-09
9215,3,2457,1,0,1,100.19,2025-11-13
9216,33,1434,1,1,0,0.0,2024-09-27
9217,4,2758,1,1,1,30.77,2025-08-15
9218,29,1198,1,0,1,112.26,2024-09-11
9219,38,2095,1,0,0,0.0,2026-01-23
9220,25,365,1,0,0,0.0,2026-02-27
9221,36,3496,1,1,0,0.0,2025-12-07
9222,8,1550,1,1,0,0.0,2024-11-27
9223,28,35,1,0,0,0.0,2026-02-15
9224,29,3585,1,1,0,0.0,2025-03-12
9225,9,2056,1,0,0,0.0,2025-01-12
9226,32,4442,1,1,1,39.33,2025-10-11
9227,11,60,1,1,1,179.28,2026-01-08
9228,14,1916,1,1,0,0.0,2025-03-03
9229,34,4905,1,0,1,128.58,2025-07-30
9230,40,1040,1,1,0,0.0,2025-11-05
9231,5,4014,1,0,1,44.46,2025-02-26
9232,26,2054,1,1,0,0.0,2026-05-27
9233,1,288,1,0,1,158.36,2026-06-05
9234,13,2277,1,1,0,0.0,2024-09-03
9235,4,3095,1,1,0,0.0,2025-02-22
9236,26,3329,1,0,0,0.0,2026-05-30
9237,1,1941,1,1,0,0.0,2024-08-25
9238,14,1222,1,0,0,0.0,2024-12-11
9239,19,1979,1,0,1,113.81,2024-12-28
9240,26,4746,1,1,0,0.0,2025-05-30
9241,18,4867,1,1,1,33.17,2026-06-18
9242,11,333,1,1,0,0.0,2025-01-18
9243,9,80,1,1,1,49.61,2024-11-12
9244,29,2125,1,1,0,0.0,2025-04-30
9245,9,1686,1,1,0,0.0,2026-08-02
9246,4,3994,1,0,1,109.14,2025-05-22
9247,17,1466,1,1,0,0.0,2026-01-15
9248,20,1370,1,0,0,0.0,2025-11-21
9249,1,3871,1,1,0,0.0,2026-04-15
9250,39,2505,1,1,0,0.0,2025-04-21
9251,25,3243,1,1,1,103.66,2026-06-24
9252,38,84,1,1,1,66.95,2024-10-23
9253,38,389,1,1,1,218.21,2025-04-17
9254,26,674,1,1,1,36.12,2024-10-06
9255,14,3424,1,0,0,0.0,2026-07-12
9256,30,2845,1,0,0,0.0,2025-12-22
9257,21,1894,1,1,1,69.98,2024-10-04
9258,31,4085,1,1,1,145.69,2025-09-22
9259,30,3450,1,1,1,59.74,2024-11-25
9260,19,4132,1,1,0,0.0,2024-09-09
9261,2,1735,1,0,0,0.0,2026-08-01
9262,9,1371,1,0,1,134.53,2026-02-11
9263,2,4204,1,0,1,149.52,2024-09-24
9264,16,2811,1,1,1,63.94,2026-03-04
9265,29,5000,1,1,0,0.0,2025-03-03
9266,10,607,1,1,0,0.0,2025-10-26
9267,3,3947,1,1,1,61.48,2024-12-07
9268,15,3047,1,0,0,0.0,2024-11-26
9269,23,327,1,0,0,0.0,2025-03-29
9270,24,3041,1,0,0,0.0,2026-07-22
9271,6,1520,1,0,0,0.0,2026-01-08
9272,3,2347,1,0,1,228.49,2025-01-14
9273,14,4275,1,0,0,0.0,2025-01-11
9274,38,3179,1,0,1,86.71,2025-01-16
9275,11,3133,1,0,1,80.14,2026-02-22
9276,33,3630,1,0,0,0.0,2024-10-30
9277,6,241,1,0,0,0.0,2026-03-30
9278,37,2660,1,0,1,151.06,2025-06-24
9279,14,1652,1,0,1,46.48,2026-05-16
9280,33,1820,1,1,0,0.0,2024-12-07
9281,13,3007,1,0,0,0.0,2024-12-03
9282,14,2939,1,1,1,138.89,2025-07-27
9283,37,2118,1,1,0,0.0,2024-10-23
9284,38,3329,1,0,0,0.0,2024-12-08
9285,8,4981,1,1,1,197.45,2024-10-08
9286,38,599,1,0,0,0.0,2025-01-31
9287,4,549,1,0,0,0.0,2026-01-11
9288,29,3703,1,0,1,205.84,2026-04-21
9289,35,2317,1,1,0,0.0,2026-02-10
9290,27,1518,1,0,1,91.89,2025-03-21
9291,7,3803,1,0,1,143.08,2025-09-06
9292,15,2600,1,0,1,96.37,2025-04-03
9293,35,3911,1,1,0,0.0,2025-11-29
9294,32,3937,1,0,1,33.08,2025-10-11
9295,3,4996,1,0,0,0.0,2025-01-11
9296,30,635,1,0,0,0.0,2026-05-27
9297,26,3638,1,0,1,145.06,2024-10-22
9298,5,1993,1,0,0,0.0,2025-05-06
9299,15,1449,1,0,0,0.0,2025-11-01
9300,31,3894,1,1,0,0.0,2025-11-27
9301,8,1610,1,0,1,164.64,2025-04-11
9302,18,3026,1,0,1,229.13,2026-07-12
9303,32,618,1,1,1,240.03,2025-04-12
9304,19,2207,1,0,0,0.0,2025-10-12
9305,5,1603,1,1,0,0.0,2026-05-25
9306,3,4032,1,1,0,0.0,2025-02-18
9307,27,1017,1,0,0,0.0,2026-02-28
9308,30,3300,1,0,0,0.0,2025-12-09
9309,38,2821,1,0,0,0.0,2026-06-08
9310,29,3060,1,0,1,42.92,2024-09-17
9311,12,1006,1,1,1,61.29,2024-11-01
9312,11,1127,1,1,1,13.58,2026-03-29
9313,1,1914,1,1,1,246.44,2026-06-07
9314,7,214,1,1,0,0.0,2024-09-19
9315,8,2992,1,1,0,0.0,2025-08-01
9316,38,3822,1,0,1,38.49,2026-01-07
9317,36,4181,1,1,1,112.95,2024-12-19
9318,13,1597,1,1,0,0.0,2025-12-01
9319,36,642,1,0,0,0.0,2025-08-12
9320,20,3585,1,1,1,98.55,2025-08-15
9321,4,2158,1,0,0,0.0,2026-01-09
9322,11,1727,1,1,1,44.38,2026-04-01
9323,8,1407,1,1,0,0.0,2026-01-30
9324,18,2347,1,1,0,0.0,2026-06-25
9325,21,398,1,0,1,232.52,2026-04-08
9326,25,3556,1,0,0,0.0,2024-12-11
9327,6,775,1,0,0,0.0,2025-12-14
9328,25,2646,1,1,0,0.0,2024-12-30
9329,40,461,1,0,1,222.07,2026-02-06
9330,6,3281,1,0,0,0.0,2026-04-14
9331,27,165,1,1,1,26.58,2024-08-30
9332,22,1384,1,0,0,0.0,2025-11-19
9333,21,74,1,1,1,123.91,2025-05-22
9334,9,179,1,0,1,161.21,2026-03-11
9335,7,4655,1,1,1,57.94,2026-02-19
9336,30,882,1,1,1,145.11,2025-10-28
9337,30,363,1,1,1,102.02,2024-08-21
9338,26,1471,1,1,0,0.0,2024-09-30
9339,39,1585,1,1,0,0.0,2025-06-06
9340,36,820,1,1,0,0.0,2026-06-04
9341,33,927,1,1,0,0.0,2024-10-16
9342,4,237,1,0,0,0.0,2025-10-15
9343,27,4798,1,1,1,126.11,2026-05-29
9344,22,2248,1,0,0,0.0,2024-09-11
9345,12,4980,1,0,0,0.0,2025-12-18
9346,22,4804,1,1,0,0.0,2025-05-29
9347,30,3334,1,0,0,0.0,2025-01-21
9348,29,1924,1,0,0,0.0,2025-12-02
9349,34,4943,1,0,1,164.29,2025-04-30
9350,30,4343,1,1,1,47.23,2025-10-31
9351,7,2126,1,1,0,0.0,2024-09-28
9352,16,345,1,1,0,0.0,2024-10-31
9353,11,2901,1,1,1,157.99,2025-11-24
9354,1,4308,1,0,1,198.77,2024-10-07
9355,17,1596,1,0,0,0.0,2025-11-16
9356,14,3224,1,0,0,0.0,2026-02-19
9357,20,2204,1,1,0,0.0,2025-06-07
9358,18,3150,1,1,1,92.13,2025-11-12
9359,10,4164,1,1,0,0.0,2024-08-23
9360,29,1568,1,0,0,0.0,2024-12-14
9361,16,3872,1,1,1,38.27,2024-08-25
9362,32,4731,1,1,0,0.0,2025-07-23
9363,33,3159,1,1,1,61.44,2026-02-08
9364,39,4588,1,1,1,197.13,2025-11-27
9365,17,1105,1,0,1,68.24,2024-09-05
9366,28,4955,1,1,0,0.0,2026-03-25
9367,7,4894,1,0,1,95.78,2025-02-15
9368,27,3907,1,0,1,242.7,2025-04-27
9369,10,4,1,0,1,215.74,2025-06-02
9370,15,4885,1,1,0,0.0,2025-01-10
9371,23,935,1,0,0,0.0,2025-01-28
9372,18,2835,1,1,0,0.0,2025-01-26
9373,14,1786,1,0,1,191.74,2025-12-11
9374,11,1752,1,0,1,145.24,2026-06-09
9375,1,423,1,0,0,0.0,2025-09-14
9376,34,1327,1,0,1,223.38,2025-04-12
9377,2,1645,1,1,0,0.0,2026-04-02
9378,20,1764,1,0,1,11.07,2024-09-08
9379,34,279,1,1,0,0.0,2025-09-26
9380,2,2227,1,1,0,0.0,2026-05-10
9381,34,2864,1,1,0,0.0,2025-04-06
9382,16,2368,1,1,1,249.91,2026-03-20
9383,32,1916,1,1,0,0.0,2024-08-17
9384,22,2987,1,1,1,150.19,2026-02-28
9385,36,2893,1,1,0,0.0,2026-02-01
9386,14,3066,1,1,0,0.0,2024-09-17
9387,22,3506,1,1,0,0.0,2024-10-30
9388,11,3317,1,1,0,0.0,2026-02-24
9389,33,2097,1,0,0,0.0,2025-05-29
9390,30,2200,1,0,0,0.0,2026-07-22
9391,30,1737,1,0,1,216.11,2026-02-23
9392,26,3105,1,1,0,0.0,2025-08-12
9393,37,507,1,1,0,0.0,2025-06-18
9394,1,356,1,1,0,0.0,2026-06-08
9395,11,1051,1,0,0,0.0,2025-04-13
9396,21,978,1,0,1,195.55,2024-12-05
9397,17,4032,1,0,0,0.0,2025-03-01
9398,26,3199,1,1,1,223.53,2025-07-12
9399,6,2201,1,0,0,0.0,2025-11-18
9400,40,2652,1,1,0,0.0,2026-07-27
9401,10,420,1,0,1,238.51,2026-05-18
9402,27,3823,1,1,1,228.27,2025-11-02
9403,26,4388,1,1,0,0.0,2025-04-24
9404,8,2548,1,0,0,0.0,2024-08-23
9405,21,1804,1,1,1,155.66,2026-05-09
9406,32,2296,1,0,1,87.11,2026-02-04
9407,17,4225,1,0,0,0.0,2026-02-02
9408,34,1999,1,0,1,192.2,2025-08-17
9409,28,3237,1,1,1,97.6,2025-09-06
9410,22,1708,1,1,0,0.0,2024-08-29
9411,20,273,1,0,1,111.06,2026-01-08
9412,34,3803,1,0,1,196.17,2026-07-18
9413,38,4588,1,0,0,0.0,2025-03-03
9414,9,2254,1,0,0,0.0,2026-03-27
9415,6,2094,1,0,0,0.0,2026-02-02
9416,1,119,1,0,0,0.0,2026-02-22
9417,5,2448,1,0,0,0.0,2024-12-02
9418,19,1485,1,0,1,68.82,2026-02-11
9419,29,4754,1,0,1,17.29,2025-11-04
9420,21,2196,1,1,0,0.0,2025-10-27
9421,16,4740,1,1,0,0.0,2025-11-19
9422,25,2553,1,0,0,0.0,2025-05-08
9423,17,708,1,1,1,24.49,2024-10-05
9424,9,3103,1,1,1,160.9,2025-10-03
9425,7,985,1,0,0,0.0,2025-12-02
9426,7,1131,1,1,0,0.0,2026-05-26
9427,28,4738,1,0,0,0.0,2025-02-15
9428,35,2542,1,0,1,196.91,2026-05-09
9429,34,148,1,1,0,0.0,2025-12-10
9430,19,1291,1,1,0,0.0,2025-11-03
9431,22,4791,1,0,1,33.03,2025-07-07
9432,17,3082,1,1,0,0.0,2025-10-17
9433,38,4170,1,0,0,0.0,2025-07-10
9434,8,3054,1,0,1,151.51,2026-01-17
9435,32,2223,1,1,0,0.0,2024-09-06
9436,35,1228,1,0,1,90.9,2026-01-31
9437,16,2468,1,0,1,133.85,2026-05-26
9438,17,368,1,1,0,0.0,2025-04-29
9439,30,369,1,1,1,243.4,2024-11-03
9440,25,3713,1,0,0,0.0,2025-01-31
9441,25,967,1,0,1,204.19,2025-11-24
9442,23,3363,1,0,0,0.0,2025-04-23
9443,11,2744,1,0,0,0.0,2026-02-13
9444,20,2377,1,0,0,0.0,2024-11-19
9445,21,2576,1,0,0,0.0,2026-01-28
9446,26,3087,1,1,1,220.56,2026-06-09
9447,18,1503,1,1,0,0.0,2025-08-22
9448,12,703,1,1,1,139.85,2024-11-06
9449,9,2859,1,1,1,43.7,2025-11-20
9450,32,3424,1,0,0,0.0,2025-07-20
9451,16,2578,1,1,0,0.0,2025-12-11
9452,17,1535,1,0,1,145.07,2025-07-22
9453,19,57,1,1,1,192.51,2026-01-24
9454,8,657,1,1,0,0.0,2025-08-30
9455,31,1224,1,0,1,72.48,2025-07-24
9456,2,4659,1,0,0,0.0,2025-09-25
9457,40,4388,1,1,0,0.0,2026-04-13
9458,6,89,1,0,1,169.17,2026-06-15
9459,22,49,1,1,1,121.8,2026-04-22
9460,5,3237,1,0,1,212.28,2025-02-13
9461,4,38,1,1,1,82.04,2026-02-06
9462,22,2517,1,1,0,0.0,2025-06-08
9463,25,1281,1,0,1,45.33,2025-12-05
9464,32,604,1,0,0,0.0,2025-01-14
9465,28,3785,1,1,1,224.4,2025-11-12
9466,3,1629,1,1,0,0.0,2025-01-17
9467,3,1532,1,0,0,0.0,2026-05-07
9468,21,3293,1,0,0,0.0,2026-01-28
9469,37,4939,1,0,0,0.0,2026-01-08
9470,5,4881,1,1,1,133.09,2026-01-30
9471,9,1732,1,0,1,191.05,2026-03-21
9472,33,2989,1,0,1,112.84,2026-01-31
9473,35,1861,1,1,0,0.0,2024-08-20
9474,13,4075,1,1,1,173.27,2025-10-11
9475,19,3239,1,1,0,0.0,2026-05-04
9476,12,1274,1,1,0,0.0,2024-12-25
9477,3,3776,1,0,0,0.0,2025-11-13
9478,30,1833,1,1,1,196.44,2024-12-04
9479,14,3403,1,0,0,0.0,2025-05-10
9480,17,3558,1,0,1,242.37,2026-04-24
9481,38,323,1,1,0,0.0,2026-03-03
9482,1,3695,1,0,1,165.89,2024-08-07
9483,38,3531,1,0,1,37.21,2025-03-31
9484,36,937,1,1,0,0.0,2025-02-17
9485,6,1537,1,0,0,0.0,2025-10-10
9486,33,2693,1,0,1,191.96,2024-08-05
9487,2,4038,1,0,0,0.0,2025-03-10
9488,14,4254,1,0,1,79.56,2026-06-04
9489,30,2235,1,0,0,0.0,2025-02-25
9490,23,2466,1,1,0,0.0,2026-04-19
9491,11,1549,1,0,1,128.57,2025-07-22
9492,16,186,1,0,1,175.28,2025-08-15
9493,20,4229,1,0,1,226.16,2025-11-14
9494,30,205,1,1,1,233.6,2025-10-28
9495,23,631,1,0,0,0.0,2024-12-28
9496,19,4300,1,1,1,236.83,2025-04-18
9497,36,4645,1,1,1,223.64,2025-10-11
9498,4,2958,1,1,0,0.0,2025-09-22
9499,21,3481,1,1,0,0.0,2024-09-30
9500,25,3854,1,1,1,151.4,2026-06-10
9501,5,2464,1,1,0,0.0,2025-07-24
9502,23,831,1,1,0,0.0,2025-10-31
9503,13,2764,1,0,1,126.1,2026-05-22
9504,29,3314,1,0,0,0.0,2025-06-25
9505,20,136,1,1,1,237.52,2025-06-19
9506,22,2531,1,1,1,117.44,2025-01-09
9507,32,4958,1,0,1,240.58,2025-02-09
9508,7,4598,1,0,1,159.95,2024-08-31
9509,21,1163,1,1,0,0.0,2024-11-24
9510,39,4357,1,1,0,0.0,2026-04-14
9511,35,3980,1,1,0,0.0,2026-05-23
9512,27,4401,1,0,1,172.26,2024-09-10
9513,31,2614,1,0,0,0.0,2026-01-02
9514,22,1416,1,0,0,0.0,2024-09-17
9515,34,3895,1,0,1,18.87,2025-02-09
9516,12,3037,1,0,1,99.44,2025-07-13
9517,22,2337,1,1,0,0.0,2024-10-23
9518,34,3047,1,1,0,0.0,2025-09-04
9519,10,2109,1,0,0,0.0,2025-11-06
9520,3,26,1,0,1,135.47,2025-12-08
9521,5,654,1,1,1,35.67,2026-04-04
9522,14,1962,1,0,0,0.0,2025-07-20
9523,7,4943,1,0,0,0.0,2026-01-29
9524,38,1586,1,1,0,0.0,2024-09-11
9525,22,2049,1,1,1,47.74,2025-04-19
9526,39,2675,1,0,0,0.0,2025-12-28
9527,35,3943,1,1,1,191.71,2025-09-09
9528,10,2641,1,1,1,161.44,2025-02-09
9529,24,4733,1,1,0,0.0,2025-05-08
9530,8,2196,1,1,0,0.0,2025-09-10
9531,10,4179,1,1,0,0.0,2025-06-21
9532,16,4639,1,1,0,0.0,2024-08-31
9533,12,3545,1,0,1,86.46,2024-10-24
9534,40,997,1,0,1,35.11,2025-12-31
9535,16,3806,1,0,0,0.0,2024-12-13
9536,25,3708,1,0,1,103.57,2025-04-08
9537,35,4276,1,1,0,0.0,2026-04-13
9538,27,4128,1,1,0,0.0,2025-03-24
9539,2,1304,1,0,0,0.0,2025-07-18
9540,36,4504,1,1,1,16.88,2024-10-26
9541,3,2555,1,0,0,0.0,2025-08-09
9542,14,2987,1,0,1,244.14,2025-08-31
9543,29,2276,1,1,0,0.0,2025-04-18
9544,22,1354,1,0,0,0.0,2025-09-20
9545,23,3064,1,0,0,0.0,2025-10-12
9546,8,2631,1,0,0,0.0,2025-08-03
9547,27,1252,1,0,1,81.48,2024-10-08
9548,22,4,1,1,1,220.48,2026-02-01
9549,5,932,1,0,0,0.0,2024-09-03
9550,20,3490,1,0,0,0.0,2025-06-14
9551,16,1680,1,0,1,161.55,2025-04-24
9552,22,2758,1,1,0,0.0,2026-05-19
9553,18,3890,1,1,0,0.0,2026-05-03
9554,29,3341,1,1,1,140.21,2025-03-26
9555,16,2273,1,0,1,246.88,2025-03-10
9556,14,4555,1,1,1,204.35,2026-01-10
9557,30,4599,1,0,0,0.0,2024-12-14
9558,26,4347,1,1,1,239.31,2025-11-20
9559,16,2846,1,0,1,248.12,2024-12-05
9560,16,2879,1,0,1,78.46,2025-04-04
9561,35,4127,1,1,1,184.23,2026-03-30
9562,20,2931,1,0,0,0.0,2025-09-26
9563,30,4775,1,1,1,44.73,2025-06-13
9564,24,4913,1,1,0,0.0,2024-12-10
9565,28,4818,1,1,1,65.01,2026-02-25
9566,14,4114,1,0,0,0.0,2024-09-06
9567,16,893,1,1,0,0.0,2026-07-08
9568,1,2950,1,0,0,0.0,2025-01-18
9569,1,1607,1,0,1,68.69,2025-07-16
9570,14,3234,1,1,1,91.15,2026-03-24
9571,21,4429,1,1,0,0.0,2024-11-13
9572,10,2534,1,0,0,0.0,2024-10-01
9573,26,1228,1,1,1,242.98,2025-10-14
9574,18,2647,1,1,1,153.96,2026-05-18
9575,16,4536,1,1,1,41.18,2025-04-04
9576,38,750,1,0,0,0.0,2025-11-16
9577,20,429,1,0,1,147.46,2026-02-11
9578,31,1726,1,0,0,0.0,2024-09-12
9579,33,1316,1,1,0,0.0,2025-12-14
9580,4,174,1,0,0,0.0,2024-08-28
9581,30,4019,1,1,1,188.9,2026-02-25
9582,32,1086,1,0,1,136.51,2026-06-12
9583,9,3332,1,1,0,0.0,2025-01-26
9584,17,2947,1,0,0,0.0,2026-07-01
9585,2,4451,1,1,1,110.94,2026-07-10
9586,25,2023,1,1,0,0.0,2024-10-31
9587,3,2241,1,1,1,138.8,2025-10-13
9588,27,2147,1,0,0,0.0,2026-04-10
9589,18,868,1,0,0,0.0,2026-06-16
9590,11,4995,1,0,1,229.96,2026-04-16
9591,1,4449,1,0,0,0.0,2025-04-08
9592,32,2565,1,0,0,0.0,2024-10-28
9593,20,1275,1,0,1,19.66,2026-07-19
9594,17,736,1,0,0,0.0,2026-06-01
9595,34,4699,1,1,0,0.0,2024-10-13
9596,37,2524,1,0,0,0.0,2024-08-31
9597,20,588,1,1,1,185.61,2025-09-15
9598,26,249,1,0,1,70.67,2024-10-28
9599,15,286,1,0,0,0.0,2025-08-24
9600,3,333,1,0,1,225.43,2024-11-20
9601,25,603,1,0,0,0.0,2026-01-22
9602,22,576,1,0,1,221.02,2026-01-01
9603,37,1911,1,0,0,0.0,2026-01-24
9604,8,3672,1,0,0,0.0,2026-06-12
9605,21,917,1,0,0,0.0,2024-11-24
9606,9,4843,1,0,0,0.0,2026-04-13
9607,12,3791,1,1,0,0.0,2024-08-28
9608,31,2651,1,1,0,0.0,2025-01-20
9609,3,4689,1,1,0,0.0,2025-12-08
9610,39,4233,1,0,1,104.33,2026-01-19
9611,9,1829,1,0,1,80.62,2025-09-07
9612,1,809,1,0,0,0.0,2025-02-27
9613,39,2911,1,0,0,0.0,2026-02-21
9614,16,2496,1,1,1,127.48,2025-10-08
9615,29,2411,1,1,0,0.0,2026-06-09
9616,1,2089,1,0,1,95.95,2025-04-09
9617,18,2174,1,1,0,0.0,2026-06-29
9618,34,3317,1,1,1,91.71,2026-01-13
9619,20,4756,1,0,0,0.0,2025-04-24
9620,14,648,1,0,0,0.0,2025-04-02
9621,27,1078,1,0,0,0.0,2025-02-22
9622,33,2197,1,0,1,211.27,2024-09-29
9623,25,2755,1,0,0,0.0,2025-05-01
9624,40,4356,1,1,1,75.85,2025-07-22
9625,14,1195,1,0,1,108.99,2025-03-09
9626,17,535,1,0,0,0.0,2026-01-11
9627,23,4787,1,0,1,139.08,2026-07-07
9628,36,3150,1,1,0,0.0,2025-10-24
9629,40,3345,1,0,0,0.0,2026-02-10
9630,27,3356,1,0,1,176.25,2024-09-29
9631,35,1317,1,0,1,81.64,2025-06-25
9632,36,795,1,1,0,0.0,2025-04-13
9633,27,1000,1,1,0,0.0,2024-11-18
9634,13,283,1,0,1,161.98,2025-02-15
9635,25,4245,1,0,0,0.0,2025-07-07
9636,26,1424,1,0,0,0.0,2026-06-30
9637,28,1570,1,1,0,0.0,2025-03-09
9638,6,72,1,1,0,0.0,2025-01-23
9639,39,4551,1,1,1,104.34,2026-03-07
9640,20,3009,1,1,0,0.0,2025-09-25
9641,34,663,1,1,0,0.0,2026-02-27
9642,33,4440,1,1,0,0.0,2025-12-28
9643,27,2494,1,1,1,72.5,2026-01-17
9644,28,406,1,1,0,0.0,2025-04-08
9645,17,2483,1,1,1,225.78,2026-02-07
9646,2,3433,1,0,1,209.99,2024-12-14
9647,2,444,1,1,0,0.0,2025-10-23
9648,29,1826,1,0,0,0.0,2024-10-30
9649,24,3492,1,0,0,0.0,2026-04-22
9650,33,3841,1,0,1,112.09,2026-04-25
9651,19,861,1,0,1,109.17,2026-06-06
9652,31,1417,1,1,1,92.37,2024-11-25
9653,40,888,1,0,1,188.38,2025-03-06
9654,38,3107,1,0,0,0.0,2025-04-29
9655,13,4753,1,0,1,193.47,2025-03-21
9656,5,3009,1,1,0,0.0,2025-06-23
9657,1,3026,1,1,1,201.07,2024-12-01
9658,23,1604,1,0,1,14.3,2025-07-09
9659,15,2400,1,1,0,0.0,2026-01-15
9660,10,3339,1,1,1,175.04,2025-05-09
9661,35,680,1,0,0,0.0,2025-09-07
9662,28,2948,1,0,1,85.69,2026-06-27
9663,31,3001,1,1,0,0.0,2024-08-14
9664,28,909,1,1,0,0.0,2024-11-13
9665,19,1349,1,0,0,0.0,2026-02-06
9666,22,2206,1,0,1,94.02,2026-06-06
9667,30,4323,1,1,1,188.48,2024-09-17
9668,30,3,1,1,0,0.0,2024-10-23
9669,26,1268,1,1,1,81.08,2025-03-28
9670,3,1516,1,0,1,42.76,2025-02-19
9671,19,1586,1,1,1,98.55,2025-04-19
9672,24,1615,1,1,0,0.0,2025-09-07
9673,7,2963,1,1,0,0.0,2026-02-15
9674,24,880,1,0,0,0.0,2026-03-21
9675,27,2414,1,0,0,0.0,2026-07-14
9676,18,3868,1,0,1,160.25,2026-04-08
9677,1,4272,1,1,1,249.34,2026-07-23
9678,25,3420,1,1,1,39.18,2024-08-19
9679,40,4560,1,0,0,0.0,2026-06-16
9680,36,530,1,1,0,0.0,2024-11-23
9681,14,4784,1,0,1,244.79,2024-12-12
9682,1,4083,1,1,1,65.68,2025-10-26
9683,29,3429,1,0,1,63.1,2025-06-29
9684,36,4939,1,1,0,0.0,2025-07-27
9685,2,928,1,1,1,236.26,2026-04-12
9686,18,2585,1,0,0,0.0,2025-10-24
9687,18,1892,1,0,0,0.0,2025-03-20
9688,20,315,1,0,0,0.0,2025-12-01
9689,23,147,1,0,1,190.81,2025-06-26
9690,27,2050,1,0,0,0.0,2025-06-22
9691,37,1327,1,0,0,0.0,2026-07-18
9692,18,3943,1,0,1,229.84,2025-07-10
9693,28,1310,1,0,1,79.93,2025-02-24
9694,4,3525,1,0,1,69.84,2024-09-22
9695,19,2128,1,1,0,0.0,2025-06-26
9696,32,935,1,1,1,47.71,2026-03-15
9697,29,3173,1,1,0,0.0,2024-10-19
9698,24,4396,1,1,1,171.53,2025-05-31
9699,13,1547,1,0,1,45.41,2026-03-07
9700,3,2443,1,1,0,0.0,2025-01-24
9701,2,1569,1,1,1,151.75,2025-11-18
9702,4,2670,1,1,0,0.0,2026-02-19
9703,28,3074,1,1,1,191.52,2024-10-10
9704,14,76,1,0,1,103.43,2025-12-02
9705,28,3250,1,1,0,0.0,2026-05-04
9706,4,4249,1,0,1,116.59,2025-10-24
9707,3,3136,1,0,1,124.02,2025-12-29
9708,19,3975,1,1,0,0.0,2025-07-04
9709,15,869,1,0,1,55.71,2025-01-22
9710,38,2142,1,0,0,0.0,2025-08-15
9711,37,2146,1,1,0,0.0,2025-05-17
9712,21,573,1,1,1,171.28,2024-12-01
9713,26,3045,1,1,0,0.0,2025-08-13
9714,5,2184,1,1,1,28.89,2025-05-26
9715,35,4479,1,1,0,0.0,2026-03-14
9716,27,3344,1,0,1,231.51,2025-04-19
9717,24,4432,1,1,0,0.0,2024-10-03
9718,31,3282,1,0,0,0.0,2025-03-02
9719,23,155,1,0,0,0.0,2025-07-20
9720,25,4875,1,0,1,35.8,2026-02-12
9721,34,4871,1,0,1,227.29,2025-06-26
9722,37,1756,1,0,0,0.0,2024-12-24
9723,8,1119,1,1,0,0.0,2024-11-30
9724,24,4656,1,0,1,53.57,2024-08-06
9725,35,450,1,1,0,0.0,2025-08-06
9726,4,4478,1,1,0,0.0,2024-10-06
9727,34,1650,1,1,0,0.0,2024-11-29
9728,39,2804,1,1,1,107.84,2026-07-29
9729,30,2897,1,0,1,156.8,2025-05-18
9730,22,3974,1,0,0,0.0,2025-06-05
9731,22,2428,1,0,0,0.0,2026-07-31
9732,9,162,1,1,0,0.0,2025-02-13
9733,24,2039,1,1,0,0.0,2025-11-05
9734,23,2379,1,1,1,172.97,2024-12-29
9735,2,2612,1,1,0,0.0,2025-11-30
9736,20,4857,1,0,1,99.15,2024-10-30
9737,24,4022,1,1,0,0.0,2024-11-13
9738,13,3707,1,0,1,91.16,2024-10-08
9739,16,2707,1,1,0,0.0,2025-12-30
9740,40,3282,1,0,0,0.0,2026-03-12
9741,32,1577,1,1,0,0.0,2025-03-13
9742,31,3643,1,1,0,0.0,2026-06-04
9743,40,4993,1,1,0,0.0,2026-02-26
9744,29,4366,1,0,0,0.0,2026-05-02
9745,37,231,1,0,1,89.1,2025-07-17
9746,38,4421,1,1,1,15.05,2025-06-30
9747,31,4760,1,0,0,0.0,2024-09-02
9748,4,2807,1,1,0,0.0,2025-09-29
9749,11,1636,1,1,0,0.0,2025-01-11
9750,12,4732,1,0,0,0.0,2026-01-13
9751,34,4301,1,1,0,0.0,2025-11-08
9752,3,178,1,0,0,0.0,2025-09-05
9753,4,4721,1,1,0,0.0,2025-06-13
9754,13,3422,1,0,1,96.43,2025-09-27
9755,33,3528,1,1,0,0.0,2025-11-17
9756,38,4764,1,0,1,149.86,2025-07-11
9757,11,4124,1,0,0,0.0,2024-09-08
9758,19,2140,1,0,1,31.61,2024-09-22
9759,12,4110,1,0,0,0.0,2025-08-13
9760,33,4630,1,1,1,241.51,2024-09-19
9761,29,3845,1,0,1,100.7,2024-11-23
9762,29,4384,1,1,1,135.75,2025-08-04
9763,40,4708,1,0,0,0.0,2025-08-14
9764,27,2888,1,1,0,0.0,2025-05-15
9765,16,4380,1,0,0,0.0,2025-04-21
9766,8,3360,1,1,0,0.0,2026-05-10
9767,37,4370,1,0,1,205.94,2026-07-21
9768,17,702,1,0,1,240.25,2026-02-23
9769,5,1505,1,1,0,0.0,2026-05-22
9770,35,1476,1,1,0,0.0,2025-02-03
9771,25,2967,1,1,1,244.57,2025-04-27
9772,27,3602,1,1,1,153.88,2024-12-23
9773,12,4706,1,0,0,0.0,2025-09-23
9774,4,3956,1,1,1,20.53,2025-08-30
9775,4,4864,1,1,0,0.0,2026-05-07
9776,17,2363,1,0,0,0.0,2026-05-28
9777,39,4311,1,1,0,0.0,2026-03-11
9778,40,1448,1,0,1,172.89,2025-09-26
9779,21,1701,1,1,0,0.0,2025-01-21
9780,10,1237,1,0,0,0.0,2025-06-15
9781,12,2504,1,1,0,0.0,2025-05-31
9782,4,418,1,0,0,0.0,2026-08-02
9783,8,2912,1,0,1,74.04,2026-03-18
9784,20,4877,1,1,0,0.0,2025-01-24
9785,25,3976,1,0,0,0.0,2025-03-30
9786,11,1017,1,0,1,155.93,2024-11-17
9787,4,3876,1,0,0,0.0,2024-09-17
9788,19,831,1,1,0,0.0,2025-09-21
9789,15,4963,1,1,1,160.03,2025-11-22
9790,19,444,1,1,1,233.02,2026-06-09
9791,22,2068,1,1,1,213.63,2025-08-11
9792,25,3996,1,1,0,0.0,2025-12-28
9793,20,1057,1,1,1,179.64,2026-02-22
9794,40,2797,1,0,1,100.2,2025-01-24
9795,22,4391,1,0,0,0.0,2025-05-22
9796,35,2817,1,0,0,0.0,2025-05-16
9797,30,2658,1,0,1,63.22,2025-12-06
9798,28,1833,1,0,1,220.92,2025-08-29
9799,32,4803,1,1,1,123.67,2026-05-08
9800,16,4657,1,0,1,214.43,2025-01-09
9801,40,3533,1,1,1,190.54,2026-04-25
9802,18,4144,1,0,0,0.0,2025-04-04
9803,5,3454,1,0,1,105.38,2025-01-09
9804,4,3222,1,1,1,174.52,2025-06-11
9805,10,4238,1,1,0,0.0,2025-08-02
9806,11,2265,1,1,1,187.47,2026-02-23
9807,38,3834,1,1,0,0.0,2025-05-15
9808,18,3652,1,0,1,201.52,2026-02-18
9809,10,3787,1,0,0,0.0,2025-08-03
9810,37,1362,1,1,0,0.0,2026-07-06
9811,26,3287,1,1,0,0.0,2025-01-04
9812,23,126,1,1,0,0.0,2026-03-05
9813,19,2390,1,0,1,24.63,2025-01-06
9814,36,4093,1,0,0,0.0,2024-10-09
9815,5,3228,1,0,1,243.68,2024-09-14
9816,1,4984,1,1,0,0.0,2024-08-05
9817,22,1445,1,0,1,46.69,2025-01-16
9818,39,1896,1,1,1,48.19,2025-07-23
9819,34,2124,1,0,1,200.23,2025-12-15
9820,36,2166,1,1,0,0.0,2025-11-30
9821,7,691,1,0,0,0.0,2025-01-10
9822,14,3842,1,1,1,89.33,2025-08-11
9823,40,4208,1,1,1,219.83,2025-07-01
9824,19,3981,1,1,0,0.0,2026-04-29
9825,12,4955,1,0,1,57.64,2024-09-21
9826,38,1070,1,1,1,231.42,2025-09-06
9827,25,3035,1,0,0,0.0,2024-08-17
9828,12,3100,1,1,0,0.0,2025-03-11
9829,8,3187,1,0,0,0.0,2025-10-17
9830,11,2146,1,0,0,0.0,2025-07-03
9831,9,372,1,1,1,78.32,2025-08-09
9832,20,2156,1,0,0,0.0,2025-04-29
9833,39,991,1,1,0,0.0,2025-03-26
9834,16,4042,1,1,0,0.0,2026-06-06
9835,10,621,1,1,1,75.45,2024-09-27
9836,27,1308,1,1,1,246.81,2026-06-13
9837,8,76,1,0,0,0.0,2025-11-04
9838,5,641,1,0,0,0.0,2024-08-18
9839,15,4994,1,1,1,126.96,2024-08-16
9840,36,2833,1,1,1,137.86,2025-09-26
9841,14,3041,1,0,0,0.0,2026-01-20
9842,22,1546,1,1,1,57.68,2025-07-23
9843,4,2762,1,1,1,146.17,2025-10-11
9844,19,1416,1,0,0,0.0,2026-07-05
9845,33,2072,1,1,1,89.59,2026-06-27
9846,31,1373,1,0,0,0.0,2024-12-03
9847,39,2440,1,0,0,0.0,2025-04-04
9848,34,914,1,1,1,213.63,2025-04-17
9849,37,4634,1,0,1,81.12,2025-10-12
9850,22,2796,1,0,1,115.75,2026-04-23
9851,1,1692,1,1,0,0.0,2026-01-16
9852,31,2662,1,0,1,118.0,2026-04-11
9853,27,2,1,1,1,39.8,2025-10-11
9854,20,1200,1,0,0,0.0,2024-12-25
9855,28,3873,1,0,1,122.25,2024-11-29
9856,34,2535,1,0,0,0.0,2025-05-18
9857,14,2407,1,1,0,0.0,2026-01-10
9858,31,1346,1,1,0,0.0,2025-04-20
9859,35,2090,1,1,1,123.17,2026-01-27
9860,5,649,1,1,0,0.0,2026-01-26
9861,33,4681,1,0,0,0.0,2025-06-07
9862,31,2912,1,0,1,48.0,2026-03-03
9863,5,4831,1,1,0,0.0,2026-05-31
9864,12,4588,1,0,0,0.0,2024-09-11
9865,21,1142,1,1,1,236.2,2024-12-07
9866,32,3385,1,0,0,0.0,2025-09-09
9867,32,1910,1,1,0,0.0,2026-07-22
9868,35,1027,1,1,0,0.0,2026-03-15
9869,8,1884,1,0,1,104.42,2026-05-24
9870,17,1312,1,0,0,0.0,2024-11-02
9871,40,4155,1,1,0,0.0,2025-06-15
9872,24,4313,1,1,0,0.0,2026-03-12
9873,26,3206,1,1,0,0.0,2026-01-11
9874,34,4875,1,0,1,213.87,2025-12-04
9875,13,572,1,0,0,0.0,2026-01-02
9876,24,4979,1,1,1,29.03,2024-12-01
9877,8,678,1,0,1,180.09,2025-07-26
9878,11,1495,1,0,1,32.22,2025-04-14
9879,19,3732,1,1,0,0.0,2026-07-15
9880,21,2876,1,1,0,0.0,2025-08-18
9881,40,4605,1,0,0,0.0,2025-08-07
9882,12,2070,1,1,0,0.0,2025-02-28
9883,29,4764,1,1,0,0.0,2026-01-22
9884,17,4379,1,0,0,0.0,2025-02-28
9885,26,3162,1,0,0,0.0,2024-12-21
9886,35,1435,1,1,0,0.0,2025-03-24
9887,14,808,1,1,1,233.36,2025-10-06
9888,16,1326,1,0,0,0.0,2025-02-11
9889,13,3411,1,1,1,98.23,2025-07-02
9890,24,3127,1,0,1,147.88,2024-10-01
9891,19,2778,1,0,1,86.53,2024-09-27
9892,25,2516,1,1,0,0.0,2026-02-27
9893,16,834,1,0,1,239.98,2025-08-06
9894,32,347,1,0,1,85.42,2024-12-07
9895,22,2054,1,1,1,70.57,2025-03-18
9896,16,3775,1,0,1,186.53,2024-09-03
9897,20,1453,1,1,0,0.0,2025-04-12
9898,36,354,1,1,0,0.0,2024-10-06
9899,11,991,1,1,1,159.54,2025-02-27
9900,18,100,1,1,1,83.08,2025-07-30
9901,14,2465,1,1,1,159.99,2024-12-17
9902,39,2286,1,0,0,0.0,2025-01-06
9903,5,3047,1,1,1,149.69,2024-09-08
9904,6,3841,1,0,1,129.75,2025-03-24
9905,8,3229,1,1,1,83.28,2025-10-25
9906,16,3216,1,1,0,0.0,2024-11-09
9907,37,4618,1,0,1,141.6,2026-04-18
9908,25,4726,1,1,0,0.0,2025-10-24
9909,31,509,1,1,1,39.58,2026-06-25
9910,18,4206,1,0,1,236.88,2024-08-21
9911,9,3160,1,1,0,0.0,2024-08-09
9912,4,4838,1,0,1,28.25,2026-02-04
9913,39,636,1,1,0,0.0,2025-08-03
9914,34,3185,1,0,0,0.0,2024-10-30
9915,38,4881,1,1,0,0.0,2026-06-13
9916,32,2108,1,1,0,0.0,2025-02-14
9917,19,4773,1,1,1,236.4,2024-08-09
9918,13,4655,1,1,0,0.0,2026-06-16
9919,3,663,1,1,1,219.53,2024-10-09
9920,10,1366,1,0,0,0.0,2025-11-22
9921,34,3524,1,0,1,196.96,2026-01-18
9922,10,667,1,1,1,197.68,2025-09-20
9923,7,1362,1,1,1,71.06,2025-07-16
9924,25,4650,1,0,0,0.0,2026-06-20
9925,34,299,1,0,1,212.28,2026-05-17
9926,32,504,1,1,0,0.0,2025-03-08
9927,32,4323,1,1,0,0.0,2025-12-14
9928,12,4340,1,1,1,94.58,2025-11-28
9929,29,419,1,1,0,0.0,2025-12-13
9930,16,2364,1,1,0,0.0,2026-04-09
9931,35,2518,1,1,0,0.0,2024-10-07
9932,4,4708,1,1,0,0.0,2024-08-12
9933,31,2706,1,1,1,75.78,2025-12-23
9934,20,1116,1,0,0,0.0,2025-06-04
9935,23,40,1,1,0,0.0,2025-05-09
9936,27,2108,1,1,0,0.0,2025-09-12
9937,2,2769,1,0,0,0.0,2025-04-18
9938,26,517,1,1,1,169.76,2025-07-21
9939,34,3947,1,0,1,28.99,2026-07-19
9940,13,3929,1,0,0,0.0,2024-12-20
9941,33,470,1,0,0,0.0,2025-12-09
9942,7,3278,1,0,0,0.0,2025-05-12
9943,29,3370,1,1,1,136.54,2025-10-31
9944,10,3396,1,1,1,133.12,2024-08-05
9945,11,1793,1,0,1,25.27,2025-05-24
9946,29,1375,1,1,0,0.0,2025-02-24
9947,35,363,1,1,0,0.0,2025-08-19
9948,23,1507,1,1,1,87.12,2025-04-28
9949,14,1984,1,0,1,162.87,2026-01-20
9950,4,1241,1,0,1,155.75,2025-08-03
9951,5,32,1,1,1,221.29,2025-10-17
9952,5,2115,1,1,1,203.7,2026-02-12
9953,33,1777,1,0,0,0.0,2025-12-17
9954,12,4233,1,1,1,224.01,2026-03-24
9955,34,243,1,1,0,0.0,2025-05-31
9956,39,4180,1,0,0,0.0,2025-07-12
9957,10,3375,1,0,1,136.12,2025-10-10
9958,10,3267,1,1,1,122.72,2026-04-30
9959,22,2739,1,0,0,0.0,2025-08-17
9960,40,4546,1,0,1,151.58,2026-07-26
9961,32,1444,1,0,0,0.0,2024-11-17
9962,19,4651,1,0,0,0.0,2025-11-10
9963,20,4192,1,1,1,200.18,2025-02-28
9964,39,758,1,0,0,0.0,2026-04-19
9965,40,4307,1,0,1,48.74,2025-02-14
9966,33,2732,1,1,0,0.0,2024-11-15
9967,25,1288,1,0,0,0.0,2025-02-18
9968,21,2314,1,1,0,0.0,2024-11-29
9969,31,1772,1,0,0,0.0,2025-11-23
9970,40,1829,1,1,0,0.0,2026-05-11
9971,21,976,1,0,0,0.0,2026-05-14
9972,14,3340,1,1,0,0.0,2025-01-18
9973,38,3114,1,1,1,102.33,2025-05-23
9974,21,1707,1,0,0,0.0,2025-08-01
9975,23,1192,1,0,0,0.0,2026-07-17
9976,31,4710,1,0,0,0.0,2025-01-05
9977,34,3635,1,0,1,236.79,2025-06-16
9978,20,3605,1,0,1,208.98,2026-01-16
9979,9,1489,1,1,1,108.24,2026-03-15
9980,25,3883,1,1,1,93.54,2024-12-03
9981,38,4066,1,1,1,152.0,2025-10-26
9982,4,1897,1,1,1,207.02,2025-05-24
9983,17,282,1,0,0,0.0,2024-11-20
9984,36,3362,1,0,1,24.62,2024-08-30
9985,15,4562,1,1,0,0.0,2025-06-29
9986,8,3516,1,0,1,150.24,2024-08-22
9987,16,4288,1,1,0,0.0,2026-01-01
9988,1,4298,1,0,0,0.0,2025-05-04
9989,12,1980,1,1,0,0.0,2024-11-02
9990,35,1867,1,0,1,91.44,2025-09-28
9991,18,3987,1,1,1,42.4,2025-01-13
9992,35,3130,1,1,0,0.0,2025-07-16
9993,16,3851,1,1,1,173.91,2025-02-11
9994,23,1405,1,0,1,202.1,2025-03-06
9995,35,2277,1,1,1,20.58,2025-10-23
9996,30,1315,1,0,1,137.46,2025-12-03
9997,5,1040,1,1,1,116.33,2025-10-19
9998,38,4142,1,0,0,0.0,2025-11-19
9999,9,2594,1,0,1,160.28,2025-03-18
10000,24,1876,1,1,1,54.99,2026-05-02
10001,37,1073,1,0,0,0.0,2025-03-23
10002,26,4364,1,1,1,148.3,2025-02-14
10003,22,3482,1,1,0,0.0,2024-09-02
10004,21,770,1,0,0,0.0,2026-05-18
10005,11,4182,1,0,0,0.0,2025-08-14
10006,36,904,1,0,1,37.0,2025-04-01
10007,20,2787,1,0,1,70.92,2026-01-02
10008,16,3154,1,1,1,146.83,2025-03-02
10009,2,1554,1,1,1,201.47,2026-05-14
10010,37,1998,1,0,1,215.08,2025-01-31
10011,19,4214,1,1,0,0.0,2026-01-15
10012,13,4859,1,0,0,0.0,2026-01-24
10013,13,634,1,1,1,146.92,2025-12-03
10014,35,4346,1,1,1,166.82,2025-08-19
10015,35,2184,1,0,0,0.0,2024-11-23
10016,18,3051,1,0,0,0.0,2026-05-23
10017,15,1940,1,0,0,0.0,2024-10-13
10018,35,1090,1,0,0,0.0,2026-03-18
10019,34,2385,1,0,0,0.0,2025-11-18
10020,27,159,1,0,1,20.67,2025-02-14
10021,21,3739,1,0,0,0.0,2025-01-21
10022,27,2420,1,0,1,239.21,2026-03-10
10023,11,3165,1,0,0,0.0,2025-07-01
10024,33,3959,1,1,0,0.0,2026-03-30
10025,34,86,1,1,0,0.0,2024-12-05
10026,13,160,1,0,1,113.89,2025-02-03
10027,5,2384,1,1,1,198.29,2026-01-16
10028,9,4935,1,0,0,0.0,2026-02-06
10029,22,1883,1,1,0,0.0,2025-04-27
10030,35,776,1,0,1,28.23,2025-12-08
10031,10,2524,1,0,0,0.0,2026-04-02
10032,4,3164,1,0,0,0.0,2026-04-02
10033,27,2250,1,0,0,0.0,2025-04-29
10034,30,3482,1,0,0,0.0,2026-01-11
10035,23,1096,1,1,1,15.78,2026-06-01
10036,4,4315,1,1,1,210.78,2025-10-16
10037,38,2902,1,1,1,178.48,2025-12-30
10038,4,1339,1,1,0,0.0,2026-03-13
10039,9,1762,1,1,0,0.0,2025-06-26
10040,25,2778,1,1,1,82.41,2024-09-29
10041,6,1279,1,1,0,0.0,2026-07-17
10042,32,438,1,1,0,0.0,2025-01-09
10043,39,1998,1,0,0,0.0,2024-09-11
10044,36,2569,1,0,0,0.0,2024-12-30
10045,34,1707,1,0,1,103.36,2026-06-28
10046,33,1067,1,1,1,145.01,2026-05-23
10047,8,3314,1,1,1,249.47,2025-10-08
10048,25,543,1,1,1,222.49,2025-10-06
10049,22,1914,1,1,0,0.0,2025-01-01
10050,24,2700,1,1,1,133.27,2024-09-26
10051,3,469,1,0,1,45.66,2026-01-29
10052,31,751,1,0,1,154.98,2025-08-07
10053,35,1310,1,1,0,0.0,2025-02-13
10054,1,3986,1,1,1,168.62,2026-06-15
10055,25,4818,1,1,1,234.11,2024-12-12
10056,23,250,1,1,1,59.13,2025-04-09
10057,14,1698,1,0,0,0.0,2025-09-21
10058,24,3960,1,0,0,0.0,2026-07-24
10059,37,678,1,0,1,247.81,2024-09-25
10060,10,1294,1,0,1,162.27,2025-02-23
10061,2,2872,1,0,1,240.21,2026-07-11
10062,32,4222,1,1,0,0.0,2025-06-14
10063,40,4575,1,1,0,0.0,2025-04-03
10064,30,486,1,1,0,0.0,2026-06-06
10065,30,4419,1,0,1,201.23,2025-03-28
10066,30,707,1,0,1,147.98,2024-12-15
10067,9,4857,1,0,1,85.69,2024-09-15
10068,33,1796,1,0,1,109.53,2024-10-29
10069,18,513,1,1,1,162.36,2025-07-22
10070,40,2120,1,0,1,28.87,2025-02-24
10071,2,1402,1,0,0,0.0,2024-12-07
10072,20,4785,1,0,1,191.08,2025-10-12
10073,34,3991,1,1,1,205.53,2026-03-20
10074,7,2953,1,1,0,0.0,2024-09-13
10075,29,1391,1,1,1,208.99,2024-11-08
10076,10,174,1,1,1,15.83,2026-05-08
10077,2,1167,1,0,1,227.28,2024-11-24
10078,11,4884,1,1,0,0.0,2024-08-13
10079,31,2596,1,1,0,0.0,2026-05-10
10080,21,2663,1,1,1,211.38,2025-10-12
10081,23,1197,1,1,0,0.0,2026-05-11
10082,25,2615,1,0,1,225.51,2025-11-13
10083,6,2735,1,1,1,145.96,2024-08-19
10084,1,3772,1,0,0,0.0,2025-01-21
10085,5,4687,1,0,0,0.0,2026-06-13
10086,31,1745,1,1,1,187.34,2026-07-29
10087,9,3018,1,1,1,225.61,2025-12-09
10088,7,2194,1,0,0,0.0,2025-08-30
10089,32,3042,1,0,1,222.31,2025-01-31
10090,25,3514,1,1,0,0.0,2025-05-10
10091,19,1985,1,0,0,0.0,2025-02-11
10092,19,1777,1,0,0,0.0,2025-08-08
10093,31,4153,1,0,0,0.0,2026-01-26
10094,18,770,1,0,0,0.0,2026-04-09
10095,23,1987,1,0,1,176.72,2025-11-03
10096,18,425,1,0,0,0.0,2025-01-01
10097,1,3643,1,1,0,0.0,2025-03-19
10098,1,4671,1,0,0,0.0,2025-09-03
10099,23,4292,1,0,0,0.0,2024-09-14
10100,32,2911,1,0,0,0.0,2024-09-23
10101,37,561,1,1,0,0.0,2026-06-30
10102,3,2920,1,0,1,87.76,2025-05-22
10103,4,4398,1,1,0,0.0,2026-05-24
10104,29,189,1,1,1,68.27,2026-07-17
10105,25,435,1,1,1,39.4,2025-02-03
10106,10,1696,1,1,0,0.0,2025-08-17
10107,21,1942,1,0,0,0.0,2025-03-11
10108,21,149,1,0,0,0.0,2024-09-12
10109,13,3838,1,1,1,121.77,2026-01-24
10110,32,676,1,0,0,0.0,2025-12-30
10111,37,4694,1,0,0,0.0,2024-08-12
10112,21,1126,1,0,1,79.12,2026-01-19
10113,18,2447,1,0,0,0.0,2025-02-02
10114,20,265,1,1,1,92.19,2024-09-18
10115,22,365,1,0,0,0.0,2024-11-16
10116,39,2489,1,0,0,0.0,2025-05-07
10117,9,4091,1,1,0,0.0,2025-11-01
10118,33,1174,1,0,1,48.37,2026-05-16
10119,30,4213,1,0,1,248.41,2026-07-19
10120,19,1003,1,1,1,17.57,2024-09-19
10121,34,4550,1,1,1,220.98,2026-03-27
10122,37,1692,1,1,1,140.31,2026-02-06
10123,31,3763,1,1,1,178.02,2024-09-01
10124,6,3878,1,0,1,93.43,2026-01-24
10125,30,1883,1,1,1,134.7,2025-01-09
10126,28,2226,1,1,1,237.58,2025-08-13
10127,16,4984,1,0,0,0.0,2026-02-11
10128,32,4204,1,0,0,0.0,2024-10-06
10129,26,3,1,1,0,0.0,2026-01-09
10130,31,621,1,1,0,0.0,2024-10-29
10131,11,461,1,0,0,0.0,2025-04-01
10132,16,4655,1,0,1,147.91,2026-01-09
10133,27,1089,1,1,0,0.0,2025-12-24
10134,29,2022,1,1,1,127.57,2025-07-25
10135,12,2952,1,1,1,223.07,2024-12-22
10136,14,4525,1,0,0,0.0,2026-02-12
10137,31,1556,1,0,0,0.0,2025-06-11
10138,14,718,1,0,0,0.0,2026-05-30
10139,6,4489,1,0,0,0.0,2025-08-29
10140,16,3531,1,1,0,0.0,2024-08-22
10141,32,1709,1,0,0,0.0,2024-11-17
10142,12,3553,1,1,1,183.87,2025-09-25
10143,26,2495,1,1,1,62.03,2025-11-29
10144,40,93,1,1,0,0.0,2025-07-03
10145,21,3634,1,0,1,66.06,2025-07-31
10146,11,1815,1,1,1,222.06,2026-05-26
10147,18,1427,1,0,1,225.95,2024-10-16
10148,28,4564,1,1,0,0.0,2026-03-25
10149,30,1856,1,0,1,92.38,2026-04-18
10150,12,2765,1,1,1,125.02,2025-06-30
10151,15,3623,1,1,1,149.69,2025-03-15
10152,16,367,1,1,0,0.0,2025-04-20
10153,11,4690,1,0,0,0.0,2026-01-22
10154,33,2623,1,1,0,0.0,2026-02-17
10155,27,1639,1,0,1,96.93,2026-03-15
10156,29,4982,1,1,0,0.0,2025-05-10
10157,4,1364,1,0,1,66.93,2025-02-01
10158,4,163,1,0,1,146.21,2024-08-11
10159,31,3533,1,0,1,152.13,2026-01-03
10160,3,4377,1,1,0,0.0,2025-06-20
10161,3,1749,1,1,1,224.79,2025-09-07
10162,3,12,1,0,0,0.0,2026-07-03
10163,10,1988,1,0,1,144.19,2025-10-15
10164,39,1132,1,1,1,164.77,2026-01-15
10165,22,3741,1,0,1,197.74,2025-09-02
10166,19,859,1,0,1,48.59,2024-12-14
10167,23,969,1,1,1,151.82,2025-08-25
10168,31,767,1,0,1,200.45,2025-04-07
10169,33,2833,1,1,1,247.09,2026-05-14
10170,30,2737,1,1,0,0.0,2025-06-08
10171,14,13,1,1,1,90.71,2024-09-10
10172,37,2707,1,0,0,0.0,2025-05-02
10173,37,2738,1,1,0,0.0,2025-06-23
10174,16,3441,1,1,0,0.0,2025-02-28
10175,2,416,1,1,0,0.0,2025-04-26
10176,5,4852,1,1,0,0.0,2025-10-28
10177,38,3522,1,1,1,15.68,2025-08-16
10178,17,4478,1,0,0,0.0,2025-07-07
10179,31,3653,1,1,1,37.67,2025-09-06
10180,33,641,1,1,0,0.0,2026-05-16
10181,4,3901,1,0,0,0.0,2025-06-30
10182,26,2798,1,0,0,0.0,2025-06-12
10183,38,3544,1,1,0,0.0,2026-03-09
10184,9,2429,1,1,0,0.0,2025-05-01
10185,28,1288,1,1,0,0.0,2025-07-04
10186,23,75,1,1,0,0.0,2024-10-17
10187,18,1781,1,0,0,0.0,2025-04-09
10188,7,4451,1,1,1,224.13,2025-10-18
10189,35,4544,1,1,1,228.39,2025-03-21
10190,36,2765,1,0,1,180.42,2025-08-10
10191,10,2244,1,1,0,0.0,2025-01-19
10192,30,806,1,1,0,0.0,2025-06-24
10193,12,3911,1,1,1,93.87,2024-12-23
10194,38,2079,1,0,1,99.12,2025-10-20
10195,24,1987,1,0,0,0.0,2025-05-18
10196,1,329,1,1,1,151.96,2026-06-19
10197,13,3426,1,0,0,0.0,2024-12-08
10198,8,4433,1,0,0,0.0,2026-02-14
10199,22,4993,1,1,1,242.14,2025-04-05
10200,38,2469,1,0,0,0.0,2025-02-26
10201,32,442,1,0,1,128.16,2025-07-27
10202,29,6,1,1,1,173.79,2025-08-31
10203,38,390,1,1,0,0.0,2026-01-12
10204,4,240,1,0,0,0.0,2025-09-04
10205,4,3640,1,1,0,0.0,2025-01-24
10206,33,1484,1,1,0,0.0,2025-02-02
10207,20,29,1,0,0,0.0,2024-08-27
10208,37,395,1,1,0,0.0,2024-12-07
10209,34,3505,1,1,1,211.62,2025-09-02
10210,21,3234,1,1,0,0.0,2024-11-07
10211,17,4697,1,0,1,102.56,2024-10-10
10212,14,681,1,0,0,0.0,2024-12-17
10213,32,1708,1,1,0,0.0,2024-10-01
10214,4,154,1,0,0,0.0,2025-11-17
10215,34,2860,1,0,0,0.0,2026-01-05
10216,22,481,1,1,1,121.77,2025-06-16
10217,15,674,1,1,0,0.0,2025-05-02
10218,26,4796,1,0,0,0.0,2025-08-05
10219,3,749,1,1,0,0.0,2025-10-19
10220,11,1728,1,1,1,116.01,2025-07-01
10221,19,4115,1,1,0,0.0,2025-08-10
10222,38,3733,1,1,0,0.0,2024-11-10
10223,22,2698,1,0,0,0.0,2024-11-27
10224,4,1712,1,1,0,0.0,2026-06-02
10225,29,1071,1,0,0,0.0,2026-06-13
10226,21,53,1,0,0,0.0,2025-01-05
10227,13,4502,1,1,0,0.0,2026-07-30
10228,22,964,1,0,0,0.0,2025-10-01
10229,21,2460,1,1,0,0.0,2024-11-08
10230,23,2743,1,1,0,0.0,2025-08-19
10231,18,1270,1,0,0,0.0,2025-10-14
10232,16,548,1,0,0,0.0,2026-03-26
10233,40,4910,1,0,0,0.0,2025-03-08
10234,23,2065,1,0,1,64.11,2024-11-19
10235,28,895,1,0,1,15.02,2024-12-10
10236,12,1286,1,0,0,0.0,2025-06-15
10237,6,1474,1,0,1,159.86,2026-02-10
10238,40,3837,1,0,0,0.0,2026-06-06
10239,19,961,1,1,0,0.0,2024-09-15
10240,36,172,1,0,1,135.12,2024-11-24
10241,23,2637,1,1,0,0.0,2025-04-20
10242,23,2278,1,1,0,0.0,2024-12-25
10243,28,3013,1,0,1,31.32,2026-06-27
10244,20,1323,1,0,1,208.06,2024-08-12
10245,36,3278,1,0,0,0.0,2024-08-11
10246,23,3275,1,1,1,28.04,2026-02-22
10247,11,2551,1,1,1,95.5,2025-05-27
10248,16,503,1,0,0,0.0,2025-03-06
10249,15,3407,1,0,0,0.0,2025-01-27
10250,22,381,1,1,1,184.4,2025-10-29
10251,36,2180,1,1,0,0.0,2026-04-02
10252,1,3941,1,1,1,122.49,2026-01-23
10253,24,3419,1,0,1,88.49,2026-03-30
10254,20,3840,1,1,0,0.0,2025-06-27
10255,34,4957,1,1,1,174.32,2026-06-14
10256,19,1,1,0,1,73.18,2024-09-15
10257,32,739,1,1,1,59.59,2026-04-17
10258,17,519,1,0,1,80.08,2024-12-06
10259,15,501,1,1,1,204.07,2025-09-13
10260,4,1370,1,1,0,0.0,2025-08-21
10261,25,2826,1,1,1,31.16,2024-08-30
10262,15,3165,1,1,0,0.0,2026-01-04
10263,19,4668,1,0,0,0.0,2025-03-25
10264,19,797,1,0,0,0.0,2025-10-18
10265,26,2932,1,0,0,0.0,2025-10-04
10266,27,837,1,1,1,135.81,2026-05-02
10267,28,2123,1,0,0,0.0,2026-04-24
10268,1,1543,1,0,0,0.0,2025-04-06
10269,16,4071,1,0,0,0.0,2026-01-29
10270,8,3061,1,0,1,20.46,2025-05-14
10271,1,579,1,0,0,0.0,2025-09-21
10272,21,600,1,1,0,0.0,2024-10-25
10273,22,4528,1,0,0,0.0,2026-02-27
10274,27,3653,1,1,0,0.0,2026-04-25
10275,7,431,1,1,1,161.55,2024-09-14
10276,13,4582,1,0,1,194.48,2024-08-28
10277,18,3565,1,1,1,154.57,2025-06-21
10278,29,918,1,1,1,249.73,2025-08-12
10279,39,4626,1,1,1,155.97,2024-08-15
10280,25,2135,1,0,0,0.0,2025-01-08
10281,21,4796,1,1,1,218.03,2025-08-17
10282,37,4039,1,0,0,0.0,2025-04-16
10283,12,2434,1,0,1,167.07,2025-10-19
10284,36,889,1,0,0,0.0,2024-10-28
10285,32,2840,1,0,0,0.0,2026-07-17
10286,20,2085,1,1,0,0.0,2025-09-09
10287,36,2295,1,0,0,0.0,2026-02-25
10288,15,1136,1,1,1,166.73,2025-09-14
10289,30,1830,1,0,0,0.0,2026-05-07
10290,35,304,1,0,0,0.0,2025-11-09
10291,13,4126,1,0,0,0.0,2025-11-28
10292,21,475,1,1,0,0.0,2025-06-11
10293,24,1669,1,1,0,0.0,2025-10-17
10294,36,2282,1,1,0,0.0,2025-08-20
10295,10,801,1,1,0,0.0,2026-07-21
10296,34,1571,1,1,1,83.73,2025-02-08
10297,16,1602,1,1,0,0.0,2026-03-20
10298,14,1524,1,1,0,0.0,2026-02-21
10299,35,1503,1,0,1,171.68,2025-06-10
10300,19,3977,1,0,1,126.71,2026-03-08
10301,38,1890,1,0,1,104.01,2024-11-08
10302,1,3705,1,0,0,0.0,2024-10-17
10303,18,4529,1,1,1,233.12,2025-11-02
10304,18,1797,1,1,1,134.82,2025-12-04
10305,10,984,1,0,0,0.0,2026-04-23
10306,30,4309,1,1,1,220.35,2025-07-20
10307,30,4973,1,1,1,109.16,2026-02-22
10308,40,3997,1,0,1,62.71,2025-07-19
10309,31,4734,1,0,0,0.0,2026-01-21
10310,7,1851,1,1,1,159.12,2026-02-25
10311,33,3022,1,1,0,0.0,2026-01-02
10312,10,2532,1,1,0,0.0,2026-02-05
10313,4,775,1,1,1,91.15,2025-01-21
10314,25,33,1,1,0,0.0,2026-07-22
10315,34,556,1,1,1,66.5,2025-05-05
10316,27,2093,1,1,1,153.66,2025-09-18
10317,15,2464,1,0,1,18.86,2024-09-13
10318,24,1544,1,0,0,0.0,2026-02-25
10319,32,4872,1,1,1,61.43,2025-12-22
10320,21,295,1,1,1,200.42,2025-04-14
10321,18,848,1,1,0,0.0,2025-05-31
10322,32,664,1,1,1,217.37,2026-04-11
10323,27,2078,1,1,1,229.06,2025-10-22
10324,28,3622,1,0,1,46.93,2025-07-26
10325,40,2400,1,1,1,246.42,2025-10-13
10326,29,3556,1,1,0,0.0,2026-01-07
10327,4,1977,1,0,1,115.24,2026-04-09
10328,30,4153,1,0,1,191.77,2024-08-31
10329,4,2949,1,1,0,0.0,2025-11-01
10330,36,2445,1,1,0,0.0,2025-05-20
10331,38,2215,1,0,1,134.71,2024-12-20
10332,24,3994,1,0,0,0.0,2026-04-28
10333,7,2132,1,1,0,0.0,2024-12-04
10334,21,2061,1,1,0,0.0,2025-04-18
10335,8,463,1,1,1,239.47,2026-05-03
10336,34,4463,1,1,0,0.0,2025-09-26
10337,19,3936,1,1,1,112.79,2025-11-16
10338,14,762,1,1,1,67.01,2025-03-16
10339,12,2846,1,1,1,50.48,2025-03-04
10340,30,4320,1,1,0,0.0,2025-10-19
10341,18,4878,1,0,1,199.48,2026-07-31
10342,34,3546,1,0,0,0.0,2026-06-18
10343,7,664,1,0,0,0.0,2025-01-31
10344,18,1021,1,0,0,0.0,2024-09-14
10345,16,3796,1,0,0,0.0,2025-06-19
10346,11,2081,1,1,0,0.0,2026-05-12
10347,25,2100,1,0,0,0.0,2026-04-21
10348,23,2326,1,1,1,32.4,2026-06-29
10349,18,4544,1,1,0,0.0,2025-11-24
10350,38,560,1,0,1,141.9,2026-05-14
10351,5,530,1,0,0,0.0,2024-09-03
10352,35,151,1,0,0,0.0,2024-12-23
10353,1,4133,1,1,0,0.0,2025-05-29
10354,12,501,1,1,0,0.0,2025-04-21
10355,28,1262,1,1,1,159.9,2026-03-08
10356,37,1507,1,0,0,0.0,2024-08-18
10357,26,4739,1,1,1,53.47,2026-01-05
10358,37,4044,1,0,1,84.39,2024-08-12
10359,6,765,1,1,0,0.0,2025-01-10
10360,25,3525,1,0,0,0.0,2024-09-25
10361,37,895,1,1,1,55.12,2025-07-18
10362,18,4723,1,1,1,101.09,2024-08-24
10363,10,871,1,0,0,0.0,2025-12-11
10364,40,2164,1,0,1,230.46,2026-06-06
10365,19,210,1,1,1,123.32,2025-01-21
10366,3,1152,1,1,1,80.53,2025-08-07
10367,38,3587,1,0,1,26.16,2026-07-02
10368,12,2861,1,1,1,66.43,2026-01-13
10369,4,1564,1,0,1,79.1,2025-12-24
10370,5,4876,1,1,0,0.0,2026-05-01
10371,28,4137,1,0,1,49.42,2024-09-15
10372,11,3126,1,0,1,70.96,2024-11-30
10373,1,4298,1,0,0,0.0,2024-08-09
10374,13,3096,1,1,0,0.0,2026-02-12
10375,40,4574,1,0,0,0.0,2026-04-24
10376,39,973,1,0,1,233.95,2024-09-08
10377,24,3485,1,1,1,103.55,2025-06-02
10378,27,4373,1,1,0,0.0,2025-10-17
10379,11,1685,1,1,0,0.0,2026-07-22
10380,29,3272,1,0,0,0.0,2024-10-22
10381,26,3775,1,0,1,232.83,2026-07-16
10382,40,1486,1,1,1,76.82,2026-04-10
10383,37,2176,1,1,1,74.03,2025-11-30
10384,18,3267,1,1,0,0.0,2025-07-26
10385,30,3365,1,1,0,0.0,2025-08-04
10386,25,3906,1,0,1,90.04,2026-05-24
10387,37,4312,1,0,1,191.39,2025-08-01
10388,15,4653,1,0,0,0.0,2025-02-05
10389,16,1559,1,0,0,0.0,2026-04-27
10390,13,1456,1,1,0,0.0,2025-02-03
10391,17,2081,1,1,0,0.0,2025-08-13
10392,40,4714,1,1,0,0.0,2025-02-04
10393,32,2064,1,1,1,204.35,2024-08-10
10394,37,4130,1,0,0,0.0,2025-05-26
10395,18,4017,1,1,1,249.11,2025-09-15
10396,32,3998,1,1,1,249.58,2024-09-17
10397,11,244,1,0,1,126.2,2025-11-28
10398,20,3414,1,1,1,93.23,2024-08-04
10399,40,263,1,0,0,0.0,2026-02-08
10400,9,3373,1,0,0,0.0,2025-12-20
10401,14,4066,1,0,1,40.21,2025-07-04
10402,24,2796,1,0,0,0.0,2025-04-15
10403,12,2090,1,0,1,109.98,2024-09-27
10404,23,522,1,1,0,0.0,2025-08-21
10405,16,936,1,0,0,0.0,2025-08-01
10406,4,1780,1,0,0,0.0,2026-03-09
10407,3,2828,1,1,0,0.0,2026-04-04
10408,36,144,1,1,0,0.0,2024-12-19
10409,13,4258,1,1,0,0.0,2024-08-21
10410,2,2940,1,1,0,0.0,2025-07-11
10411,32,2865,1,0,0,0.0,2025-10-21
10412,17,3380,1,1,0,0.0,2026-03-17
10413,1,1919,1,0,0,0.0,2026-04-08
10414,20,3319,1,0,0,0.0,2025-01-25
10415,19,1423,1,0,0,0.0,2025-10-17
10416,18,2362,1,1,1,232.31,2025-11-24
10417,17,909,1,1,0,0.0,2025-10-10
10418,9,4010,1,1,1,86.29,2025-09-13
10419,33,3935,1,1,0,0.0,2024-08-18
10420,3,728,1,1,0,0.0,2025-01-27
10421,32,1619,1,1,0,0.0,2026-01-02
10422,3,4748,1,0,0,0.0,2025-09-14
10423,3,4977,1,0,0,0.0,2026-05-26
10424,37,3191,1,1,1,53.46,2025-01-19
10425,2,4600,1,1,0,0.0,2026-08-01
10426,27,123,1,1,1,183.97,2026-03-09
10427,23,2809,1,1,0,0.0,2026-01-01
10428,29,1416,1,1,0,0.0,2025-10-09
10429,26,760,1,1,0,0.0,2025-01-24
10430,23,428,1,1,0,0.0,2026-05-18
10431,19,3304,1,0,0,0.0,2025-10-13
10432,39,3559,1,0,1,194.58,2026-05-11
10433,1,1761,1,1,0,0.0,2025-03-18
10434,2,3708,1,1,1,145.42,2025-02-23
10435,21,4610,1,0,0,0.0,2025-06-18
10436,35,4039,1,0,0,0.0,2025-03-16
10437,28,3648,1,1,0,0.0,2026-02-18
10438,35,4972,1,0,0,0.0,2025-05-22
10439,40,4721,1,1,1,125.98,2024-08-12
10440,34,312,1,1,0,0.0,2025-05-02
10441,15,1911,1,1,1,69.1,2024-10-26
10442,13,986,1,1,1,114.4,2026-03-15
10443,7,1958,1,1,1,107.58,2025-01-17
10444,25,4057,1,0,1,129.86,2025-06-08
10445,11,2318,1,0,1,172.21,2025-04-20
10446,38,3617,1,0,1,176.92,2026-07-11
10447,19,805,1,1,0,0.0,2025-07-03
10448,30,3510,1,1,0,0.0,2026-06-29
10449,34,2634,1,0,0,0.0,2025-06-15
10450,22,2559,1,1,0,0.0,2026-05-19
10451,15,555,1,1,1,204.59,2026-01-24
10452,16,3626,1,1,1,216.74,2025-07-25
10453,8,3176,1,0,0,0.0,2025-11-05
10454,40,585,1,0,1,211.9,2026-01-27
10455,33,3775,1,0,1,134.38,2025-12-25
10456,5,3544,1,1,0,0.0,2025-12-16
10457,17,2101,1,1,0,0.0,2025-06-22
10458,7,1617,1,0,1,86.8,2026-04-30
10459,33,3249,1,1,1,199.39,2024-11-22
10460,1,136,1,1,0,0.0,2025-03-24
10461,4,1260,1,1,0,0.0,2024-10-23
10462,8,1148,1,0,1,161.73,2025-04-08
10463,40,3181,1,0,1,234.33,2024-10-02
10464,28,4016,1,1,1,164.64,2025-11-24
10465,30,3631,1,0,1,62.36,2026-05-03
10466,32,3399,1,1,1,238.96,2026-07-31
10467,19,233,1,1,0,0.0,2025-11-16
10468,24,1476,1,0,1,185.89,2025-08-16
10469,7,4829,1,0,1,39.83,2026-07-23
10470,17,4607,1,0,1,12.54,2024-09-30
10471,33,4785,1,1,1,130.38,2024-10-09
10472,6,3730,1,0,0,0.0,2025-07-26
10473,33,4216,1,1,0,0.0,2024-10-04
10474,34,3902,1,1,1,219.25,2025-04-20
10475,40,2399,1,0,1,134.61,2025-05-15
10476,7,400,1,0,0,0.0,2024-12-17
10477,37,525,1,1,0,0.0,2024-08-12
10478,34,3972,1,0,0,0.0,2025-01-01
10479,13,3804,1,0,0,0.0,2025-01-28
10480,7,231,1,1,1,69.53,2026-02-25
10481,34,1334,1,1,0,0.0,2025-01-09
10482,16,1856,1,1,0,0.0,2025-06-18
10483,25,1363,1,0,0,0.0,2025-01-23
10484,17,1179,1,0,1,45.98,2025-11-22
10485,2,1755,1,0,1,146.31,2025-05-31
10486,38,3178,1,1,1,122.6,2026-05-14
10487,30,3144,1,1,0,0.0,2025-06-09
10488,31,1422,1,0,0,0.0,2026-03-13
10489,32,703,1,1,0,0.0,2025-03-04
10490,3,739,1,1,1,165.36,2025-04-02
10491,35,2682,1,1,0,0.0,2026-05-07
10492,4,3422,1,0,1,125.3,2025-09-26
10493,6,4243,1,1,1,40.07,2026-02-14
10494,40,1180,1,1,0,0.0,2025-03-05
10495,28,1056,1,0,0,0.0,2026-04-11
10496,7,3845,1,0,1,97.2,2026-06-18
10497,34,1872,1,0,1,105.66,2025-02-08
10498,4,3507,1,1,0,0.0,2026-03-27
10499,15,4189,1,1,0,0.0,2026-03-17
10500,24,735,1,0,1,197.67,2026-01-22
10501,20,131,1,0,0,0.0,2026-06-07
10502,4,4815,1,0,1,49.23,2026-01-31
10503,18,2362,1,0,1,104.8,2026-02-25
10504,8,915,1,0,0,0.0,2025-06-21
10505,15,303,1,1,0,0.0,2026-04-09
10506,7,4475,1,0,1,168.17,2025-05-05
10507,26,2934,1,1,0,0.0,2025-08-06
10508,1,2573,1,0,1,98.95,2025-07-14
10509,24,1038,1,1,1,52.8,2025-06-27
10510,27,1503,1,0,1,99.54,2026-02-24
10511,6,1096,1,1,0,0.0,2026-04-29
10512,22,2346,1,0,0,0.0,2026-07-23
10513,21,2844,1,0,1,47.8,2025-01-07
10514,8,1115,1,0,0,0.0,2024-09-15
10515,18,3081,1,0,0,0.0,2025-04-10
10516,34,1689,1,0,0,0.0,2026-03-19
10517,4,425,1,1,0,0.0,2024-11-28
10518,28,2991,1,1,0,0.0,2024-11-08
10519,29,4058,1,1,0,0.0,2025-01-13
10520,9,3289,1,0,1,167.49,2025-12-21
10521,40,1249,1,0,0,0.0,2025-02-01
10522,3,3186,1,0,0,0.0,2024-12-29
10523,12,4856,1,1,1,68.34,2025-04-14
10524,27,631,1,0,0,0.0,2026-04-28
10525,9,1118,1,0,1,229.27,2024-08-08
10526,33,3484,1,1,1,176.51,2024-08-21
10527,4,4868,1,0,0,0.0,2025-01-23
10528,25,3254,1,0,0,0.0,2025-02-19
10529,12,3102,1,0,1,32.94,2024-09-10
10530,1,541,1,0,1,170.22,2025-09-02
10531,15,4597,1,0,1,242.66,2026-06-18
10532,6,3374,1,1,1,79.56,2025-01-10
10533,11,2426,1,0,1,160.59,2024-12-08
10534,31,3605,1,0,0,0.0,2026-02-23
10535,17,3238,1,1,0,0.0,2024-11-11
10536,37,2724,1,0,0,0.0,2024-12-29
10537,30,203,1,1,0,0.0,2025-05-25
10538,4,3079,1,1,0,0.0,2024-10-08
10539,14,898,1,1,1,119.24,2025-06-14
10540,40,4891,1,1,1,152.78,2025-07-06
10541,7,3061,1,1,1,185.24,2026-04-28
10542,30,701,1,0,0,0.0,2025-07-18
10543,33,4232,1,1,0,0.0,2024-11-27
10544,22,4711,1,0,0,0.0,2025-02-15
10545,16,1721,1,0,0,0.0,2025-06-30
10546,22,3015,1,1,0,0.0,2026-05-10
10547,15,17,1,1,1,98.38,2025-05-19
10548,19,4087,1,0,1,69.27,2025-07-12
10549,40,3907,1,1,1,247.56,2025-06-09
10550,30,2609,1,0,1,249.46,2025-05-27
10551,35,3134,1,0,0,0.0,2024-09-14
10552,38,3552,1,0,1,164.52,2025-07-21
10553,4,4070,1,0,0,0.0,2025-07-29
10554,8,3305,1,0,0,0.0,2025-09-09
10555,28,3514,1,1,1,105.72,2024-12-25
10556,30,3843,1,0,1,218.02,2024-09-05
10557,1,4786,1,1,1,106.05,2026-01-07
10558,28,107,1,1,0,0.0,2026-05-07
10559,2,193,1,1,1,25.65,2025-03-15
10560,9,860,1,1,0,0.0,2025-01-22
10561,1,4740,1,1,1,153.04,2024-10-15
10562,38,2990,1,0,0,0.0,2024-10-12
10563,5,4604,1,0,1,88.98,2026-01-15
10564,33,4949,1,1,1,225.01,2025-02-14
10565,25,2149,1,1,0,0.0,2025-07-29
10566,29,1541,1,1,0,0.0,2025-07-27
10567,14,3894,1,1,0,0.0,2024-12-10
10568,30,1539,1,1,0,0.0,2025-07-12
10569,11,112,1,1,1,105.47,2026-02-24
10570,33,2639,1,0,1,81.4,2024-12-05
10571,17,70,1,0,1,185.1,2024-11-30
10572,10,128,1,1,0,0.0,2024-09-01
10573,31,4727,1,0,0,0.0,2024-08-13
10574,7,3368,1,1,0,0.0,2025-12-06
10575,31,4703,1,1,1,169.91,2025-06-24
10576,10,4961,1,1,1,20.61,2025-02-14
10577,38,4239,1,0,1,180.34,2025-11-22
10578,37,813,1,1,1,186.49,2026-05-06
10579,6,406,1,1,0,0.0,2024-12-06
10580,3,1659,1,1,1,201.08,2025-07-15
10581,2,1179,1,0,0,0.0,2025-04-01
10582,13,126,1,0,0,0.0,2025-10-20
10583,27,2453,1,1,1,150.18,2025-07-10
10584,31,3748,1,1,0,0.0,2026-06-09
10585,40,2845,1,1,0,0.0,2024-09-10
10586,25,549,1,1,0,0.0,2026-03-27
10587,31,1145,1,0,0,0.0,2026-04-24
10588,31,4203,1,0,0,0.0,2026-01-24
10589,5,4362,1,1,1,61.82,2026-06-13
10590,32,1624,1,0,0,0.0,2025-06-13
10591,37,2660,1,0,1,146.24,2026-03-25
10592,6,1507,1,1,1,67.9,2024-09-29
10593,26,977,1,0,1,87.2,2025-04-15
10594,33,4077,1,0,1,216.36,2024-12-21
10595,29,752,1,0,0,0.0,2025-01-26
10596,9,3451,1,1,0,0.0,2024-11-01
10597,4,2911,1,0,1,196.75,2024-08-23
10598,13,4332,1,0,0,0.0,2026-04-13
10599,13,3318,1,0,1,104.8,2026-04-09
10600,38,2318,1,1,0,0.0,2026-06-26
10601,20,192,1,1,0,0.0,2025-06-14
10602,25,2448,1,1,0,0.0,2025-01-11
10603,1,4371,1,1,1,27.09,2026-08-01
10604,34,1143,1,0,1,28.17,2024-09-12
10605,23,2686,1,0,0,0.0,2025-08-03
10606,37,3122,1,0,1,152.28,2026-03-12
10607,31,4129,1,1,0,0.0,2025-07-21
10608,12,550,1,0,1,31.88,2024-09-23
10609,36,944,1,0,0,0.0,2025-10-17
10610,7,2948,1,0,0,0.0,2024-08-24
10611,19,4182,1,0,0,0.0,2024-11-09
10612,39,1086,1,1,1,86.65,2025-07-24
10613,2,111,1,1,0,0.0,2026-04-06
10614,18,2429,1,1,0,0.0,2024-11-09
10615,14,4575,1,0,1,160.16,2026-01-02
10616,14,4103,1,1,1,40.56,2026-06-13
10617,4,1938,1,0,1,210.22,2025-08-24
10618,30,1187,1,0,1,212.89,2025-08-10
10619,34,4500,1,0,1,63.51,2025-08-14
10620,18,4774,1,1,0,0.0,2026-04-29
10621,14,3750,1,1,1,236.94,2025-01-29
10622,13,701,1,1,0,0.0,2024-11-17
10623,34,31,1,0,0,0.0,2025-12-17
10624,36,1491,1,1,0,0.0,2025-07-21
10625,27,646,1,0,0,0.0,2025-06-14
10626,17,3968,1,1,1,86.18,2024-08-26
10627,15,36,1,1,1,241.36,2026-06-06
10628,21,4604,1,0,0,0.0,2024-08-12
10629,17,638,1,1,1,69.77,2024-10-04
10630,17,3028,1,0,1,22.94,2025-11-06
10631,37,1206,1,0,1,93.38,2026-01-18
10632,33,2871,1,0,1,146.61,2025-05-13
10633,9,1080,1,0,0,0.0,2025-11-13
10634,24,735,1,1,1,200.22,2025-07-09
10635,15,2390,1,0,1,48.46,2025-10-04
10636,13,1682,1,0,0,0.0,2025-11-25
10637,22,2672,1,0,0,0.0,2024-10-11
10638,30,159,1,1,0,0.0,2025-11-30
10639,13,4433,1,0,0,0.0,2024-09-26
10640,23,1511,1,1,0,0.0,2026-03-25
10641,26,3394,1,1,0,0.0,2026-03-08
10642,39,1743,1,1,1,190.07,2025-03-24
10643,37,1166,1,1,0,0.0,2026-06-14
10644,19,3850,1,0,1,59.19,2025-01-20
10645,19,3441,1,0,0,0.0,2024-10-28
10646,9,472,1,1,1,42.41,2026-04-25
10647,22,2916,1,1,1,125.06,2025-03-29
10648,3,3740,1,0,0,0.0,2025-04-15
10649,26,625,1,0,0,0.0,2024-12-30
10650,34,2510,1,1,1,239.55,2026-07-28
10651,38,4556,1,0,1,35.04,2025-08-23
10652,26,1856,1,0,0,0.0,2024-11-07
10653,7,1812,1,0,1,176.67,2026-03-19
10654,19,4135,1,0,0,0.0,2025-03-26
10655,39,3430,1,1,0,0.0,2026-06-17
10656,26,704,1,0,0,0.0,2024-11-09
10657,18,1044,1,1,0,0.0,2025-04-25
10658,35,1957,1,1,0,0.0,2025-04-29
10659,18,4489,1,0,0,0.0,2024-09-23
10660,21,3238,1,0,1,134.55,2026-07-24
10661,21,2165,1,0,1,99.08,2025-09-07
10662,11,502,1,1,0,0.0,2026-05-19
10663,8,2097,1,1,0,0.0,2025-10-03
10664,12,296,1,0,0,0.0,2025-03-07
10665,14,4826,1,1,0,0.0,2025-08-11
10666,11,3266,1,1,0,0.0,2025-04-08
10667,4,1329,1,1,0,0.0,2026-05-02
10668,6,4672,1,0,0,0.0,2026-06-10
10669,25,66,1,1,0,0.0,2026-02-23
10670,14,4857,1,1,0,0.0,2024-11-21
10671,4,2858,1,0,1,44.0,2026-06-07
10672,11,367,1,1,0,0.0,2025-08-23
10673,29,2873,1,0,1,213.72,2026-02-21
10674,33,541,1,0,1,26.28,2024-09-14
10675,36,2355,1,1,0,0.0,2025-08-20
10676,19,4671,1,0,0,0.0,2026-07-24
10677,15,4669,1,1,1,206.23,2026-02-02
10678,28,3797,1,0,0,0.0,2025-01-27
10679,40,3913,1,0,1,16.52,2024-12-16
10680,27,2886,1,1,1,156.64,2025-08-15
10681,19,1762,1,0,1,155.21,2025-06-24
10682,37,3029,1,0,1,14.38,2025-01-26
10683,9,4878,1,1,1,189.56,2026-03-24
10684,19,1699,1,1,1,43.84,2024-12-21
10685,3,4043,1,1,1,228.85,2025-11-18
10686,29,2724,1,1,1,222.55,2025-02-09
10687,12,4184,1,0,0,0.0,2026-04-29
10688,6,1958,1,0,1,152.3,2025-01-31
10689,15,3207,1,0,0,0.0,2025-08-06
10690,11,2200,1,0,0,0.0,2026-02-21
10691,17,3982,1,1,0,0.0,2026-06-04
10692,30,1571,1,1,1,197.99,2025-01-26
10693,25,957,1,0,0,0.0,2025-07-02
10694,18,743,1,1,0,0.0,2025-05-13
10695,23,1425,1,1,1,30.26,2026-06-07
10696,17,2895,1,0,0,0.0,2026-06-16
10697,23,4741,1,1,1,134.37,2025-10-04
10698,22,2054,1,1,1,137.77,2026-01-02
10699,15,2788,1,1,0,0.0,2025-07-23
10700,39,2566,1,1,1,109.44,2025-11-28
10701,2,4579,1,0,0,0.0,2026-06-12
10702,39,808,1,0,0,0.0,2025-09-02
10703,35,140,1,0,0,0.0,2024-12-11
10704,18,3005,1,0,1,247.27,2025-04-11
10705,26,4228,1,1,0,0.0,2025-11-13
10706,32,4306,1,0,0,0.0,2025-02-10
10707,26,3257,1,1,0,0.0,2025-01-02
10708,13,1392,1,0,1,117.9,2026-02-07
10709,25,4701,1,0,1,46.98,2025-08-09
10710,27,1960,1,0,0,0.0,2025-04-19
10711,35,3254,1,1,1,30.93,2026-04-27
10712,14,3268,1,1,1,233.48,2026-04-02
10713,27,1391,1,0,1,40.99,2026-01-29
10714,5,1247,1,0,1,231.09,2026-07-11
10715,17,2268,1,1,1,209.33,2024-10-22
10716,19,1825,1,0,0,0.0,2026-05-21
10717,39,331,1,1,1,166.71,2025-11-10
10718,11,291,1,0,1,62.58,2026-01-24
10719,23,1968,1,1,1,128.5,2025-01-05
10720,24,3024,1,0,0,0.0,2024-11-19
10721,3,4402,1,1,0,0.0,2025-10-16
10722,40,1795,1,1,1,14.35,2024-08-27
10723,1,3147,1,0,0,0.0,2025-03-05
10724,6,4196,1,0,0,0.0,2025-08-14
10725,9,3583,1,0,1,247.54,2024-11-06
10726,6,4254,1,1,1,37.76,2025-11-23
10727,3,2910,1,1,0,0.0,2026-04-13
10728,34,1414,1,1,1,243.99,2025-10-13
10729,9,804,1,1,1,203.85,2026-03-16
10730,10,185,1,1,0,0.0,2026-06-15
10731,23,1780,1,1,1,61.81,2024-12-19
10732,15,2923,1,0,0,0.0,2024-10-30
10733,35,2605,1,1,1,59.5,2025-09-12
10734,25,544,1,1,1,38.88,2025-04-11
10735,27,3343,1,1,1,139.99,2026-02-24
10736,37,4752,1,1,0,0.0,2025-08-27
10737,4,1716,1,1,1,108.22,2025-12-12
10738,8,3303,1,1,0,0.0,2026-02-18
10739,8,3453,1,1,0,0.0,2025-10-23
10740,35,4740,1,0,0,0.0,2025-06-07
10741,25,320,1,1,0,0.0,2025-09-11
10742,25,4866,1,1,1,89.17,2025-08-03
10743,28,901,1,0,0,0.0,2025-03-07
10744,18,1357,1,0,0,0.0,2025-12-23
10745,16,1549,1,1,1,147.19,2025-11-13
10746,35,2389,1,0,0,0.0,2025-12-25
10747,29,1970,1,1,0,0.0,2024-09-19
10748,7,1604,1,1,0,0.0,2024-10-16
10749,1,2819,1,0,0,0.0,2024-11-09
10750,24,1571,1,1,0,0.0,2025-09-03
10751,7,2025,1,0,0,0.0,2025-04-03
10752,8,3740,1,1,1,170.69,2025-07-02
10753,8,1118,1,1,1,51.36,2025-03-10
10754,39,2558,1,1,0,0.0,2026-01-18
10755,2,4181,1,1,1,204.37,2025-08-28
10756,18,4963,1,0,1,98.75,2026-06-21
10757,39,2604,1,0,1,183.77,2025-11-08
10758,7,3083,1,1,1,17.84,2025-10-02
10759,4,134,1,1,1,130.7,2025-01-30
10760,13,1480,1,1,0,0.0,2026-04-06
10761,40,3086,1,0,1,239.74,2025-06-09
10762,17,2617,1,1,1,83.15,2025-06-18
10763,5,1888,1,1,1,140.34,2025-12-15
10764,24,3915,1,0,1,117.41,2026-05-22
10765,1,3649,1,1,0,0.0,2024-10-13
10766,34,1856,1,1,0,0.0,2025-02-15
10767,24,1337,1,0,0,0.0,2025-07-15
10768,9,4389,1,0,0,0.0,2025-11-10
10769,4,4254,1,1,1,182.98,2025-06-09
10770,15,5,1,0,1,232.81,2025-06-13
10771,18,1159,1,1,1,78.65,2024-08-05
10772,35,3480,1,0,1,78.14,2024-09-12
10773,24,3130,1,0,0,0.0,2026-05-02
10774,36,1893,1,1,1,141.02,2025-12-20
10775,17,2202,1,1,0,0.0,2026-01-17
10776,14,1891,1,1,1,232.13,2025-11-10
10777,8,1794,1,0,1,93.6,2025-08-14
10778,31,3360,1,0,1,187.62,2025-07-05
10779,20,1833,1,1,0,0.0,2026-07-08
10780,5,649,1,1,1,115.77,2025-04-03
10781,36,466,1,1,1,60.66,2026-01-27
10782,33,4456,1,0,0,0.0,2026-04-11
10783,14,2760,1,0,0,0.0,2025-06-18
10784,8,3028,1,0,1,177.43,2025-06-20
10785,33,2133,1,1,0,0.0,2024-09-13
10786,13,2820,1,1,1,220.99,2025-10-14
10787,31,84,1,0,0,0.0,2026-03-06
10788,37,3275,1,0,1,116.94,2025-07-12
10789,10,4328,1,0,1,240.16,2026-05-25
10790,11,2201,1,0,0,0.0,2025-08-27
10791,8,3153,1,1,0,0.0,2025-07-04
10792,22,1060,1,1,1,152.95,2026-02-03
10793,5,2786,1,1,1,187.03,2024-10-03
10794,4,4969,1,0,1,50.07,2025-08-29
10795,8,603,1,1,0,0.0,2025-06-11
10796,11,591,1,0,0,0.0,2025-03-01
10797,33,324,1,0,0,0.0,2025-10-23
10798,3,3217,1,1,1,101.23,2025-07-29
10799,33,2153,1,0,1,78.2,2025-07-03
10800,40,1521,1,1,1,24.13,2025-11-28
10801,2,2244,1,1,0,0.0,2024-10-23
10802,23,1262,1,0,0,0.0,2025-05-24
10803,23,4743,1,0,0,0.0,2026-01-21
10804,23,2556,1,1,1,73.21,2026-01-13
10805,9,2686,1,0,1,103.07,2024-09-09
10806,35,4971,1,1,1,70.13,2026-04-20
10807,26,2407,1,1,1,163.82,2024-12-02
10808,12,4234,1,0,1,188.33,2025-04-11
10809,16,1839,1,0,0,0.0,2024-08-04
10810,4,4178,1,1,0,0.0,2025-07-06
10811,12,153,1,1,1,32.9,2024-09-21
10812,32,357,1,0,0,0.0,2025-09-22
10813,38,2509,1,0,1,246.55,2025-03-26
10814,15,4710,1,0,0,0.0,2025-01-12
10815,33,523,1,0,1,232.93,2025-08-31
10816,4,4847,1,0,0,0.0,2024-08-09
10817,33,939,1,0,0,0.0,2025-11-10
10818,35,3921,1,0,1,143.16,2025-07-13
10819,21,923,1,0,0,0.0,2026-04-22
10820,8,1220,1,0,1,146.44,2024-12-09
10821,22,1670,1,1,0,0.0,2026-03-08
10822,35,831,1,0,0,0.0,2024-11-15
10823,20,432,1,1,0,0.0,2025-01-27
10824,35,2913,1,1,1,35.24,2025-01-26
10825,24,1895,1,0,1,45.91,2026-01-05
10826,19,1869,1,1,0,0.0,2026-05-01
10827,33,1109,1,0,0,0.0,2025-02-20
10828,35,3106,1,1,0,0.0,2025-09-13
10829,2,1434,1,0,0,0.0,2026-02-20
10830,39,2011,1,0,0,0.0,2025-01-07
10831,2,4846,1,1,0,0.0,2026-03-22
10832,27,3156,1,0,0,0.0,2025-02-06
10833,18,345,1,1,0,0.0,2025-06-10
10834,29,4257,1,0,0,0.0,2026-05-14
10835,20,62,1,1,1,13.64,2026-01-15
10836,31,146,1,0,1,170.44,2025-12-05
10837,40,4681,1,1,0,0.0,2025-01-21
10838,22,4226,1,1,0,0.0,2024-11-19
10839,38,1254,1,1,1,237.9,2025-04-11
10840,16,2961,1,0,1,168.0,2025-03-26
10841,34,3067,1,0,0,0.0,2025-01-30
10842,16,317,1,1,1,110.37,2026-02-21
10843,35,3347,1,0,0,0.0,2025-10-07
10844,36,963,1,0,1,239.79,2026-01-22
10845,31,4340,1,1,0,0.0,2025-03-16
10846,26,629,1,1,1,30.67,2025-01-08
10847,31,4483,1,0,1,55.94,2026-01-19
10848,14,317,1,0,1,226.95,2025-10-19
10849,5,1898,1,1,0,0.0,2025-10-20
10850,36,4107,1,0,0,0.0,2026-07-27
10851,39,4187,1,1,0,0.0,2026-02-07
10852,8,936,1,1,0,0.0,2024-10-06
10853,5,1785,1,0,1,231.64,2025-05-01
10854,19,2288,1,1,1,225.23,2025-09-01
10855,29,921,1,1,0,0.0,2026-06-16
10856,3,1385,1,0,0,0.0,2025-11-02
10857,20,95,1,1,0,0.0,2025-11-17
10858,26,1458,1,0,0,0.0,2026-02-28
10859,15,102,1,0,0,0.0,2026-05-05
10860,23,4211,1,0,0,0.0,2025-03-23
10861,4,1401,1,0,0,0.0,2025-11-16
10862,11,2079,1,1,1,63.6,2024-10-14
10863,21,633,1,0,1,103.35,2026-05-08
10864,21,2419,1,0,0,0.0,2025-02-03
10865,38,1472,1,0,1,116.04,2025-12-04
10866,21,660,1,1,0,0.0,2025-03-30
10867,30,4220,1,1,1,197.21,2024-08-17
10868,35,2606,1,0,0,0.0,2025-05-16
10869,12,2764,1,0,1,85.72,2025-07-15
10870,39,4727,1,1,1,196.96,2026-03-25
10871,37,3117,1,1,1,112.45,2025-01-04
10872,28,4867,1,1,1,102.97,2026-04-11
10873,12,1937,1,1,0,0.0,2026-05-03
10874,10,42,1,1,1,214.42,2025-11-04
10875,27,4857,1,0,1,227.14,2025-09-10
10876,26,2872,1,1,1,14.21,2025-04-11
10877,30,3587,1,0,1,157.86,2024-09-03
10878,40,982,1,1,1,87.0,2025-12-02
10879,5,84,1,1,0,0.0,2026-06-29
10880,26,3135,1,0,1,92.73,2025-10-10
10881,22,2435,1,0,1,89.34,2025-06-16
10882,34,891,1,1,0,0.0,2024-12-28
10883,37,3338,1,0,0,0.0,2025-01-15
10884,14,4387,1,1,1,28.8,2026-04-07
10885,39,2922,1,0,1,152.15,2025-08-01
10886,31,4403,1,0,1,81.46,2025-09-29
10887,16,3751,1,0,0,0.0,2025-07-24
10888,6,435,1,1,0,0.0,2025-05-20
10889,36,2132,1,0,1,96.74,2025-01-24
10890,2,471,1,0,1,103.76,2024-12-14
10891,23,3074,1,1,1,81.42,2025-11-04
10892,38,1384,1,1,0,0.0,2025-07-21
10893,16,4882,1,0,1,83.59,2025-10-21
10894,27,2379,1,1,0,0.0,2026-04-19
10895,39,929,1,1,1,71.53,2025-04-29
10896,22,803,1,0,0,0.0,2026-02-20
10897,17,773,1,0,0,0.0,2025-02-07
10898,15,3296,1,1,1,247.5,2024-09-20
10899,29,3898,1,1,0,0.0,2026-04-14
10900,9,4027,1,1,0,0.0,2026-01-14
10901,31,3075,1,1,0,0.0,2025-05-27
10902,39,2045,1,1,0,0.0,2025-12-28
10903,9,3151,1,1,0,0.0,2024-12-13
10904,28,2594,1,1,1,70.05,2025-01-13
10905,33,3020,1,1,1,115.64,2025-02-11
10906,38,402,1,1,0,0.0,2025-10-18
10907,12,3683,1,0,0,0.0,2025-08-22
10908,39,1630,1,1,0,0.0,2025-01-21
10909,33,3361,1,0,0,0.0,2025-02-07
10910,14,1747,1,0,1,82.75,2024-09-18
10911,13,3674,1,1,0,0.0,2024-10-08
10912,35,4094,1,1,1,181.51,2025-01-14
10913,17,1438,1,0,0,0.0,2026-05-17
10914,15,493,1,0,0,0.0,2025-04-29
10915,21,2823,1,0,0,0.0,2024-08-05
10916,34,3741,1,0,1,27.69,2025-07-16
10917,27,1228,1,1,1,60.77,2025-09-18
10918,25,601,1,0,1,82.64,2025-10-24
10919,19,2167,1,1,1,159.75,2026-01-19
10920,13,4875,1,0,0,0.0,2025-04-13
10921,22,169,1,1,0,0.0,2025-01-01
10922,5,2970,1,1,0,0.0,2025-05-13
10923,5,4435,1,0,0,0.0,2024-12-16
10924,28,2195,1,0,1,116.09,2026-06-03
10925,21,4104,1,0,0,0.0,2025-12-21
10926,29,2869,1,1,0,0.0,2024-12-07
10927,39,115,1,1,1,15.79,2025-04-14
10928,32,438,1,0,0,0.0,2025-03-12
10929,4,2412,1,1,0,0.0,2026-02-06
10930,32,2804,1,1,1,245.01,2026-03-11
10931,40,1130,1,1,1,158.59,2025-05-16
10932,38,811,1,0,1,118.24,2025-02-26
10933,37,895,1,1,0,0.0,2024-12-17
10934,15,2830,1,0,1,224.71,2026-03-12
10935,1,921,1,0,1,234.3,2025-04-28
10936,8,3566,1,0,0,0.0,2025-08-24
10937,34,96,1,1,1,77.23,2024-09-07
10938,37,1432,1,0,1,111.13,2026-02-20
10939,3,2271,1,1,1,27.94,2025-11-06
10940,40,4092,1,1,1,210.91,2025-12-10
10941,23,4505,1,1,0,0.0,2025-10-08
10942,2,631,1,0,0,0.0,2025-01-02
10943,27,2882,1,1,0,0.0,2026-03-27
10944,40,710,1,0,0,0.0,2024-10-18
10945,13,4723,1,1,1,190.7,2026-05-17
10946,12,2366,1,1,1,182.52,2025-03-04
10947,31,1168,1,0,1,87.16,2025-03-12
10948,14,3379,1,0,0,0.0,2026-05-26
10949,27,3587,1,1,0,0.0,2025-07-01
10950,26,2755,1,1,0,0.0,2025-01-11
10951,24,1631,1,0,0,0.0,2026-04-04
10952,8,3352,1,1,0,0.0,2025-11-23
10953,21,82,1,0,0,0.0,2024-08-20
10954,34,878,1,0,0,0.0,2024-11-11
10955,37,2297,1,0,0,0.0,2026-06-20
10956,27,1509,1,0,0,0.0,2026-06-12
10957,8,1180,1,1,0,0.0,2024-08-12
10958,22,3336,1,0,1,196.07,2026-06-27
10959,13,1148,1,1,1,22.38,2025-05-12
10960,5,4641,1,0,1,173.81,2026-02-26
10961,8,2494,1,0,1,138.75,2024-11-23
10962,38,1759,1,0,0,0.0,2025-09-23
10963,38,3951,1,1,0,0.0,2024-12-12
10964,22,2646,1,1,0,0.0,2025-05-21
10965,12,104,1,0,1,180.43,2025-02-10
10966,18,4702,1,1,0,0.0,2025-12-29
10967,31,703,1,1,0,0.0,2024-11-02
10968,18,2900,1,0,0,0.0,2026-01-02
10969,38,996,1,0,0,0.0,2025-11-01
10970,17,2879,1,0,1,63.59,2025-01-26
10971,13,600,1,0,0,0.0,2026-07-10
10972,12,4525,1,0,0,0.0,2026-05-16
10973,2,2835,1,1,0,0.0,2024-11-30
10974,2,3005,1,0,0,0.0,2026-03-23
10975,5,4014,1,1,0,0.0,2024-10-10
10976,14,3241,1,0,1,57.93,2025-01-25
10977,32,2066,1,1,1,56.86,2024-08-26
10978,37,2291,1,0,1,112.89,2025-06-17
10979,12,549,1,0,0,0.0,2025-10-04
10980,13,3252,1,0,1,120.58,2026-01-04
10981,33,947,1,1,1,233.26,2026-05-15
10982,35,3523,1,0,1,112.87,2026-05-14
10983,22,3940,1,1,1,66.17,2024-11-15
10984,7,3204,1,1,1,170.42,2025-12-30
10985,32,1145,1,1,0,0.0,2025-11-03
10986,9,2152,1,0,0,0.0,2025-08-26
10987,34,4102,1,1,1,187.35,2024-11-16
10988,21,3283,1,0,0,0.0,2025-03-30
10989,40,1073,1,1,1,220.68,2025-11-21
10990,13,4890,1,1,0,0.0,2024-10-25
10991,29,1094,1,1,0,0.0,2025-12-27
10992,10,3526,1,0,0,0.0,2025-06-10
10993,7,2611,1,0,1,215.32,2026-03-01
10994,34,4234,1,0,1,185.76,2026-06-15
10995,9,2554,1,0,0,0.0,2025-08-01
10996,16,680,1,1,1,164.8,2024-09-21
10997,9,1617,1,0,1,220.72,2024-08-15
10998,2,2895,1,0,0,0.0,2025-11-16
10999,14,2935,1,0,1,200.57,2026-06-24
11000,37,4224,1,1,1,10.79,2026-07-19
11001,38,4560,1,1,0,0.0,2026-07-08
11002,10,1151,1,1,0,0.0,2024-10-02
11003,25,874,1,0,0,0.0,2025-06-24
11004,24,354,1,1,1,227.89,2025-03-24
11005,15,2852,1,0,1,155.35,2025-08-20
11006,31,3637,1,0,1,186.24,2025-09-30
11007,1,3363,1,0,1,119.55,2025-08-28
11008,18,1050,1,1,1,101.43,2026-01-20
11009,10,4869,1,1,0,0.0,2026-04-20
11010,9,4541,1,0,1,112.7,2025-02-13
11011,8,1484,1,1,1,115.81,2024-12-21
11012,29,3570,1,0,0,0.0,2024-12-22
11013,7,1267,1,1,0,0.0,2025-04-06
11014,36,2380,1,1,1,226.53,2025-11-06
11015,36,4523,1,0,0,0.0,2026-06-17
11016,22,1090,1,0,1,176.07,2025-02-17
11017,14,2886,1,0,1,128.2,2025-12-15
11018,14,165,1,1,0,0.0,2026-06-14
11019,4,3452,1,1,0,0.0,2025-05-31
11020,30,1221,1,0,0,0.0,2025-03-05
11021,20,4524,1,1,0,0.0,2026-01-16
11022,35,955,1,1,1,93.32,2024-12-26
11023,30,2085,1,1,0,0.0,2026-02-10
11024,24,3793,1,0,0,0.0,2024-11-06
11025,17,2200,1,1,0,0.0,2025-01-03
11026,25,239,1,0,1,186.54,2024-09-23
11027,12,2908,1,0,0,0.0,2025-06-13
11028,32,2152,1,1,0,0.0,2026-04-02
11029,3,3091,1,0,1,90.04,2026-02-20
11030,22,2277,1,0,1,28.07,2026-02-03
11031,15,4847,1,0,0,0.0,2025-01-13
11032,8,394,1,0,0,0.0,2025-12-08
11033,25,4711,1,1,1,68.72,2026-05-31
11034,31,2594,1,1,1,225.9,2024-09-20
11035,38,275,1,0,1,147.54,2026-02-03
11036,35,4472,1,1,0,0.0,2026-01-04
11037,31,320,1,0,1,187.67,2025-08-22
11038,23,2325,1,0,0,0.0,2025-01-03
11039,32,1338,1,1,0,0.0,2025-08-06
11040,20,4470,1,1,0,0.0,2025-09-08
11041,11,2725,1,1,1,29.03,2025-03-24
11042,27,1268,1,1,0,0.0,2026-03-28
11043,31,1909,1,1,0,0.0,2026-02-28
11044,1,2600,1,0,0,0.0,2026-03-26
11045,16,656,1,1,0,0.0,2025-01-12
11046,31,3052,1,0,0,0.0,2026-02-03
11047,36,4108,1,0,0,0.0,2026-01-12
11048,16,2406,1,0,0,0.0,2026-04-08
11049,21,2729,1,0,1,151.34,2025-09-04
11050,31,2986,1,1,0,0.0,2025-09-24
11051,2,4795,1,0,1,233.8,2026-05-19
11052,35,229,1,1,0,0.0,2024-09-25
11053,35,1839,1,0,0,0.0,2025-12-12
11054,8,3633,1,1,1,191.53,2024-12-19
11055,37,2312,1,0,1,104.4,2025-04-22
11056,20,4136,1,1,0,0.0,2025-07-24
11057,21,4168,1,0,0,0.0,2025-03-22
11058,25,4294,1,1,1,48.15,2025-11-23
11059,33,3908,1,0,1,95.74,2024-08-13
11060,4,2981,1,1,1,226.48,2025-01-09
11061,8,3251,1,1,0,0.0,2025-06-09
11062,19,2701,1,0,0,0.0,2025-04-17
11063,16,2498,1,0,0,0.0,2025-12-16
11064,38,4994,1,0,1,217.43,2024-09-28
11065,16,435,1,0,0,0.0,2026-05-04
11066,34,50,1,1,0,0.0,2026-01-06
11067,15,4645,1,0,1,148.09,2024-12-29
11068,21,749,1,1,0,0.0,2025-04-22
11069,21,2830,1,0,0,0.0,2025-03-13
11070,8,659,1,1,0,0.0,2026-07-29
11071,38,1959,1,1,1,147.67,2025-03-08
11072,19,1978,1,0,0,0.0,2026-05-18
11073,39,1412,1,0,0,0.0,2024-08-19
11074,35,4176,1,1,1,11.53,2024-09-27
11075,29,3559,1,0,0,0.0,2026-01-16
11076,14,766,1,0,1,88.01,2026-02-21
11077,1,405,1,1,0,0.0,2025-02-24
11078,23,3008,1,1,1,83.18,2024-12-07
11079,40,1588,1,0,0,0.0,2025-03-21
11080,19,3628,1,1,1,69.39,2025-11-23
11081,14,1570,1,1,1,163.75,2024-12-23
11082,36,3419,1,0,0,0.0,2026-07-12
11083,18,4242,1,0,0,0.0,2025-02-25
11084,40,4306,1,1,1,103.27,2025-03-12
11085,30,4961,1,0,1,203.19,2026-05-26
11086,27,4772,1,0,1,17.0,2026-06-02
11087,5,4701,1,0,1,170.89,2025-05-10
11088,18,59,1,0,1,242.92,2025-11-07
11089,22,4237,1,1,1,133.32,2025-03-08
11090,37,2514,1,0,0,0.0,2026-02-11
11091,28,3819,1,0,1,67.57,2026-06-24
11092,25,3838,1,0,1,123.95,2024-12-31
11093,31,3696,1,0,1,129.31,2024-09-27
11094,3,4605,1,0,1,129.59,2025-09-01
11095,21,872,1,0,1,25.09,2026-04-25
11096,19,62,1,0,1,241.85,2025-01-09
11097,39,2270,1,1,1,224.52,2026-06-13
11098,16,244,1,1,1,247.68,2025-04-08
11099,31,4440,1,1,1,174.1,2026-02-11
11100,22,4276,1,0,1,224.05,2026-06-21
11101,6,2247,1,0,0,0.0,2024-11-08
11102,10,3603,1,1,1,119.62,2024-08-08
11103,21,3358,1,0,1,143.51,2025-03-04
11104,32,3470,1,1,1,59.4,2024-08-25
11105,40,714,1,0,1,166.92,2025-05-07
11106,34,1079,1,0,0,0.0,2026-05-16
11107,32,3422,1,0,1,68.12,2025-08-24
11108,35,885,1,1,1,21.62,2025-03-19
11109,6,3135,1,1,1,57.3,2025-02-18
11110,3,288,1,0,1,144.87,2025-02-22
11111,18,2959,1,1,1,233.36,2024-12-21
11112,27,4522,1,0,1,222.2,2026-05-17
11113,32,475,1,0,0,0.0,2025-06-26
11114,17,2068,1,1,1,148.21,2024-09-19
11115,21,4012,1,1,0,0.0,2025-10-18
11116,20,1126,1,1,1,218.98,2026-06-27
11117,35,3838,1,1,0,0.0,2025-07-30
11118,29,1586,1,1,0,0.0,2026-07-30
11119,36,561,1,0,0,0.0,2026-03-08
11120,36,1623,1,0,0,0.0,2025-02-24
11121,16,3858,1,1,0,0.0,2025-07-12
11122,36,231,1,1,0,0.0,2025-12-03
11123,20,2675,1,1,1,236.99,2025-08-13
11124,17,2380,1,0,0,0.0,2026-01-10
11125,23,3884,1,0,1,152.97,2025-02-23
11126,17,4313,1,0,0,0.0,2026-07-15
11127,39,2843,1,1,1,34.09,2026-07-09
11128,34,3358,1,0,1,135.23,2026-06-12
11129,4,3804,1,1,0,0.0,2026-07-24
11130,29,2779,1,1,0,0.0,2026-01-07
11131,8,3605,1,1,1,231.7,2025-04-29
11132,36,1212,1,0,0,0.0,2025-12-22
11133,4,751,1,0,0,0.0,2025-05-29
11134,30,1147,1,1,1,203.1,2025-03-04
11135,17,503,1,1,0,0.0,2024-09-19
11136,15,2021,1,0,0,0.0,2025-11-21
11137,36,1785,1,0,0,0.0,2025-03-14
11138,28,3004,1,0,1,51.39,2024-08-15
11139,9,274,1,1,1,209.76,2024-09-10
11140,23,3332,1,1,1,157.88,2026-03-18
11141,34,4192,1,1,0,0.0,2024-08-15
11142,7,1693,1,1,0,0.0,2025-12-01
11143,29,2262,1,0,0,0.0,2025-05-02
11144,22,2226,1,1,1,14.71,2026-06-29
11145,29,3777,1,1,1,55.83,2024-12-17
11146,1,1979,1,0,1,189.75,2024-11-03
11147,35,1368,1,1,1,43.18,2025-01-16
11148,25,2871,1,1,1,244.9,2026-04-15
11149,13,4506,1,1,1,15.64,2025-07-16
11150,17,2223,1,0,1,177.79,2025-11-22
11151,6,3815,1,1,0,0.0,2026-01-25
11152,39,2717,1,1,1,11.37,2025-10-11
11153,7,920,1,0,0,0.0,2026-06-25
11154,1,3524,1,1,1,217.37,2024-08-12
11155,22,3444,1,0,1,177.1,2026-04-20
11156,38,3488,1,1,0,0.0,2026-02-02
11157,31,3246,1,0,0,0.0,2025-04-20
11158,13,61,1,0,0,0.0,2025-03-12
11159,37,4118,1,0,0,0.0,2026-06-07
11160,7,2995,1,1,0,0.0,2025-05-08
11161,9,2695,1,0,1,92.19,2026-05-31
11162,35,2973,1,0,1,188.29,2025-10-17
11163,28,492,1,0,0,0.0,2026-04-28
11164,37,1503,1,1,0,0.0,2025-10-12
11165,36,3372,1,1,0,0.0,2026-04-18
11166,7,4728,1,1,1,203.27,2026-01-11
11167,18,4726,1,0,1,55.42,2026-05-29
11168,5,355,1,0,0,0.0,2024-11-14
11169,12,1629,1,0,0,0.0,2025-12-27
11170,8,3020,1,0,1,170.21,2025-10-14
11171,14,2962,1,1,0,0.0,2024-09-03
11172,5,1787,1,0,0,0.0,2024-10-20
11173,5,3040,1,0,0,0.0,2025-09-06
11174,12,3400,1,1,1,248.11,2025-11-22
11175,26,1751,1,1,0,0.0,2025-06-27
11176,1,156,1,1,0,0.0,2025-06-09
11177,10,175,1,1,0,0.0,2026-07-24
11178,28,4901,1,0,1,46.87,2026-03-22
11179,17,4404,1,1,1,235.47,2024-09-15
11180,28,993,1,0,0,0.0,2025-10-16
11181,30,382,1,0,1,216.71,2025-01-02
11182,13,2188,1,0,0,0.0,2025-06-21
11183,37,4066,1,1,1,83.24,2026-05-11
11184,27,3705,1,0,0,0.0,2025-10-15
11185,22,1309,1,1,1,93.68,2025-09-25
11186,31,2852,1,0,0,0.0,2026-03-20
11187,19,1980,1,1,0,0.0,2026-04-29
11188,35,4478,1,1,1,44.47,2024-09-21
11189,13,4082,1,1,1,212.66,2025-04-14
11190,36,3476,1,1,0,0.0,2024-10-13
11191,39,3467,1,0,0,0.0,2026-02-01
11192,34,281,1,1,0,0.0,2026-01-15
11193,28,4145,1,1,1,112.22,2025-04-07
11194,34,801,1,1,0,0.0,2025-10-25
11195,23,1196,1,1,0,0.0,2025-08-16
11196,25,4027,1,1,0,0.0,2026-01-21
11197,24,2364,1,1,0,0.0,2025-07-03
11198,15,1265,1,1,0,0.0,2025-09-01
11199,17,3828,1,1,0,0.0,2025-07-21
11200,24,3174,1,1,1,216.11,2024-09-03
11201,25,1543,1,1,1,39.63,2024-11-14
11202,25,2388,1,1,0,0.0,2025-06-24
11203,18,2676,1,1,0,0.0,2025-04-20
11204,32,877,1,1,0,0.0,2025-10-19
11205,3,3940,1,1,0,0.0,2025-09-22
11206,22,2894,1,1,1,73.18,2025-04-24
11207,37,2898,1,0,0,0.0,2025-04-03
11208,4,1476,1,0,1,29.8,2026-04-27
11209,27,4037,1,0,1,12.22,2024-08-18
11210,34,861,1,0,0,0.0,2025-01-06
11211,10,763,1,0,0,0.0,2024-11-30
11212,36,547,1,1,1,242.77,2025-02-04
11213,20,4870,1,1,0,0.0,2026-04-20
11214,5,4313,1,0,1,24.82,2025-03-21
11215,30,1060,1,0,0,0.0,2025-02-12
11216,36,4511,1,1,0,0.0,2025-08-16
11217,36,2038,1,0,1,82.13,2024-11-06
11218,36,507,1,1,1,173.19,2025-02-13
11219,39,1993,1,1,0,0.0,2025-04-03
11220,14,2856,1,1,0,0.0,2026-03-25
11221,9,705,1,0,1,192.21,2025-01-12
11222,16,2024,1,1,1,15.79,2025-12-20
11223,22,1356,1,0,0,0.0,2026-07-15
11224,36,1059,1,0,0,0.0,2025-08-19
11225,37,4914,1,1,1,140.7,2025-03-04
11226,40,3238,1,0,1,138.07,2026-06-15
11227,40,329,1,1,1,244.39,2025-03-05
11228,33,483,1,1,1,94.72,2026-01-28
11229,6,3893,1,1,0,0.0,2024-12-26
11230,24,4858,1,0,0,0.0,2026-04-09
11231,5,3428,1,1,0,0.0,2024-12-01
11232,8,1532,1,1,0,0.0,2026-04-03
11233,36,4222,1,0,0,0.0,2025-02-11
11234,35,1266,1,1,0,0.0,2025-11-10
11235,35,4962,1,0,0,0.0,2024-09-05
11236,40,2401,1,0,0,0.0,2026-03-08
11237,32,3901,1,0,0,0.0,2025-11-20
11238,35,1198,1,0,1,158.92,2025-04-21
11239,7,1150,1,1,1,104.82,2024-09-03
11240,32,4154,1,1,0,0.0,2026-02-25
11241,11,676,1,0,1,27.61,2025-02-19
11242,26,2254,1,1,0,0.0,2024-11-06
11243,4,1395,1,1,0,0.0,2025-08-05
11244,2,4061,1,0,0,0.0,2024-11-03
11245,14,4986,1,1,1,30.6,2025-01-04
11246,21,2840,1,0,1,209.77,2026-07-06
11247,2,1277,1,1,0,0.0,2024-10-22
11248,32,2868,1,1,0,0.0,2024-08-27
11249,15,4322,1,0,0,0.0,2026-07-17
11250,31,2089,1,1,0,0.0,2024-12-15
11251,14,3035,1,0,0,0.0,2025-10-28
11252,35,55,1,1,0,0.0,2024-12-08
11253,6,4616,1,0,0,0.0,2025-12-23
11254,16,503,1,0,0,0.0,2024-12-29
11255,3,1367,1,0,0,0.0,2025-02-03
11256,28,1693,1,0,1,83.41,2026-08-03
11257,5,103,1,0,1,170.4,2025-04-09
11258,22,4604,1,1,0,0.0,2025-03-09
11259,16,3766,1,1,0,0.0,2026-01-07
11260,36,378,1,1,1,123.69,2026-06-02
11261,14,1367,1,1,1,34.66,2025-10-11
11262,17,4699,1,0,0,0.0,2024-08-26
11263,27,2387,1,0,1,100.96,2026-07-11
11264,34,392,1,1,1,68.05,2025-11-24
11265,8,1296,1,0,1,137.37,2025-09-05
11266,40,3283,1,0,1,142.08,2025-06-28
11267,20,2792,1,1,0,0.0,2026-04-03
11268,10,4056,1,0,0,0.0,2026-05-07
11269,21,3949,1,1,0,0.0,2025-10-29
11270,26,4115,1,1,1,146.05,2026-07-22
11271,13,2096,1,1,0,0.0,2024-10-04
11272,25,1219,1,0,0,0.0,2026-05-30
11273,27,2013,1,1,0,0.0,2025-04-14
11274,16,4381,1,0,1,116.29,2026-07-02
11275,23,4734,1,1,1,41.25,2026-08-01
11276,9,655,1,0,1,204.27,2026-05-04
11277,17,1556,1,0,0,0.0,2024-11-27
11278,30,3472,1,0,1,36.39,2024-08-13
11279,20,4002,1,1,0,0.0,2026-02-03
11280,13,3113,1,0,0,0.0,2024-11-28
11281,28,1536,1,1,1,36.39,2025-07-19
11282,15,31,1,1,1,140.74,2026-04-08
11283,11,4440,1,0,0,0.0,2025-05-08
11284,36,3382,1,1,1,75.53,2024-09-02
11285,29,647,1,1,0,0.0,2024-12-31
11286,28,4882,1,0,1,119.12,2025-05-02
11287,14,3311,1,0,1,123.02,2025-05-23
11288,21,1186,1,0,0,0.0,2026-01-11
11289,9,4249,1,1,1,230.43,2026-01-10
11290,28,1146,1,1,0,0.0,2025-06-14
11291,12,968,1,1,1,14.54,2025-01-21
11292,38,3308,1,0,0,0.0,2026-05-31
11293,21,803,1,0,0,0.0,2025-01-29
11294,2,3510,1,1,1,57.28,2025-02-17
11295,39,3819,1,1,1,10.88,2026-06-18
11296,38,2547,1,0,1,189.38,2026-07-24
11297,10,1579,1,1,1,46.01,2026-07-14
11298,15,1644,1,0,1,23.54,2024-12-22
11299,25,878,1,1,0,0.0,2026-01-22
11300,5,146,1,0,0,0.0,2024-10-31
11301,25,1146,1,0,0,0.0,2024-11-21
11302,3,91,1,0,0,0.0,2026-05-22
11303,35,1760,1,0,0,0.0,2026-05-09
11304,39,954,1,0,0,0.0,2026-05-21
11305,13,1587,1,0,0,0.0,2024-11-29
11306,23,1043,1,0,0,0.0,2025-11-06
11307,33,1584,1,0,0,0.0,2025-05-14
11308,4,4199,1,1,0,0.0,2024-11-30
11309,15,1495,1,1,0,0.0,2026-05-26
11310,19,61,1,0,1,149.39,2025-05-10
11311,5,3322,1,1,1,15.99,2026-01-01
11312,16,3454,1,1,0,0.0,2024-09-02
11313,2,1040,1,0,0,0.0,2026-01-06
11314,5,4985,1,0,0,0.0,2025-07-15
11315,33,3800,1,1,0,0.0,2026-06-04
11316,19,1308,1,1,1,107.05,2024-08-28
11317,29,3931,1,0,0,0.0,2026-05-19
11318,30,1125,1,1,0,0.0,2024-11-20
11319,39,4456,1,0,1,55.79,2026-06-03
11320,22,156,1,1,0,0.0,2026-01-20
11321,19,2166,1,0,0,0.0,2024-08-25
11322,37,3651,1,1,0,0.0,2025-09-09
11323,28,130,1,0,0,0.0,2026-03-25
11324,21,2173,1,0,0,0.0,2025-12-23
11325,22,1908,1,1,0,0.0,2025-10-27
11326,14,1532,1,0,1,100.97,2026-06-07
11327,31,1440,1,0,0,0.0,2026-02-05
11328,33,2416,1,0,0,0.0,2026-04-25
11329,8,905,1,0,1,140.8,2026-06-15
11330,19,3001,1,1,0,0.0,2024-10-29
11331,39,262,1,1,0,0.0,2025-06-30
11332,25,2876,1,1,1,122.24,2026-01-03
11333,16,2998,1,0,0,0.0,2024-08-13
11334,38,3017,1,1,1,42.53,2025-06-30
11335,23,3292,1,0,1,203.66,2024-11-12
11336,36,1614,1,1,0,0.0,2024-09-18
11337,2,2812,1,0,0,0.0,2025-08-01
11338,28,2565,1,1,1,107.7,2025-03-28
11339,6,3452,1,0,1,97.07,2026-06-28
11340,10,4306,1,0,0,0.0,2026-03-17
11341,14,4926,1,0,0,0.0,2024-09-10
11342,21,1761,1,0,0,0.0,2026-05-23
11343,8,498,1,0,0,0.0,2025-07-13
11344,19,3891,1,0,1,169.42,2025-09-04
11345,8,2840,1,1,1,102.17,2026-04-02
11346,22,1734,1,0,0,0.0,2025-11-24
11347,15,2349,1,1,0,0.0,2026-01-06
11348,34,2275,1,0,0,0.0,2025-11-16
11349,32,3107,1,1,1,149.88,2025-02-18
11350,10,4384,1,0,1,196.74,2024-11-26
11351,29,3795,1,0,1,126.41,2025-09-16
11352,29,1525,1,0,0,0.0,2026-05-03
11353,20,4233,1,0,1,138.03,2024-10-26
11354,27,4116,1,0,0,0.0,2025-12-06
11355,5,2769,1,0,1,130.9,2026-04-14
11356,23,1009,1,0,1,136.65,2024-08-06
11357,13,4840,1,1,1,67.75,2025-08-15
11358,6,4243,1,1,1,38.01,2025-04-26
11359,16,4270,1,1,0,0.0,2024-12-13
11360,35,2339,1,1,0,0.0,2025-01-04
11361,27,3629,1,0,0,0.0,2024-11-18
11362,26,4035,1,0,0,0.0,2024-11-10
11363,25,1521,1,0,0,0.0,2024-09-20
11364,1,4415,1,1,1,212.91,2025-05-12
11365,8,4517,1,1,1,231.04,2025-06-03
11366,14,2327,1,0,0,0.0,2024-09-29
11367,38,1946,1,1,0,0.0,2024-12-24
11368,7,1754,1,1,1,228.26,2026-01-28
11369,31,2530,1,1,0,0.0,2025-12-04
11370,13,1425,1,1,1,51.23,2026-07-30
11371,40,4538,1,1,1,92.5,2025-04-09
11372,12,4639,1,0,0,0.0,2025-05-18
11373,38,3485,1,1,1,213.75,2025-12-19
11374,36,2968,1,1,1,80.12,2025-01-25
11375,27,85,1,1,1,205.83,2024-12-01
11376,21,4482,1,0,0,0.0,2025-04-15
11377,38,4192,1,0,1,205.81,2025-04-06
11378,37,3988,1,0,0,0.0,2025-06-11
11379,39,1284,1,1,1,131.78,2026-07-11
11380,13,3127,1,0,0,0.0,2025-02-28
11381,38,4258,1,1,0,0.0,2025-04-20
11382,20,803,1,1,0,0.0,2026-03-23
11383,17,4951,1,1,0,0.0,2025-05-11
11384,8,4768,1,0,1,245.59,2024-10-20
11385,15,1532,1,0,0,0.0,2025-03-23
11386,30,1195,1,1,1,164.13,2025-11-20
11387,24,3262,1,1,0,0.0,2024-09-16
11388,32,3686,1,1,0,0.0,2024-11-23
11389,13,1589,1,1,1,165.89,2024-10-30
11390,23,422,1,0,0,0.0,2025-04-02
11391,23,4816,1,1,0,0.0,2025-10-27
11392,28,2196,1,1,0,0.0,2025-02-07
11393,16,3850,1,0,1,113.13,2025-03-22
11394,29,2210,1,0,1,139.96,2024-08-31
11395,3,979,1,1,1,32.02,2025-09-25
11396,1,3696,1,0,1,82.97,2025-06-26
11397,16,3802,1,1,1,130.82,2026-07-18
11398,40,4378,1,0,0,0.0,2024-11-10
11399,26,3576,1,1,0,0.0,2025-03-07
11400,36,4626,1,0,0,0.0,2025-12-31
11401,40,2980,1,0,0,0.0,2025-03-31
11402,14,3159,1,1,0,0.0,2026-03-05
11403,12,2626,1,0,0,0.0,2025-06-16
11404,23,4900,1,0,1,214.3,2025-08-13
11405,5,754,1,0,0,0.0,2025-07-11
11406,33,2233,1,1,0,0.0,2026-04-14
11407,19,2661,1,0,0,0.0,2025-05-07
11408,24,1926,1,0,1,70.98,2025-10-12
11409,39,3166,1,0,1,15.08,2025-06-21
11410,6,980,1,1,0,0.0,2025-10-19
11411,2,4678,1,1,1,14.85,2025-10-19
11412,20,1765,1,0,1,116.04,2025-01-31
11413,18,4692,1,0,1,180.65,2026-07-21
11414,39,3298,1,1,0,0.0,2026-07-31
11415,34,3947,1,0,0,0.0,2026-06-22
11416,32,4169,1,0,1,170.91,2026-01-31
11417,5,1463,1,0,0,0.0,2024-10-21
11418,31,928,1,1,0,0.0,2026-03-04
11419,11,490,1,1,0,0.0,2026-06-07
11420,7,2792,1,1,0,0.0,2026-07-06
11421,3,4360,1,1,1,54.92,2026-07-21
11422,7,4188,1,1,1,40.19,2026-02-19
11423,6,3650,1,1,0,0.0,2025-06-14
11424,35,1974,1,1,1,133.73,2025-04-10
11425,28,2492,1,0,0,0.0,2024-11-18
11426,35,2050,1,0,1,101.97,2026-03-11
11427,40,3307,1,0,0,0.0,2025-03-15
11428,33,2723,1,1,0,0.0,2025-10-17
11429,25,2841,1,1,0,0.0,2026-05-02
11430,39,2133,1,0,1,172.27,2024-12-18
11431,25,1817,1,1,0,0.0,2024-10-18
11432,27,141,1,0,1,36.93,2025-10-30
11433,10,714,1,0,0,0.0,2024-11-28
11434,13,1449,1,1,1,36.92,2025-07-06
11435,34,134,1,0,1,113.56,2025-09-20
11436,38,417,1,0,0,0.0,2026-06-08
11437,24,1145,1,1,0,0.0,2024-12-16
11438,39,509,1,1,1,69.64,2025-12-15
11439,37,2212,1,0,0,0.0,2026-07-10
11440,29,320,1,1,0,0.0,2026-05-25
11441,40,3919,1,0,0,0.0,2024-11-20
11442,10,3070,1,0,1,196.63,2025-12-21
11443,37,2515,1,0,0,0.0,2026-07-14
11444,24,3052,1,1,0,0.0,2024-08-17
11445,27,4217,1,0,0,0.0,2026-03-12
11446,3,181,1,0,1,162.94,2024-11-24
11447,14,97,1,0,0,0.0,2025-04-03
11448,17,1654,1,0,1,189.33,2024-10-28
11449,31,1818,1,1,1,187.65,2025-01-22
11450,20,2725,1,1,1,227.67,2025-12-16
11451,9,1977,1,0,0,0.0,2025-10-18
11452,23,3603,1,1,1,170.64,2024-09-10
11453,10,2854,1,0,0,0.0,2025-08-21
11454,38,746,1,1,1,227.74,2025-12-08
11455,10,3100,1,1,0,0.0,2025-11-22
11456,18,3602,1,0,1,145.77,2026-06-17
11457,17,2969,1,1,0,0.0,2025-04-13
11458,3,1007,1,0,1,232.06,2026-05-29
11459,13,2382,1,1,1,223.51,2024-08-24
11460,10,1476,1,0,0,0.0,2024-08-29
11461,28,140,1,1,1,59.45,2024-11-03
11462,30,3573,1,0,0,0.0,2024-12-18
11463,40,2754,1,0,0,0.0,2024-12-09
11464,39,2533,1,1,1,226.32,2024-08-24
11465,7,771,1,1,1,165.65,2024-10-18
11466,4,2067,1,1,1,220.51,2026-02-21
11467,8,4613,1,1,1,143.61,2025-05-19
11468,40,4606,1,0,0,0.0,2025-09-06
11469,35,526,1,1,0,0.0,2026-02-18
11470,22,2692,1,1,0,0.0,2024-11-05
11471,23,2064,1,0,1,27.42,2025-06-21
11472,38,4389,1,1,1,79.42,2024-09-10
11473,30,4241,1,0,0,0.0,2026-03-03
11474,12,1944,1,1,0,0.0,2024-08-17
11475,12,865,1,1,1,113.28,2025-10-21
11476,37,197,1,0,0,0.0,2024-11-11
11477,22,1511,1,0,1,26.26,2026-07-12
11478,10,4871,1,0,0,0.0,2026-04-19
11479,17,2908,1,1,0,0.0,2026-06-30
11480,36,1894,1,1,1,24.63,2025-06-07
11481,37,4828,1,1,1,30.99,2025-12-25
11482,17,1028,1,0,1,24.99,2025-10-14
11483,35,650,1,0,1,161.03,2025-06-13
11484,5,1994,1,1,1,50.46,2025-08-04
11485,25,4485,1,1,0,0.0,2025-02-28
11486,19,759,1,0,0,0.0,2026-02-11
11487,5,3001,1,0,1,57.68,2024-11-10
11488,27,2211,1,1,0,0.0,2025-02-27
11489,15,2238,1,0,1,188.73,2025-12-22
11490,3,2630,1,0,0,0.0,2026-06-13
11491,38,1278,1,1,0,0.0,2025-04-08
11492,17,2572,1,0,0,0.0,2026-06-20
11493,12,4489,1,1,1,234.04,2026-01-15
11494,10,3908,1,1,0,0.0,2025-01-24
11495,20,2204,1,0,1,60.66,2025-11-26
11496,31,1321,1,0,1,174.62,2026-03-07
11497,18,614,1,0,0,0.0,2024-10-12
11498,28,2998,1,1,0,0.0,2025-10-08
11499,34,2692,1,1,0,0.0,2025-07-15
11500,5,2697,1,0,0,0.0,2024-11-15
11501,22,4390,1,0,0,0.0,2026-01-24
11502,14,3077,1,0,0,0.0,2024-11-30
11503,20,568,1,1,0,0.0,2024-08-16
11504,27,2655,1,0,1,108.57,2025-08-03
11505,32,2799,1,1,0,0.0,2026-04-02
11506,14,1128,1,1,0,0.0,2025-06-08
11507,37,4076,1,1,0,0.0,2025-03-09
11508,26,1363,1,1,0,0.0,2025-03-10
11509,25,3044,1,0,1,181.63,2024-11-30
11510,5,4568,1,0,0,0.0,2025-09-14
11511,4,4461,1,1,0,0.0,2025-07-23
11512,2,327,1,1,1,162.79,2025-10-19
11513,7,2000,1,1,0,0.0,2026-07-10
11514,3,4449,1,1,1,103.9,2026-02-05
11515,1,741,1,0,1,58.45,2025-04-01
11516,3,2684,1,1,0,0.0,2026-07-14
11517,7,3012,1,0,0,0.0,2025-06-05
11518,36,3559,1,1,1,108.61,2026-04-09
11519,6,861,1,1,1,173.71,2024-12-25
11520,28,796,1,1,1,110.97,2026-07-29
11521,12,3349,1,1,0,0.0,2026-06-21
11522,30,665,1,1,1,12.74,2026-04-15
11523,9,2879,1,1,1,125.34,2026-05-18
11524,17,3097,1,1,1,234.62,2025-05-02
11525,33,4295,1,1,1,89.04,2025-03-16
11526,9,1794,1,0,0,0.0,2024-11-18
11527,1,3754,1,1,0,0.0,2025-06-17
11528,18,846,1,0,0,0.0,2024-08-11
11529,3,4000,1,0,0,0.0,2026-04-23
11530,30,476,1,0,0,0.0,2024-11-06
11531,28,4748,1,0,1,216.94,2026-02-15
11532,3,1525,1,0,1,135.96,2026-07-28
11533,40,677,1,0,1,21.37,2025-12-20
11534,32,3039,1,0,1,56.01,2025-02-15
11535,24,841,1,1,0,0.0,2026-08-04
11536,15,4773,1,0,1,191.38,2025-03-03
11537,36,1113,1,0,1,33.13,2026-01-25
11538,13,2896,1,0,0,0.0,2025-11-24
11539,15,272,1,1,1,186.13,2025-08-22
11540,1,50,1,0,1,11.85,2026-01-28
11541,34,1387,1,1,0,0.0,2025-06-14
11542,9,2850,1,1,0,0.0,2025-04-08
11543,30,4752,1,1,0,0.0,2024-10-18
11544,13,4886,1,1,1,160.27,2025-05-06
11545,25,2646,1,1,0,0.0,2026-08-04
11546,6,4338,1,0,0,0.0,2024-12-05
11547,38,1579,1,1,1,154.74,2024-12-01
11548,7,4754,1,0,1,133.81,2025-09-13
11549,21,1017,1,0,0,0.0,2024-08-28
11550,33,1077,1,0,1,136.3,2025-12-21
11551,36,1467,1,1,0,0.0,2025-08-05
11552,24,2507,1,1,0,0.0,2025-05-01
11553,2,4113,1,1,0,0.0,2025-05-10
11554,4,777,1,0,0,0.0,2024-08-27
11555,14,1945,1,1,0,0.0,2025-12-05
11556,14,3898,1,1,0,0.0,2025-06-10
11557,21,83,1,0,0,0.0,2025-09-27
11558,26,878,1,0,0,0.0,2025-10-07
11559,34,2948,1,0,0,0.0,2025-04-26
11560,24,1020,1,1,1,200.71,2024-12-16
11561,11,586,1,1,0,0.0,2025-08-12
11562,15,1917,1,0,0,0.0,2025-09-17
11563,33,974,1,1,1,242.61,2025-11-04
11564,24,1043,1,0,0,0.0,2025-08-20
11565,35,2690,1,1,1,109.83,2026-03-15
11566,17,1153,1,1,0,0.0,2026-06-03
11567,17,1828,1,0,1,121.84,2024-10-03
11568,9,2754,1,0,0,0.0,2025-10-03
11569,9,3657,1,1,1,217.81,2026-02-22
11570,29,3206,1,1,0,0.0,2024-12-26
11571,2,4942,1,0,0,0.0,2025-10-11
11572,39,3663,1,0,0,0.0,2024-10-10
11573,30,130,1,1,1,122.98,2025-10-13
11574,12,4761,1,1,0,0.0,2025-05-10
11575,24,242,1,1,0,0.0,2025-05-02
11576,25,114,1,0,0,0.0,2025-04-11
11577,15,3576,1,1,0,0.0,2025-12-03
11578,18,3182,1,1,0,0.0,2024-12-14
11579,21,2618,1,0,1,224.56,2025-12-02
11580,31,2270,1,1,1,247.55,2025-06-26
11581,29,110,1,0,1,15.57,2025-03-04
11582,9,2440,1,1,0,0.0,2026-03-19
11583,32,3668,1,0,0,0.0,2025-07-10
11584,18,758,1,1,0,0.0,2026-02-14
11585,38,3840,1,1,0,0.0,2025-09-07
11586,14,1744,1,0,1,220.23,2025-05-20
11587,34,3062,1,0,0,0.0,2025-08-15
11588,30,3633,1,1,0,0.0,2026-03-23
11589,26,3412,1,1,0,0.0,2025-07-31
11590,19,170,1,0,0,0.0,2025-04-17
11591,20,2090,1,0,1,177.37,2026-04-14
11592,20,2706,1,0,1,170.33,2025-08-15
11593,21,4845,1,0,0,0.0,2024-08-08
11594,2,943,1,1,0,0.0,2025-10-31
11595,34,1585,1,0,1,30.61,2026-01-27
11596,33,3672,1,1,1,215.93,2024-10-12
11597,22,3180,1,0,0,0.0,2025-11-08
11598,29,683,1,1,1,60.66,2025-11-01
11599,40,531,1,1,0,0.0,2025-11-02
11600,34,1054,1,1,0,0.0,2025-06-04
11601,13,4286,1,1,1,128.54,2025-01-06
11602,31,549,1,1,0,0.0,2026-04-02
11603,24,2204,1,1,1,57.08,2025-05-20
11604,6,2050,1,1,0,0.0,2026-05-12
11605,12,1742,1,1,0,0.0,2025-01-08
11606,15,1650,1,0,0,0.0,2026-04-15
11607,22,4329,1,1,0,0.0,2024-08-31
11608,17,3999,1,0,1,209.24,2025-05-21
11609,21,4375,1,0,1,128.28,2025-10-21
11610,39,2414,1,0,0,0.0,2025-07-30
11611,9,2212,1,0,0,0.0,2025-01-12
11612,29,1444,1,0,1,78.75,2025-08-16
11613,21,4596,1,0,0,0.0,2025-10-08
11614,12,4156,1,1,0,0.0,2025-01-21
11615,37,2186,1,0,0,0.0,2025-05-26
11616,31,2577,1,1,0,0.0,2026-01-11
11617,38,666,1,1,0,0.0,2026-07-23
11618,22,454,1,1,0,0.0,2024-09-04
11619,11,3122,1,0,1,99.28,2025-06-28
11620,39,2335,1,1,0,0.0,2026-01-26
11621,18,3537,1,0,1,105.95,2025-07-28
11622,11,2672,1,0,1,183.07,2025-08-16
11623,34,4751,1,0,1,80.98,2026-02-15
11624,22,2150,1,1,0,0.0,2025-04-27
11625,35,2842,1,1,0,0.0,2025-08-13
11626,13,2529,1,1,1,238.21,2025-05-09
11627,2,274,1,0,1,23.72,2026-04-10
11628,22,31,1,1,0,0.0,2025-01-17
11629,36,2202,1,1,1,39.19,2026-01-16
11630,24,4174,1,1,0,0.0,2026-07-25
11631,14,2381,1,0,1,27.96,2025-01-10
11632,1,2440,1,0,0,0.0,2024-10-31
11633,21,4332,1,1,0,0.0,2026-07-27
11634,34,98,1,0,0,0.0,2025-12-18
11635,10,940,1,1,1,233.91,2024-09-03
11636,19,4519,1,0,0,0.0,2026-05-10
11637,16,905,1,0,0,0.0,2025-12-18
11638,21,3169,1,1,0,0.0,2025-06-15
11639,22,2786,1,0,1,44.61,2025-09-19
11640,19,2438,1,0,0,0.0,2025-08-01
11641,21,4036,1,1,1,36.42,2025-03-29
11642,31,4828,1,0,0,0.0,2025-05-03
11643,1,2497,1,0,1,24.43,2024-12-21
11644,18,4097,1,0,0,0.0,2025-04-05
11645,3,1014,1,0,1,27.21,2024-10-23
11646,14,3989,1,0,0,0.0,2025-07-19
11647,22,4459,1,1,0,0.0,2024-10-22
11648,21,2578,1,1,0,0.0,2025-04-02
11649,36,4768,1,0,0,0.0,2025-10-07
11650,13,552,1,1,1,237.74,2025-04-08
11651,34,1529,1,1,0,0.0,2026-05-19
11652,9,4608,1,0,0,0.0,2024-10-04
11653,23,962,1,0,1,242.11,2025-12-29
11654,16,4501,1,1,0,0.0,2025-04-15
11655,35,1667,1,1,0,0.0,2026-04-14
11656,4,2161,1,1,0,0.0,2026-03-16
11657,9,2061,1,1,1,198.75,2025-06-21
11658,9,1126,1,1,1,132.43,2025-02-16
11659,37,3111,1,1,0,0.0,2026-07-05
11660,24,749,1,0,0,0.0,2026-03-31
11661,32,3457,1,0,0,0.0,2025-09-15
11662,12,2770,1,0,0,0.0,2024-09-13
11663,15,1325,1,1,0,0.0,2025-12-29
11664,18,4300,1,0,1,58.52,2026-05-10
11665,37,1328,1,0,1,104.23,2025-06-27
11666,26,3942,1,1,1,216.48,2025-02-15
11667,2,3364,1,1,0,0.0,2024-10-02
11668,17,3845,1,0,1,16.11,2025-04-28
11669,29,3463,1,1,1,186.98,2025-04-18
11670,27,273,1,0,1,205.03,2026-06-02
11671,25,4529,1,1,1,160.88,2025-03-12
11672,38,4649,1,0,0,0.0,2025-06-24
11673,15,990,1,1,0,0.0,2025-02-07
11674,4,2544,1,1,0,0.0,2026-04-01
11675,11,3480,1,1,0,0.0,2026-01-19
11676,29,3783,1,1,0,0.0,2025-05-14
11677,21,1015,1,0,1,33.01,2025-12-23
11678,7,4957,1,0,0,0.0,2025-04-28
11679,29,1857,1,0,1,54.05,2025-06-19
11680,18,2659,1,0,1,177.25,2025-11-20
11681,37,2211,1,1,0,0.0,2024-11-15
11682,31,3454,1,0,0,0.0,2024-10-27
11683,9,3756,1,1,0,0.0,2025-02-24
11684,1,4293,1,0,1,166.71,2025-07-07
11685,28,4657,1,1,1,161.47,2025-08-18
11686,35,2306,1,0,1,212.14,2026-06-20
11687,29,2677,1,0,0,0.0,2024-08-16
11688,40,2512,1,1,0,0.0,2025-08-20
11689,25,2907,1,0,0,0.0,2025-03-27
11690,13,578,1,1,0,0.0,2025-06-22
11691,28,2151,1,0,0,0.0,2024-11-25
11692,33,2217,1,1,0,0.0,2025-12-28
11693,3,1831,1,0,1,83.76,2025-09-19
11694,8,900,1,1,0,0.0,2024-10-31
11695,39,2114,1,1,1,130.73,2026-03-16
11696,19,2240,1,0,0,0.0,2025-08-18
11697,29,2592,1,0,1,64.99,2025-10-05
11698,21,1889,1,0,1,146.07,2026-04-05
11699,30,3358,1,0,1,214.78,2025-06-25
11700,32,696,1,1,0,0.0,2025-03-21
11701,28,2125,1,1,1,17.2,2024-11-28
11702,30,1559,1,1,1,200.52,2025-05-09
11703,8,4236,1,0,0,0.0,2025-04-14
11704,38,2362,1,0,1,123.95,2026-01-15
11705,10,2603,1,0,0,0.0,2025-10-08
11706,34,4311,1,0,0,0.0,2026-01-27
11707,24,3041,1,1,0,0.0,2026-01-05
11708,20,2874,1,1,0,0.0,2026-02-11
11709,25,166,1,1,0,0.0,2024-12-17
11710,36,93,1,1,1,10.54,2026-03-17
11711,26,75,1,0,1,109.0,2025-01-08
11712,36,1136,1,0,1,95.33,2024-12-02
11713,8,4455,1,0,0,0.0,2026-05-25
11714,31,3276,1,1,0,0.0,2025-01-17
11715,39,4062,1,0,0,0.0,2025-10-11
11716,18,2017,1,0,0,0.0,2025-09-13
11717,6,4774,1,1,0,0.0,2026-01-23
11718,22,3373,1,0,1,242.49,2025-01-02
11719,7,1751,1,1,0,0.0,2025-10-17
11720,11,1418,1,1,0,0.0,2025-01-23
11721,36,1693,1,1,0,0.0,2026-03-31
11722,35,1942,1,1,0,0.0,2025-10-02
11723,10,1893,1,1,0,0.0,2025-12-10
11724,16,532,1,0,0,0.0,2025-04-10
11725,33,1478,1,0,0,0.0,2026-05-12
11726,18,3163,1,1,1,34.7,2026-02-22
11727,12,3117,1,1,1,120.48,2025-04-29
11728,15,2194,1,0,0,0.0,2026-05-02
11729,10,355,1,1,0,0.0,2024-12-26
11730,39,1818,1,0,0,0.0,2025-07-11
11731,28,3913,1,1,0,0.0,2024-12-15
11732,28,4246,1,1,0,0.0,2026-07-14
11733,11,3584,1,0,0,0.0,2026-03-24
11734,3,4133,1,0,1,123.8,2024-08-19
11735,15,769,1,0,0,0.0,2026-06-13
11736,13,3375,1,1,1,59.22,2025-06-11
11737,36,1400,1,1,0,0.0,2026-08-03
11738,3,1462,1,1,1,66.07,2026-05-08
11739,14,1522,1,0,0,0.0,2024-10-22
11740,9,702,1,1,1,99.53,2025-02-17
11741,29,192,1,1,0,0.0,2024-10-10
11742,38,4544,1,1,1,27.88,2025-11-13
11743,33,2970,1,0,0,0.0,2025-09-06
11744,37,2861,1,0,1,63.03,2025-04-05
11745,39,612,1,1,1,188.78,2025-10-08
11746,17,2430,1,1,1,249.97,2024-11-19
11747,18,2819,1,1,0,0.0,2025-01-06
11748,18,758,1,1,0,0.0,2024-09-05
11749,17,2287,1,0,1,76.54,2026-04-12
11750,23,3417,1,1,0,0.0,2026-06-12
11751,13,802,1,0,1,205.56,2025-03-01
11752,9,4112,1,1,0,0.0,2025-11-07
11753,36,3899,1,0,1,64.47,2025-05-10
11754,33,1533,1,1,0,0.0,2025-01-15
11755,28,1984,1,0,1,186.97,2024-09-26
11756,15,1240,1,0,0,0.0,2026-03-08
11757,21,1704,1,1,1,115.85,2026-08-01
11758,3,385,1,0,1,182.91,2025-01-31
11759,13,2076,1,0,1,208.09,2026-04-25
11760,2,3170,1,1,0,0.0,2024-10-13
11761,38,2389,1,1,0,0.0,2025-08-17
11762,6,4046,1,1,1,98.19,2025-05-28
11763,8,901,1,0,1,23.98,2025-12-17
11764,40,2719,1,1,1,71.7,2026-03-09
11765,5,1246,1,1,1,128.57,2025-09-20
11766,7,2418,1,1,0,0.0,2026-04-10
11767,18,4598,1,0,1,89.42,2025-04-06
11768,12,1644,1,0,1,134.87,2024-10-08
11769,10,3567,1,0,0,0.0,2026-03-03
11770,29,1016,1,1,1,178.2,2024-09-05
11771,6,4868,1,0,1,88.84,2025-02-09
11772,40,3728,1,1,1,26.4,2026-01-15
11773,17,2293,1,1,0,0.0,2025-05-20
11774,26,2698,1,1,0,0.0,2025-09-09
11775,31,237,1,0,0,0.0,2025-01-13
11776,35,4,1,1,0,0.0,2025-10-12
11777,22,1534,1,0,0,0.0,2025-04-15
11778,5,4811,1,1,1,20.8,2024-12-28
11779,4,322,1,0,1,220.31,2026-04-04
11780,24,1747,1,1,0,0.0,2025-08-25
11781,18,2781,1,0,0,0.0,2024-12-25
11782,36,4037,1,0,1,162.69,2025-08-16
11783,24,452,1,1,0,0.0,2025-07-17
11784,16,516,1,1,0,0.0,2026-03-24
11785,2,1953,1,0,0,0.0,2024-10-02
11786,22,4395,1,1,0,0.0,2026-07-21
11787,16,2380,1,1,0,0.0,2025-06-03
11788,37,3412,1,1,1,17.71,2025-01-13
11789,34,2406,1,0,1,127.05,2026-02-16
11790,17,297,1,1,1,92.17,2025-12-22
11791,30,1438,1,0,0,0.0,2025-03-09
11792,28,4646,1,0,0,0.0,2026-03-02
11793,29,4063,1,0,1,171.93,2025-10-18
11794,36,601,1,0,1,193.51,2025-03-06
11795,29,1650,1,0,0,0.0,2026-06-20
11796,28,3047,1,0,0,0.0,2024-09-18
11797,19,1769,1,1,0,0.0,2026-04-26
11798,6,3486,1,0,0,0.0,2024-12-08
11799,23,723,1,0,1,170.13,2026-03-09
11800,3,1518,1,0,0,0.0,2026-03-08
11801,40,1125,1,0,0,0.0,2026-05-29
11802,19,2628,1,0,0,0.0,2026-02-07
11803,14,1379,1,1,1,144.52,2025-10-08
11804,36,4572,1,1,0,0.0,2025-09-23
11805,33,1519,1,0,0,0.0,2025-08-19
11806,9,3406,1,1,0,0.0,2025-03-27
11807,35,2089,1,0,1,42.84,2025-03-18
11808,32,2595,1,1,1,51.33,2025-06-11
11809,10,654,1,1,1,225.69,2024-10-23
11810,28,2579,1,1,1,181.01,2024-11-17
11811,38,4391,1,1,0,0.0,2026-02-12
11812,9,1751,1,1,0,0.0,2025-04-04
11813,31,4278,1,1,0,0.0,2025-02-21
11814,30,4817,1,1,0,0.0,2024-08-31
11815,31,2807,1,1,1,121.87,2024-11-02
11816,20,3271,1,0,1,212.82,2025-05-08
11817,39,1259,1,1,1,28.9,2025-01-11
11818,34,1662,1,0,1,36.13,2024-10-27
11819,3,2670,1,1,0,0.0,2025-03-04
11820,30,3565,1,0,1,117.35,2025-05-29
11821,16,4401,1,0,1,12.39,2024-12-15
11822,13,3597,1,0,1,105.6,2024-10-16
11823,40,3993,1,0,0,0.0,2026-04-23
11824,3,3448,1,0,1,36.39,2025-01-06
11825,16,27,1,1,1,248.41,2026-06-04
11826,23,3509,1,0,0,0.0,2026-04-19
11827,11,4359,1,1,0,0.0,2025-05-18
11828,32,2126,1,0,0,0.0,2025-09-16
11829,3,2349,1,0,1,110.72,2025-10-08
11830,9,2934,1,0,1,21.39,2026-06-12
11831,34,3874,1,0,1,167.44,2026-07-02
11832,11,2149,1,0,1,59.6,2024-10-25
11833,35,636,1,1,1,203.74,2025-12-15
11834,20,68,1,1,1,75.02,2025-03-04
11835,1,2519,1,0,1,100.54,2026-06-09
11836,3,3405,1,1,0,0.0,2025-02-27
11837,39,2847,1,1,1,204.79,2026-03-14
11838,13,2221,1,0,0,0.0,2026-01-25
11839,3,3233,1,0,0,0.0,2025-11-07
11840,28,1575,1,0,1,61.21,2024-11-08
11841,32,2015,1,0,1,80.36,2026-05-31
11842,2,488,1,0,0,0.0,2026-05-15
11843,30,1017,1,0,0,0.0,2025-06-25
11844,17,976,1,1,1,216.97,2026-01-25
11845,2,3231,1,1,1,177.7,2026-02-11
11846,6,4956,1,1,1,130.44,2025-10-20
11847,37,455,1,1,1,232.46,2025-05-03
11848,36,1347,1,1,0,0.0,2025-03-13
11849,15,307,1,0,1,75.5,2025-08-22
11850,40,3073,1,0,1,106.91,2025-10-15
11851,1,2889,1,0,0,0.0,2026-03-03
11852,15,2884,1,1,1,20.7,2025-09-23
11853,40,3371,1,1,0,0.0,2025-03-22
11854,4,369,1,0,1,113.81,2026-02-09
11855,9,1330,1,1,1,138.68,2025-09-06
11856,24,3096,1,0,0,0.0,2025-08-09
11857,24,4373,1,1,1,232.95,2026-01-29
11858,38,273,1,1,1,44.85,2025-01-13
11859,5,3330,1,1,0,0.0,2026-03-14
11860,30,1398,1,1,1,224.1,2024-10-10
11861,4,430,1,0,0,0.0,2024-08-09
11862,8,4483,1,0,1,246.12,2025-06-20
11863,34,684,1,1,0,0.0,2025-02-28
11864,37,1649,1,1,0,0.0,2025-07-28
11865,12,2480,1,0,0,0.0,2025-01-17
11866,15,1735,1,0,0,0.0,2025-10-03
11867,10,4994,1,0,0,0.0,2026-03-10
11868,7,3552,1,0,1,87.94,2024-10-07
11869,3,4933,1,1,0,0.0,2026-05-30
11870,40,4686,1,1,1,134.04,2025-10-06
11871,2,1894,1,0,0,0.0,2025-09-20
11872,39,4848,1,1,1,152.13,2025-09-30
11873,32,3200,1,0,1,179.7,2025-04-10
11874,29,1057,1,0,1,181.7,2025-10-23
11875,38,1529,1,0,0,0.0,2024-11-21
11876,24,1803,1,1,0,0.0,2026-02-02
11877,9,3231,1,0,1,37.1,2026-02-16
11878,34,2672,1,0,0,0.0,2025-12-05
11879,28,1252,1,0,1,176.97,2025-04-14
11880,36,4148,1,0,1,97.53,2025-07-19
11881,8,2412,1,0,1,226.14,2025-07-25
11882,23,4675,1,1,0,0.0,2026-03-02
11883,38,2437,1,0,1,127.41,2025-11-29
11884,14,199,1,0,1,14.02,2025-09-12
11885,19,2444,1,1,1,27.77,2025-01-18
11886,35,4026,1,1,0,0.0,2024-12-07
11887,37,1898,1,1,0,0.0,2025-04-21
11888,12,2423,1,1,1,242.78,2025-04-14
11889,16,1137,1,0,0,0.0,2025-01-13
11890,23,3612,1,0,0,0.0,2026-05-19
11891,14,616,1,1,0,0.0,2025-03-01
11892,10,3922,1,1,1,73.72,2024-12-10
11893,1,3525,1,1,0,0.0,2026-04-16
11894,22,1387,1,0,0,0.0,2024-08-28
11895,35,756,1,1,0,0.0,2025-06-17
11896,8,589,1,1,1,88.4,2025-01-04
11897,30,4287,1,1,0,0.0,2025-05-18
11898,25,3025,1,0,1,130.9,2024-12-13
11899,1,2989,1,1,1,142.88,2024-12-03
11900,28,2558,1,1,0,0.0,2025-03-29
11901,36,1405,1,0,0,0.0,2025-09-26
11902,28,1626,1,0,0,0.0,2026-02-05
11903,22,4273,1,0,0,0.0,2024-10-25
11904,2,3691,1,0,0,0.0,2025-06-22
11905,4,2951,1,0,1,195.75,2024-12-26
11906,36,1796,1,1,1,36.2,2026-02-26
11907,5,4569,1,1,0,0.0,2025-02-09
11908,4,4003,1,1,1,101.58,2024-11-26
11909,32,2855,1,1,1,25.47,2026-04-09
11910,33,4605,1,0,0,0.0,2025-10-24
11911,2,1009,1,1,0,0.0,2025-11-19
11912,32,21,1,1,0,0.0,2024-10-01
11913,8,3081,1,0,0,0.0,2024-09-23
11914,6,3513,1,0,0,0.0,2026-07-29
11915,2,1574,1,1,0,0.0,2025-11-06
11916,25,2219,1,1,0,0.0,2026-07-19
11917,6,3177,1,1,0,0.0,2025-12-10
11918,21,1948,1,0,1,58.8,2024-10-31
11919,10,4972,1,0,1,233.08,2025-10-10
11920,25,150,1,0,1,183.6,2026-04-06
11921,15,4998,1,0,0,0.0,2025-07-19
11922,18,3676,1,0,0,0.0,2024-09-08
11923,18,2565,1,0,0,0.0,2024-08-23
11924,30,1232,1,0,1,175.72,2024-11-25
11925,40,2610,1,0,0,0.0,2026-03-14
11926,1,2857,1,1,0,0.0,2024-09-08
11927,14,4315,1,0,1,142.13,2025-11-16
11928,30,2850,1,0,1,27.44,2025-09-09
11929,37,2110,1,1,0,0.0,2025-08-24
11930,31,3714,1,1,1,152.06,2024-12-28
11931,24,662,1,0,0,0.0,2025-02-19
11932,17,3283,1,1,1,194.9,2025-04-12
11933,20,17,1,0,0,0.0,2024-10-18
11934,8,471,1,0,1,143.32,2025-04-30
11935,25,2885,1,0,1,95.27,2024-11-06
11936,20,4253,1,0,1,221.84,2025-10-12
11937,7,4915,1,1,1,245.64,2025-01-25
11938,3,3800,1,1,0,0.0,2024-09-02
11939,21,2203,1,0,1,248.51,2025-11-05
11940,23,3860,1,0,1,83.53,2025-05-18
11941,17,980,1,0,1,98.89,2025-11-13
11942,38,636,1,1,0,0.0,2024-09-30
11943,8,3739,1,1,0,0.0,2025-08-24
11944,12,1811,1,1,1,166.93,2026-04-18
11945,20,3708,1,0,1,75.61,2025-04-20
11946,10,4926,1,1,1,219.99,2024-09-03
11947,23,2313,1,0,1,114.45,2026-04-09
11948,33,1008,1,1,1,222.18,2025-09-10
11949,19,4272,1,1,0,0.0,2025-09-28
11950,7,4842,1,1,1,160.82,2025-05-04
11951,14,1959,1,1,0,0.0,2025-03-29
11952,22,2605,1,0,1,91.68,2025-12-25
11953,15,1139,1,0,0,0.0,2025-01-04
11954,33,298,1,1,1,226.5,2025-07-30
11955,20,1333,1,0,0,0.0,2025-11-08
11956,12,2059,1,0,0,0.0,2025-06-28
11957,3,4193,1,0,0,0.0,2026-02-16
11958,16,403,1,1,0,0.0,2026-05-02
11959,15,1841,1,1,0,0.0,2025-02-23
11960,11,4366,1,0,1,100.71,2025-05-11
11961,36,3008,1,1,1,48.94,2025-04-07
11962,28,4336,1,0,1,51.47,2025-12-11
11963,2,1411,1,0,0,0.0,2025-10-13
11964,19,4539,1,0,0,0.0,2025-11-09
11965,39,666,1,0,0,0.0,2025-07-11
11966,15,2055,1,1,0,0.0,2026-05-18
11967,17,2867,1,1,0,0.0,2026-01-07
11968,34,2100,1,0,0,0.0,2025-05-26
11969,33,4945,1,0,0,0.0,2025-03-12
11970,15,4595,1,0,0,0.0,2025-05-26
11971,7,1849,1,1,0,0.0,2026-01-17
11972,19,4020,1,1,1,154.27,2025-03-28
11973,23,3530,1,0,0,0.0,2025-02-28
11974,38,2743,1,0,0,0.0,2024-08-31
11975,24,1995,1,0,0,0.0,2026-02-20
11976,19,1073,1,1,0,0.0,2026-05-10
11977,25,4275,1,1,0,0.0,2025-08-12
11978,10,2544,1,1,0,0.0,2026-01-10
11979,20,4755,1,1,1,208.02,2026-02-07
11980,12,3753,1,0,0,0.0,2024-08-14
11981,25,2498,1,0,0,0.0,2025-06-06
11982,17,4909,1,1,1,83.83,2025-04-12
11983,28,4180,1,0,0,0.0,2026-06-02
11984,2,805,1,1,1,218.72,2026-07-15
11985,35,3431,1,1,1,129.76,2025-03-05
11986,37,4913,1,1,1,136.21,2026-07-23
11987,16,4910,1,0,1,123.21,2024-08-06
11988,37,2618,1,0,1,88.74,2024-09-19
11989,29,727,1,0,1,41.53,2025-01-07
11990,23,1779,1,0,1,200.48,2025-02-24
11991,10,3695,1,1,1,72.36,2025-05-05
11992,6,2172,1,1,1,88.31,2026-07-25
11993,25,2014,1,1,0,0.0,2025-03-15
11994,28,4314,1,0,0,0.0,2025-01-10
11995,14,1260,1,0,0,0.0,2025-05-01
11996,29,4364,1,1,0,0.0,2025-03-03
11997,25,4367,1,0,0,0.0,2024-12-14
11998,38,1162,1,1,0,0.0,2026-07-10
11999,11,4894,1,1,1,168.64,2025-06-18
12000,34,2461,1,0,0,0.0,2025-11-24
12001,8,1377,1,1,0,0.0,2025-06-05
12002,7,288,1,0,0,0.0,2026-04-23
12003,22,4180,1,1,1,147.44,2026-01-08
12004,21,4630,1,0,1,242.77,2025-11-19
12005,15,3892,1,1,0,0.0,2026-01-14
12006,32,4474,1,1,0,0.0,2025-01-18
12007,2,4689,1,0,0,0.0,2026-06-24
12008,1,3324,1,0,0,0.0,2026-04-14
12009,24,530,1,1,0,0.0,2025-01-14
12010,31,4401,1,1,1,83.0,2026-05-18
12011,25,4140,1,1,0,0.0,2024-11-08
12012,31,4583,1,0,1,29.56,2025-06-02
12013,27,682,1,1,1,24.48,2026-06-08
12014,4,3553,1,0,0,0.0,2026-03-02
12015,15,1095,1,1,1,197.52,2024-12-13
12016,27,165,1,0,1,244.98,2025-02-03
12017,1,1884,1,1,1,161.54,2025-06-15
12018,37,4328,1,0,1,218.85,2026-02-17
12019,13,1241,1,0,1,71.79,2025-07-23
12020,3,2286,1,1,1,99.37,2025-04-03
12021,33,425,1,1,0,0.0,2026-06-01
12022,3,3608,1,1,1,218.88,2024-08-25
12023,21,2167,1,1,0,0.0,2026-02-03
12024,38,4457,1,0,0,0.0,2026-03-28
12025,32,4834,1,0,0,0.0,2025-01-02
12026,34,338,1,1,0,0.0,2026-05-21
12027,22,2300,1,0,0,0.0,2025-01-04
12028,19,405,1,0,0,0.0,2024-11-21
12029,27,1934,1,0,0,0.0,2024-11-04
12030,19,1782,1,0,1,71.17,2025-01-28
12031,4,3708,1,1,1,13.38,2025-10-19
12032,1,4054,1,0,0,0.0,2026-06-23
12033,13,3525,1,1,1,46.4,2026-07-21
12034,16,328,1,1,1,235.49,2024-11-14
12035,17,1169,1,1,1,191.95,2025-01-06
12036,20,2520,1,1,0,0.0,2026-02-23
12037,35,2167,1,1,1,213.86,2025-01-22
12038,11,4282,1,1,0,0.0,2025-08-05
12039,22,4801,1,1,1,213.18,2024-10-07
12040,8,2897,1,0,1,181.92,2025-10-28
12041,26,3124,1,0,0,0.0,2025-05-18
12042,14,3366,1,1,0,0.0,2024-09-22
12043,39,1033,1,1,1,224.03,2026-08-02
12044,12,4592,1,0,0,0.0,2024-10-18
12045,22,4015,1,0,1,95.03,2026-01-14
12046,35,117,1,0,0,0.0,2026-01-20
12047,2,665,1,1,0,0.0,2025-02-08
12048,3,325,1,0,0,0.0,2025-09-07
12049,18,4610,1,0,0,0.0,2025-03-04
12050,20,249,1,0,1,123.29,2025-06-30
12051,17,4130,1,1,1,56.77,2025-09-04
12052,33,217,1,0,0,0.0,2026-07-08
12053,20,4893,1,1,1,212.29,2025-05-31
12054,8,1582,1,0,1,20.03,2026-06-18
12055,9,4434,1,1,0,0.0,2026-02-07
12056,21,3820,1,0,0,0.0,2025-06-27
12057,29,1763,1,1,1,235.73,2026-01-29
12058,38,197,1,1,1,222.89,2025-05-06
12059,23,229,1,1,0,0.0,2025-12-29
12060,1,3556,1,1,0,0.0,2026-01-26
12061,28,2674,1,0,1,83.68,2025-02-15
12062,27,3262,1,0,0,0.0,2025-09-10
12063,38,294,1,1,1,141.71,2025-11-12
12064,9,4753,1,0,1,112.81,2024-12-21
12065,25,3981,1,0,0,0.0,2025-09-08
12066,31,2886,1,0,0,0.0,2025-10-19
12067,5,2741,1,0,0,0.0,2025-02-13
12068,38,3123,1,0,0,0.0,2025-12-16
12069,28,4187,1,1,0,0.0,2026-03-05
12070,19,2106,1,0,0,0.0,2024-10-08
12071,20,3603,1,1,1,52.32,2025-04-02
12072,9,3222,1,0,1,159.97,2024-09-01
12073,11,4513,1,1,1,61.35,2025-12-09
12074,3,3437,1,1,1,213.86,2025-08-03
12075,20,4613,1,1,1,60.07,2024-08-11
12076,15,2681,1,0,0,0.0,2025-01-17
12077,6,3202,1,0,0,0.0,2025-10-14
12078,10,2222,1,0,0,0.0,2025-07-21
12079,20,1086,1,1,1,77.18,2025-02-28
12080,22,2959,1,1,0,0.0,2026-03-17
12081,15,3170,1,0,0,0.0,2026-02-02
12082,33,98,1,0,1,79.41,2025-01-15
12083,7,2404,1,0,0,0.0,2025-02-05
12084,31,2226,1,1,0,0.0,2026-07-21
12085,10,4017,1,0,1,150.79,2024-09-30
12086,14,3904,1,0,0,0.0,2025-06-20
12087,12,655,1,0,1,27.52,2024-11-12
12088,27,3573,1,1,0,0.0,2026-01-22
12089,12,2253,1,0,1,120.53,2025-01-14
12090,33,2613,1,1,0,0.0,2026-02-28
12091,6,825,1,1,1,110.72,2025-04-14
12092,13,430,1,1,0,0.0,2025-04-09
12093,18,4070,1,0,1,60.64,2024-09-15
12094,16,4488,1,0,0,0.0,2025-08-07
12095,3,232,1,1,0,0.0,2025-03-09
12096,13,3399,1,1,1,176.54,2024-08-19
12097,8,3352,1,1,0,0.0,2025-04-05
12098,13,2022,1,1,0,0.0,2026-02-18
12099,28,619,1,0,0,0.0,2024-11-09
12100,9,4600,1,0,1,29.52,2026-05-05
12101,10,1474,1,1,1,105.44,2026-02-20
12102,21,4890,1,0,1,107.66,2025-03-17
12103,38,91,1,1,0,0.0,2024-11-07
12104,5,3557,1,0,1,171.79,2025-11-12
12105,3,817,1,1,1,246.61,2024-09-30
12106,12,4696,1,1,0,0.0,2025-03-28
12107,24,1962,1,1,0,0.0,2025-03-27
12108,16,3010,1,0,1,23.54,2025-03-18
12109,15,820,1,0,0,0.0,2026-07-01
12110,37,4797,1,1,1,188.48,2025-10-13
12111,4,60,1,0,1,88.01,2026-06-22
12112,15,3512,1,0,0,0.0,2025-06-26
12113,24,1897,1,0,1,87.18,2025-05-21
12114,36,214,1,0,1,96.44,2026-01-08
12115,34,1539,1,1,0,0.0,2024-09-22
12116,37,3096,1,0,1,217.99,2025-12-13
12117,4,1501,1,1,0,0.0,2025-07-12
12118,24,3200,1,0,1,15.15,2024-10-30
12119,15,3291,1,1,0,0.0,2026-06-23
12120,13,1559,1,1,1,66.05,2025-12-26
12121,7,883,1,1,0,0.0,2024-09-02
12122,40,1170,1,0,0,0.0,2024-12-29
12123,6,3427,1,1,0,0.0,2025-01-18
12124,4,3163,1,0,0,0.0,2025-09-10
12125,39,2453,1,1,1,213.72,2024-09-04
12126,28,1614,1,0,1,115.17,2025-07-28
12127,37,491,1,0,1,31.76,2024-09-10
12128,33,1885,1,0,0,0.0,2025-07-23
12129,36,4630,1,1,1,172.42,2024-11-27
12130,33,3689,1,0,0,0.0,2026-08-01
12131,18,3938,1,1,0,0.0,2025-02-15
12132,12,1624,1,0,1,59.67,2026-07-29
12133,3,4382,1,0,0,0.0,2024-10-07
12134,3,1254,1,0,0,0.0,2026-04-27
12135,8,2525,1,0,1,107.26,2026-01-10
12136,6,3930,1,1,0,0.0,2025-09-22
12137,2,1002,1,0,0,0.0,2025-03-05
12138,37,4527,1,1,0,0.0,2026-04-05
12139,13,182,1,1,0,0.0,2026-04-11
12140,39,2201,1,0,1,47.82,2025-03-01
12141,18,4207,1,1,1,150.26,2024-10-01
12142,15,2101,1,0,1,20.88,2025-01-20
12143,28,3189,1,0,0,0.0,2025-01-07
12144,16,1386,1,0,0,0.0,2025-04-27
12145,6,3213,1,0,0,0.0,2024-10-08
12146,37,3896,1,1,0,0.0,2024-11-30
12147,22,2603,1,1,1,185.51,2025-11-14
12148,2,4687,1,1,0,0.0,2025-11-07
12149,18,4658,1,1,1,137.6,2025-02-25
12150,30,3709,1,0,1,101.26,2025-07-01
12151,23,3521,1,1,1,56.3,2025-01-17
12152,12,4265,1,1,1,214.29,2025-01-08
12153,37,2765,1,1,0,0.0,2025-01-27
12154,34,3266,1,1,0,0.0,2025-08-19
12155,26,4629,1,1,1,121.14,2025-11-29
12156,3,3286,1,0,0,0.0,2024-10-11
12157,18,1901,1,1,1,239.43,2024-10-16
12158,2,2072,1,1,1,176.04,2025-04-06
12159,6,4977,1,0,0,0.0,2024-09-18
12160,31,1102,1,1,1,103.11,2026-05-26
12161,34,253,1,1,0,0.0,2025-06-10
12162,34,369,1,0,0,0.0,2026-03-24
12163,23,1549,1,0,1,115.49,2025-09-25
12164,31,1162,1,1,1,106.02,2026-02-09
12165,32,4873,1,1,0,0.0,2025-11-22
12166,26,4738,1,0,0,0.0,2025-10-16
12167,1,3584,1,1,1,162.4,2025-04-03
12168,34,3221,1,1,1,30.63,2026-03-27
12169,40,4785,1,0,1,60.28,2025-10-06
12170,20,3959,1,0,0,0.0,2025-03-26
12171,22,2183,1,1,0,0.0,2025-03-18
12172,8,322,1,0,0,0.0,2025-02-25
12173,1,4478,1,1,0,0.0,2024-11-25
12174,25,95,1,1,0,0.0,2025-03-06
12175,24,986,1,0,1,162.28,2025-09-05
12176,1,803,1,1,0,0.0,2025-04-27
12177,21,472,1,0,1,248.52,2025-11-19
12178,20,3405,1,1,0,0.0,2025-01-24
12179,27,1748,1,1,0,0.0,2025-05-09
12180,28,1579,1,1,0,0.0,2026-01-05
12181,21,281,1,1,1,193.23,2026-01-15
12182,14,730,1,1,0,0.0,2026-07-02
12183,26,865,1,0,0,0.0,2026-02-05
12184,25,4299,1,1,1,14.36,2025-08-03
12185,25,732,1,0,1,136.33,2024-12-03
12186,15,1813,1,1,1,244.45,2025-09-06
12187,15,3383,1,1,1,236.42,2025-07-05
12188,17,3404,1,1,1,241.42,2026-03-28
12189,13,3636,1,1,0,0.0,2025-03-05
12190,26,3367,1,0,0,0.0,2026-05-03
12191,37,799,1,1,1,229.37,2026-06-21
12192,27,2132,1,0,0,0.0,2026-05-23
12193,29,4910,1,1,1,87.49,2025-06-15
12194,16,135,1,1,0,0.0,2026-02-16
12195,33,4521,1,1,1,225.44,2026-07-09
12196,38,1468,1,0,1,83.15,2026-04-27
12197,35,1857,1,0,1,15.99,2025-05-27
12198,38,590,1,0,0,0.0,2026-07-07
12199,32,3439,1,0,0,0.0,2026-01-12
12200,16,2767,1,0,1,26.62,2025-05-06
12201,34,3604,1,0,0,0.0,2025-06-26
12202,24,4857,1,0,1,61.34,2026-02-26
12203,13,2062,1,0,0,0.0,2026-01-26
12204,18,544,1,0,0,0.0,2025-01-15
12205,37,307,1,0,0,0.0,2026-01-03
12206,30,322,1,0,1,208.13,2025-10-11
12207,14,4347,1,1,1,227.06,2025-05-20
12208,40,162,1,1,0,0.0,2025-10-02
12209,28,1459,1,0,0,0.0,2026-01-17
12210,16,2319,1,0,0,0.0,2026-06-16
12211,5,4287,1,0,0,0.0,2024-09-28
12212,24,3312,1,0,0,0.0,2025-03-23
12213,38,2200,1,0,0,0.0,2024-08-25
12214,37,3455,1,1,0,0.0,2026-07-09
12215,26,2627,1,0,1,227.8,2025-02-25
12216,27,2965,1,0,0,0.0,2025-11-07
12217,39,1968,1,1,0,0.0,2026-02-20
12218,22,4094,1,0,1,13.54,2024-10-05
12219,25,1403,1,0,1,112.1,2025-08-03
12220,37,2977,1,1,1,61.2,2024-11-14
12221,2,4186,1,1,0,0.0,2025-08-14
12222,17,3938,1,1,0,0.0,2024-09-09
12223,13,1363,1,1,1,155.47,2025-01-23
12224,30,2979,1,1,0,0.0,2026-01-09
12225,16,707,1,0,1,203.08,2024-10-25
12226,21,1773,1,0,0,0.0,2026-07-01
12227,1,3109,1,0,0,0.0,2025-06-13
12228,3,735,1,0,1,240.97,2025-06-28
12229,1,3607,1,1,0,0.0,2024-12-11
12230,36,4922,1,1,1,151.5,2024-12-15
12231,20,3812,1,1,1,58.6,2025-11-13
12232,16,2808,1,1,0,0.0,2024-09-24
12233,16,2206,1,1,1,76.63,2024-08-12
12234,1,2722,1,0,0,0.0,2025-04-14
12235,23,1754,1,0,0,0.0,2026-01-08
12236,18,547,1,1,1,139.2,2026-07-11
12237,4,1018,1,1,1,114.76,2024-12-15
12238,32,66,1,1,0,0.0,2026-06-09
12239,13,2053,1,0,1,215.5,2024-12-30
12240,25,2735,1,0,1,240.1,2025-10-28
12241,36,4348,1,1,0,0.0,2026-04-20
12242,16,4631,1,1,0,0.0,2025-07-01
12243,14,4475,1,0,1,130.93,2024-10-31
12244,1,2632,1,0,0,0.0,2025-09-28
12245,17,4691,1,1,0,0.0,2024-09-27
12246,17,396,1,0,0,0.0,2024-09-11
12247,38,4728,1,1,1,41.26,2026-03-20
12248,32,1263,1,0,0,0.0,2025-09-17
12249,1,874,1,0,0,0.0,2024-11-13
12250,27,1458,1,0,0,0.0,2025-09-13
12251,5,4480,1,0,0,0.0,2026-07-04
12252,40,2901,1,1,0,0.0,2024-10-31
12253,37,2505,1,0,0,0.0,2025-05-16
12254,16,1655,1,1,1,233.84,2026-07-17
12255,26,2610,1,0,0,0.0,2026-01-14
12256,8,4187,1,0,0,0.0,2025-08-07
12257,22,2135,1,1,0,0.0,2026-07-19
12258,20,2730,1,1,0,0.0,2026-02-27
12259,1,1266,1,0,0,0.0,2024-10-14
12260,8,2154,1,1,1,106.42,2026-07-20
12261,12,3349,1,1,0,0.0,2025-06-20
12262,24,83,1,0,1,229.22,2026-06-14
12263,25,852,1,1,0,0.0,2025-01-27
12264,25,1731,1,1,1,162.92,2024-10-07
12265,31,1270,1,0,0,0.0,2026-01-03
12266,23,578,1,0,1,63.49,2026-04-20
12267,33,2748,1,0,1,38.66,2024-11-01
12268,27,2548,1,0,1,152.43,2024-09-21
12269,5,4968,1,0,0,0.0,2024-10-28
12270,15,1052,1,0,1,12.86,2025-12-03
12271,39,1376,1,1,1,210.54,2026-05-21
12272,34,792,1,0,0,0.0,2025-11-11
12273,12,1693,1,0,0,0.0,2025-06-04
12274,21,931,1,0,1,33.53,2024-11-21
12275,35,2903,1,1,1,243.49,2025-06-06
12276,16,497,1,0,1,148.89,2024-12-28
12277,6,3731,1,1,0,0.0,2025-03-31
12278,15,3039,1,1,0,0.0,2025-08-08
12279,28,2929,1,1,1,228.67,2026-07-05
12280,31,2261,1,0,0,0.0,2026-07-07
12281,39,4733,1,1,1,151.34,2026-06-13
12282,1,4265,1,1,0,0.0,2025-08-25
12283,18,1476,1,1,0,0.0,2026-05-23
12284,21,4534,1,1,1,129.33,2026-06-08
12285,28,4793,1,1,1,71.46,2025-05-11
12286,8,4636,1,0,0,0.0,2025-01-10
12287,6,4072,1,0,1,220.08,2026-06-09
12288,6,3628,1,1,0,0.0,2025-06-16
12289,2,773,1,1,0,0.0,2026-04-16
12290,36,1106,1,1,1,41.22,2024-09-14
12291,1,3099,1,1,0,0.0,2025-06-28
12292,23,939,1,0,0,0.0,2025-03-05
12293,14,482,1,1,0,0.0,2025-01-23
12294,2,1478,1,0,1,11.91,2024-08-15
12295,5,1608,1,0,1,167.58,2025-10-01
12296,28,4684,1,1,0,0.0,2025-09-22
12297,10,2686,1,1,1,40.02,2026-03-16
12298,6,690,1,0,0,0.0,2025-04-06
12299,2,1589,1,0,0,0.0,2026-07-02
12300,13,1800,1,1,1,77.47,2025-12-12
12301,28,2856,1,1,1,36.36,2026-02-18
12302,4,3274,1,1,0,0.0,2026-06-13
12303,32,4387,1,0,1,246.05,2025-02-25
12304,27,2421,1,0,1,77.93,2026-01-15
12305,10,2794,1,1,0,0.0,2026-07-25
12306,14,1823,1,1,1,243.39,2026-03-29
12307,13,2085,1,1,0,0.0,2025-12-26
12308,31,2095,1,0,1,248.99,2025-11-04
12309,32,2032,1,1,0,0.0,2025-09-04
12310,25,3262,1,1,0,0.0,2025-06-21
12311,32,1137,1,1,1,189.65,2025-06-14
12312,5,4369,1,0,1,25.12,2024-09-28
12313,1,1257,1,1,0,0.0,2026-05-15
12314,11,2841,1,1,0,0.0,2024-09-12
12315,38,1699,1,1,0,0.0,2026-03-19
12316,18,1674,1,0,0,0.0,2026-06-01
12317,28,692,1,0,0,0.0,2025-12-25
12318,20,2181,1,0,1,57.98,2025-12-29
12319,14,2769,1,1,0,0.0,2026-01-15
12320,10,1993,1,1,0,0.0,2026-06-07
12321,38,1280,1,1,0,0.0,2025-09-07
12322,37,1425,1,1,1,129.63,2025-09-05
12323,2,169,1,1,0,0.0,2025-11-09
12324,27,4109,1,0,0,0.0,2026-08-02
12325,33,2144,1,1,1,39.31,2025-10-18
12326,11,1042,1,0,0,0.0,2026-04-25
12327,27,4998,1,1,1,95.57,2025-04-30
12328,2,4049,1,1,1,140.03,2024-12-15
12329,24,2165,1,0,1,85.14,2024-10-11
12330,11,823,1,1,1,72.14,2024-11-02
12331,37,44,1,1,1,104.64,2026-02-02
12332,34,4609,1,0,0,0.0,2025-03-13
12333,13,3962,1,1,0,0.0,2026-01-14
12334,22,1217,1,0,1,243.16,2025-10-13
12335,16,1837,1,0,1,240.36,2026-05-18
12336,10,4942,1,1,0,0.0,2024-09-28
12337,40,2708,1,1,0,0.0,2025-02-10
12338,5,1305,1,0,0,0.0,2024-11-24
12339,35,1300,1,1,1,215.51,2025-08-11
12340,18,3853,1,0,1,151.72,2025-12-11
12341,11,229,1,0,1,73.87,2025-10-05
12342,15,898,1,1,0,0.0,2024-09-13
12343,11,521,1,0,0,0.0,2025-08-26
12344,2,1627,1,1,1,23.35,2026-01-29
12345,35,4571,1,0,1,218.48,2024-10-05
12346,38,5,1,0,1,178.7,2024-09-05
12347,15,397,1,1,0,0.0,2026-07-15
12348,35,352,1,0,0,0.0,2025-02-24
12349,24,3526,1,0,1,79.22,2025-06-22
12350,13,280,1,0,1,19.68,2024-08-07
12351,11,1269,1,0,0,0.0,2025-07-02
12352,9,3355,1,0,1,144.12,2025-05-24
12353,8,4206,1,0,0,0.0,2025-04-09
12354,34,1882,1,0,1,74.44,2026-07-22
12355,26,2278,1,0,1,87.43,2024-11-10
12356,24,3808,1,0,1,96.18,2025-10-22
12357,16,484,1,1,1,168.57,2025-03-20
12358,21,4674,1,0,1,201.75,2024-09-23
12359,12,2398,1,1,0,0.0,2026-07-13
12360,23,3157,1,0,0,0.0,2026-06-11
12361,9,2887,1,0,0,0.0,2025-08-31
12362,32,923,1,0,0,0.0,2025-12-28
12363,7,1991,1,0,1,248.04,2026-02-12
12364,23,2387,1,1,1,26.39,2026-01-17
12365,34,2145,1,1,1,245.2,2025-04-15
12366,31,1490,1,0,1,55.16,2025-08-05
12367,15,1465,1,1,1,218.06,2026-05-31
12368,1,1394,1,0,1,173.88,2025-08-23
12369,5,4463,1,0,0,0.0,2025-11-03
12370,20,4175,1,1,0,0.0,2025-09-03
12371,3,3191,1,0,0,0.0,2026-07-18
12372,21,678,1,1,1,197.88,2025-09-13
12373,27,1701,1,1,0,0.0,2025-01-17
12374,23,4618,1,1,0,0.0,2026-07-25
12375,3,4723,1,1,1,19.33,2025-10-15
12376,30,4010,1,1,1,30.28,2025-07-02
12377,27,1363,1,1,1,101.23,2024-12-26
12378,8,1593,1,0,0,0.0,2025-08-08
12379,24,1118,1,0,1,210.99,2025-01-22
12380,15,1114,1,0,1,210.18,2026-06-16
12381,15,2667,1,0,1,159.84,2025-08-14
12382,14,3499,1,1,0,0.0,2025-08-25
12383,8,949,1,1,0,0.0,2025-11-06
12384,40,1784,1,1,1,199.95,2024-08-11
12385,32,636,1,1,0,0.0,2025-06-11
12386,4,592,1,1,1,19.58,2025-07-01
12387,32,1403,1,1,0,0.0,2026-07-14
12388,20,1215,1,0,0,0.0,2024-09-04
12389,34,1900,1,1,0,0.0,2026-04-13
12390,1,3000,1,0,1,182.49,2025-03-12
12391,4,2198,1,1,0,0.0,2025-08-04
12392,2,2005,1,1,0,0.0,2025-08-11
12393,31,4165,1,1,0,0.0,2024-08-15
12394,1,3341,1,1,0,0.0,2025-09-24
12395,3,1215,1,1,1,26.62,2026-02-18
12396,39,2881,1,1,0,0.0,2025-11-25
12397,34,3117,1,0,1,50.04,2026-06-13
12398,24,1719,1,0,0,0.0,2026-06-23
12399,25,3866,1,0,0,0.0,2024-10-12
12400,18,3700,1,1,0,0.0,2024-12-06
12401,26,3504,1,0,0,0.0,2024-10-26
12402,20,2103,1,0,1,164.85,2025-06-22
12403,2,2965,1,0,1,140.98,2026-06-15
12404,25,1799,1,1,1,139.58,2025-03-29
12405,23,3330,1,0,1,48.9,2025-03-09
12406,28,2824,1,1,0,0.0,2024-10-07
12407,29,2781,1,0,0,0.0,2025-03-21
12408,5,4067,1,1,0,0.0,2025-10-28
12409,32,3375,1,0,0,0.0,2026-05-08
12410,17,4949,1,0,0,0.0,2025-01-03
12411,32,3931,1,1,0,0.0,2026-02-11
12412,22,3146,1,1,1,168.34,2025-11-26
12413,4,4338,1,1,1,98.26,2025-09-07
12414,7,3770,1,0,0,0.0,2025-01-20
12415,4,2063,1,1,0,0.0,2025-11-03
12416,30,4039,1,0,0,0.0,2026-02-09
12417,9,3124,1,1,1,234.24,2024-08-08
12418,30,1540,1,1,0,0.0,2026-01-24
12419,29,3335,1,0,1,57.47,2025-06-18
12420,22,4738,1,0,0,0.0,2025-12-18
12421,26,4995,1,1,1,24.43,2025-09-13
12422,13,1300,1,0,0,0.0,2025-11-03
12423,27,1998,1,0,0,0.0,2026-07-03
12424,16,4969,1,0,0,0.0,2024-11-29
12425,36,2285,1,0,0,0.0,2026-04-18
12426,8,3724,1,0,0,0.0,2025-01-06
12427,14,4993,1,0,0,0.0,2025-11-23
12428,5,986,1,0,1,224.69,2025-11-19
12429,23,2114,1,1,1,48.3,2024-09-07
12430,25,3657,1,0,1,183.16,2026-08-02
12431,34,2710,1,0,1,223.9,2025-03-12
12432,33,3754,1,0,1,142.27,2026-07-23
12433,17,783,1,0,1,116.9,2025-02-07
12434,28,1441,1,1,0,0.0,2026-05-03
12435,37,2143,1,0,1,77.16,2026-01-11
12436,40,3906,1,0,0,0.0,2024-10-04
12437,26,4486,1,0,0,0.0,2024-12-04
12438,33,4882,1,0,1,72.9,2024-11-09
12439,30,4245,1,0,0,0.0,2026-04-16
12440,7,1868,1,1,0,0.0,2025-02-26
12441,36,382,1,0,0,0.0,2026-05-05
12442,26,3247,1,1,0,0.0,2025-04-08
12443,32,2279,1,1,0,0.0,2025-01-19
12444,19,3447,1,1,1,104.25,2025-07-03
12445,31,3165,1,0,0,0.0,2025-03-13
12446,5,2623,1,1,0,0.0,2025-11-04
12447,19,2589,1,0,1,144.22,2025-02-14
12448,38,1057,1,0,0,0.0,2026-02-21
12449,10,4662,1,0,0,0.0,2024-08-31
12450,12,2541,1,0,1,173.15,2025-02-09
12451,28,667,1,1,0,0.0,2025-03-23
12452,32,1410,1,0,0,0.0,2025-04-23
12453,19,845,1,1,0,0.0,2025-09-07
12454,1,1383,1,1,0,0.0,2026-04-13
12455,12,4627,1,1,1,229.14,2025-07-03
12456,36,2534,1,0,0,0.0,2025-10-30
12457,22,4525,1,1,1,20.23,2024-10-09
12458,18,948,1,1,1,106.37,2025-03-18
12459,40,2594,1,0,1,210.6,2026-07-06
12460,14,4337,1,1,0,0.0,2026-04-23
12461,32,3381,1,0,1,247.71,2025-04-23
12462,18,3820,1,0,1,58.23,2026-05-25
12463,23,4849,1,0,0,0.0,2026-06-23
12464,18,3566,1,1,0,0.0,2026-05-29
12465,36,4917,1,1,0,0.0,2024-08-25
12466,25,4931,1,1,0,0.0,2026-02-18
12467,16,4351,1,0,0,0.0,2025-07-29
12468,12,4900,1,0,0,0.0,2025-08-02
12469,25,230,1,1,1,126.89,2025-11-07
12470,27,3260,1,0,1,133.02,2024-08-26
12471,22,2569,1,1,0,0.0,2025-03-17
12472,5,1427,1,0,1,143.63,2025-07-29
12473,24,1093,1,1,1,34.69,2024-12-04
12474,20,4575,1,1,0,0.0,2025-11-23
12475,7,3821,1,1,0,0.0,2026-05-21
12476,24,315,1,0,0,0.0,2026-05-11
12477,21,1834,1,0,1,234.76,2025-10-08
12478,30,1447,1,0,0,0.0,2024-08-16
12479,35,3574,1,0,1,195.22,2024-11-10
12480,17,2272,1,1,0,0.0,2026-07-18
12481,10,75,1,0,1,163.43,2025-07-21
12482,26,4080,1,1,0,0.0,2024-12-25
12483,17,2373,1,0,0,0.0,2025-01-16
12484,39,4172,1,1,1,217.5,2026-05-30
12485,19,850,1,1,1,119.9,2026-01-06
12486,22,3871,1,1,0,0.0,2026-04-15
12487,13,2323,1,0,0,0.0,2025-06-10
12488,15,2659,1,1,1,184.04,2025-06-18
12489,35,4295,1,0,0,0.0,2025-05-25
12490,21,1715,1,0,1,49.77,2025-01-25
12491,22,4598,1,1,1,12.69,2026-02-24
12492,36,517,1,1,1,172.28,2025-08-22
12493,14,2713,1,0,1,76.2,2025-11-07
12494,19,931,1,1,0,0.0,2026-05-09
12495,2,3330,1,1,0,0.0,2024-11-17
12496,17,1282,1,1,0,0.0,2025-06-14
12497,19,3841,1,1,1,172.39,2024-11-07
12498,24,171,1,0,1,181.58,2025-03-26
12499,30,2111,1,1,0,0.0,2024-08-09
12500,33,2108,1,1,1,246.52,2025-11-01
12501,17,2594,1,0,1,83.74,2025-09-04
12502,27,4190,1,1,0,0.0,2025-01-14
12503,32,3006,1,0,1,96.95,2026-05-01
12504,22,1809,1,0,0,0.0,2024-09-16
12505,18,2308,1,1,1,209.53,2025-12-15
12506,25,414,1,0,0,0.0,2026-07-21
12507,14,178,1,1,1,160.19,2025-06-16
12508,9,2072,1,1,1,141.1,2025-03-27
12509,30,3220,1,0,1,180.34,2024-11-07
12510,3,65,1,0,0,0.0,2025-03-01
12511,30,3318,1,1,1,46.69,2026-05-04
12512,22,1808,1,1,1,151.06,2025-01-22
12513,1,3073,1,1,1,113.47,2025-01-24
12514,37,890,1,1,1,193.82,2025-02-08
12515,3,2159,1,0,0,0.0,2025-08-14
12516,21,2866,1,1,1,124.2,2025-04-02
12517,18,4629,1,0,1,48.54,2025-11-11
12518,7,2792,1,1,1,19.54,2025-07-07
12519,20,4607,1,0,0,0.0,2024-11-14
12520,8,2222,1,0,1,94.42,2025-03-08
12521,39,2790,1,0,0,0.0,2026-02-21
12522,9,4127,1,1,1,93.6,2025-06-26
12523,1,2599,1,0,1,123.36,2025-10-24
12524,31,1189,1,1,0,0.0,2026-03-19
12525,4,4926,1,0,1,149.18,2025-06-13
12526,24,3860,1,1,0,0.0,2026-02-05
12527,22,878,1,0,1,105.66,2025-12-05
12528,9,4966,1,1,0,0.0,2026-04-11
12529,37,870,1,0,1,29.99,2024-09-27
12530,22,4455,1,0,0,0.0,2025-01-06
12531,26,1586,1,0,0,0.0,2025-02-13
12532,4,1714,1,0,0,0.0,2024-12-30
12533,38,884,1,1,0,0.0,2025-11-05
12534,26,3387,1,1,1,227.51,2026-05-31
12535,10,3983,1,0,1,217.35,2026-05-12
12536,37,1436,1,0,0,0.0,2026-07-16
12537,6,3341,1,0,1,237.33,2026-07-05
12538,24,1131,1,1,1,50.05,2025-08-27
12539,29,3683,1,1,0,0.0,2026-04-25
12540,10,3736,1,1,1,101.38,2025-01-29
12541,15,998,1,1,0,0.0,2025-11-23
12542,25,2354,1,0,0,0.0,2026-03-18
12543,13,709,1,0,0,0.0,2025-07-29
12544,33,4466,1,0,0,0.0,2026-02-03
12545,11,1176,1,0,0,0.0,2025-06-19
12546,13,1623,1,1,0,0.0,2024-10-18
12547,11,3780,1,0,0,0.0,2026-04-29
12548,4,4706,1,0,0,0.0,2025-08-20
12549,35,3645,1,1,0,0.0,2025-02-02
12550,1,4234,1,1,1,97.05,2025-01-04
12551,22,341,1,0,1,58.83,2024-10-04
12552,40,2651,1,0,0,0.0,2026-05-24
12553,20,2714,1,0,0,0.0,2025-01-23
12554,28,2296,1,1,1,246.92,2025-06-07
12555,26,1903,1,1,0,0.0,2026-04-04
12556,20,2100,1,1,0,0.0,2025-10-09
12557,32,4668,1,0,0,0.0,2025-10-28
12558,3,2490,1,0,0,0.0,2024-12-08
12559,38,4182,1,1,0,0.0,2025-12-26
12560,37,3396,1,1,1,214.37,2025-05-22
12561,28,3452,1,1,1,53.84,2026-07-04
12562,28,1689,1,1,1,100.68,2026-05-19
12563,31,3328,1,1,0,0.0,2026-04-21
12564,25,4185,1,0,0,0.0,2024-08-31
12565,27,1391,1,0,1,26.34,2026-08-04
12566,2,466,1,1,0,0.0,2026-01-23
12567,9,311,1,0,1,146.19,2026-06-02
12568,13,2548,1,1,1,119.78,2025-05-23
12569,32,2133,1,1,0,0.0,2025-04-06
12570,20,3299,1,0,1,108.55,2025-11-19
12571,34,1732,1,1,0,0.0,2026-06-13
12572,35,2617,1,0,1,181.58,2025-09-25
12573,14,2738,1,0,0,0.0,2024-08-21
12574,11,1622,1,1,1,139.55,2026-01-16
12575,35,4310,1,1,1,160.38,2025-03-19
12576,5,2468,1,0,1,232.59,2025-10-03
12577,4,2896,1,0,1,53.07,2024-09-16
12578,26,2635,1,1,0,0.0,2025-08-10
12579,17,4001,1,1,1,137.43,2024-08-28
12580,2,4459,1,1,0,0.0,2025-12-21
12581,25,1380,1,0,1,28.57,2025-06-07
12582,16,1470,1,1,0,0.0,2025-08-15
12583,20,310,1,1,1,125.23,2026-01-11
12584,23,4177,1,0,1,109.96,2026-05-23
12585,13,2802,1,0,0,0.0,2025-10-03
12586,5,3844,1,0,1,20.19,2025-11-09
12587,12,533,1,1,1,170.03,2024-08-07
12588,24,297,1,1,1,74.81,2026-06-28
12589,35,4639,1,1,0,0.0,2024-11-13
12590,18,269,1,0,0,0.0,2025-08-06
12591,2,3276,1,1,0,0.0,2026-06-08
12592,14,3253,1,1,1,107.84,2026-04-02
12593,31,1291,1,1,1,190.48,2024-08-13
12594,15,2934,1,1,0,0.0,2025-12-02
12595,3,4695,1,1,0,0.0,2025-10-23
12596,33,4078,1,1,0,0.0,2025-01-08
12597,14,4448,1,0,1,150.05,2025-02-08
12598,15,2311,1,0,0,0.0,2025-08-10
12599,31,279,1,1,0,0.0,2025-04-13
12600,19,4825,1,1,0,0.0,2025-10-01
12601,25,3394,1,0,1,20.7,2024-11-10
12602,29,705,1,0,1,16.72,2025-01-22
12603,14,2652,1,0,0,0.0,2024-09-10
12604,25,4977,1,0,0,0.0,2026-01-20
12605,4,3822,1,0,0,0.0,2025-03-26
12606,40,1508,1,0,1,127.22,2025-06-26
12607,8,3455,1,0,0,0.0,2025-07-26
12608,10,610,1,0,1,249.57,2025-01-14
12609,19,3117,1,0,1,161.23,2026-02-12
12610,31,2386,1,1,1,11.1,2025-01-02
12611,29,341,1,1,0,0.0,2025-07-04
12612,11,150,1,0,1,144.61,2025-05-19
12613,4,365,1,0,0,0.0,2026-03-18
12614,4,3567,1,1,1,142.57,2025-07-01
12615,34,728,1,0,0,0.0,2024-09-30
12616,2,122,1,1,0,0.0,2024-09-21
12617,29,1673,1,1,0,0.0,2025-10-06
12618,27,2372,1,1,0,0.0,2024-10-12
12619,33,2482,1,1,0,0.0,2026-07-09
12620,8,1273,1,1,0,0.0,2025-08-11
12621,12,1479,1,0,1,219.89,2025-03-31
12622,36,668,1,0,0,0.0,2025-07-19
12623,5,2047,1,0,0,0.0,2025-09-06
12624,10,1871,1,0,0,0.0,2025-10-10
12625,19,4438,1,0,0,0.0,2024-09-02
12626,40,2314,1,0,0,0.0,2025-12-22
12627,20,3383,1,1,0,0.0,2025-08-02
12628,4,1583,1,1,1,226.96,2025-04-06
12629,32,109,1,0,1,233.63,2025-09-08
12630,11,554,1,1,1,31.37,2024-10-03
12631,27,2858,1,0,0,0.0,2025-11-18
12632,35,1711,1,1,0,0.0,2025-10-25
12633,9,4887,1,1,0,0.0,2026-03-18
12634,9,2354,1,1,0,0.0,2025-10-26
12635,27,2812,1,0,1,109.86,2025-04-18
12636,37,4686,1,0,0,0.0,2026-03-11
12637,28,4771,1,0,0,0.0,2026-07-07
12638,32,2781,1,1,1,90.76,2025-03-11
12639,8,4062,1,0,0,0.0,2026-03-14
12640,30,3737,1,1,0,0.0,2025-12-13
12641,1,638,1,0,1,34.98,2024-12-30
12642,10,2401,1,0,0,0.0,2025-10-28
12643,22,4458,1,1,0,0.0,2026-04-02
12644,22,1139,1,0,0,0.0,2025-05-05
12645,10,4983,1,1,0,0.0,2025-04-26
12646,9,2886,1,0,1,114.6,2025-04-05
12647,14,561,1,0,1,58.48,2024-12-21
12648,14,3926,1,0,0,0.0,2025-10-19
12649,21,491,1,0,1,103.75,2025-12-23
12650,8,1760,1,0,0,0.0,2026-07-03
12651,16,4871,1,1,0,0.0,2025-10-05
12652,22,4533,1,0,1,146.03,2025-07-15
12653,16,4924,1,1,1,73.67,2024-08-13
12654,32,2570,1,1,0,0.0,2026-06-14
12655,12,1798,1,1,1,234.95,2025-06-04
12656,6,4877,1,1,1,81.43,2026-01-18
12657,35,3702,1,0,0,0.0,2025-10-10
12658,26,1884,1,1,1,28.99,2025-12-18
12659,21,2037,1,1,0,0.0,2025-07-13
12660,14,119,1,0,0,0.0,2026-01-11
12661,26,2838,1,0,1,196.41,2024-08-13
12662,36,4505,1,1,0,0.0,2025-08-21
12663,5,2912,1,1,1,67.11,2024-12-29
12664,34,1256,1,1,0,0.0,2024-12-26
12665,3,1183,1,0,0,0.0,2025-11-04
12666,14,799,1,0,0,0.0,2025-05-07
12667,6,1042,1,1,0,0.0,2026-02-28
12668,38,2643,1,1,0,0.0,2025-12-31
12669,32,3968,1,0,0,0.0,2025-07-16
12670,37,1776,1,1,0,0.0,2025-11-17
12671,35,1085,1,0,1,45.56,2026-03-22
12672,33,3536,1,0,1,54.15,2026-02-02
12673,17,1190,1,0,1,101.44,2025-10-17
12674,25,856,1,1,1,185.71,2025-02-12
12675,10,3072,1,0,1,144.62,2024-10-11
12676,32,3533,1,0,1,31.8,2024-12-21
12677,6,33,1,0,1,176.44,2025-02-07
12678,18,3127,1,1,1,135.59,2026-01-17
12679,12,2626,1,0,0,0.0,2024-09-18
12680,23,392,1,1,0,0.0,2025-10-18
12681,6,1679,1,1,1,234.77,2025-11-26
12682,36,4244,1,0,0,0.0,2025-09-29
12683,18,1923,1,0,0,0.0,2025-10-12
12684,10,1980,1,0,1,63.8,2025-02-11
12685,15,1231,1,0,1,81.6,2025-02-21
12686,31,1354,1,0,0,0.0,2024-11-15
12687,17,2623,1,0,1,220.91,2026-02-21
12688,17,3545,1,0,1,146.18,2026-01-26
12689,39,2367,1,1,0,0.0,2025-08-11
12690,30,390,1,0,0,0.0,2026-04-21
12691,32,88,1,1,0,0.0,2026-01-05
12692,3,4854,1,0,1,202.59,2026-05-23
12693,27,555,1,0,1,21.75,2026-05-08
12694,9,275,1,1,1,163.08,2024-11-08
12695,8,420,1,0,0,0.0,2025-04-20
12696,12,4986,1,0,1,16.69,2026-05-13
12697,7,3617,1,0,1,89.76,2025-04-11
12698,29,3454,1,1,0,0.0,2026-05-08
12699,2,435,1,0,0,0.0,2025-10-19
12700,23,3694,1,0,1,136.69,2025-12-09
12701,12,4265,1,0,0,0.0,2025-12-31
12702,21,1690,1,0,0,0.0,2025-05-04
12703,19,1471,1,1,0,0.0,2026-02-16
12704,1,4713,1,0,0,0.0,2026-02-21
12705,22,4852,1,0,0,0.0,2024-10-19
12706,19,520,1,0,1,202.99,2025-10-03
12707,12,3155,1,0,0,0.0,2025-05-08
12708,1,795,1,1,1,41.91,2025-01-07
12709,14,177,1,1,0,0.0,2024-08-25
12710,38,1592,1,1,0,0.0,2025-09-09
12711,21,2619,1,0,0,0.0,2024-10-10
12712,25,2079,1,0,0,0.0,2025-07-05
12713,27,658,1,1,0,0.0,2025-01-07
12714,14,3191,1,1,1,173.18,2025-06-03
12715,20,2713,1,1,1,42.88,2025-10-29
12716,16,3690,1,1,0,0.0,2025-11-01
12717,14,1112,1,0,0,0.0,2025-10-20
12718,28,3301,1,1,1,117.71,2024-11-19
12719,31,145,1,1,0,0.0,2025-04-11
12720,35,3665,1,1,1,21.27,2025-03-26
12721,9,346,1,1,1,160.82,2026-06-05
12722,4,691,1,1,0,0.0,2026-05-30
12723,11,1319,1,0,0,0.0,2024-10-15
12724,18,457,1,0,0,0.0,2025-08-11
12725,4,1760,1,1,0,0.0,2025-12-06
12726,36,3081,1,0,1,32.52,2025-01-15
12727,40,522,1,1,1,191.24,2026-06-05
12728,39,1405,1,0,0,0.0,2026-08-03
12729,19,4579,1,1,1,36.17,2025-10-03
12730,1,155,1,1,0,0.0,2025-08-05
12731,3,2477,1,1,1,25.83,2025-08-30
12732,26,905,1,0,1,239.18,2026-06-19
12733,34,2121,1,0,1,218.28,2025-03-01
12734,17,1965,1,0,0,0.0,2025-05-21
12735,7,951,1,1,1,233.04,2026-04-21
12736,33,2200,1,1,1,40.95,2024-11-03
12737,27,3881,1,1,0,0.0,2025-10-09
12738,7,3674,1,1,0,0.0,2026-05-21
12739,29,2990,1,0,1,151.65,2024-09-22
12740,13,225,1,0,0,0.0,2025-11-25
12741,40,1828,1,1,1,238.76,2025-01-21
12742,9,4575,1,0,0,0.0,2026-05-03
12743,24,2585,1,1,0,0.0,2024-08-09
12744,35,2144,1,0,0,0.0,2025-01-23
12745,21,4616,1,1,1,17.51,2025-10-27
12746,16,382,1,0,0,0.0,2026-05-19
12747,29,3212,1,0,1,231.31,2025-02-22
12748,29,1297,1,1,0,0.0,2026-03-26
12749,35,78,1,1,0,0.0,2024-08-05
12750,36,3301,1,1,1,91.65,2025-06-22
12751,39,4651,1,0,1,62.16,2024-11-24
12752,33,449,1,1,1,101.61,2025-05-31
12753,21,3991,1,0,1,89.68,2025-10-11
12754,31,220,1,1,1,109.42,2025-09-02
12755,12,2447,1,0,0,0.0,2024-10-25
12756,35,1703,1,0,1,47.66,2026-03-11
12757,39,1316,1,0,1,95.59,2025-11-20
12758,24,793,1,0,1,201.05,2025-09-12
12759,12,4060,1,0,0,0.0,2025-01-23
12760,34,4502,1,1,0,0.0,2025-01-25
12761,22,1245,1,0,0,0.0,2025-08-30
12762,3,2005,1,1,0,0.0,2024-11-06
12763,38,2684,1,1,0,0.0,2025-10-16
12764,32,4697,1,1,0,0.0,2025-08-18
12765,37,3846,1,1,1,156.77,2025-02-25
12766,15,1551,1,1,0,0.0,2025-03-06
12767,39,4019,1,1,0,0.0,2024-12-15
12768,17,4946,1,1,0,0.0,2026-03-31
12769,25,3984,1,1,1,166.48,2024-10-29
12770,14,1811,1,0,0,0.0,2026-02-14
12771,1,1508,1,1,0,0.0,2025-03-13
12772,35,2634,1,0,0,0.0,2025-04-14
12773,24,4439,1,0,0,0.0,2024-11-10
12774,36,2055,1,0,0,0.0,2025-07-28
12775,30,166,1,1,1,75.64,2025-02-12
12776,16,1598,1,1,0,0.0,2025-11-03
12777,28,3750,1,1,1,128.66,2025-05-26
12778,26,4261,1,1,1,245.08,2025-06-23
12779,36,1567,1,1,0,0.0,2026-04-28
12780,37,3756,1,1,0,0.0,2026-04-10
12781,13,2735,1,1,0,0.0,2025-09-04
12782,32,2544,1,0,1,165.17,2025-07-15
12783,11,1905,1,1,1,119.49,2026-03-02
12784,38,2785,1,0,1,212.57,2026-01-20
12785,17,851,1,1,1,67.12,2025-06-27
12786,16,3634,1,1,1,15.02,2025-01-09
12787,30,3558,1,0,1,183.41,2025-05-15
12788,7,161,1,1,0,0.0,2025-12-10
12789,21,3381,1,0,1,57.23,2024-12-05
12790,32,4764,1,1,1,34.5,2026-04-14
12791,8,2073,1,1,0,0.0,2025-09-11
12792,12,2761,1,0,0,0.0,2025-03-09
12793,9,3852,1,1,0,0.0,2025-11-19
12794,32,1663,1,1,1,122.07,2026-07-18
12795,33,1750,1,1,1,209.84,2026-06-15
12796,38,2256,1,0,1,40.17,2025-09-02
12797,12,4956,1,1,1,99.44,2024-09-24
12798,31,1182,1,1,1,134.29,2024-09-25
12799,8,2606,1,0,0,0.0,2024-09-09
12800,20,2783,1,0,1,134.02,2025-08-27
12801,4,4589,1,1,0,0.0,2026-05-12
12802,11,972,1,1,0,0.0,2025-10-03
12803,8,2002,1,1,1,72.93,2025-02-11
12804,21,3889,1,0,0,0.0,2025-12-09
12805,39,4628,1,1,0,0.0,2026-03-03
12806,36,2313,1,1,0,0.0,2025-12-06
12807,14,1377,1,1,0,0.0,2025-10-30
12808,36,3191,1,1,1,154.3,2026-03-06
12809,38,2292,1,0,0,0.0,2024-12-19
12810,23,1834,1,1,0,0.0,2025-01-26
12811,19,2000,1,0,1,47.32,2026-05-24
12812,10,3510,1,1,1,142.26,2024-12-12
12813,7,2852,1,0,0,0.0,2025-04-13
12814,23,2310,1,0,1,72.46,2026-07-12
12815,11,523,1,0,0,0.0,2025-04-24
12816,21,1426,1,1,1,93.95,2025-02-27
12817,26,69,1,0,1,76.0,2026-03-24
12818,9,2602,1,0,0,0.0,2024-09-10
12819,6,1562,1,0,0,0.0,2026-04-12
12820,7,2453,1,1,0,0.0,2025-02-16
12821,4,371,1,1,1,242.67,2024-12-29
12822,28,2490,1,0,0,0.0,2024-09-01
12823,16,4196,1,0,0,0.0,2024-12-19
12824,40,1384,1,0,0,0.0,2025-03-06
12825,7,3982,1,1,0,0.0,2026-05-23
12826,36,2372,1,1,0,0.0,2024-09-28
12827,13,877,1,0,1,63.96,2026-03-23
12828,27,3388,1,1,1,71.81,2025-03-05
12829,19,4349,1,1,1,163.01,2025-03-06
12830,5,2514,1,0,0,0.0,2024-09-04
12831,26,375,1,1,0,0.0,2026-06-23
12832,28,2151,1,1,1,110.87,2025-07-22
12833,40,2264,1,0,0,0.0,2025-05-01
12834,36,2223,1,0,0,0.0,2024-12-13
12835,24,4645,1,0,0,0.0,2026-05-11
12836,36,2603,1,1,0,0.0,2026-03-14
12837,12,2814,1,0,1,16.39,2026-06-19
12838,25,3763,1,1,0,0.0,2025-04-29
12839,8,1188,1,1,0,0.0,2026-05-30
12840,24,2815,1,0,0,0.0,2025-01-10
12841,40,4865,1,1,1,91.26,2026-05-15
12842,15,1586,1,1,0,0.0,2026-03-10
12843,11,4794,1,0,1,44.5,2025-05-28
12844,25,4163,1,0,0,0.0,2025-03-03
12845,22,4458,1,0,1,185.04,2025-08-10
12846,6,422,1,0,0,0.0,2024-12-02
12847,9,112,1,0,1,41.56,2026-03-02
12848,16,4816,1,1,1,233.28,2025-09-13
12849,20,1286,1,1,1,80.48,2026-07-14
12850,4,2277,1,1,0,0.0,2025-03-11
12851,31,4128,1,1,0,0.0,2026-05-29
12852,9,1967,1,0,0,0.0,2025-03-08
12853,8,236,1,1,0,0.0,2024-08-28
12854,34,2665,1,1,1,40.17,2024-10-21
12855,39,289,1,0,1,110.2,2025-04-16
12856,31,4510,1,1,0,0.0,2025-09-10
12857,32,1804,1,0,1,91.21,2025-09-16
12858,10,3134,1,1,0,0.0,2024-08-23
12859,32,4118,1,1,1,41.88,2025-11-06
12860,18,2818,1,0,1,164.17,2026-03-23
12861,32,2136,1,1,1,175.58,2025-01-22
12862,39,2633,1,0,1,206.9,2024-08-14
12863,34,1200,1,0,0,0.0,2025-02-28
12864,3,519,1,1,0,0.0,2024-10-26
12865,10,2870,1,0,0,0.0,2025-05-04
12866,26,1983,1,1,1,221.15,2026-07-16
12867,24,2032,1,0,1,32.4,2025-10-15
12868,14,2091,1,0,1,50.61,2025-01-08
12869,7,1404,1,1,1,53.38,2025-12-01
12870,38,2580,1,1,1,42.98,2026-02-02
12871,21,745,1,0,0,0.0,2026-01-31
12872,23,2626,1,1,0,0.0,2025-10-15
12873,5,2054,1,1,1,245.99,2026-07-22
12874,16,358,1,1,0,0.0,2025-02-04
12875,4,4880,1,0,0,0.0,2025-03-14
12876,28,574,1,1,0,0.0,2026-05-20
12877,3,4510,1,0,0,0.0,2024-10-29
12878,19,2383,1,1,0,0.0,2025-02-25
12879,28,4102,1,0,0,0.0,2025-08-21
12880,23,1592,1,1,0,0.0,2025-05-04
12881,16,3502,1,1,0,0.0,2026-04-06
12882,32,1925,1,0,1,193.78,2025-09-10
12883,1,2646,1,1,0,0.0,2026-07-23
12884,36,1350,1,1,0,0.0,2025-08-28
12885,40,2985,1,1,0,0.0,2025-06-05
12886,3,1221,1,0,1,94.82,2025-03-22
12887,31,3512,1,1,1,227.57,2025-10-01
12888,18,3592,1,0,1,180.41,2025-08-25
12889,32,2280,1,0,0,0.0,2026-07-15
12890,37,2375,1,0,0,0.0,2026-08-02
12891,38,1020,1,1,0,0.0,2025-08-19
12892,26,1621,1,1,1,105.82,2025-09-24
12893,6,3010,1,1,0,0.0,2025-04-18
12894,13,70,1,0,1,206.88,2025-04-26
12895,15,1393,1,0,0,0.0,2026-08-01
12896,1,2395,1,1,0,0.0,2026-03-12
12897,27,4255,1,0,1,191.13,2025-01-01
12898,26,1078,1,1,0,0.0,2025-07-27
12899,36,2765,1,1,1,186.12,2025-03-19
12900,18,313,1,0,0,0.0,2024-10-17
12901,5,1926,1,1,1,141.57,2024-10-11
12902,17,1770,1,0,0,0.0,2026-05-15
12903,9,3951,1,0,1,201.19,2026-01-19
12904,27,1171,1,0,0,0.0,2024-09-01
12905,37,1891,1,1,0,0.0,2024-12-01
12906,36,4973,1,1,0,0.0,2025-08-24
12907,2,4213,1,1,0,0.0,2025-12-03
12908,31,1625,1,0,0,0.0,2026-03-25
12909,9,4795,1,0,0,0.0,2025-02-12
12910,28,2133,1,1,0,0.0,2026-07-23
12911,15,3340,1,0,0,0.0,2026-07-15
12912,29,1836,1,0,1,170.78,2026-03-01
12913,30,1425,1,0,0,0.0,2024-10-29
12914,11,2026,1,0,1,83.71,2025-09-05
12915,27,412,1,0,0,0.0,2026-07-30
12916,17,792,1,0,0,0.0,2026-06-28
12917,39,1972,1,1,0,0.0,2025-04-14
12918,10,1085,1,1,1,228.11,2025-10-30
12919,1,1294,1,0,0,0.0,2024-08-08
12920,36,963,1,0,1,162.23,2024-12-01
12921,33,4253,1,1,1,13.79,2025-10-10
12922,14,2159,1,0,1,83.58,2026-07-17
12923,11,3559,1,1,1,143.2,2025-01-16
12924,36,1007,1,0,1,67.97,2025-09-14
12925,11,2917,1,1,1,89.35,2026-01-05
12926,27,1437,1,1,0,0.0,2025-12-03
12927,21,1898,1,1,1,24.42,2024-12-10
12928,10,3694,1,0,0,0.0,2026-05-19
12929,27,4051,1,1,0,0.0,2024-10-06
12930,15,1017,1,1,1,187.12,2025-05-20
12931,29,1402,1,0,1,112.5,2026-06-04
12932,37,4022,1,0,0,0.0,2024-12-01
12933,11,4106,1,1,1,226.12,2025-12-12
12934,14,3678,1,0,1,131.78,2025-07-30
12935,35,1448,1,0,0,0.0,2025-08-23
12936,16,4929,1,1,1,72.95,2026-02-08
12937,22,188,1,0,0,0.0,2025-09-28
12938,21,2138,1,0,0,0.0,2025-05-14
12939,27,3893,1,0,1,182.89,2025-09-21
12940,37,4249,1,1,0,0.0,2025-10-16
12941,20,1560,1,1,0,0.0,2025-11-18
12942,25,3730,1,0,0,0.0,2026-05-23
12943,39,1686,1,0,1,188.69,2024-12-28
12944,34,3,1,1,1,80.11,2025-02-10
12945,4,4881,1,0,0,0.0,2025-07-22
12946,30,3961,1,0,0,0.0,2025-03-27
12947,5,2172,1,0,0,0.0,2024-08-07
12948,3,1279,1,1,1,215.93,2025-10-16
12949,5,704,1,1,0,0.0,2025-03-16
12950,38,3507,1,1,0,0.0,2024-12-03
12951,7,4309,1,1,1,35.84,2026-02-13
12952,19,160,1,0,0,0.0,2025-06-25
12953,5,4384,1,1,0,0.0,2024-09-02
12954,35,3444,1,1,0,0.0,2024-12-06
12955,16,181,1,0,1,208.39,2026-03-29
12956,23,4115,1,0,0,0.0,2024-09-23
12957,9,1500,1,1,1,71.91,2026-07-24
12958,34,2970,1,0,0,0.0,2024-12-18
12959,23,3855,1,1,0,0.0,2025-06-30
12960,8,4032,1,1,0,0.0,2025-01-18
12961,2,250,1,0,0,0.0,2024-09-05
12962,39,4613,1,0,0,0.0,2024-09-18
12963,4,1575,1,1,0,0.0,2026-03-21
12964,27,3757,1,0,1,156.46,2025-10-02
12965,26,4822,1,1,0,0.0,2024-10-17
12966,16,1413,1,1,0,0.0,2025-10-11
12967,30,369,1,1,0,0.0,2024-08-04
12968,4,3069,1,1,1,90.28,2025-07-21
12969,29,4824,1,1,1,68.69,2025-03-05
12970,22,757,1,0,1,39.5,2025-05-12
12971,27,2469,1,1,0,0.0,2026-07-04
12972,30,3149,1,0,1,128.37,2026-03-27
12973,6,1404,1,1,0,0.0,2025-04-26
12974,30,1634,1,0,0,0.0,2026-05-05
12975,14,3602,1,1,1,208.45,2026-01-06
12976,25,568,1,0,1,84.28,2026-07-23
12977,20,592,1,0,0,0.0,2024-09-02
12978,25,3394,1,0,0,0.0,2025-08-22
12979,4,1432,1,0,0,0.0,2025-07-04
12980,23,2415,1,1,1,241.14,2026-01-01
12981,37,3563,1,0,0,0.0,2026-01-08
12982,21,3944,1,0,1,158.78,2025-09-23
12983,30,2128,1,1,1,101.63,2025-12-14
12984,25,4450,1,1,0,0.0,2025-03-15
12985,29,4900,1,1,0,0.0,2025-06-12
12986,21,4169,1,0,1,54.72,2025-08-21
12987,6,68,1,1,1,98.1,2025-01-24
12988,37,295,1,1,0,0.0,2025-07-29
12989,8,82,1,0,0,0.0,2026-05-10
12990,20,2315,1,1,0,0.0,2025-08-06
12991,11,667,1,0,0,0.0,2026-07-10
12992,5,3589,1,0,0,0.0,2026-07-11
12993,25,2382,1,1,0,0.0,2025-02-06
12994,29,3150,1,0,0,0.0,2025-06-02
12995,15,2347,1,1,1,116.92,2026-06-28
12996,5,4234,1,0,1,75.01,2024-08-30
12997,39,1034,1,1,0,0.0,2026-07-02
12998,12,334,1,0,0,0.0,2026-02-21
12999,30,3727,1,0,0,0.0,2024-09-28
13000,2,2866,1,1,0,0.0,2025-09-16
13001,19,654,1,1,0,0.0,2025-04-06
13002,18,2979,1,0,1,154.32,2025-12-04
13003,31,433,1,1,0,0.0,2024-11-20
13004,24,131,1,0,0,0.0,2024-09-20
13005,38,4830,1,0,1,94.0,2025-08-25
13006,8,4047,1,1,1,180.17,2025-12-23
13007,21,2452,1,1,1,242.6,2025-09-17
13008,9,3201,1,1,1,84.2,2025-02-24
13009,22,659,1,1,0,0.0,2025-08-15
13010,35,4255,1,1,0,0.0,2025-07-30
13011,4,2618,1,1,1,38.7,2026-04-04
13012,11,2252,1,1,0,0.0,2024-10-30
13013,21,3360,1,1,0,0.0,2024-09-08
13014,15,3823,1,1,1,149.67,2024-11-15
13015,29,2833,1,0,1,244.48,2025-11-19
13016,28,1974,1,0,1,204.47,2025-03-23
13017,32,4331,1,1,1,14.14,2026-04-10
13018,21,2415,1,1,0,0.0,2024-09-28
13019,10,2362,1,1,1,24.02,2026-01-23
13020,9,2871,1,0,1,103.01,2025-02-07
13021,1,3723,1,1,0,0.0,2026-03-30
13022,2,4121,1,0,0,0.0,2026-04-10
13023,16,1486,1,0,1,108.41,2024-09-16
13024,28,2279,1,1,1,216.96,2024-09-30
13025,4,609,1,1,1,37.35,2026-05-29
13026,40,2934,1,1,1,28.35,2024-12-02
13027,1,4406,1,0,1,49.05,2024-10-24
13028,40,3589,1,1,1,75.45,2026-01-14
13029,23,2639,1,0,1,59.12,2025-04-05
13030,9,3455,1,1,1,165.23,2025-03-05
13031,1,3427,1,0,0,0.0,2026-02-11
13032,33,4765,1,1,1,216.14,2026-04-29
13033,26,410,1,0,1,190.65,2025-11-24
13034,19,1412,1,0,0,0.0,2026-07-09
13035,36,4226,1,0,0,0.0,2025-01-05
13036,32,4900,1,1,0,0.0,2026-02-21
13037,16,3282,1,0,1,227.73,2025-11-16
13038,40,4206,1,1,1,192.91,2025-12-24
13039,17,45,1,1,0,0.0,2026-07-05
13040,4,2156,1,0,0,0.0,2025-11-21
13041,31,3147,1,0,0,0.0,2025-10-22
13042,32,1317,1,1,1,36.19,2025-10-28
13043,16,2540,1,1,1,231.27,2026-07-28
13044,5,949,1,0,0,0.0,2025-06-09
13045,14,484,1,1,1,236.18,2026-04-18
13046,20,4811,1,0,1,58.5,2026-05-31
13047,5,2825,1,1,1,179.73,2025-05-04
13048,30,614,1,1,1,231.25,2025-04-16
13049,32,484,1,0,1,113.8,2025-10-24
13050,36,2430,1,0,1,20.34,2025-05-26
13051,37,883,1,0,1,120.32,2025-01-29
13052,10,4377,1,0,0,0.0,2025-09-29
13053,39,1172,1,1,0,0.0,2024-10-18
13054,9,4874,1,0,0,0.0,2025-02-05
13055,28,1835,1,0,1,213.98,2026-01-31
13056,31,2914,1,0,0,0.0,2025-07-18
13057,17,1664,1,0,0,0.0,2024-12-16
13058,31,2371,1,1,0,0.0,2025-09-11
13059,27,4713,1,0,0,0.0,2024-09-11
13060,22,3292,1,1,1,130.38,2026-06-09
13061,29,3225,1,1,0,0.0,2025-12-22
13062,37,686,1,0,0,0.0,2025-08-31
13063,29,4851,1,1,0,0.0,2024-12-08
13064,5,328,1,0,0,0.0,2024-11-22
13065,15,598,1,0,1,91.57,2026-05-24
13066,13,3480,1,0,1,205.21,2025-11-15
13067,11,4404,1,0,1,118.42,2025-05-01
13068,24,2247,1,0,0,0.0,2025-01-01
13069,24,1142,1,0,0,0.0,2025-09-04
13070,5,1961,1,0,0,0.0,2025-11-17
13071,14,99,1,1,0,0.0,2024-08-27
13072,18,4629,1,0,1,177.83,2024-09-09
13073,40,229,1,0,0,0.0,2024-10-20
13074,2,2469,1,1,0,0.0,2025-12-18
13075,8,2636,1,0,1,242.73,2025-05-27
13076,11,1218,1,1,1,48.59,2026-01-26
13077,23,2706,1,0,0,0.0,2025-04-25
13078,40,289,1,1,0,0.0,2025-05-09
13079,31,4072,1,1,1,12.63,2025-10-10
13080,8,4383,1,0,0,0.0,2026-06-02
13081,13,4709,1,1,0,0.0,2026-07-11
13082,38,3291,1,0,1,49.45,2025-02-22
13083,13,446,1,0,1,101.95,2025-09-16
13084,29,362,1,0,0,0.0,2025-02-18
13085,20,529,1,0,1,222.06,2024-09-09
13086,28,380,1,1,0,0.0,2024-10-30
13087,9,4582,1,0,1,185.13,2025-05-21
13088,33,959,1,0,0,0.0,2025-07-02
13089,33,1131,1,0,1,96.7,2024-12-02
13090,33,3528,1,0,0,0.0,2024-11-26
13091,11,2193,1,0,1,218.79,2024-12-02
13092,14,675,1,0,0,0.0,2026-02-08
13093,3,4367,1,0,1,96.91,2024-12-10
13094,23,325,1,1,1,105.59,2024-12-28
13095,40,15,1,1,0,0.0,2026-07-14
13096,15,1401,1,0,1,11.74,2025-01-11
13097,34,1111,1,0,0,0.0,2025-05-25
13098,22,4301,1,0,0,0.0,2024-11-15
13099,9,4123,1,1,0,0.0,2024-11-28
13100,36,2662,1,0,0,0.0,2026-03-08
13101,18,3807,1,1,1,165.4,2025-06-03
13102,18,3298,1,1,1,159.67,2025-05-07
13103,22,2957,1,1,1,151.02,2024-08-06
13104,10,2290,1,1,0,0.0,2025-09-04
13105,4,3814,1,0,1,20.34,2025-03-09
13106,25,4800,1,1,1,153.79,2025-07-09
13107,25,3318,1,0,1,172.42,2025-01-18
13108,19,350,1,1,0,0.0,2025-04-13
13109,14,121,1,1,0,0.0,2024-10-28
13110,3,2382,1,1,1,128.6,2024-08-15
13111,36,3912,1,0,1,150.11,2025-09-07
13112,2,808,1,1,0,0.0,2024-08-05
13113,36,156,1,1,0,0.0,2025-03-26
13114,17,1341,1,1,1,92.05,2025-03-19
13115,38,114,1,0,0,0.0,2025-02-05
13116,33,4044,1,1,1,43.33,2025-02-14
13117,36,2575,1,0,1,89.47,2025-04-04
13118,2,4512,1,1,1,127.74,2025-01-05
13119,3,349,1,1,0,0.0,2026-01-29
13120,36,4246,1,0,0,0.0,2024-11-18
13121,10,2300,1,0,1,162.59,2026-05-23
13122,30,767,1,0,0,0.0,2025-02-21
13123,15,434,1,0,0,0.0,2025-06-30
13124,7,4574,1,0,0,0.0,2024-08-10
13125,8,257,1,0,1,155.86,2026-04-08
13126,38,3468,1,0,1,190.56,2025-12-06
13127,15,4204,1,1,0,0.0,2026-06-13
13128,1,1743,1,0,1,68.14,2025-01-21
13129,39,3414,1,0,0,0.0,2026-07-19
13130,34,2843,1,0,0,0.0,2026-03-09
13131,31,1864,1,0,0,0.0,2024-11-20
13132,38,227,1,1,1,243.53,2024-11-03
13133,4,2328,1,0,0,0.0,2025-07-15
13134,36,4524,1,0,1,18.98,2025-09-20
13135,19,3995,1,1,1,116.18,2025-05-15
13136,32,1561,1,0,0,0.0,2024-09-24
13137,11,21,1,0,0,0.0,2026-07-04
13138,4,4748,1,0,0,0.0,2025-05-23
13139,27,4212,1,0,1,149.27,2026-03-26
13140,17,316,1,1,1,152.83,2025-04-28
13141,17,4739,1,0,0,0.0,2026-07-21
13142,9,719,1,0,0,0.0,2025-12-22
13143,39,2851,1,0,0,0.0,2024-12-14
13144,39,2514,1,0,0,0.0,2025-04-03
13145,1,4360,1,0,0,0.0,2025-05-19
13146,28,1831,1,1,0,0.0,2026-08-01
13147,34,980,1,0,0,0.0,2025-07-08
13148,22,669,1,1,0,0.0,2025-01-31
13149,11,2397,1,1,1,146.8,2024-12-25
13150,9,933,1,1,1,24.26,2026-05-23
13151,38,4185,1,0,0,0.0,2025-02-23
13152,28,4288,1,0,0,0.0,2025-12-17
13153,14,31,1,0,1,131.87,2025-04-16
13154,17,4533,1,0,0,0.0,2025-09-01
13155,19,126,1,1,1,187.02,2026-02-26
13156,29,903,1,0,0,0.0,2026-06-22
13157,33,38,1,0,0,0.0,2025-01-08
13158,5,4371,1,0,0,0.0,2024-08-16
13159,29,1382,1,1,0,0.0,2024-08-07
13160,11,526,1,0,0,0.0,2025-10-27
13161,12,3104,1,1,1,162.52,2026-06-16
13162,11,2534,1,0,0,0.0,2025-10-15
13163,13,693,1,0,0,0.0,2024-08-26
13164,11,3434,1,0,1,121.22,2024-12-09
13165,21,792,1,0,0,0.0,2024-09-14
13166,23,2181,1,0,0,0.0,2025-07-06
13167,33,3984,1,0,0,0.0,2025-10-24
13168,21,661,1,1,1,149.15,2025-01-12
13169,25,879,1,0,0,0.0,2026-06-15
13170,40,5000,1,0,0,0.0,2025-07-23
13171,37,3830,1,0,1,122.82,2024-12-25
13172,34,3397,1,1,1,228.45,2024-11-07
13173,2,1329,1,0,0,0.0,2024-11-13
13174,4,1190,1,0,1,83.37,2025-07-04
13175,9,3408,1,1,1,142.27,2025-03-17
13176,10,1641,1,1,1,170.74,2026-04-13
13177,35,4131,1,0,0,0.0,2024-09-30
13178,25,4183,1,1,0,0.0,2024-12-11
13179,20,1263,1,1,1,180.67,2024-10-17
13180,10,3026,1,0,0,0.0,2026-01-11
13181,37,4868,1,1,0,0.0,2024-12-24
13182,17,4729,1,0,1,150.44,2026-03-10
13183,21,823,1,1,0,0.0,2026-07-09
13184,31,3147,1,1,0,0.0,2025-03-31
13185,35,4902,1,1,0,0.0,2025-06-13
13186,26,2231,1,0,1,226.24,2024-08-15
13187,23,3829,1,0,0,0.0,2025-01-01
13188,2,3117,1,0,0,0.0,2025-11-30
13189,18,1579,1,0,1,26.68,2025-07-10
13190,32,3393,1,0,0,0.0,2025-07-01
13191,22,3619,1,1,0,0.0,2024-10-11
13192,16,2197,1,0,0,0.0,2026-07-30
13193,12,2530,1,1,1,12.43,2026-05-18
13194,4,2613,1,0,0,0.0,2026-03-31
13195,16,322,1,0,1,159.93,2026-07-27
13196,9,4026,1,0,0,0.0,2025-08-15
13197,7,1338,1,0,0,0.0,2026-04-13
13198,36,2038,1,1,0,0.0,2025-03-14
13199,25,4855,1,1,1,152.85,2025-07-05
13200,16,1774,1,0,0,0.0,2025-05-27
13201,32,1781,1,0,1,169.23,2025-04-10
13202,33,1420,1,1,1,10.7,2025-05-08
13203,33,4435,1,1,0,0.0,2024-09-26
13204,15,4789,1,1,1,13.7,2025-09-05
13205,13,3057,1,0,1,139.34,2026-07-12
13206,14,2909,1,0,0,0.0,2025-08-15
13207,26,3758,1,0,0,0.0,2026-02-06
13208,17,2272,1,0,0,0.0,2025-04-16
13209,23,4400,1,0,0,0.0,2025-01-06
13210,25,912,1,0,0,0.0,2024-08-27
13211,11,1964,1,1,0,0.0,2026-03-09
13212,8,3459,1,1,0,0.0,2025-12-18
13213,16,1662,1,1,0,0.0,2025-06-22
13214,15,1667,1,1,0,0.0,2024-08-19
13215,39,277,1,1,0,0.0,2025-11-11
13216,30,2407,1,0,0,0.0,2025-11-03
13217,23,1180,1,1,0,0.0,2026-06-10
13218,12,2474,1,0,1,61.92,2024-09-27
13219,28,2823,1,0,0,0.0,2025-01-30
13220,6,3562,1,0,1,38.35,2024-11-19
13221,5,4702,1,1,0,0.0,2025-02-19
13222,9,3248,1,1,0,0.0,2024-08-14
13223,12,641,1,1,1,42.15,2026-07-27
13224,3,2604,1,0,0,0.0,2026-06-10
13225,8,3824,1,1,1,169.9,2024-12-12
13226,32,4399,1,0,0,0.0,2024-12-24
13227,3,4367,1,0,0,0.0,2024-11-11
13228,21,4195,1,0,0,0.0,2024-10-30
13229,36,836,1,0,0,0.0,2026-06-28
13230,2,1909,1,0,1,126.16,2026-01-28
13231,40,3658,1,0,0,0.0,2024-09-10
13232,14,1770,1,0,0,0.0,2026-02-07
13233,10,1347,1,0,1,20.95,2025-12-19
13234,15,1123,1,0,0,0.0,2026-04-15
13235,7,1344,1,1,1,39.16,2025-07-16
13236,39,2316,1,0,0,0.0,2025-06-16
13237,34,1955,1,0,0,0.0,2026-01-08
13238,13,1939,1,0,1,117.67,2025-09-08
13239,3,1481,1,1,1,202.19,2024-11-09
13240,33,1296,1,1,1,202.04,2026-06-30
13241,30,4697,1,1,0,0.0,2025-06-15
13242,24,1149,1,0,1,115.56,2026-05-11
13243,22,1895,1,1,0,0.0,2025-07-17
13244,19,4373,1,0,0,0.0,2025-07-16
13245,26,113,1,0,1,106.93,2025-01-13
13246,24,3477,1,1,0,0.0,2024-12-28
13247,32,1520,1,0,1,160.04,2026-05-28
13248,29,2379,1,0,0,0.0,2026-05-13
13249,7,4023,1,0,0,0.0,2025-12-20
13250,9,1532,1,0,1,103.09,2026-03-19
13251,36,136,1,0,1,139.28,2024-09-08
13252,24,2921,1,0,1,131.21,2024-12-31
13253,33,4846,1,1,0,0.0,2024-11-25
13254,37,1786,1,0,1,55.11,2024-12-30
13255,14,3449,1,1,0,0.0,2025-12-10
13256,5,926,1,1,1,13.36,2024-08-31
13257,34,2305,1,1,1,197.1,2025-06-12
13258,14,1084,1,1,1,67.52,2025-07-21
13259,22,3984,1,1,1,88.74,2025-09-12
13260,1,3482,1,1,1,242.82,2024-11-04
13261,1,760,1,1,0,0.0,2025-12-27
13262,5,955,1,1,0,0.0,2025-04-24
13263,28,2516,1,1,1,44.69,2025-03-14
13264,8,2915,1,0,1,229.36,2026-03-12
13265,14,1121,1,1,1,69.67,2025-06-08
13266,25,643,1,0,0,0.0,2025-05-18
13267,23,236,1,1,0,0.0,2024-11-26
13268,15,2823,1,1,0,0.0,2025-06-02
13269,39,3550,1,0,0,0.0,2025-03-27
13270,33,4870,1,0,0,0.0,2026-04-03
13271,37,1545,1,0,1,226.85,2025-01-12
13272,3,1599,1,0,0,0.0,2025-03-25
13273,22,1942,1,1,0,0.0,2026-01-15
13274,31,3056,1,0,0,0.0,2025-05-30
13275,36,1925,1,0,0,0.0,2024-11-14
13276,31,4098,1,0,0,0.0,2025-04-19
13277,2,4624,1,1,0,0.0,2025-04-13
13278,28,2771,1,1,1,95.58,2025-10-17
13279,38,1511,1,1,1,163.63,2025-06-08
13280,12,1508,1,0,0,0.0,2025-06-17
13281,3,2214,1,0,0,0.0,2026-04-23
13282,36,3824,1,0,1,239.79,2025-11-21
13283,16,3013,1,0,0,0.0,2024-11-21
13284,32,4135,1,1,1,214.19,2025-06-28
13285,16,2268,1,1,1,66.67,2025-09-06
13286,17,4637,1,1,0,0.0,2025-12-15
13287,3,3874,1,1,1,247.05,2026-01-31
13288,8,4690,1,0,0,0.0,2024-11-06
13289,9,4968,1,0,0,0.0,2024-09-12
13290,12,20,1,0,0,0.0,2026-05-07
13291,3,3914,1,1,0,0.0,2024-12-10
13292,24,3155,1,1,1,205.16,2026-04-14
13293,11,2686,1,0,0,0.0,2026-07-06
13294,33,3898,1,1,1,80.14,2026-02-15
13295,20,4627,1,1,0,0.0,2026-05-29
13296,9,4098,1,1,0,0.0,2024-11-27
13297,7,2965,1,1,0,0.0,2026-04-01
13298,14,2793,1,0,0,0.0,2025-01-06
13299,2,3013,1,1,1,95.31,2024-08-05
13300,39,182,1,0,1,240.55,2025-09-15
13301,7,3209,1,1,0,0.0,2026-07-06
13302,25,3471,1,0,0,0.0,2024-12-07
13303,35,4054,1,0,0,0.0,2025-08-09
13304,2,3870,1,0,0,0.0,2025-12-25
13305,34,1875,1,1,0,0.0,2024-11-25
13306,2,3368,1,1,1,12.57,2026-01-01
13307,20,160,1,0,0,0.0,2024-11-15
13308,40,4290,1,0,1,171.28,2025-04-04
13309,17,4215,1,0,1,101.02,2024-09-23
13310,36,4291,1,1,1,223.88,2026-07-31
13311,2,4650,1,0,1,185.58,2025-03-18
13312,25,2236,1,1,0,0.0,2024-09-12
13313,33,2950,1,1,0,0.0,2024-12-21
13314,7,753,1,0,0,0.0,2025-09-29
13315,28,3682,1,0,0,0.0,2026-01-03
13316,34,4482,1,1,0,0.0,2025-11-25
13317,19,2744,1,1,0,0.0,2025-07-12
13318,35,1726,1,1,0,0.0,2026-03-13
13319,29,1936,1,0,0,0.0,2025-11-09
13320,32,1722,1,0,1,179.13,2026-02-08
13321,26,4645,1,1,0,0.0,2026-02-05
13322,31,3194,1,0,1,179.65,2024-09-25
13323,10,4587,1,0,0,0.0,2025-12-12
13324,30,3743,1,0,0,0.0,2026-01-23
13325,16,2716,1,1,1,90.66,2025-04-01
13326,15,1385,1,0,1,79.44,2025-11-05
13327,24,2220,1,1,0,0.0,2026-01-04
13328,25,1028,1,0,0,0.0,2026-05-27
13329,21,3482,1,1,1,91.44,2026-07-13
13330,40,2594,1,0,1,233.36,2025-03-10
13331,31,3908,1,1,0,0.0,2024-12-16
13332,6,2406,1,1,1,214.49,2026-07-20
13333,28,2373,1,1,0,0.0,2025-07-26
13334,5,961,1,1,1,23.66,2025-10-10
13335,11,664,1,1,1,208.65,2025-10-07
13336,29,2170,1,1,1,77.69,2025-02-01
13337,15,218,1,0,1,141.45,2025-02-06
13338,17,4529,1,0,1,39.34,2025-12-20
13339,15,2065,1,1,1,24.04,2025-04-10
13340,17,2307,1,1,1,232.27,2025-06-15
13341,39,1886,1,1,1,84.19,2026-05-11
13342,31,3963,1,0,0,0.0,2025-06-20
13343,22,1923,1,1,1,44.07,2024-12-26
13344,6,654,1,1,0,0.0,2025-11-15
13345,26,512,1,1,1,99.48,2025-09-05
13346,25,3237,1,1,1,57.34,2024-11-22
13347,21,4222,1,0,0,0.0,2024-08-13
13348,35,4334,1,0,0,0.0,2025-07-03
13349,18,2236,1,1,0,0.0,2024-10-26
13350,38,4562,1,1,0,0.0,2025-05-09
13351,26,4567,1,0,1,227.78,2026-03-28
13352,2,1399,1,0,1,238.24,2026-02-21
13353,4,807,1,1,0,0.0,2025-12-17
13354,28,2567,1,1,0,0.0,2025-04-20
13355,24,2983,1,0,0,0.0,2026-04-30
13356,12,3955,1,1,0,0.0,2025-07-04
13357,5,2711,1,0,1,192.81,2025-06-02
13358,21,4365,1,0,0,0.0,2025-09-30
13359,1,1779,1,1,1,144.99,2025-03-16
13360,14,4313,1,1,0,0.0,2025-09-28
13361,33,1540,1,0,0,0.0,2025-08-08
13362,35,575,1,0,0,0.0,2026-04-08
13363,21,1487,1,0,1,245.09,2026-03-17
13364,18,1756,1,0,0,0.0,2025-10-29
13365,28,775,1,1,0,0.0,2025-03-28
13366,24,2630,1,0,0,0.0,2025-08-15
13367,1,1373,1,0,1,178.7,2025-12-15
13368,30,2568,1,0,0,0.0,2025-10-24
13369,35,3868,1,1,0,0.0,2025-11-05
13370,13,4961,1,1,1,99.33,2025-03-18
13371,3,1214,1,1,1,145.15,2024-12-31
13372,32,4626,1,0,1,190.13,2025-08-26
13373,12,192,1,1,0,0.0,2025-09-03
13374,2,1529,1,1,0,0.0,2026-03-09
13375,23,2072,1,0,1,17.44,2024-11-22
13376,18,582,1,1,1,33.69,2024-11-29
13377,40,4732,1,0,0,0.0,2024-11-29
13378,36,3472,1,1,1,127.19,2026-06-11
13379,33,3012,1,0,1,66.1,2026-06-05
13380,38,4045,1,0,0,0.0,2025-01-02
13381,40,226,1,0,0,0.0,2025-03-06
13382,27,2056,1,0,0,0.0,2024-12-15
13383,28,3431,1,1,1,188.5,2026-07-09
13384,18,2010,1,0,1,136.08,2026-07-30
13385,19,2543,1,0,0,0.0,2026-07-07
13386,8,2337,1,0,1,151.5,2025-06-14
13387,13,3032,1,0,1,44.73,2025-07-24
13388,9,3959,1,1,0,0.0,2025-01-29
13389,4,4514,1,0,0,0.0,2024-12-25
13390,2,3197,1,1,1,171.29,2026-07-23
13391,14,4047,1,1,0,0.0,2026-05-31
13392,8,1538,1,0,1,20.06,2025-11-21
13393,33,4647,1,1,0,0.0,2026-02-18
13394,39,3108,1,1,1,55.15,2024-11-30
13395,18,3454,1,1,0,0.0,2025-05-09
13396,4,1781,1,0,1,12.25,2026-01-23
13397,9,4367,1,1,1,89.07,2026-04-23
13398,6,1590,1,1,1,53.82,2025-06-06
13399,37,3301,1,0,0,0.0,2025-11-15
13400,6,3425,1,1,0,0.0,2025-09-20
13401,34,3951,1,0,1,99.7,2026-01-19
13402,32,4249,1,0,0,0.0,2024-12-06
13403,5,3594,1,0,1,141.27,2025-04-25
13404,33,4509,1,1,0,0.0,2024-09-10
13405,4,1947,1,1,1,98.13,2025-11-30
13406,33,1263,1,0,0,0.0,2025-12-31
13407,9,2712,1,1,1,206.92,2025-04-04
13408,27,2174,1,0,1,22.81,2026-04-30
13409,37,2392,1,0,1,66.53,2026-01-07
13410,31,2356,1,0,1,142.95,2024-09-10
13411,23,3838,1,0,0,0.0,2024-09-29
13412,32,658,1,0,0,0.0,2024-10-19
13413,15,2950,1,0,0,0.0,2025-01-06
13414,30,218,1,0,0,0.0,2025-04-07
13415,36,3301,1,0,1,170.68,2024-12-04
13416,11,2847,1,1,0,0.0,2025-04-23
13417,19,1562,1,0,1,65.96,2026-02-14
13418,10,3892,1,0,0,0.0,2024-12-27
13419,23,4425,1,0,1,36.37,2026-05-03
13420,27,4375,1,0,1,95.98,2026-04-03
13421,22,212,1,0,0,0.0,2025-01-04
13422,10,397,1,1,0,0.0,2025-01-16
13423,3,4574,1,0,0,0.0,2026-03-03
13424,10,1824,1,1,0,0.0,2025-01-14
13425,28,1610,1,1,1,150.96,2025-02-26
13426,6,4660,1,1,0,0.0,2025-05-14
13427,15,4900,1,0,1,80.26,2026-06-12
13428,26,401,1,0,0,0.0,2024-10-17
13429,27,1732,1,0,0,0.0,2025-06-02
13430,33,3344,1,0,1,184.82,2025-08-09
13431,37,1179,1,0,1,103.33,2025-07-18
13432,18,1137,1,1,1,49.3,2026-06-07
13433,13,2362,1,1,1,53.74,2024-10-02
13434,8,1336,1,1,0,0.0,2026-06-06
13435,38,4701,1,0,1,51.56,2024-11-30
13436,23,198,1,0,0,0.0,2024-11-23
13437,18,585,1,1,1,44.48,2024-11-17
13438,19,628,1,0,1,82.1,2025-06-27
13439,21,1761,1,1,0,0.0,2025-11-03
13440,15,2031,1,1,0,0.0,2025-10-09
13441,17,2451,1,0,1,61.41,2026-04-10
13442,21,1546,1,1,0,0.0,2025-11-19
13443,28,2993,1,1,0,0.0,2025-09-08
13444,5,1157,1,0,1,137.8,2025-08-01
13445,3,4139,1,0,0,0.0,2025-01-31
13446,32,48,1,1,0,0.0,2025-08-03
13447,37,159,1,1,1,40.95,2026-07-20
13448,39,4523,1,1,1,247.61,2025-04-29
13449,11,3798,1,1,1,198.12,2026-05-17
13450,35,2559,1,1,0,0.0,2026-04-01
13451,19,426,1,1,0,0.0,2026-06-23
13452,13,4121,1,0,0,0.0,2025-06-16
13453,4,3011,1,1,0,0.0,2025-12-16
13454,23,1377,1,1,0,0.0,2026-01-18
13455,14,4292,1,0,1,168.89,2026-03-23
13456,5,130,1,1,0,0.0,2025-07-10
13457,36,3989,1,0,0,0.0,2025-06-23
13458,18,2550,1,0,1,208.38,2025-11-25
13459,29,4296,1,0,0,0.0,2024-08-07
13460,23,4474,1,0,0,0.0,2025-01-15
13461,15,3338,1,1,0,0.0,2025-08-16
13462,19,4379,1,0,1,59.26,2025-09-27
13463,20,1309,1,1,1,122.25,2025-01-28
13464,13,305,1,1,0,0.0,2026-07-30
13465,32,1076,1,0,1,193.96,2024-09-15
13466,33,1456,1,0,0,0.0,2025-10-18
13467,22,1246,1,0,0,0.0,2025-12-20
13468,32,2292,1,1,0,0.0,2024-10-24
13469,14,1035,1,1,0,0.0,2024-09-07
13470,4,2801,1,1,0,0.0,2024-11-01
13471,39,2653,1,1,0,0.0,2025-01-07
13472,26,3622,1,1,0,0.0,2026-03-14
13473,8,2233,1,0,0,0.0,2024-10-05
13474,39,661,1,1,1,112.09,2025-04-21
13475,39,3486,1,0,1,73.96,2025-01-31
13476,29,649,1,0,1,235.23,2026-05-16
13477,27,3686,1,1,0,0.0,2025-11-05
13478,21,1722,1,1,0,0.0,2025-04-16
13479,14,85,1,1,0,0.0,2026-01-19
13480,37,411,1,0,1,101.54,2025-04-19
13481,39,2504,1,0,1,236.97,2026-06-17
13482,13,2056,1,0,0,0.0,2025-01-23
13483,29,2105,1,0,0,0.0,2026-06-07
13484,31,35,1,1,0,0.0,2024-12-14
13485,37,2841,1,1,0,0.0,2025-02-23
13486,15,4297,1,0,0,0.0,2025-07-21
13487,10,1680,1,0,0,0.0,2025-09-04
13488,37,2336,1,1,0,0.0,2025-07-13
13489,7,3500,1,0,0,0.0,2025-04-01
13490,40,661,1,0,0,0.0,2025-11-30
13491,16,3983,1,1,1,57.52,2025-02-24
13492,6,4062,1,1,0,0.0,2026-05-15
13493,18,458,1,0,1,146.2,2024-11-21
13494,36,1825,1,0,1,32.19,2026-01-03
13495,24,1909,1,0,0,0.0,2025-02-20
13496,17,3539,1,1,0,0.0,2024-10-27
13497,15,1489,1,1,1,166.13,2026-07-27
13498,21,3990,1,1,0,0.0,2025-07-03
13499,37,2062,1,0,0,0.0,2025-09-14
13500,29,3223,1,1,0,0.0,2025-11-05
13501,40,1213,1,1,0,0.0,2026-01-26
13502,31,483,1,0,1,229.95,2024-08-05
13503,13,269,1,1,0,0.0,2025-12-18
13504,11,1635,1,0,0,0.0,2025-04-09
13505,5,566,1,0,0,0.0,2025-08-26
13506,40,261,1,1,0,0.0,2024-12-02
13507,11,269,1,1,0,0.0,2026-03-27
13508,36,1914,1,0,1,74.41,2025-05-18
13509,32,2428,1,1,0,0.0,2026-06-10
13510,31,222,1,1,0,0.0,2024-11-17
13511,1,445,1,0,0,0.0,2025-12-08
13512,1,4005,1,1,1,93.7,2025-11-01
13513,21,4308,1,0,1,118.57,2026-01-21
13514,13,1824,1,1,0,0.0,2026-05-18
13515,32,1899,1,1,1,143.84,2025-07-02
13516,38,458,1,0,0,0.0,2026-06-09
13517,37,4868,1,1,1,68.78,2025-11-16
13518,22,4751,1,1,0,0.0,2025-11-23
13519,26,255,1,1,1,41.74,2025-06-21
13520,14,4,1,1,0,0.0,2025-03-10
13521,18,686,1,0,1,173.99,2024-10-03
13522,6,997,1,0,0,0.0,2025-11-03
13523,36,182,1,0,0,0.0,2026-02-10
13524,7,4772,1,0,1,208.35,2025-10-04
13525,23,3634,1,0,0,0.0,2025-03-12
13526,30,3602,1,1,0,0.0,2025-12-29
13527,1,2940,1,1,0,0.0,2025-06-12
13528,13,4822,1,0,1,205.6,2025-06-20
13529,26,3679,1,1,0,0.0,2024-09-14
13530,30,1835,1,1,1,165.85,2025-01-29
13531,14,3179,1,1,1,105.82,2026-02-10
13532,5,2735,1,1,1,188.64,2024-08-17
13533,5,4635,1,1,0,0.0,2025-08-08
13534,8,1708,1,1,0,0.0,2026-07-07
13535,29,357,1,0,1,57.16,2026-07-30
13536,15,790,1,1,1,196.95,2026-04-14
13537,33,1207,1,1,1,156.37,2025-12-24
13538,25,1267,1,0,0,0.0,2025-11-17
13539,18,554,1,1,0,0.0,2024-09-12
13540,4,236,1,0,0,0.0,2024-09-08
13541,39,36,1,1,1,130.39,2025-12-08
13542,6,2257,1,0,1,208.61,2026-05-25
13543,1,4519,1,1,0,0.0,2025-12-14
13544,40,4447,1,1,0,0.0,2026-04-04
13545,40,1609,1,1,1,202.33,2025-05-01
13546,9,581,1,1,1,194.97,2026-01-15
13547,2,4123,1,0,0,0.0,2026-02-01
13548,26,4287,1,0,0,0.0,2025-09-12
13549,22,210,1,1,1,125.12,2025-07-20
13550,20,3039,1,0,0,0.0,2025-03-10
13551,29,2061,1,1,1,126.72,2025-10-17
13552,31,2945,1,1,0,0.0,2024-11-06
13553,35,4818,1,0,0,0.0,2025-01-24
13554,25,2780,1,0,0,0.0,2025-06-24
13555,35,121,1,1,1,102.72,2024-10-27
13556,34,1969,1,1,0,0.0,2025-05-29
13557,36,339,1,0,1,96.71,2025-05-26
13558,16,310,1,1,1,24.43,2026-03-19
13559,5,1683,1,1,0,0.0,2024-08-10
13560,32,4050,1,1,1,108.67,2025-03-21
13561,39,2317,1,1,0,0.0,2025-10-01
13562,25,1488,1,1,1,32.94,2025-10-05
13563,7,4972,1,0,0,0.0,2025-04-04
13564,32,943,1,0,1,175.44,2025-03-16
13565,9,4984,1,1,0,0.0,2024-08-06
13566,11,2333,1,1,0,0.0,2025-01-04
13567,35,4390,1,0,0,0.0,2025-10-25
13568,28,202,1,0,0,0.0,2025-12-21
13569,11,2552,1,0,0,0.0,2026-07-31
13570,13,1662,1,0,0,0.0,2026-01-03
13571,27,3075,1,0,1,241.72,2025-10-13
13572,19,357,1,1,1,41.45,2026-06-25
13573,28,4594,1,1,0,0.0,2026-01-31
13574,35,3910,1,0,0,0.0,2024-08-18
13575,31,1030,1,1,0,0.0,2025-02-23
13576,8,1909,1,0,0,0.0,2026-04-25
13577,14,276,1,0,1,179.49,2026-04-23
13578,28,996,1,0,1,162.95,2026-06-07
13579,27,3335,1,0,0,0.0,2026-03-21
13580,20,3457,1,0,0,0.0,2024-10-25
13581,23,300,1,0,1,73.1,2025-12-03
13582,13,1808,1,0,1,122.32,2025-08-08
13583,7,2447,1,0,0,0.0,2026-05-28
13584,23,2646,1,0,1,94.72,2026-05-26
13585,5,2958,1,1,0,0.0,2025-09-11
13586,1,1407,1,1,1,61.33,2024-11-26
13587,4,4607,1,0,0,0.0,2024-09-27
13588,19,3379,1,0,0,0.0,2025-02-14
13589,3,1538,1,1,1,127.31,2025-06-06
13590,22,3281,1,1,0,0.0,2026-01-23
13591,3,3268,1,0,1,88.57,2024-11-13
13592,10,4095,1,1,0,0.0,2025-02-25
13593,30,2436,1,1,1,74.23,2025-12-04
13594,9,4884,1,0,0,0.0,2025-10-12
13595,5,1383,1,0,1,19.08,2026-06-04
13596,2,3702,1,1,0,0.0,2024-11-17
13597,19,817,1,1,1,83.39,2026-03-23
13598,8,1567,1,1,1,165.96,2025-10-31
13599,29,1544,1,1,1,21.01,2026-02-12
13600,26,4479,1,0,1,44.64,2025-07-08
13601,17,4479,1,0,1,243.17,2025-07-29
13602,34,1127,1,1,0,0.0,2024-09-22
13603,11,2444,1,1,0,0.0,2025-02-05
13604,1,2916,1,1,1,19.22,2026-03-31
13605,19,372,1,0,1,170.65,2025-01-08
13606,18,3454,1,0,0,0.0,2026-05-31
13607,32,3787,1,1,1,94.3,2025-10-26
13608,18,2962,1,1,0,0.0,2026-08-01
13609,10,339,1,1,1,118.47,2024-11-08
13610,10,3531,1,1,0,0.0,2026-07-15
13611,3,4099,1,1,1,10.3,2025-03-31
13612,22,2571,1,1,0,0.0,2024-08-17
13613,14,3919,1,0,0,0.0,2025-12-07
13614,40,775,1,1,0,0.0,2026-01-20
13615,18,580,1,0,1,34.64,2025-06-23
13616,4,4426,1,1,0,0.0,2025-07-09
13617,24,4353,1,1,1,81.96,2025-01-21
13618,25,4947,1,0,0,0.0,2025-07-18
13619,29,1194,1,1,0,0.0,2026-02-26
13620,19,1572,1,1,0,0.0,2026-03-23
13621,33,3947,1,0,1,194.07,2025-01-08
13622,3,261,1,1,1,90.67,2024-10-04
13623,39,4209,1,0,1,226.95,2024-10-08
13624,11,1912,1,0,0,0.0,2026-04-11
13625,31,2905,1,1,0,0.0,2025-02-01
13626,29,1798,1,0,0,0.0,2026-05-29
13627,4,3728,1,1,0,0.0,2024-11-07
13628,6,182,1,1,0,0.0,2025-07-20
13629,40,2022,1,1,0,0.0,2025-06-05
13630,2,918,1,1,0,0.0,2026-04-10
13631,38,4774,1,1,0,0.0,2025-08-11
13632,17,177,1,0,0,0.0,2025-07-13
13633,34,3308,1,1,1,187.66,2025-12-27
13634,9,4038,1,1,0,0.0,2025-11-16
13635,15,1077,1,0,1,119.81,2026-06-12
13636,19,3938,1,1,0,0.0,2025-05-16
13637,40,4035,1,1,0,0.0,2025-03-25
13638,12,2471,1,0,0,0.0,2025-05-15
13639,25,1380,1,0,1,214.44,2025-07-17
13640,19,1069,1,1,0,0.0,2026-07-13
13641,15,4762,1,1,1,76.52,2025-11-20
13642,24,1333,1,0,0,0.0,2024-09-15
13643,6,1027,1,1,1,222.54,2025-03-17
13644,27,4102,1,1,0,0.0,2025-03-25
13645,27,2651,1,0,0,0.0,2026-01-07
13646,9,2116,1,0,1,69.32,2026-07-29
13647,35,73,1,0,1,35.75,2025-08-15
13648,13,661,1,0,0,0.0,2025-01-12
13649,24,793,1,0,0,0.0,2024-12-22
13650,1,876,1,0,0,0.0,2026-07-11
13651,7,306,1,0,1,184.24,2026-07-02
13652,12,2345,1,0,1,175.34,2025-02-18
13653,7,4033,1,1,1,60.14,2025-07-23
13654,4,1418,1,0,0,0.0,2025-07-24
13655,16,3169,1,1,1,53.36,2026-06-09
13656,9,308,1,1,1,80.63,2025-09-11
13657,17,1590,1,1,1,91.23,2025-04-19
13658,30,1081,1,1,1,239.43,2026-04-12
13659,38,970,1,1,1,43.36,2024-12-12
13660,13,4512,1,0,1,243.32,2026-05-11
13661,36,449,1,0,1,21.2,2025-04-23
13662,6,2796,1,0,1,81.21,2024-10-19
13663,38,3917,1,1,1,219.1,2025-06-06
13664,8,936,1,1,0,0.0,2025-02-24
13665,8,4788,1,0,0,0.0,2025-04-08
13666,15,364,1,1,1,128.7,2026-07-07
13667,32,4342,1,1,0,0.0,2025-02-05
13668,1,2953,1,0,1,63.65,2025-08-27
13669,1,3531,1,0,1,193.88,2024-09-20
13670,10,234,1,1,0,0.0,2025-10-10
13671,34,70,1,0,1,240.58,2026-01-18
13672,2,3324,1,1,0,0.0,2025-03-30
13673,17,4688,1,0,1,149.38,2024-12-20
13674,10,639,1,0,0,0.0,2024-11-18
13675,16,946,1,0,1,224.96,2025-05-01
13676,17,3699,1,1,1,235.97,2025-03-10
13677,16,4198,1,1,0,0.0,2025-05-03
13678,27,401,1,1,0,0.0,2025-05-09
13679,5,286,1,0,1,214.25,2025-10-10
13680,34,1468,1,1,1,88.62,2026-01-28
13681,16,4075,1,0,0,0.0,2026-05-01
13682,4,2192,1,1,1,146.72,2025-05-10
13683,9,402,1,0,0,0.0,2024-12-30
13684,36,980,1,1,0,0.0,2025-07-10
13685,10,2271,1,1,0,0.0,2025-03-18
13686,19,2149,1,0,0,0.0,2025-07-22
13687,7,230,1,0,0,0.0,2024-09-07
13688,6,3716,1,0,0,0.0,2025-03-19
13689,25,4520,1,0,0,0.0,2025-03-02
13690,22,2663,1,1,0,0.0,2024-11-26
13691,30,824,1,1,0,0.0,2025-01-24
13692,27,1667,1,0,0,0.0,2024-08-21
13693,5,1954,1,0,0,0.0,2025-06-15
13694,5,3710,1,1,1,188.19,2026-06-17
13695,14,1515,1,1,1,238.59,2025-01-28
13696,27,2253,1,0,1,184.9,2024-08-31
13697,24,116,1,0,0,0.0,2025-08-30
13698,5,1630,1,0,1,129.86,2024-10-22
13699,28,3284,1,1,1,217.21,2024-10-13
13700,4,3403,1,1,0,0.0,2026-04-10
13701,18,821,1,1,1,118.7,2026-07-19
13702,4,4161,1,1,1,119.11,2025-03-12
13703,26,4115,1,0,0,0.0,2025-06-18
13704,32,4513,1,0,0,0.0,2025-08-22
13705,11,453,1,1,0,0.0,2026-01-29
13706,14,3550,1,1,0,0.0,2025-04-02
13707,9,1638,1,1,1,51.43,2025-07-12
13708,33,2692,1,0,0,0.0,2024-08-11
13709,10,475,1,1,0,0.0,2025-06-11
13710,1,2673,1,0,0,0.0,2024-12-09
13711,20,3375,1,0,0,0.0,2025-08-16
13712,31,3262,1,1,0,0.0,2025-05-13
13713,17,1544,1,0,0,0.0,2026-03-03
13714,32,1096,1,1,0,0.0,2026-01-20
13715,16,3726,1,1,0,0.0,2026-04-17
13716,23,2845,1,1,0,0.0,2025-05-26
13717,2,2027,1,1,0,0.0,2026-07-04
13718,10,13,1,1,1,216.04,2025-04-21
13719,19,1583,1,1,1,178.62,2024-08-23
13720,22,2832,1,0,0,0.0,2025-10-31
13721,16,126,1,0,0,0.0,2026-01-01
13722,11,3637,1,0,0,0.0,2024-10-25
13723,17,85,1,0,0,0.0,2024-08-26
13724,3,4760,1,0,0,0.0,2025-09-11
13725,11,4660,1,1,0,0.0,2026-07-24
13726,4,1660,1,0,1,65.33,2025-12-20
13727,37,3253,1,0,1,126.49,2025-12-03
13728,24,3786,1,1,1,28.08,2025-09-21
13729,6,4238,1,1,0,0.0,2026-01-23
13730,25,1631,1,0,0,0.0,2025-02-05
13731,10,2311,1,1,0,0.0,2026-05-27
13732,24,3484,1,0,0,0.0,2026-03-20
13733,17,4253,1,1,0,0.0,2024-08-15
13734,37,4871,1,1,1,30.11,2026-06-21
13735,38,899,1,1,0,0.0,2025-08-28
13736,35,2289,1,0,0,0.0,2026-06-01
13737,18,5000,1,1,0,0.0,2026-04-08
13738,12,2202,1,0,0,0.0,2025-06-21
13739,2,1003,1,1,0,0.0,2025-01-10
13740,34,2879,1,0,1,201.98,2025-03-11
13741,32,327,1,1,1,211.95,2025-08-29
13742,4,3880,1,0,1,150.98,2024-09-17
13743,32,4062,1,1,1,25.41,2026-02-06
13744,6,507,1,0,1,64.2,2026-06-18
13745,39,1688,1,1,0,0.0,2025-06-07
13746,36,4379,1,0,0,0.0,2025-07-26
13747,1,2946,1,1,0,0.0,2025-04-06
13748,8,4442,1,1,1,10.42,2024-11-20
13749,3,953,1,1,0,0.0,2025-02-15
13750,23,2928,1,0,1,197.7,2026-08-04
13751,35,4960,1,0,0,0.0,2026-03-21
13752,28,987,1,0,0,0.0,2024-10-05
13753,22,209,1,0,1,172.25,2026-05-27
13754,23,4165,1,0,0,0.0,2026-05-08
13755,33,4882,1,0,1,29.04,2026-07-04
13756,29,2848,1,0,1,193.14,2026-06-07
13757,38,1456,1,1,0,0.0,2026-07-05
13758,26,3509,1,0,0,0.0,2025-07-18
13759,26,4040,1,0,0,0.0,2024-12-12
13760,11,2029,1,0,0,0.0,2025-02-17
13761,35,4731,1,0,1,139.58,2026-02-15
13762,19,4779,1,1,1,95.84,2024-11-08
13763,7,1017,1,1,1,59.2,2025-02-21
13764,22,1269,1,1,1,46.06,2025-04-20
13765,11,3441,1,0,0,0.0,2024-12-27
13766,8,1443,1,0,0,0.0,2026-02-20
13767,24,3186,1,0,0,0.0,2024-09-26
13768,15,1378,1,1,0,0.0,2024-08-04
13769,4,4539,1,0,0,0.0,2024-12-07
13770,4,3549,1,0,0,0.0,2024-08-11
13771,8,1861,1,1,0,0.0,2026-07-14
13772,23,2476,1,0,1,242.1,2026-02-26
13773,8,1714,1,1,0,0.0,2025-12-04
13774,4,3453,1,0,0,0.0,2025-02-14
13775,16,3547,1,0,0,0.0,2024-12-08
13776,12,1309,1,0,0,0.0,2026-02-28
13777,29,1917,1,0,1,229.23,2026-07-10
13778,29,3850,1,0,1,103.29,2025-12-07
13779,4,4282,1,1,0,0.0,2026-03-11
13780,8,576,1,0,1,102.28,2024-10-13
13781,26,2405,1,0,0,0.0,2026-04-20
13782,16,4558,1,1,0,0.0,2026-06-12
13783,2,2795,1,0,1,46.18,2025-10-02
13784,23,319,1,1,0,0.0,2025-01-16
13785,31,3411,1,0,0,0.0,2026-05-19
13786,23,3056,1,1,0,0.0,2026-04-13
13787,4,4103,1,1,1,239.33,2025-08-06
13788,24,2995,1,0,1,248.98,2024-12-12
13789,18,3271,1,0,0,0.0,2025-02-07
13790,14,1840,1,0,0,0.0,2025-09-05
13791,7,4947,1,0,0,0.0,2025-11-09
13792,13,1480,1,0,0,0.0,2025-09-19
13793,10,1331,1,0,0,0.0,2024-12-30
13794,4,4738,1,0,0,0.0,2024-08-24
13795,40,2009,1,1,0,0.0,2024-10-10
13796,22,4495,1,0,1,244.21,2026-04-03
13797,37,3311,1,1,1,134.05,2025-08-21
13798,38,1746,1,0,1,60.5,2025-12-29
13799,14,3381,1,1,1,232.68,2024-09-01
13800,15,265,1,1,0,0.0,2025-03-25
13801,10,2423,1,0,0,0.0,2025-04-26
13802,11,4951,1,0,0,0.0,2024-11-13
13803,4,2947,1,0,1,73.97,2025-03-06
13804,23,3926,1,1,1,201.59,2026-03-16
13805,30,2946,1,0,1,134.24,2026-06-10
13806,37,2744,1,0,0,0.0,2024-08-09
13807,13,1948,1,1,0,0.0,2024-10-31
13808,37,4490,1,1,0,0.0,2026-03-28
13809,16,2851,1,0,1,105.72,2024-10-02
13810,20,2501,1,0,0,0.0,2026-01-13
13811,15,3479,1,0,0,0.0,2024-11-19
13812,39,1606,1,1,1,232.06,2025-01-13
13813,33,2762,1,0,1,198.53,2026-02-09
13814,37,1935,1,0,0,0.0,2026-02-18
13815,40,3926,1,0,0,0.0,2024-11-19
13816,10,1769,1,0,1,248.01,2024-10-18
13817,20,2427,1,0,0,0.0,2025-10-05
13818,31,3204,1,0,1,180.23,2024-12-11
13819,4,3689,1,1,1,58.98,2025-04-13
13820,26,3278,1,1,1,188.63,2025-10-19
13821,30,1276,1,1,0,0.0,2025-03-16
13822,36,1477,1,0,0,0.0,2024-09-14
13823,2,2100,1,1,0,0.0,2025-08-30
13824,37,2065,1,1,1,58.22,2024-09-12
13825,39,333,1,1,0,0.0,2026-03-26
13826,11,1331,1,1,0,0.0,2025-12-12
13827,21,738,1,0,1,171.2,2025-09-24
13828,11,200,1,0,0,0.0,2026-04-26
13829,17,4213,1,1,1,167.74,2025-02-28
13830,13,4500,1,0,0,0.0,2025-04-26
13831,9,780,1,0,1,59.71,2025-04-02
13832,22,2815,1,1,0,0.0,2024-09-19
13833,31,4844,1,1,1,15.89,2026-01-23
13834,12,439,1,1,0,0.0,2026-04-22
13835,15,2740,1,1,1,23.42,2026-03-20
13836,19,2875,1,0,1,72.65,2025-08-21
13837,36,4673,1,1,1,31.06,2026-06-15
13838,20,2849,1,0,1,149.66,2026-02-02
13839,14,531,1,0,1,130.8,2026-03-25
13840,5,4665,1,1,0,0.0,2025-08-22
13841,2,2310,1,0,0,0.0,2025-05-08
13842,8,1702,1,0,0,0.0,2025-08-07
13843,20,751,1,0,0,0.0,2024-11-20
13844,20,3904,1,1,0,0.0,2026-07-09
13845,6,4637,1,1,1,233.37,2025-01-06
13846,39,1783,1,1,0,0.0,2026-02-15
13847,40,2524,1,1,1,196.69,2026-04-30
13848,32,2833,1,0,0,0.0,2024-09-20
13849,11,2732,1,1,0,0.0,2026-03-04
13850,9,4870,1,0,0,0.0,2025-02-05
13851,32,3764,1,1,0,0.0,2025-06-22
13852,1,697,1,0,0,0.0,2025-08-01
13853,2,2853,1,1,1,124.19,2026-01-10
13854,4,740,1,1,0,0.0,2025-09-05
13855,18,3950,1,1,1,127.68,2024-09-20
13856,7,4886,1,0,0,0.0,2025-04-10
13857,31,1876,1,0,1,114.63,2026-04-01
13858,1,4855,1,0,1,92.74,2026-08-04
13859,5,3351,1,1,0,0.0,2025-06-11
13860,8,72,1,0,0,0.0,2026-04-09
13861,37,849,1,0,0,0.0,2025-12-29
13862,26,4032,1,1,1,134.42,2025-03-02
13863,8,1086,1,1,0,0.0,2026-02-12
13864,16,382,1,1,0,0.0,2025-03-04
13865,35,845,1,0,1,40.73,2024-08-16
13866,30,2668,1,1,0,0.0,2025-10-09
13867,12,4911,1,1,0,0.0,2025-12-08
13868,25,4952,1,1,0,0.0,2026-07-17
13869,25,4203,1,0,0,0.0,2025-05-15
13870,32,3147,1,1,1,85.44,2024-12-09
13871,3,3911,1,1,1,195.68,2026-05-09
13872,30,535,1,0,1,217.45,2026-05-24
13873,38,1126,1,0,0,0.0,2026-03-26
13874,5,3335,1,1,0,0.0,2026-04-08
13875,19,1894,1,1,1,66.77,2026-06-17
13876,15,2629,1,1,1,11.74,2026-04-26
13877,8,1360,1,0,1,105.05,2025-01-02
13878,18,507,1,0,1,200.74,2024-12-16
13879,14,4467,1,0,1,233.8,2024-11-26
13880,12,4481,1,1,1,203.2,2024-10-26
13881,40,464,1,0,1,79.36,2024-11-12
13882,35,139,1,0,0,0.0,2025-09-29
13883,40,4007,1,0,1,34.8,2025-05-03
13884,2,3592,1,0,1,31.0,2024-12-04
13885,37,993,1,0,1,92.9,2026-04-04
13886,10,3927,1,0,0,0.0,2026-02-10
13887,33,743,1,0,0,0.0,2026-01-09
13888,8,4369,1,0,0,0.0,2026-01-27
13889,10,3786,1,0,0,0.0,2024-09-01
13890,22,3623,1,1,1,241.01,2024-11-21
13891,5,4255,1,1,0,0.0,2024-09-11
13892,1,3205,1,0,0,0.0,2025-05-12
13893,5,1194,1,1,0,0.0,2026-02-11
13894,14,1776,1,0,1,98.28,2026-04-21
13895,30,2827,1,0,1,187.35,2026-06-28
13896,20,3980,1,1,1,10.68,2026-03-29
13897,40,2363,1,0,0,0.0,2024-11-18
13898,12,227,1,1,1,107.03,2026-05-10
13899,16,2007,1,0,1,126.84,2025-05-15
13900,32,3122,1,0,0,0.0,2025-04-23
13901,17,1176,1,0,0,0.0,2025-03-26
13902,17,346,1,0,0,0.0,2024-09-11
13903,28,3370,1,1,0,0.0,2026-03-14
13904,6,469,1,1,0,0.0,2026-07-21
13905,29,866,1,1,1,78.69,2026-05-06
13906,13,2295,1,0,1,194.99,2025-08-02
13907,6,917,1,0,1,107.12,2025-09-13
13908,29,3381,1,1,1,19.43,2024-11-10
13909,13,758,1,1,0,0.0,2026-05-21
13910,24,385,1,1,0,0.0,2024-08-09
13911,28,1841,1,1,0,0.0,2025-02-03
13912,6,2680,1,0,1,244.84,2024-10-13
13913,11,2085,1,1,0,0.0,2025-01-05
13914,36,948,1,0,1,224.9,2026-07-18
13915,34,313,1,0,0,0.0,2025-09-06
13916,32,2500,1,0,0,0.0,2024-12-11
13917,23,2415,1,1,0,0.0,2025-07-16
13918,6,2823,1,0,0,0.0,2025-03-12
13919,34,2378,1,0,0,0.0,2024-11-12
13920,5,4847,1,0,1,184.1,2025-11-14
13921,19,2235,1,0,1,215.98,2024-08-18
13922,30,3525,1,0,1,166.41,2026-02-19
13923,3,1898,1,0,0,0.0,2024-08-06
13924,1,4584,1,0,1,30.49,2026-07-23
13925,36,1937,1,0,0,0.0,2026-07-26
13926,21,1759,1,1,0,0.0,2025-09-05
13927,31,2233,1,1,0,0.0,2024-12-08
13928,13,1835,1,1,0,0.0,2025-09-14
13929,16,3081,1,1,0,0.0,2026-07-16
13930,5,1068,1,0,1,46.97,2025-12-11
13931,38,4626,1,1,1,157.02,2024-08-18
13932,37,3146,1,1,1,133.86,2025-07-19
13933,8,1266,1,1,0,0.0,2024-08-07
13934,16,2283,1,1,0,0.0,2025-11-02
13935,33,3484,1,0,0,0.0,2025-08-07
13936,37,1059,1,1,1,79.1,2026-07-21
13937,32,2484,1,1,1,131.45,2025-09-12
13938,17,3661,1,1,0,0.0,2025-12-07
13939,35,4862,1,1,1,77.61,2025-02-01
13940,29,1974,1,1,1,91.96,2025-08-13
13941,33,3575,1,1,1,149.55,2025-12-26
13942,31,1960,1,1,0,0.0,2025-12-03
13943,36,242,1,0,0,0.0,2024-09-12
13944,7,2361,1,0,1,102.19,2025-01-18
13945,40,431,1,1,1,168.42,2024-12-27
13946,13,4027,1,1,0,0.0,2025-09-19
13947,29,1002,1,1,0,0.0,2026-07-11
13948,29,3505,1,0,0,0.0,2025-12-25
13949,8,3249,1,0,0,0.0,2026-02-28
13950,17,2776,1,1,1,120.6,2025-09-30
13951,9,3904,1,1,0,0.0,2026-05-09
13952,28,4081,1,1,1,249.77,2025-06-15
13953,7,892,1,0,1,92.41,2026-06-12
13954,16,4788,1,0,0,0.0,2026-02-04
13955,26,1080,1,1,0,0.0,2025-04-09
13956,8,2333,1,1,1,69.11,2025-08-05
13957,6,4133,1,0,0,0.0,2025-04-06
13958,24,3352,1,1,0,0.0,2025-01-10
13959,4,1982,1,1,0,0.0,2025-07-29
13960,40,3521,1,1,0,0.0,2025-04-09
13961,29,639,1,1,0,0.0,2025-03-02
13962,10,4190,1,1,0,0.0,2026-01-06
13963,39,2359,1,1,0,0.0,2024-08-04
13964,12,25,1,0,0,0.0,2025-12-07
13965,8,3281,1,0,1,189.31,2025-08-06
13966,20,1085,1,1,1,81.45,2026-02-02
13967,4,4324,1,0,0,0.0,2026-06-26
13968,3,3771,1,0,0,0.0,2026-05-23
13969,9,541,1,1,1,140.36,2026-07-30
13970,39,4176,1,1,0,0.0,2025-08-30
13971,8,2272,1,0,0,0.0,2026-08-04
13972,13,1661,1,0,0,0.0,2025-01-25
13973,9,545,1,1,0,0.0,2025-03-15
13974,34,4336,1,1,0,0.0,2026-04-19
13975,12,988,1,0,0,0.0,2026-04-11
13976,4,4965,1,1,0,0.0,2025-10-15
13977,16,1749,1,0,1,39.55,2026-01-11
13978,26,4044,1,1,1,100.39,2025-12-17
13979,10,547,1,1,1,182.83,2024-11-22
13980,36,3931,1,0,1,243.41,2025-03-19
13981,12,1153,1,1,1,189.99,2025-02-23
13982,11,4823,1,0,0,0.0,2025-08-13
13983,22,1037,1,1,1,96.83,2025-06-12
13984,2,1910,1,1,1,103.08,2024-10-03
13985,17,346,1,0,1,19.45,2026-05-31
13986,32,831,1,0,0,0.0,2025-03-09
13987,18,4197,1,0,0,0.0,2025-11-02
13988,35,2794,1,1,0,0.0,2026-07-08
13989,29,2184,1,1,0,0.0,2025-07-31
13990,18,1444,1,0,1,53.43,2025-07-07
13991,5,3904,1,1,0,0.0,2025-08-12
13992,23,3667,1,0,0,0.0,2025-11-02
13993,12,1188,1,0,1,66.24,2024-08-17
13994,24,2792,1,0,0,0.0,2026-03-03
13995,16,4946,1,1,0,0.0,2025-03-11
13996,34,923,1,1,0,0.0,2026-02-23
13997,5,3993,1,1,0,0.0,2026-02-28
13998,3,1971,1,0,0,0.0,2025-04-08
13999,18,4818,1,0,0,0.0,2025-03-20
14000,17,1114,1,1,1,169.41,2025-03-23
14001,6,539,1,0,0,0.0,2025-11-18
14002,8,3272,1,0,1,88.1,2026-02-10
14003,38,3919,1,0,1,14.58,2025-10-04
14004,10,4562,1,1,1,32.27,2024-10-31
14005,36,2476,1,1,0,0.0,2024-09-18
14006,17,796,1,0,0,0.0,2026-01-14
14007,39,1894,1,0,1,126.6,2024-12-13
14008,11,2413,1,0,0,0.0,2024-08-22
14009,8,3368,1,1,1,164.07,2024-09-25
14010,3,3493,1,0,1,95.21,2025-05-20
14011,10,4888,1,0,0,0.0,2025-12-12
14012,26,3842,1,0,0,0.0,2026-03-18
14013,27,1623,1,0,0,0.0,2025-08-25
14014,12,832,1,1,0,0.0,2025-03-19
14015,22,2136,1,1,1,197.58,2026-07-26
14016,35,3523,1,0,1,174.72,2025-06-07
14017,18,4869,1,1,1,239.02,2025-07-01
14018,21,1522,1,1,0,0.0,2025-12-19
14019,6,3174,1,1,0,0.0,2025-08-12
14020,37,3521,1,1,0,0.0,2024-09-02
14021,9,2417,1,0,1,97.04,2025-01-02
14022,38,3693,1,0,0,0.0,2025-01-15
14023,30,2861,1,0,1,123.1,2025-05-16
14024,14,1417,1,1,1,81.65,2025-02-11
14025,18,2764,1,1,1,96.79,2026-06-05
14026,18,740,1,1,1,74.34,2024-10-18
14027,17,4311,1,0,1,53.8,2026-03-11
14028,29,4502,1,0,0,0.0,2025-03-24
14029,38,3117,1,0,1,28.32,2026-03-07
14030,25,3598,1,1,0,0.0,2024-12-04
14031,22,4886,1,1,1,249.54,2024-12-22
14032,33,917,1,1,0,0.0,2025-08-29
14033,1,1136,1,0,1,192.55,2025-12-09
14034,24,1552,1,1,0,0.0,2025-08-14
14035,1,4630,1,1,1,201.45,2026-04-23
14036,11,3440,1,1,1,212.68,2024-09-23
14037,11,1671,1,1,0,0.0,2025-09-10
14038,1,2135,1,1,1,130.02,2024-10-14
14039,17,2920,1,1,0,0.0,2025-11-18
14040,38,459,1,1,0,0.0,2024-08-24
14041,10,1827,1,1,1,237.19,2025-03-11
14042,13,1297,1,0,1,122.69,2025-07-17
14043,33,4022,1,0,0,0.0,2024-10-30
14044,21,1004,1,0,1,172.24,2024-10-09
14045,11,2178,1,0,0,0.0,2025-10-15
14046,14,3944,1,0,0,0.0,2025-04-11
14047,5,4394,1,1,1,47.41,2024-11-07
14048,16,3051,1,0,1,196.56,2025-06-13
14049,1,1206,1,0,1,227.54,2025-01-21
14050,26,1322,1,0,0,0.0,2026-05-28
14051,35,914,1,1,0,0.0,2025-02-28
14052,20,917,1,1,0,0.0,2025-12-14
14053,27,2756,1,0,0,0.0,2025-10-17
14054,22,4596,1,0,0,0.0,2026-01-30
14055,22,3196,1,1,0,0.0,2026-02-22
14056,3,4331,1,0,1,225.46,2024-09-12
14057,12,4266,1,1,1,212.63,2024-08-29
14058,34,4417,1,1,0,0.0,2025-08-19
14059,3,3330,1,1,0,0.0,2026-04-25
14060,31,2654,1,0,1,40.77,2026-05-16
14061,30,3168,1,1,1,79.6,2025-03-11
14062,23,4857,1,1,1,91.23,2025-07-08
14063,21,100,1,1,0,0.0,2024-12-18
14064,25,3648,1,0,0,0.0,2025-09-11
14065,38,284,1,1,1,81.39,2025-11-10
14066,25,420,1,1,1,76.3,2025-10-22
14067,21,4847,1,0,0,0.0,2026-03-27
14068,10,1310,1,0,1,173.95,2025-07-22
14069,5,4214,1,1,0,0.0,2024-08-29
14070,5,184,1,1,0,0.0,2025-11-06
14071,12,2542,1,1,1,200.72,2024-12-04
14072,31,2420,1,1,0,0.0,2025-04-28
14073,10,1139,1,0,1,155.64,2026-05-12
14074,22,164,1,1,1,125.25,2026-05-19
14075,36,4602,1,1,1,214.52,2026-05-24
14076,7,3830,1,0,1,91.33,2026-06-19
14077,31,1778,1,0,1,222.07,2025-06-25
14078,22,1635,1,0,1,187.9,2024-08-13
14079,2,4663,1,0,0,0.0,2025-04-17
14080,32,819,1,0,1,120.59,2026-06-27
14081,16,4672,1,0,1,94.35,2025-02-03
14082,22,4240,1,0,0,0.0,2025-11-03
14083,6,232,1,0,0,0.0,2025-12-19
14084,2,4939,1,1,0,0.0,2026-07-10
14085,32,2368,1,1,1,174.64,2025-08-10
14086,34,3107,1,1,1,110.18,2024-09-27
14087,30,37,1,1,1,76.24,2025-11-14
14088,8,4137,1,1,1,44.35,2026-03-18
14089,13,4415,1,1,0,0.0,2026-03-28
14090,26,4965,1,1,0,0.0,2025-09-18
14091,27,554,1,1,0,0.0,2026-03-12
14092,32,2140,1,1,0,0.0,2025-08-06
14093,8,4903,1,1,0,0.0,2025-10-28
14094,23,841,1,1,0,0.0,2026-04-18
14095,19,4961,1,0,1,174.51,2024-10-14
14096,21,3956,1,1,1,51.87,2026-01-26
14097,32,4771,1,0,0,0.0,2024-09-15
14098,29,4833,1,0,0,0.0,2024-11-29
14099,4,514,1,1,1,19.04,2026-06-28
14100,11,891,1,1,0,0.0,2026-02-08
14101,38,4499,1,1,1,55.23,2025-07-11
14102,31,283,1,1,0,0.0,2026-06-26
14103,40,1718,1,1,0,0.0,2025-05-23
14104,18,4921,1,0,0,0.0,2026-01-22
14105,1,3899,1,1,1,89.39,2026-05-18
14106,3,2730,1,1,0,0.0,2024-12-31
14107,17,4647,1,0,1,215.99,2025-02-14
14108,17,4294,1,0,0,0.0,2025-12-17
14109,23,4491,1,0,1,136.18,2026-07-07
14110,35,1099,1,0,1,144.88,2026-02-24
14111,21,4873,1,0,1,71.8,2026-05-12
14112,12,2807,1,1,0,0.0,2025-11-25
14113,14,3473,1,1,0,0.0,2024-08-10
14114,22,4732,1,1,0,0.0,2025-01-16
14115,24,2122,1,0,1,130.57,2025-07-20
14116,34,4886,1,0,0,0.0,2025-05-18
14117,3,4608,1,1,0,0.0,2025-12-06
14118,11,2555,1,1,0,0.0,2025-10-02
14119,27,3012,1,0,0,0.0,2025-03-25
14120,21,674,1,0,0,0.0,2025-08-09
14121,9,1824,1,1,0,0.0,2026-03-28
14122,31,1665,1,0,1,216.87,2026-07-14
14123,3,2592,1,1,0,0.0,2026-07-19
14124,15,2990,1,0,1,109.06,2025-06-27
14125,4,4012,1,0,0,0.0,2026-03-13
14126,33,533,1,1,0,0.0,2025-12-25
14127,21,3175,1,1,0,0.0,2026-07-06
14128,23,2079,1,0,1,162.17,2025-07-22
14129,30,2243,1,1,1,156.88,2025-01-17
14130,32,334,1,0,1,76.8,2024-12-09
14131,8,2517,1,0,0,0.0,2024-08-22
14132,31,1968,1,0,0,0.0,2025-11-23
14133,16,3789,1,0,1,50.32,2025-09-03
14134,37,1870,1,0,1,247.87,2024-12-02
14135,28,3169,1,1,0,0.0,2025-10-03
14136,13,1983,1,1,0,0.0,2025-10-03
14137,35,1712,1,1,1,146.64,2026-07-03
14138,34,3009,1,1,0,0.0,2025-06-14
14139,33,2191,1,1,0,0.0,2025-07-29
14140,29,4930,1,1,0,0.0,2026-07-29
14141,36,2585,1,0,0,0.0,2025-02-15
14142,8,2547,1,0,1,219.21,2024-09-10
14143,30,1533,1,0,0,0.0,2025-06-17
14144,21,2991,1,0,0,0.0,2025-12-23
14145,18,159,1,0,1,16.16,2024-12-21
14146,26,2579,1,1,0,0.0,2026-02-16
14147,19,308,1,0,1,63.29,2025-10-17
14148,25,174,1,1,1,201.49,2025-01-15
14149,24,952,1,1,0,0.0,2025-06-02
14150,7,3923,1,0,0,0.0,2025-12-01
14151,28,1838,1,1,0,0.0,2025-01-05
14152,16,1834,1,0,0,0.0,2025-08-27
14153,34,1588,1,1,1,59.01,2025-11-23
14154,21,1994,1,1,0,0.0,2026-07-30
14155,11,3358,1,1,1,55.1,2024-11-19
14156,27,3661,1,1,0,0.0,2024-08-09
14157,8,4100,1,0,0,0.0,2026-04-02
14158,6,665,1,1,0,0.0,2024-11-23
14159,22,3315,1,1,0,0.0,2025-06-03
14160,22,1668,1,0,0,0.0,2025-11-23
14161,28,883,1,0,0,0.0,2026-04-17
14162,12,878,1,0,1,82.25,2026-02-16
14163,40,4303,1,0,0,0.0,2025-01-21
14164,34,4983,1,1,0,0.0,2025-12-31
14165,13,2636,1,1,0,0.0,2025-08-31
14166,14,696,1,0,0,0.0,2025-09-01
14167,38,3193,1,0,1,131.21,2025-03-05
14168,12,3646,1,0,0,0.0,2024-10-16
14169,27,2638,1,1,1,166.27,2025-05-11
14170,7,3934,1,0,0,0.0,2024-11-15
14171,30,864,1,0,1,15.54,2025-03-29
14172,36,892,1,1,0,0.0,2026-03-23
14173,38,1034,1,0,1,171.85,2025-09-07
14174,26,2208,1,0,0,0.0,2025-09-10
14175,39,3013,1,0,1,111.16,2026-06-07
14176,38,366,1,1,1,60.98,2025-03-12
14177,12,1097,1,0,1,22.64,2025-05-24
14178,1,3609,1,1,1,193.26,2026-07-15
14179,29,3041,1,1,0,0.0,2025-06-27
14180,12,4962,1,0,1,150.96,2026-04-07
14181,26,3003,1,0,1,163.99,2024-09-03
14182,2,2292,1,1,0,0.0,2025-07-03
14183,19,1419,1,1,1,144.24,2026-03-13
14184,24,4850,1,0,1,236.23,2025-11-25
14185,30,259,1,1,0,0.0,2026-04-06
14186,33,1875,1,0,0,0.0,2025-03-17
14187,30,3093,1,1,1,218.88,2024-12-29
14188,23,4973,1,0,1,175.7,2025-05-17
14189,4,4314,1,0,1,78.63,2026-07-01
14190,21,3894,1,0,1,137.27,2024-08-21
14191,5,2946,1,0,0,0.0,2025-12-27
14192,23,2027,1,1,0,0.0,2025-01-08
14193,31,1115,1,1,0,0.0,2024-11-24
14194,30,4596,1,0,1,19.45,2025-10-07
14195,33,4175,1,1,0,0.0,2025-10-15
14196,18,1233,1,0,0,0.0,2025-01-17
14197,15,3799,1,0,1,193.03,2025-11-02
14198,14,3119,1,1,1,102.57,2024-11-18
14199,38,285,1,0,0,0.0,2025-04-24
14200,12,2971,1,0,0,0.0,2025-04-01
14201,18,3668,1,0,0,0.0,2025-08-30
14202,5,669,1,1,1,162.42,2025-02-09
14203,7,2307,1,0,0,0.0,2025-10-21
14204,39,633,1,1,1,17.3,2025-10-17
14205,13,3968,1,0,1,230.88,2025-02-13
14206,10,1992,1,0,0,0.0,2024-11-22
14207,19,4873,1,0,0,0.0,2025-09-25
14208,24,3067,1,0,0,0.0,2024-12-31
14209,32,2090,1,1,0,0.0,2024-09-12
14210,20,35,1,1,0,0.0,2026-04-02
14211,20,1661,1,1,1,110.0,2025-05-14
14212,38,4011,1,0,1,196.74,2025-02-22
14213,10,140,1,1,0,0.0,2026-03-06
14214,5,91,1,1,1,17.66,2026-06-22
14215,26,1895,1,0,1,37.82,2026-03-07
14216,7,2981,1,1,0,0.0,2025-05-24
14217,17,49,1,1,0,0.0,2024-11-06
14218,1,1861,1,1,0,0.0,2024-09-23
14219,10,1031,1,0,0,0.0,2025-04-11
14220,25,850,1,1,0,0.0,2024-12-03
14221,5,1389,1,1,0,0.0,2026-04-29
14222,37,2680,1,1,0,0.0,2025-12-24
14223,7,2154,1,0,1,180.79,2026-04-22
14224,7,2465,1,1,1,120.8,2025-09-01
14225,6,2749,1,1,1,186.08,2026-07-14
14226,8,1524,1,1,0,0.0,2025-10-10
14227,2,3618,1,1,1,33.32,2026-04-07
14228,30,3041,1,0,0,0.0,2024-11-27
14229,1,3749,1,0,1,228.01,2025-11-13
14230,24,865,1,0,0,0.0,2025-05-28
14231,5,4549,1,1,0,0.0,2025-11-03
14232,14,1905,1,0,1,180.47,2025-12-20
14233,40,1153,1,1,1,57.9,2026-04-15
14234,38,173,1,1,0,0.0,2025-12-03
14235,34,3354,1,0,0,0.0,2026-07-21
14236,38,955,1,0,0,0.0,2026-07-29
14237,8,4662,1,0,1,170.94,2025-01-26
14238,19,4559,1,0,1,134.43,2024-08-15
14239,39,4873,1,0,0,0.0,2026-07-16
14240,23,1582,1,0,1,76.21,2025-06-08
14241,1,85,1,1,0,0.0,2025-10-09
14242,14,123,1,1,1,224.7,2024-11-22
14243,2,174,1,1,1,173.33,2025-08-12
14244,21,961,1,1,1,233.41,2026-05-12
14245,39,3836,1,1,0,0.0,2025-05-23
14246,8,400,1,0,0,0.0,2026-08-03
14247,37,681,1,0,1,63.63,2025-11-17
14248,36,2395,1,1,0,0.0,2024-11-13
14249,7,1334,1,0,0,0.0,2025-01-27
14250,30,4827,1,1,1,234.83,2025-07-08
14251,2,3945,1,0,0,0.0,2024-12-17
14252,19,4827,1,1,1,18.12,2026-05-22
14253,2,3798,1,0,0,0.0,2025-09-27
14254,29,4861,1,0,1,16.94,2025-04-26
14255,40,2659,1,0,0,0.0,2024-09-28
14256,34,962,1,0,1,236.49,2025-11-23
14257,2,2166,1,1,1,212.8,2025-10-07
14258,14,412,1,1,1,61.2,2025-07-30
14259,24,2819,1,0,1,80.9,2025-09-18
14260,19,2641,1,1,1,89.64,2025-10-09
14261,27,3480,1,1,0,0.0,2026-06-23
14262,12,4365,1,0,0,0.0,2025-12-27
14263,9,3915,1,0,0,0.0,2025-10-28
14264,1,1407,1,1,0,0.0,2025-04-24
14265,20,529,1,1,0,0.0,2025-03-10
14266,18,1068,1,1,1,60.74,2026-02-10
14267,5,394,1,1,0,0.0,2025-06-24
14268,35,3762,1,0,1,178.2,2025-09-21
14269,25,3234,1,0,1,155.05,2025-01-10
14270,8,537,1,0,1,27.41,2025-01-19
14271,29,3867,1,1,0,0.0,2024-10-04
14272,33,1384,1,1,0,0.0,2026-07-28
14273,28,4422,1,1,0,0.0,2026-07-08
14274,27,2204,1,1,0,0.0,2026-07-04
14275,28,4318,1,0,1,175.17,2025-08-04
14276,9,4834,1,1,1,84.16,2025-09-30
14277,23,4154,1,1,1,225.09,2024-12-17
14278,1,3880,1,0,1,24.35,2024-12-05
14279,12,4520,1,1,1,67.5,2025-06-01
14280,37,4710,1,0,0,0.0,2024-11-24
14281,33,1057,1,1,1,170.51,2025-02-11
14282,32,3598,1,1,0,0.0,2025-09-01
14283,23,1159,1,1,1,109.67,2025-09-16
14284,5,4390,1,1,0,0.0,2025-11-21
14285,4,2013,1,1,0,0.0,2025-10-04
14286,20,2616,1,1,1,131.09,2024-12-27
14287,4,2178,1,0,1,106.68,2025-12-26
14288,15,4898,1,1,1,233.06,2024-08-12
14289,18,3907,1,1,0,0.0,2025-02-23
14290,4,4882,1,0,1,220.01,2026-02-12
14291,5,4800,1,1,0,0.0,2026-03-05
14292,5,4549,1,1,0,0.0,2025-07-04
14293,4,2084,1,0,0,0.0,2025-04-03
14294,7,2998,1,1,1,105.61,2026-04-20
14295,23,4753,1,0,1,35.8,2025-05-12
14296,1,2491,1,0,0,0.0,2025-11-28
14297,40,722,1,1,1,32.7,2026-03-12
14298,29,559,1,1,0,0.0,2025-07-16
14299,38,1815,1,0,0,0.0,2025-12-22
14300,7,4,1,1,1,203.78,2025-08-31
14301,5,784,1,1,1,133.56,2025-07-06
14302,35,4598,1,1,1,106.67,2025-01-05
14303,23,4810,1,0,1,206.97,2025-04-11
14304,31,4806,1,0,0,0.0,2025-08-26
14305,34,4674,1,1,0,0.0,2025-08-30
14306,5,742,1,1,0,0.0,2026-03-20
14307,23,1429,1,0,0,0.0,2026-06-17
14308,10,73,1,0,1,158.98,2024-11-01
14309,31,262,1,1,1,123.84,2025-06-17
14310,18,408,1,0,0,0.0,2025-03-19
14311,5,4064,1,1,0,0.0,2025-11-18
14312,29,892,1,1,0,0.0,2026-03-23
14313,35,2476,1,1,1,44.57,2024-08-10
14314,2,809,1,0,1,28.45,2026-04-29
14315,32,3584,1,0,0,0.0,2026-01-08
14316,40,3312,1,1,0,0.0,2025-07-29
14317,32,1066,1,0,1,185.29,2025-08-08
14318,12,4175,1,0,0,0.0,2024-09-08
14319,30,1391,1,0,0,0.0,2026-03-05
14320,37,3218,1,1,0,0.0,2025-11-11
14321,39,44,1,0,1,148.87,2026-03-14
14322,20,891,1,0,1,86.97,2025-12-14
14323,29,2135,1,0,0,0.0,2026-08-03
14324,20,237,1,1,0,0.0,2026-06-12
14325,10,3012,1,0,1,71.97,2025-07-05
14326,2,2347,1,0,0,0.0,2025-12-04
14327,36,3359,1,1,0,0.0,2025-04-19
14328,9,1357,1,1,0,0.0,2026-04-07
14329,29,4132,1,1,1,133.39,2025-03-13
14330,30,69,1,1,0,0.0,2026-05-28
14331,15,854,1,0,0,0.0,2025-06-24
14332,20,4909,1,0,1,69.75,2026-04-12
14333,13,539,1,0,0,0.0,2025-07-20
14334,33,1863,1,1,0,0.0,2026-07-02
14335,12,925,1,1,0,0.0,2025-12-03
14336,5,3568,1,1,1,50.02,2024-10-11
14337,10,3436,1,1,0,0.0,2025-12-16
14338,21,4861,1,0,0,0.0,2026-06-24
14339,6,4422,1,1,0,0.0,2026-05-15
14340,7,3914,1,1,0,0.0,2024-11-10
14341,9,1710,1,0,1,230.2,2026-07-23
14342,17,4684,1,1,0,0.0,2025-07-24
14343,22,718,1,1,0,0.0,2025-11-07
14344,19,1630,1,0,0,0.0,2025-06-22
14345,16,528,1,1,1,170.4,2026-02-01
14346,34,4289,1,0,0,0.0,2026-02-27
14347,9,327,1,0,1,18.71,2026-03-31
14348,21,619,1,0,0,0.0,2025-04-19
14349,28,3,1,0,0,0.0,2025-05-23
14350,35,4732,1,0,0,0.0,2026-06-02
14351,35,4288,1,1,0,0.0,2025-08-25
14352,1,1559,1,0,0,0.0,2026-06-09
14353,8,2535,1,0,1,147.07,2025-05-12
14354,16,1958,1,0,0,0.0,2024-09-01
14355,14,1792,1,0,1,153.07,2026-07-09
14356,37,4111,1,1,0,0.0,2025-01-20
14357,40,632,1,1,0,0.0,2025-09-20
14358,8,3504,1,0,0,0.0,2026-01-31
14359,34,743,1,0,0,0.0,2025-08-13
14360,36,866,1,1,1,64.91,2026-08-04
14361,26,4170,1,0,0,0.0,2025-05-19
14362,11,1847,1,1,0,0.0,2025-02-11
14363,15,3130,1,1,1,242.93,2025-12-09
14364,22,4118,1,0,0,0.0,2026-06-05
14365,31,1642,1,1,0,0.0,2026-01-12
14366,11,2582,1,0,0,0.0,2024-09-30
14367,31,4913,1,0,0,0.0,2025-03-27
14368,21,3614,1,1,0,0.0,2025-09-27
14369,15,590,1,1,1,16.31,2025-12-29
14370,18,2310,1,1,1,103.68,2026-07-07
14371,31,548,1,0,1,215.47,2026-06-16
14372,37,1588,1,1,0,0.0,2025-05-26
14373,26,3630,1,1,0,0.0,2025-04-20
14374,28,1868,1,1,1,38.82,2024-10-09
14375,13,969,1,1,1,52.66,2025-04-14
14376,21,4836,1,1,1,17.76,2024-08-22
14377,35,3248,1,0,0,0.0,2024-11-05
14378,26,4990,1,0,1,56.34,2024-11-09
14379,3,1509,1,0,1,132.34,2025-11-06
14380,13,4002,1,1,0,0.0,2024-09-07
14381,24,701,1,0,1,91.83,2024-11-10
14382,17,3595,1,0,1,86.0,2026-01-16
14383,29,1759,1,1,0,0.0,2026-05-24
14384,34,1488,1,0,0,0.0,2025-03-20
14385,38,1679,1,1,0,0.0,2026-03-25
14386,35,3907,1,0,1,224.56,2025-09-26
14387,14,1590,1,0,1,230.17,2025-09-29
14388,35,1235,1,1,1,96.1,2025-06-14
14389,6,2716,1,0,0,0.0,2024-09-21
14390,27,4968,1,0,0,0.0,2026-07-08
14391,16,4027,1,1,0,0.0,2026-05-14
14392,12,2670,1,1,0,0.0,2024-11-01
14393,18,4717,1,0,0,0.0,2024-10-16
14394,40,2914,1,1,0,0.0,2025-01-26
14395,38,4091,1,1,1,64.04,2024-11-08
14396,22,994,1,0,0,0.0,2025-03-14
14397,4,2842,1,0,0,0.0,2025-05-15
14398,22,4707,1,0,1,69.19,2025-06-20
14399,13,3776,1,1,0,0.0,2026-04-12
14400,5,4561,1,1,0,0.0,2025-11-27
14401,35,1912,1,1,0,0.0,2025-12-22
14402,37,402,1,1,0,0.0,2026-06-01
14403,36,3005,1,0,0,0.0,2026-01-13
14404,32,1497,1,0,0,0.0,2025-05-14
14405,25,3037,1,1,0,0.0,2025-03-10
14406,5,2915,1,0,1,38.75,2025-04-20
14407,8,420,1,0,0,0.0,2026-05-19
14408,3,4722,1,0,1,38.16,2025-03-18
14409,26,3786,1,0,0,0.0,2025-04-25
14410,8,3845,1,1,0,0.0,2025-09-20
14411,35,1027,1,0,0,0.0,2026-07-10
14412,25,1377,1,1,1,154.7,2024-10-14
14413,20,846,1,1,1,100.09,2025-05-16
14414,15,944,1,1,1,204.32,2025-05-30
14415,32,4566,1,0,0,0.0,2026-03-06
14416,33,1139,1,0,0,0.0,2024-10-30
14417,20,3941,1,1,1,73.24,2024-09-08
14418,27,2417,1,0,1,141.92,2024-09-16
14419,9,4516,1,1,1,121.32,2025-02-19
14420,18,139,1,0,0,0.0,2025-09-11
14421,4,391,1,0,1,184.1,2026-06-10
14422,38,4906,1,1,1,165.55,2024-10-11
14423,10,1795,1,1,1,243.66,2025-01-12
14424,36,3467,1,1,0,0.0,2026-05-29
14425,32,1205,1,0,1,236.34,2024-12-20
14426,11,1820,1,1,1,91.69,2025-12-10
14427,4,1068,1,0,0,0.0,2026-07-20
14428,9,2492,1,0,0,0.0,2025-09-06
14429,15,1673,1,0,0,0.0,2026-03-24
14430,32,666,1,1,1,164.14,2024-12-13
14431,38,4548,1,0,0,0.0,2026-04-13
14432,40,696,1,0,0,0.0,2026-06-17
14433,13,1537,1,0,1,211.13,2025-05-25
14434,11,1555,1,1,0,0.0,2024-12-04
14435,35,2730,1,0,0,0.0,2025-11-02
14436,13,2556,1,1,1,106.48,2026-07-25
14437,35,4526,1,1,1,193.37,2025-04-22
14438,35,2945,1,0,0,0.0,2025-04-27
14439,40,1159,1,1,1,145.89,2025-08-31
14440,29,358,1,1,0,0.0,2024-08-29
14441,32,2315,1,0,1,225.05,2025-08-31
14442,40,4376,1,1,1,124.61,2024-10-11
14443,2,3842,1,0,1,42.3,2025-07-25
14444,25,2995,1,1,0,0.0,2025-10-11
14445,34,2172,1,1,1,66.54,2024-10-11
14446,1,1247,1,0,0,0.0,2025-11-18
14447,1,4863,1,0,0,0.0,2025-06-17
14448,13,893,1,0,0,0.0,2025-03-10
14449,22,4747,1,1,0,0.0,2026-05-23
14450,7,1347,1,1,0,0.0,2025-10-13
14451,7,4055,1,1,0,0.0,2024-12-31
14452,10,3404,1,0,1,197.64,2025-04-23
14453,37,4445,1,1,0,0.0,2026-01-15
14454,5,2604,1,0,0,0.0,2026-02-09
14455,8,3289,1,1,0,0.0,2026-05-29
14456,29,1460,1,0,0,0.0,2024-10-20
14457,34,1146,1,1,0,0.0,2025-12-24
14458,26,1433,1,1,0,0.0,2024-10-07
14459,7,495,1,0,1,122.09,2026-02-09
14460,4,3821,1,0,1,157.7,2026-05-16
14461,2,2499,1,1,1,155.59,2024-09-02
14462,10,4669,1,1,1,79.44,2024-08-28
14463,34,4981,1,0,1,38.13,2025-04-05
14464,2,1560,1,1,0,0.0,2025-04-06
14465,19,1078,1,1,1,15.89,2026-06-06
14466,9,4512,1,1,1,185.85,2025-12-29
14467,4,3043,1,1,0,0.0,2025-12-14
14468,9,424,1,0,1,118.08,2025-05-15
14469,1,505,1,0,1,26.82,2026-02-02
14470,12,2268,1,0,1,218.77,2026-03-13
14471,13,3965,1,0,0,0.0,2025-03-04
14472,36,1496,1,1,1,96.64,2025-03-17
14473,35,2661,1,1,1,126.37,2025-08-30
14474,17,75,1,1,0,0.0,2024-08-05
14475,31,2486,1,1,0,0.0,2026-02-03
14476,1,1232,1,0,0,0.0,2024-10-22
14477,22,3234,1,1,1,88.94,2026-06-28
14478,13,2324,1,1,1,238.39,2026-06-12
14479,34,2527,1,1,0,0.0,2026-05-12
14480,39,687,1,1,1,107.43,2025-06-23
14481,1,4311,1,1,0,0.0,2025-05-16
14482,18,3973,1,0,0,0.0,2026-04-27
14483,18,2664,1,0,0,0.0,2025-10-21
14484,10,961,1,1,1,241.97,2026-06-17
14485,3,4885,1,1,0,0.0,2025-03-20
14486,17,4204,1,1,1,39.96,2026-01-09
14487,8,179,1,0,1,44.68,2025-11-14
14488,38,3766,1,0,1,114.19,2025-12-15
14489,6,2355,1,1,1,19.97,2025-11-27
14490,36,1525,1,0,0,0.0,2026-02-21
14491,12,18,1,0,0,0.0,2026-05-03
14492,17,15,1,0,1,71.28,2026-02-04
14493,7,1871,1,0,1,214.09,2025-01-04
14494,16,4166,1,1,1,19.43,2026-02-04
14495,16,4117,1,0,1,180.75,2026-01-11
14496,7,902,1,0,1,198.44,2026-04-27
14497,12,4127,1,1,1,176.27,2026-04-17
14498,38,3586,1,0,0,0.0,2024-12-15
14499,16,3335,1,1,0,0.0,2026-03-13
14500,33,4616,1,1,0,0.0,2025-07-08
14501,20,2233,1,1,1,216.82,2026-01-15
14502,9,389,1,0,1,64.65,2025-01-03
14503,3,213,1,0,1,43.95,2024-12-16
14504,34,388,1,0,0,0.0,2024-10-24
14505,1,4462,1,1,1,74.82,2024-08-19
14506,36,3212,1,0,1,199.61,2025-11-10
14507,24,3041,1,0,0,0.0,2024-09-28
14508,30,2204,1,1,0,0.0,2025-05-16
14509,5,2098,1,1,1,161.82,2026-03-15
14510,14,1639,1,1,1,82.32,2025-02-28
14511,13,2863,1,0,0,0.0,2024-09-12
14512,39,2910,1,1,1,225.53,2025-05-27
14513,5,4342,1,1,1,50.72,2026-06-11
14514,9,473,1,1,1,42.96,2026-01-06
14515,36,3817,1,0,0,0.0,2026-01-21
14516,2,3369,1,0,1,187.06,2025-02-26
14517,37,128,1,0,1,18.14,2026-06-18
14518,37,2446,1,0,1,198.89,2026-06-16
14519,39,4386,1,1,1,25.08,2024-08-13
14520,39,3259,1,1,1,77.88,2026-05-15
14521,8,2902,1,1,0,0.0,2026-04-01
14522,27,3634,1,0,0,0.0,2025-09-12
14523,24,1133,1,1,0,0.0,2024-10-26
14524,2,4960,1,0,0,0.0,2025-07-18
14525,10,3650,1,0,0,0.0,2025-11-03
14526,33,80,1,0,1,154.84,2025-07-31
14527,4,2883,1,0,1,135.79,2025-10-09
14528,27,4476,1,1,0,0.0,2026-07-10
14529,37,3735,1,1,0,0.0,2025-08-23
14530,38,1869,1,1,1,190.46,2025-08-29
14531,36,4034,1,1,1,12.39,2025-03-20
14532,17,4347,1,1,1,17.51,2025-12-20
14533,39,1480,1,1,0,0.0,2025-05-27
14534,16,3815,1,1,1,149.4,2026-02-11
14535,30,3464,1,0,0,0.0,2025-06-11
14536,6,4452,1,1,1,187.97,2025-01-08
14537,40,134,1,1,1,150.7,2025-08-15
14538,5,3203,1,1,0,0.0,2025-01-13
14539,31,3064,1,0,0,0.0,2025-11-22
14540,18,1510,1,0,1,234.43,2025-09-05
14541,39,2124,1,0,1,135.85,2026-04-06
14542,38,2396,1,1,0,0.0,2025-04-18
14543,31,4470,1,0,1,247.3,2025-09-14
14544,13,790,1,1,0,0.0,2025-12-06
14545,7,3706,1,1,0,0.0,2025-01-21
14546,39,2104,1,1,1,81.69,2026-03-31
14547,40,927,1,0,0,0.0,2025-03-18
14548,35,3627,1,0,1,30.73,2025-05-22
14549,6,4297,1,0,1,136.11,2024-10-25
14550,9,4506,1,1,1,54.34,2024-12-04
14551,1,1346,1,0,0,0.0,2026-07-26
14552,34,877,1,0,1,64.36,2026-04-07
14553,19,93,1,0,1,215.41,2024-11-03
14554,31,1852,1,1,0,0.0,2025-07-22
14555,38,4376,1,1,0,0.0,2024-11-25
14556,20,4043,1,1,1,96.1,2025-11-28
14557,15,3901,1,0,1,156.03,2024-09-18
14558,39,1960,1,1,0,0.0,2025-01-23
14559,4,88,1,1,1,124.98,2024-11-26
14560,12,225,1,1,0,0.0,2026-05-22
14561,23,2303,1,1,0,0.0,2025-12-04
14562,26,1604,1,0,0,0.0,2024-09-11
14563,40,2966,1,0,0,0.0,2025-03-14
14564,28,4295,1,1,1,166.31,2026-07-25
14565,9,4778,1,1,0,0.0,2024-11-25
14566,6,3658,1,0,1,62.97,2024-09-09
14567,35,1477,1,0,0,0.0,2025-06-05
14568,11,1491,1,0,0,0.0,2026-01-23
14569,16,806,1,0,1,247.31,2025-07-14
14570,15,4516,1,0,0,0.0,2024-12-28
14571,5,2965,1,0,1,127.79,2024-09-24
14572,18,217,1,0,0,0.0,2026-01-21
14573,5,353,1,1,1,72.57,2025-04-03
14574,10,3418,1,1,1,192.07,2026-03-14
14575,2,4730,1,0,0,0.0,2024-10-10
14576,8,1423,1,0,1,40.22,2026-04-05
14577,21,1801,1,1,1,19.2,2025-01-04
14578,2,3781,1,1,0,0.0,2025-05-18
14579,40,1819,1,1,1,199.52,2025-06-22
14580,15,2182,1,1,1,181.39,2025-01-21
14581,2,2631,1,0,1,208.37,2025-06-07
14582,1,4236,1,0,0,0.0,2026-04-14
14583,11,1806,1,0,0,0.0,2024-08-06
14584,21,3207,1,1,1,94.05,2025-11-18
14585,2,1059,1,0,1,35.14,2024-09-05
14586,14,2446,1,1,0,0.0,2026-04-02
14587,32,3449,1,0,0,0.0,2024-08-22
14588,26,338,1,1,0,0.0,2025-02-11
14589,24,4429,1,1,0,0.0,2024-08-23
14590,14,1626,1,1,0,0.0,2025-10-21
14591,1,3447,1,1,0,0.0,2024-11-08
14592,34,3242,1,0,1,22.42,2025-02-04
14593,14,3692,1,0,0,0.0,2025-12-22
14594,18,1147,1,1,1,41.56,2026-01-20
14595,23,3938,1,0,0,0.0,2026-01-06
14596,39,2755,1,0,0,0.0,2024-10-21
14597,11,1981,1,0,0,0.0,2026-05-20
14598,29,3498,1,0,0,0.0,2025-09-17
14599,22,1373,1,1,0,0.0,2024-10-10
14600,24,2715,1,0,0,0.0,2025-03-02
14601,8,3196,1,1,0,0.0,2025-04-27
14602,33,2207,1,0,0,0.0,2024-10-31
14603,3,1617,1,1,1,150.93,2025-04-17
14604,32,2593,1,1,0,0.0,2025-05-09
14605,8,960,1,1,1,42.98,2025-02-05
14606,26,418,1,0,1,58.95,2025-05-07
14607,17,902,1,0,1,18.51,2025-04-01
14608,37,4030,1,1,0,0.0,2025-09-07
14609,14,1888,1,0,1,86.62,2025-01-27
14610,30,4511,1,1,0,0.0,2026-06-08
14611,10,2203,1,0,0,0.0,2025-06-20
14612,9,4931,1,0,1,249.17,2026-01-23
14613,20,1865,1,0,0,0.0,2025-05-14
14614,37,2819,1,0,1,27.55,2026-01-13
14615,1,4938,1,1,0,0.0,2026-03-06
14616,15,1791,1,0,1,35.77,2025-10-12
14617,22,620,1,0,0,0.0,2025-10-19
14618,40,2934,1,0,0,0.0,2025-03-14
14619,9,3850,1,1,0,0.0,2025-05-25
14620,6,2647,1,0,0,0.0,2026-02-16
14621,31,2705,1,0,1,246.54,2025-11-15
14622,35,234,1,1,0,0.0,2026-04-12
14623,12,1604,1,0,0,0.0,2026-03-08
14624,20,1593,1,1,0,0.0,2025-12-28
14625,26,2166,1,1,0,0.0,2024-10-16
14626,28,2565,1,1,0,0.0,2026-06-19
14627,13,1672,1,1,0,0.0,2024-12-21
14628,23,2028,1,1,1,246.84,2025-04-23
14629,11,2585,1,0,1,204.23,2025-02-09
14630,4,2704,1,0,0,0.0,2025-11-15
14631,29,2021,1,1,1,12.75,2026-07-24
14632,7,1823,1,0,0,0.0,2025-08-19
14633,39,3010,1,0,1,212.46,2026-04-03
14634,40,1448,1,1,1,121.02,2025-03-12
14635,17,4250,1,1,1,181.32,2026-03-04
14636,9,3332,1,0,0,0.0,2025-02-20
14637,6,1404,1,0,0,0.0,2026-07-01
14638,23,3682,1,0,0,0.0,2025-03-21
14639,25,3025,1,0,0,0.0,2026-01-06
14640,22,735,1,1,0,0.0,2026-06-07
14641,20,4592,1,1,0,0.0,2025-09-30
14642,3,1452,1,1,1,125.87,2025-03-16
14643,10,2349,1,0,0,0.0,2025-10-12
14644,5,2071,1,0,0,0.0,2025-05-17
14645,6,2405,1,1,0,0.0,2025-03-01
14646,38,1949,1,1,0,0.0,2024-11-12
14647,9,822,1,1,0,0.0,2025-01-01
14648,20,4070,1,1,0,0.0,2026-01-04
14649,14,1339,1,1,0,0.0,2024-08-06
14650,3,1095,1,1,1,101.88,2025-06-30
14651,36,2092,1,1,0,0.0,2026-05-12
14652,27,624,1,1,0,0.0,2025-04-22
14653,25,1133,1,0,1,118.18,2025-10-30
14654,1,4031,1,1,0,0.0,2025-06-20
14655,10,817,1,0,1,79.22,2024-11-13
14656,9,4592,1,1,0,0.0,2025-08-20
14657,34,4050,1,1,0,0.0,2026-01-20
14658,4,3106,1,1,0,0.0,2024-09-18
14659,35,2744,1,0,0,0.0,2025-02-10
14660,17,862,1,0,0,0.0,2026-02-05
14661,14,1470,1,0,1,192.32,2026-04-24
14662,34,3049,1,0,1,236.98,2026-01-04
14663,36,1275,1,1,1,29.41,2026-05-01
14664,11,1027,1,1,0,0.0,2026-03-25
14665,33,4864,1,0,1,109.47,2024-11-18
14666,12,1347,1,0,0,0.0,2025-02-20
14667,29,2775,1,1,1,94.56,2025-07-31
14668,14,3479,1,1,1,49.7,2025-01-10
14669,18,4870,1,1,1,37.7,2026-04-07
14670,31,425,1,0,1,206.27,2025-02-09
14671,6,2101,1,1,0,0.0,2025-11-20
14672,39,10,1,0,0,0.0,2025-01-06
14673,31,2360,1,0,1,105.64,2025-06-24
14674,25,3450,1,0,0,0.0,2026-04-02
14675,21,2761,1,0,1,57.49,2026-04-30
14676,15,4190,1,0,0,0.0,2026-07-03
14677,10,3131,1,0,1,64.7,2025-06-08
14678,38,2795,1,1,0,0.0,2026-01-15
14679,40,1975,1,1,0,0.0,2026-02-05
14680,4,1287,1,0,0,0.0,2026-02-05
14681,31,2678,1,0,0,0.0,2025-03-12
14682,40,167,1,0,1,19.78,2026-02-21
14683,18,1857,1,1,1,200.03,2025-10-30
14684,9,757,1,1,0,0.0,2025-10-18
14685,12,623,1,1,1,55.26,2025-10-22
14686,25,2846,1,0,1,83.75,2025-03-04
14687,35,732,1,0,1,11.84,2025-02-09
14688,38,1690,1,0,1,22.64,2026-02-27
14689,26,4630,1,1,1,160.35,2025-11-26
14690,10,2159,1,0,0,0.0,2026-02-12
14691,6,2328,1,0,1,121.06,2025-05-04
14692,14,2395,1,0,0,0.0,2026-05-24
14693,27,1949,1,0,1,14.63,2026-02-08
14694,38,2335,1,1,0,0.0,2025-01-18
14695,31,3042,1,0,1,112.91,2025-01-06
14696,28,433,1,1,1,36.04,2025-11-18
14697,29,2694,1,0,0,0.0,2025-03-21
14698,19,1160,1,1,0,0.0,2026-02-06
14699,33,891,1,0,0,0.0,2025-05-12
14700,21,4059,1,0,1,62.55,2025-04-14
14701,10,3094,1,1,1,123.13,2026-01-26
14702,4,3976,1,0,0,0.0,2025-11-05
14703,39,4390,1,1,0,0.0,2024-10-27
14704,6,1153,1,0,0,0.0,2026-04-04
14705,36,4959,1,1,1,64.82,2024-10-31
14706,21,2675,1,1,0,0.0,2026-07-19
14707,13,658,1,0,1,94.5,2025-08-05
14708,14,2566,1,1,1,213.18,2025-01-03
14709,36,3942,1,1,1,21.02,2026-02-22
14710,6,2787,1,0,1,207.33,2026-04-09
14711,21,4134,1,0,0,0.0,2025-09-02
14712,3,1780,1,0,0,0.0,2025-05-14
14713,23,3716,1,1,0,0.0,2024-10-25
14714,21,2785,1,1,1,55.15,2026-05-06
14715,16,1769,1,0,1,175.07,2026-06-25
14716,17,4986,1,1,1,75.88,2025-10-09
14717,14,765,1,1,0,0.0,2025-07-11
14718,40,3569,1,1,0,0.0,2025-10-21
14719,11,4173,1,1,0,0.0,2024-08-18
14720,32,4257,1,1,0,0.0,2025-10-16
14721,26,44,1,0,0,0.0,2024-09-03
14722,15,4382,1,0,0,0.0,2025-06-11
14723,20,248,1,1,1,148.99,2025-04-21
14724,38,1772,1,0,1,131.39,2026-01-27
14725,39,3987,1,0,1,110.46,2024-11-27
14726,23,3326,1,1,1,183.46,2024-09-08
14727,22,204,1,1,0,0.0,2026-01-09
14728,1,3829,1,0,1,203.96,2025-05-05
14729,24,314,1,0,0,0.0,2026-07-26
14730,23,4381,1,1,0,0.0,2025-03-04
14731,13,3117,1,0,1,49.49,2026-06-18
14732,2,703,1,0,1,129.25,2025-06-15
14733,27,1571,1,0,1,128.48,2025-06-19
14734,31,3610,1,0,1,178.9,2026-03-09
14735,15,4201,1,0,0,0.0,2026-07-20
14736,18,4158,1,0,1,209.82,2025-08-01
14737,3,3331,1,1,0,0.0,2024-10-21
14738,19,4044,1,0,0,0.0,2024-08-06
14739,33,256,1,1,0,0.0,2025-02-22
14740,15,3213,1,0,0,0.0,2024-10-12
14741,39,510,1,1,0,0.0,2024-10-21
14742,17,2598,1,0,1,165.89,2025-04-20
14743,9,3090,1,0,1,235.6,2025-10-15
14744,14,3611,1,0,0,0.0,2024-09-17
14745,30,4778,1,0,0,0.0,2025-05-23
14746,18,4075,1,1,0,0.0,2026-01-17
14747,30,4008,1,1,0,0.0,2025-05-15
14748,36,4616,1,1,0,0.0,2025-11-19
14749,34,3060,1,1,1,136.22,2026-01-07
14750,29,3564,1,0,0,0.0,2025-06-25
14751,22,1719,1,1,1,238.91,2024-09-26
14752,12,2673,1,0,0,0.0,2024-11-18
14753,38,1728,1,1,1,115.61,2025-06-08
14754,6,1295,1,0,0,0.0,2026-05-19
14755,38,251,1,0,1,228.61,2026-07-24
14756,6,4297,1,1,1,78.81,2026-03-16
14757,26,1485,1,0,0,0.0,2025-06-08
14758,23,456,1,0,1,40.99,2025-04-02
14759,3,2505,1,1,1,213.59,2025-09-10
14760,20,453,1,1,0,0.0,2024-09-03
14761,12,2281,1,1,0,0.0,2025-01-07
14762,6,3123,1,1,0,0.0,2026-04-05
14763,30,565,1,0,1,192.04,2025-02-19
14764,38,200,1,0,1,34.66,2025-05-22
14765,21,3974,1,1,1,191.64,2025-09-18
14766,13,323,1,1,1,96.32,2025-03-15
14767,30,2332,1,1,1,50.16,2026-08-02
14768,18,2008,1,0,1,30.81,2025-08-15
14769,25,377,1,0,0,0.0,2026-04-23
14770,25,4811,1,1,0,0.0,2026-04-09
14771,36,88,1,0,1,12.9,2026-05-11
14772,32,3065,1,0,1,248.11,2024-12-05
14773,4,4265,1,1,0,0.0,2025-06-09
14774,38,1259,1,1,1,55.5,2025-03-07
14775,15,2492,1,0,1,98.69,2024-08-31
14776,35,910,1,0,0,0.0,2025-10-10
14777,19,1164,1,1,0,0.0,2025-05-21
14778,17,4501,1,0,0,0.0,2024-11-10
14779,29,3573,1,0,1,131.51,2026-01-22
14780,4,2288,1,1,0,0.0,2026-04-07
14781,37,3219,1,0,0,0.0,2025-12-24
14782,25,363,1,0,0,0.0,2026-05-22
14783,5,1075,1,0,1,88.21,2025-05-17
14784,34,2754,1,0,0,0.0,2026-02-22
14785,19,820,1,1,0,0.0,2025-07-12
14786,16,2418,1,0,0,0.0,2025-07-30
14787,28,3560,1,1,1,18.39,2026-03-29
14788,23,2877,1,0,0,0.0,2026-04-20
14789,13,4719,1,1,0,0.0,2024-08-10
14790,13,4893,1,1,1,144.36,2026-07-21
14791,35,1401,1,0,0,0.0,2025-08-23
14792,14,3107,1,1,1,166.0,2025-01-19
14793,33,4592,1,1,0,0.0,2025-04-18
14794,24,2466,1,1,1,186.76,2026-04-18
14795,8,2999,1,1,0,0.0,2024-08-30
14796,38,4489,1,0,1,217.9,2024-09-02
14797,30,2645,1,0,0,0.0,2025-09-05
14798,37,1875,1,0,1,156.79,2025-06-09
14799,29,907,1,0,1,108.93,2024-12-06
14800,10,1689,1,1,1,111.6,2025-11-13
14801,22,1713,1,1,0,0.0,2025-11-07
14802,33,4711,1,0,1,223.66,2025-02-17
14803,1,2841,1,1,1,135.49,2025-11-25
14804,29,3648,1,1,0,0.0,2025-03-30
14805,36,3794,1,1,1,15.22,2026-02-10
14806,25,1612,1,1,0,0.0,2026-02-15
14807,27,4106,1,0,0,0.0,2026-02-24
14808,22,4511,1,0,1,186.4,2024-09-27
14809,28,1555,1,1,0,0.0,2025-02-04
14810,32,2245,1,0,0,0.0,2024-08-04
14811,32,2341,1,0,0,0.0,2024-11-20
14812,9,1656,1,1,0,0.0,2024-09-16
14813,37,2915,1,1,0,0.0,2025-05-15
14814,17,3038,1,1,1,245.57,2026-07-03
14815,36,939,1,1,1,223.4,2025-11-26
14816,16,3591,1,1,1,92.29,2024-11-20
14817,24,2599,1,0,1,85.62,2026-02-07
14818,40,74,1,1,0,0.0,2024-09-18
14819,34,484,1,1,1,196.19,2025-03-23
14820,39,81,1,1,0,0.0,2026-03-10
14821,2,4563,1,1,0,0.0,2024-10-30
14822,14,2139,1,1,1,244.98,2026-03-11
14823,33,501,1,0,0,0.0,2024-12-18
14824,11,2440,1,0,0,0.0,2025-02-02
14825,39,1718,1,0,0,0.0,2025-08-15
14826,26,1941,1,0,0,0.0,2025-02-27
14827,11,605,1,1,0,0.0,2026-04-16
14828,27,1775,1,1,0,0.0,2025-09-04
14829,17,1001,1,1,1,212.99,2025-04-02
14830,9,228,1,0,1,48.74,2025-04-28
14831,28,4401,1,1,0,0.0,2025-04-24
14832,28,4836,1,0,1,129.42,2025-06-29
14833,17,953,1,1,1,13.32,2024-10-23
14834,22,4372,1,0,1,11.89,2025-12-27
14835,29,812,1,1,1,88.63,2024-09-19
14836,10,2061,1,0,0,0.0,2024-11-05
14837,2,545,1,0,1,218.15,2025-06-19
14838,36,4726,1,0,0,0.0,2026-02-24
14839,18,738,1,0,0,0.0,2024-10-28
14840,18,2441,1,1,0,0.0,2025-10-21
14841,30,4949,1,1,1,47.9,2025-08-02
14842,12,2984,1,0,0,0.0,2024-10-31
14843,15,1,1,0,0,0.0,2026-01-06
14844,27,2090,1,0,1,129.07,2024-08-11
14845,32,4120,1,0,1,163.38,2025-12-05
14846,3,4394,1,1,1,180.05,2025-09-14
14847,29,1096,1,0,0,0.0,2025-05-08
14848,20,4297,1,1,1,170.61,2025-11-05
14849,12,1072,1,0,0,0.0,2024-09-22
14850,37,1709,1,1,1,41.65,2026-05-12
14851,1,1232,1,0,1,94.88,2024-08-15
14852,34,1116,1,1,0,0.0,2026-04-18
14853,15,4042,1,0,1,29.09,2026-04-13
14854,21,2856,1,0,1,228.58,2025-09-20
14855,18,2460,1,1,1,31.45,2025-04-14
14856,38,1214,1,0,0,0.0,2024-12-14
14857,33,2870,1,0,1,33.35,2024-11-19
14858,29,3222,1,1,1,28.96,2026-07-17
14859,38,768,1,0,0,0.0,2025-04-07
14860,6,2581,1,0,0,0.0,2026-04-24
14861,10,4704,1,0,1,104.59,2025-05-29
14862,40,3870,1,1,1,223.13,2026-05-12
14863,23,2634,1,1,1,41.25,2024-09-09
14864,14,70,1,1,1,14.44,2026-06-30
14865,37,1402,1,0,1,29.78,2025-10-26
14866,10,3665,1,0,1,66.13,2026-03-19
14867,3,3035,1,1,0,0.0,2026-01-01
14868,4,2027,1,0,0,0.0,2025-01-13
14869,39,687,1,1,1,227.08,2026-01-10
14870,5,998,1,1,0,0.0,2026-06-18
14871,10,4798,1,0,0,0.0,2025-11-14
14872,12,2394,1,1,0,0.0,2026-06-21
14873,17,3090,1,1,1,194.41,2025-07-11
14874,13,1412,1,0,0,0.0,2026-05-20
14875,8,930,1,0,0,0.0,2026-07-17
14876,18,3009,1,0,1,124.53,2024-10-15
14877,17,1575,1,1,0,0.0,2026-07-19
14878,21,3120,1,0,1,97.68,2025-04-18
14879,33,3205,1,1,1,218.78,2025-11-11
14880,21,3007,1,0,1,201.52,2025-05-06
14881,18,2883,1,1,1,49.34,2025-05-27
14882,19,3653,1,0,0,0.0,2025-12-30
14883,26,3195,1,0,1,11.71,2024-10-26
14884,15,4129,1,0,0,0.0,2026-03-27
14885,36,857,1,0,1,25.58,2025-01-25
14886,7,3473,1,0,0,0.0,2025-07-01
14887,17,3350,1,1,0,0.0,2025-02-09
14888,31,1312,1,1,0,0.0,2026-06-08
14889,13,3049,1,1,0,0.0,2026-04-30
14890,19,2431,1,0,1,112.7,2024-08-08
14891,29,2596,1,0,0,0.0,2025-05-17
14892,16,1324,1,0,0,0.0,2025-02-18
14893,38,10,1,0,1,39.05,2026-06-12
14894,30,4327,1,0,0,0.0,2024-09-05
14895,4,953,1,0,1,12.02,2026-03-01
14896,3,4593,1,1,0,0.0,2024-11-24
14897,2,377,1,0,0,0.0,2024-11-08
14898,13,761,1,0,0,0.0,2026-01-15
14899,40,435,1,0,0,0.0,2025-08-23
14900,2,3872,1,0,0,0.0,2026-01-05
14901,27,4186,1,1,1,205.18,2025-04-08
14902,25,4248,1,0,0,0.0,2026-06-21
14903,21,3916,1,1,0,0.0,2025-10-18
14904,37,3649,1,0,0,0.0,2026-02-01
14905,26,4609,1,1,0,0.0,2026-03-31
14906,17,1577,1,0,0,0.0,2026-06-08
14907,7,4700,1,1,1,156.03,2025-12-21
14908,22,3867,1,0,0,0.0,2025-12-13
14909,7,4031,1,0,0,0.0,2026-06-11
14910,15,1073,1,0,1,246.17,2025-10-23
14911,15,3037,1,1,1,94.88,2025-04-07
14912,27,2157,1,1,0,0.0,2025-12-13
14913,23,1004,1,1,0,0.0,2024-08-25
14914,11,1463,1,0,1,22.74,2025-04-22
14915,14,4787,1,0,1,213.8,2025-10-16
14916,18,3280,1,0,1,39.22,2024-12-19
14917,1,19,1,0,1,174.47,2025-02-10
14918,20,3646,1,1,0,0.0,2024-12-31
14919,26,4756,1,1,0,0.0,2025-06-12
14920,32,300,1,1,0,0.0,2025-10-01
14921,1,4442,1,0,0,0.0,2025-01-22
14922,40,1205,1,1,0,0.0,2024-10-12
14923,2,3028,1,0,1,175.34,2025-11-26
14924,24,1898,1,0,0,0.0,2024-10-20
14925,22,4183,1,0,1,196.38,2025-11-15
14926,19,884,1,0,0,0.0,2026-03-30
14927,25,4955,1,0,0,0.0,2026-06-02
14928,37,1985,1,0,1,143.77,2024-08-05
14929,18,2737,1,0,0,0.0,2025-02-20
14930,40,1897,1,0,1,185.37,2026-06-03
14931,16,1161,1,0,0,0.0,2025-12-29
14932,3,4911,1,0,1,88.34,2026-07-21
14933,3,1897,1,0,1,78.09,2026-03-28
14934,3,1179,1,1,1,82.42,2025-10-12
14935,24,4714,1,1,0,0.0,2025-07-11
14936,8,3568,1,0,0,0.0,2025-05-02
14937,17,841,1,0,0,0.0,2025-07-25
14938,25,1362,1,0,0,0.0,2025-12-14
14939,19,1727,1,1,0,0.0,2025-04-02
14940,20,2426,1,1,1,220.43,2026-07-17
14941,32,1185,1,1,0,0.0,2024-11-02
14942,12,1435,1,1,1,90.04,2025-04-23
14943,6,2715,1,1,0,0.0,2024-09-09
14944,18,641,1,0,1,125.33,2024-08-15
14945,12,2835,1,1,0,0.0,2026-02-18
14946,9,2641,1,0,1,147.18,2025-05-24
14947,4,3464,1,0,0,0.0,2024-12-07
14948,28,4152,1,0,1,171.09,2024-10-02
14949,39,2478,1,0,0,0.0,2025-12-02
14950,19,3985,1,1,0,0.0,2025-01-10
14951,32,2243,1,0,0,0.0,2025-05-12
14952,14,311,1,1,1,160.56,2026-07-12
14953,35,3235,1,1,0,0.0,2025-06-20
14954,15,7,1,0,0,0.0,2025-12-30
14955,5,1548,1,0,0,0.0,2026-05-09
14956,6,4134,1,0,1,67.65,2025-01-14
14957,11,3008,1,0,0,0.0,2026-01-09
14958,6,1573,1,0,1,23.42,2025-11-01
14959,38,284,1,0,0,0.0,2025-03-21
14960,17,1116,1,1,0,0.0,2025-05-01
14961,38,3228,1,0,1,94.33,2025-09-11
14962,30,3842,1,1,0,0.0,2025-04-19
14963,13,1106,1,1,1,19.27,2025-09-20
14964,40,708,1,0,1,110.48,2026-02-26
14965,4,47,1,0,1,152.72,2025-05-05
14966,17,4484,1,0,0,0.0,2025-05-16
14967,17,4087,1,1,0,0.0,2026-03-19
14968,18,913,1,0,0,0.0,2025-04-01
14969,38,2484,1,1,0,0.0,2025-04-05
14970,2,4658,1,0,0,0.0,2025-04-29
14971,19,1054,1,1,0,0.0,2025-02-07
14972,24,3378,1,0,1,116.11,2025-04-30
14973,21,1086,1,1,0,0.0,2024-11-28
14974,4,683,1,0,0,0.0,2024-12-04
14975,32,1262,1,1,0,0.0,2026-03-25
14976,26,1203,1,0,0,0.0,2024-09-15
14977,39,4258,1,0,1,83.53,2024-11-13
14978,7,4166,1,0,1,38.51,2024-08-07
14979,3,3133,1,0,1,212.37,2024-08-22
14980,36,2949,1,1,0,0.0,2026-04-27
14981,33,3580,1,0,1,41.37,2025-04-09
14982,28,2977,1,0,0,0.0,2025-10-18
14983,3,3544,1,0,1,82.41,2026-04-22
14984,8,1442,1,0,1,95.88,2025-07-16
14985,33,4218,1,1,1,30.38,2025-12-14
14986,9,2455,1,0,0,0.0,2024-08-19
14987,4,4582,1,0,0,0.0,2025-06-06
14988,33,2652,1,1,0,0.0,2026-02-11
14989,27,3968,1,1,1,45.81,2025-02-28
14990,22,2669,1,0,0,0.0,2026-03-03
14991,13,105,1,1,0,0.0,2026-01-23
14992,28,395,1,0,1,163.47,2024-09-16
14993,22,4272,1,1,1,61.13,2025-04-06
14994,7,4577,1,1,1,152.8,2024-09-23
14995,31,1987,1,1,0,0.0,2025-04-22
14996,6,4856,1,0,1,138.55,2026-05-18
14997,18,103,1,0,0,0.0,2025-07-09
14998,20,151,1,1,0,0.0,2024-09-13
14999,5,3121,1,0,1,194.24,2025-04-21
15000,23,4476,1,1,0,0.0,2026-07-03
15001,32,642,1,1,0,0.0,2025-07-29
15002,37,3037,1,1,0,0.0,2025-04-06
15003,29,1198,1,0,1,10.93,2025-09-15
15004,23,4475,1,0,1,148.93,2025-01-15
15005,21,2617,1,0,1,183.53,2025-03-24
15006,6,3960,1,1,1,38.17,2025-08-11
15007,36,196,1,1,0,0.0,2024-09-04
15008,3,3047,1,0,1,230.75,2025-01-27
15009,22,3560,1,0,1,198.86,2025-02-15
15010,34,3617,1,0,1,50.52,2024-12-03
15011,32,2544,1,0,1,116.83,2026-03-31
15012,24,3758,1,1,1,82.44,2026-01-14
15013,35,3239,1,1,0,0.0,2025-02-26
15014,32,4226,1,0,1,89.99,2026-05-29
15015,33,3048,1,0,1,183.08,2026-02-08
15016,24,2734,1,0,1,139.63,2025-05-19
15017,13,2021,1,1,1,73.77,2025-10-17
15018,39,1591,1,0,0,0.0,2024-12-04
15019,11,2161,1,0,1,173.11,2025-11-07
15020,22,3614,1,0,1,132.93,2026-02-21
15021,34,2713,1,0,0,0.0,2024-10-22
15022,31,324,1,0,0,0.0,2024-12-18
15023,32,2528,1,1,0,0.0,2025-07-10
15024,28,1403,1,0,0,0.0,2026-05-04
15025,6,512,1,0,0,0.0,2024-12-04
15026,40,94,1,1,0,0.0,2026-06-22
15027,3,206,1,0,0,0.0,2025-04-20
15028,27,2533,1,1,0,0.0,2025-04-20
15029,29,2548,1,0,1,36.33,2025-05-20
15030,12,3082,1,1,1,91.07,2024-12-23
15031,23,4945,1,0,1,120.53,2026-05-12
15032,38,1581,1,1,0,0.0,2025-08-31
15033,37,1914,1,0,0,0.0,2025-11-15
15034,36,3649,1,1,1,163.93,2025-07-08
15035,14,2408,1,1,0,0.0,2024-12-25
15036,15,1037,1,1,0,0.0,2025-09-19
15037,32,3997,1,1,0,0.0,2026-02-06
15038,37,2828,1,1,0,0.0,2025-02-06
15039,22,1949,1,1,1,76.35,2025-06-19
15040,34,2105,1,0,1,220.45,2025-10-01
15041,26,2722,1,1,0,0.0,2026-03-17
15042,8,2412,1,1,0,0.0,2024-12-01
15043,16,13,1,1,0,0.0,2025-02-16
15044,26,629,1,1,1,231.69,2024-11-28
15045,3,2122,1,1,1,224.55,2024-09-20
15046,34,4544,1,1,1,99.61,2025-10-28
15047,39,370,1,0,0,0.0,2024-08-30
15048,38,3762,1,1,1,20.39,2025-03-07
15049,18,2324,1,0,1,102.1,2026-02-02
15050,16,2160,1,0,1,91.38,2025-05-16
15051,9,2523,1,0,0,0.0,2025-08-23
15052,40,202,1,0,0,0.0,2026-04-02
15053,14,1640,1,1,1,186.06,2025-08-21
15054,38,2819,1,1,1,115.53,2025-11-27
15055,35,4010,1,1,1,91.3,2026-07-07
15056,29,2286,1,0,1,112.33,2025-11-24
15057,11,2090,1,1,1,202.82,2025-12-25
15058,35,109,1,1,1,199.65,2024-10-20
15059,14,69,1,0,0,0.0,2026-04-04
15060,1,3975,1,1,1,142.15,2025-08-06
15061,22,4802,1,0,0,0.0,2025-09-03
15062,13,3284,1,0,0,0.0,2025-01-05
15063,12,1299,1,0,0,0.0,2025-08-04
15064,36,3322,1,0,0,0.0,2026-05-25
15065,35,3061,1,0,1,122.89,2025-08-16
15066,10,4119,1,0,0,0.0,2024-08-20
15067,10,298,1,1,0,0.0,2025-03-02
15068,8,3207,1,1,0,0.0,2025-08-17
15069,16,1680,1,1,0,0.0,2025-03-22
15070,8,2962,1,0,0,0.0,2024-12-16
15071,21,2207,1,1,0,0.0,2025-11-21
15072,14,676,1,0,0,0.0,2024-11-03
15073,27,3946,1,0,0,0.0,2024-11-15
15074,8,3523,1,1,0,0.0,2025-07-26
15075,3,3218,1,0,0,0.0,2026-05-19
15076,5,4995,1,0,0,0.0,2026-07-20
15077,33,2055,1,0,0,0.0,2025-07-10
15078,40,3842,1,0,0,0.0,2026-01-18
15079,11,2862,1,1,0,0.0,2025-02-03
15080,10,2077,1,0,0,0.0,2025-07-18
15081,40,998,1,0,0,0.0,2024-12-18
15082,18,404,1,1,1,10.94,2025-08-18
15083,27,2101,1,0,1,127.29,2025-10-03
15084,23,800,1,0,0,0.0,2026-05-26
15085,19,3850,1,0,0,0.0,2025-03-24
15086,29,4919,1,1,1,16.7,2024-11-06
15087,12,4417,1,1,0,0.0,2025-03-14
15088,34,4717,1,1,0,0.0,2025-05-08
15089,4,3839,1,1,1,50.75,2024-11-28
15090,27,3571,1,1,0,0.0,2025-01-05
15091,21,1955,1,0,1,199.55,2025-08-02
15092,19,1730,1,1,0,0.0,2024-11-13
15093,34,3932,1,0,0,0.0,2025-10-19
15094,34,3619,1,1,1,164.95,2024-09-04
15095,40,237,1,0,1,90.84,2025-11-13
15096,33,1844,1,1,0,0.0,2025-02-12
15097,18,4253,1,1,0,0.0,2025-01-20
15098,17,1516,1,1,0,0.0,2025-10-08
15099,16,75,1,1,1,138.13,2025-08-22
15100,37,4324,1,0,0,0.0,2024-10-21
15101,39,4213,1,0,1,27.62,2025-06-10
15102,14,1417,1,0,0,0.0,2026-02-27
15103,2,4156,1,0,1,23.56,2025-09-08
15104,36,482,1,1,0,0.0,2025-10-04
15105,17,3872,1,0,1,62.15,2025-06-03
15106,34,1973,1,0,0,0.0,2026-02-24
15107,27,743,1,0,0,0.0,2024-12-07
15108,27,4728,1,0,0,0.0,2024-10-13
15109,10,4470,1,1,0,0.0,2026-05-04
15110,38,1012,1,0,0,0.0,2026-02-16
15111,21,2655,1,1,1,137.42,2025-08-27
15112,3,4656,1,1,0,0.0,2025-07-02
15113,20,1810,1,0,0,0.0,2025-05-02
15114,4,3458,1,1,1,33.96,2025-05-07
15115,2,3607,1,1,1,247.74,2025-01-08
15116,6,3098,1,0,0,0.0,2025-06-28
15117,18,4046,1,1,0,0.0,2025-02-18
15118,7,4390,1,0,1,132.26,2025-12-21
15119,2,428,1,1,0,0.0,2025-12-17
15120,14,3572,1,0,0,0.0,2025-01-06
15121,25,882,1,1,1,55.22,2024-09-08
15122,20,360,1,0,1,48.43,2025-04-14
15123,22,1879,1,0,0,0.0,2025-12-17
15124,14,383,1,1,0,0.0,2025-02-05
15125,40,1587,1,1,0,0.0,2024-09-22
15126,1,329,1,0,1,248.91,2025-09-12
15127,13,2339,1,1,0,0.0,2025-02-05
15128,23,3092,1,1,0,0.0,2025-10-21
15129,15,3556,1,0,0,0.0,2024-11-27
15130,17,2175,1,1,0,0.0,2025-06-17
15131,7,4968,1,1,0,0.0,2025-08-19
15132,20,2957,1,0,0,0.0,2026-06-22
15133,25,1154,1,1,1,139.03,2026-03-27
15134,12,3368,1,0,1,52.32,2024-09-19
15135,19,4909,1,1,0,0.0,2024-10-25
15136,1,1987,1,1,0,0.0,2026-03-08
15137,38,4046,1,0,0,0.0,2024-08-30
15138,17,3603,1,0,0,0.0,2025-01-24
15139,10,489,1,0,0,0.0,2026-05-18
15140,6,504,1,1,0,0.0,2024-12-22
15141,6,1416,1,0,0,0.0,2026-05-03
15142,36,2337,1,1,0,0.0,2025-05-31
15143,1,683,1,1,0,0.0,2026-06-19
15144,17,2365,1,0,1,77.12,2025-03-05
15145,21,1833,1,0,1,115.9,2025-12-16
15146,26,1883,1,1,0,0.0,2026-07-11
15147,36,3626,1,1,1,75.96,2024-10-30
15148,29,3300,1,0,1,232.68,2026-04-24
15149,37,1635,1,1,0,0.0,2025-07-17
15150,2,1954,1,1,1,58.12,2024-11-11
15151,37,1106,1,1,1,57.77,2025-07-11
15152,30,97,1,1,0,0.0,2024-09-30
15153,34,2791,1,0,1,187.61,2025-07-14
15154,9,1203,1,1,0,0.0,2024-11-24
15155,33,2580,1,1,1,175.16,2024-10-31
15156,1,3203,1,1,1,71.62,2024-12-11
15157,10,4929,1,1,0,0.0,2025-04-20
15158,3,615,1,1,0,0.0,2024-09-25
15159,11,4809,1,1,1,209.2,2025-10-31
15160,15,647,1,0,0,0.0,2025-06-14
15161,36,1992,1,0,0,0.0,2025-01-24
15162,11,3422,1,1,0,0.0,2026-04-05
15163,36,1845,1,1,0,0.0,2024-11-04
15164,26,3402,1,1,0,0.0,2025-02-02
15165,25,2531,1,1,1,186.14,2025-03-23
15166,18,654,1,1,1,11.24,2025-05-04
15167,9,1962,1,0,1,161.56,2025-05-11
15168,36,706,1,0,1,198.08,2024-08-15
15169,19,4305,1,0,0,0.0,2024-09-11
15170,18,830,1,1,0,0.0,2026-07-23
15171,30,2281,1,0,0,0.0,2026-06-17
15172,13,3558,1,1,1,69.94,2026-06-10
15173,13,3914,1,1,1,155.76,2025-06-18
15174,9,355,1,0,0,0.0,2025-08-18
15175,37,1672,1,1,0,0.0,2026-02-27
15176,2,194,1,0,0,0.0,2026-02-03
15177,33,1216,1,1,0,0.0,2025-11-26
15178,26,135,1,1,0,0.0,2025-05-24
15179,30,280,1,0,1,29.38,2025-01-06
15180,33,1056,1,1,0,0.0,2024-11-24
15181,29,3903,1,0,0,0.0,2025-08-17
15182,21,1459,1,0,0,0.0,2025-04-13
15183,29,1083,1,1,1,44.06,2024-08-08
15184,12,3638,1,0,0,0.0,2025-05-02
15185,36,1363,1,1,0,0.0,2026-03-25
15186,19,1103,1,1,0,0.0,2026-01-22
15187,27,4054,1,1,0,0.0,2025-09-26
15188,34,230,1,1,1,51.95,2025-03-13
15189,14,1071,1,1,0,0.0,2025-06-28
15190,40,807,1,0,0,0.0,2024-11-06
15191,27,1617,1,0,1,227.51,2024-08-06
15192,15,2440,1,1,0,0.0,2025-09-28
15193,31,3936,1,1,0,0.0,2025-05-19
15194,38,3128,1,1,1,58.59,2025-10-22
15195,35,138,1,1,1,12.49,2025-05-19
15196,10,3565,1,1,0,0.0,2024-11-20
15197,22,3541,1,0,1,199.15,2024-08-30
15198,35,1337,1,0,1,130.27,2025-03-25
15199,6,4254,1,1,1,79.18,2024-10-14
15200,28,4865,1,1,1,193.02,2025-11-07
15201,24,3569,1,1,0,0.0,2025-11-24
15202,23,3294,1,0,1,170.21,2025-01-30
15203,30,624,1,1,1,90.99,2026-02-14
15204,11,1484,1,1,0,0.0,2026-04-22
15205,37,3473,1,1,0,0.0,2025-02-06
15206,25,43,1,1,0,0.0,2024-12-09
15207,13,570,1,1,1,122.39,2025-12-09
15208,9,184,1,1,0,0.0,2025-07-17
15209,3,3992,1,1,0,0.0,2024-11-23
15210,34,586,1,0,0,0.0,2024-08-06
15211,12,153,1,0,0,0.0,2025-01-28
15212,18,3646,1,1,0,0.0,2025-08-12
15213,40,534,1,1,1,124.86,2024-08-16
15214,31,4471,1,1,0,0.0,2024-12-23
15215,5,742,1,1,0,0.0,2025-06-05
15216,38,2987,1,1,1,209.12,2026-03-22
15217,19,1997,1,0,0,0.0,2025-12-27
15218,34,2071,1,1,0,0.0,2026-02-13
15219,1,2906,1,0,1,86.95,2024-11-23
15220,7,2224,1,1,1,55.73,2025-12-28
15221,33,4344,1,1,0,0.0,2025-08-17
15222,5,1679,1,1,0,0.0,2026-07-03
15223,6,4030,1,1,1,223.99,2025-05-04
15224,7,2269,1,0,0,0.0,2025-07-16
15225,35,4966,1,1,0,0.0,2025-04-05
15226,19,2420,1,1,0,0.0,2024-09-23
15227,10,4095,1,0,0,0.0,2025-07-17
15228,30,4200,1,1,1,32.49,2025-08-06
15229,4,3298,1,1,0,0.0,2026-03-20
15230,12,26,1,1,0,0.0,2025-09-02
15231,32,2026,1,1,1,227.93,2026-05-18
15232,7,2710,1,1,1,175.04,2024-08-22
15233,30,4511,1,1,0,0.0,2025-07-24
15234,28,652,1,0,0,0.0,2024-09-17
15235,3,1562,1,1,1,233.68,2025-12-29
15236,21,1740,1,1,1,97.13,2024-09-27
15237,10,2118,1,0,0,0.0,2025-08-21
15238,32,1323,1,0,0,0.0,2024-10-10
15239,39,4887,1,1,0,0.0,2026-02-20
15240,37,639,1,0,0,0.0,2026-03-26
15241,27,4162,1,1,0,0.0,2025-08-14
15242,38,640,1,0,0,0.0,2026-05-27
15243,29,1163,1,1,1,80.92,2025-06-04
15244,29,4881,1,0,1,90.54,2025-02-12
15245,19,906,1,0,0,0.0,2025-08-17
15246,19,1238,1,1,0,0.0,2026-06-14
15247,40,4539,1,0,1,208.61,2025-03-06
15248,3,577,1,1,1,117.52,2026-03-28
15249,26,4037,1,0,1,155.28,2025-07-03
15250,32,3152,1,1,0,0.0,2026-06-18
15251,2,1858,1,0,0,0.0,2025-11-21
15252,34,1094,1,0,0,0.0,2026-04-08
15253,4,4966,1,1,1,202.11,2026-03-20
15254,20,78,1,1,0,0.0,2025-04-04
15255,21,4469,1,1,1,127.71,2026-07-02
15256,4,827,1,0,1,147.27,2025-01-08
15257,30,3647,1,1,0,0.0,2024-10-02
15258,23,2935,1,0,1,13.98,2025-07-01
15259,14,4635,1,0,0,0.0,2025-07-01
15260,36,3665,1,1,1,69.73,2026-04-26
15261,6,4387,1,0,1,58.89,2025-06-09
15262,32,1693,1,1,1,215.21,2025-08-05
15263,13,2062,1,1,1,207.54,2025-05-14
15264,37,1582,1,0,0,0.0,2026-01-17
15265,24,988,1,1,1,183.67,2025-12-20
15266,19,1766,1,1,1,236.64,2026-03-31
15267,9,4222,1,1,0,0.0,2025-08-03
15268,34,1203,1,0,0,0.0,2026-04-22
15269,14,2010,1,0,1,99.23,2025-06-05
15270,30,2952,1,1,0,0.0,2025-06-03
15271,5,4677,1,0,1,160.72,2025-03-23
15272,38,1311,1,0,0,0.0,2024-12-30
15273,32,4743,1,1,0,0.0,2025-06-17
15274,37,3961,1,0,0,0.0,2025-05-21
15275,7,2255,1,1,0,0.0,2024-08-12
15276,9,2069,1,1,1,246.72,2025-08-09
15277,24,3579,1,0,1,77.77,2025-09-08
15278,18,4891,1,1,1,165.05,2025-11-30
15279,37,2819,1,1,1,223.28,2026-01-21
15280,38,3325,1,0,1,99.22,2024-09-23
15281,9,2942,1,0,0,0.0,2025-07-17
15282,36,3659,1,0,0,0.0,2025-01-28
15283,11,3642,1,0,0,0.0,2026-06-27
15284,18,4357,1,1,1,233.27,2024-11-02
15285,39,3506,1,0,0,0.0,2026-03-30
15286,39,1196,1,1,0,0.0,2025-05-19
15287,36,143,1,0,0,0.0,2026-02-26
15288,4,1686,1,1,1,10.23,2026-04-10
15289,24,1614,1,1,0,0.0,2026-02-17
15290,5,3018,1,0,1,188.67,2026-02-06
15291,10,4984,1,0,0,0.0,2025-05-10
15292,37,2407,1,0,0,0.0,2026-01-16
15293,14,4803,1,0,0,0.0,2025-05-28
15294,3,146,1,0,1,186.37,2025-02-23
15295,10,3412,1,1,0,0.0,2026-05-09
15296,21,1208,1,0,1,138.28,2025-12-16
15297,9,59,1,1,1,169.07,2026-01-18
15298,39,1990,1,1,1,83.06,2026-03-17
15299,32,2430,1,0,1,126.96,2025-02-04
15300,24,3343,1,1,0,0.0,2026-02-18
15301,1,63,1,1,0,0.0,2025-05-02
15302,20,1158,1,1,1,127.08,2025-12-01
15303,4,1447,1,0,1,175.44,2025-04-23
15304,39,4861,1,0,1,66.23,2024-12-29
15305,34,1465,1,0,1,173.99,2025-05-02
15306,40,2794,1,1,1,186.26,2025-10-19
15307,7,2310,1,1,0,0.0,2026-03-12
15308,10,6,1,1,0,0.0,2026-05-08
15309,24,1678,1,1,1,147.0,2025-07-27
15310,39,3560,1,1,1,232.79,2024-11-07
15311,27,1627,1,0,0,0.0,2026-04-13
15312,11,4083,1,0,1,57.45,2026-02-12
15313,28,4927,1,0,1,171.79,2024-11-19
15314,40,1989,1,0,0,0.0,2025-03-26
15315,25,2205,1,1,0,0.0,2026-05-04
15316,28,1289,1,0,0,0.0,2024-09-19
15317,13,2746,1,0,0,0.0,2026-06-12
15318,10,3162,1,1,0,0.0,2025-09-25
15319,13,3015,1,0,0,0.0,2026-05-27
15320,27,407,1,1,0,0.0,2026-06-14
15321,30,3873,1,0,0,0.0,2026-05-21
15322,8,2330,1,1,0,0.0,2025-07-16
15323,32,3242,1,1,1,189.89,2025-05-25
15324,5,4712,1,1,0,0.0,2024-09-03
15325,1,850,1,1,1,235.16,2025-01-11
15326,17,550,1,0,1,89.56,2026-05-21
15327,33,4714,1,0,1,229.54,2025-05-19
15328,2,3383,1,1,1,136.22,2025-07-15
15329,23,4652,1,1,0,0.0,2026-01-27
15330,13,433,1,0,0,0.0,2025-03-22
15331,2,4220,1,0,1,215.43,2026-01-17
15332,1,2571,1,1,0,0.0,2026-06-14
15333,4,2806,1,1,0,0.0,2025-08-05
15334,5,2500,1,1,1,242.24,2025-03-31
15335,32,4669,1,0,0,0.0,2025-02-26
15336,11,4400,1,0,1,22.03,2026-06-03
15337,3,4595,1,1,0,0.0,2025-07-27
15338,25,1976,1,0,0,0.0,2024-12-14
15339,5,833,1,1,0,0.0,2025-07-17
15340,23,3061,1,1,0,0.0,2026-02-28
15341,3,4429,1,1,0,0.0,2025-08-06
15342,29,4500,1,1,1,200.42,2024-09-29
15343,38,3226,1,1,1,141.31,2025-05-08
15344,3,1642,1,0,1,15.1,2025-11-14
15345,1,751,1,1,1,63.5,2025-08-24
15346,28,1872,1,1,0,0.0,2024-11-18
15347,8,4966,1,0,0,0.0,2025-01-01
15348,18,4570,1,0,0,0.0,2024-11-13
15349,3,102,1,0,1,110.56,2025-10-22
15350,25,3933,1,0,0,0.0,2025-10-30
15351,26,4611,1,1,1,234.39,2024-11-15
15352,22,2286,1,1,0,0.0,2024-08-04
15353,4,2018,1,0,0,0.0,2026-02-17
15354,16,4133,1,1,0,0.0,2024-09-12
15355,11,1950,1,1,0,0.0,2025-12-22
15356,29,2690,1,0,1,13.57,2025-06-27
15357,15,3582,1,0,0,0.0,2025-05-20
15358,38,677,1,1,1,169.89,2025-03-25
15359,22,1313,1,1,1,227.95,2026-02-08
15360,11,2877,1,1,1,32.52,2024-08-20
15361,34,3655,1,0,1,116.22,2026-05-11
15362,15,3894,1,1,1,47.75,2025-01-01
15363,39,4600,1,1,0,0.0,2026-01-07
15364,2,2536,1,1,1,62.8,2024-12-04
15365,37,111,1,1,0,0.0,2026-04-18
15366,8,1585,1,0,1,69.14,2026-01-01
15367,9,1276,1,0,1,137.48,2025-04-11
15368,16,3961,1,1,0,0.0,2025-03-16
15369,13,813,1,1,1,240.85,2026-07-12
15370,5,875,1,0,0,0.0,2025-10-02
15371,7,1643,1,0,0,0.0,2025-09-15
15372,28,2906,1,0,1,148.9,2024-10-31
15373,5,1611,1,0,0,0.0,2024-11-23
15374,8,4720,1,1,0,0.0,2025-10-18
15375,36,670,1,0,0,0.0,2025-05-23
15376,26,4846,1,0,0,0.0,2024-11-13
15377,10,2584,1,0,1,44.8,2025-03-19
15378,17,181,1,0,1,155.97,2025-09-19
15379,13,3289,1,1,0,0.0,2026-02-08
15380,34,4676,1,0,0,0.0,2025-08-12
15381,13,2157,1,1,1,249.97,2025-06-14
15382,22,1185,1,1,0,0.0,2026-02-13
15383,10,3153,1,1,0,0.0,2025-07-10
15384,8,819,1,1,0,0.0,2026-01-20
15385,6,4883,1,1,1,213.19,2025-12-10
15386,16,4856,1,1,1,246.39,2025-11-26
15387,10,2008,1,1,0,0.0,2025-01-29
15388,4,393,1,1,0,0.0,2026-05-27
15389,32,1707,1,1,0,0.0,2025-02-25
15390,20,4457,1,0,0,0.0,2025-12-16
15391,16,3278,1,0,0,0.0,2024-08-10
15392,30,3348,1,1,1,214.38,2025-10-03
15393,4,3663,1,1,1,157.58,2025-11-04
15394,30,3978,1,1,0,0.0,2026-07-31
15395,18,1144,1,0,0,0.0,2025-12-18
15396,34,45,1,0,0,0.0,2026-01-20
15397,28,2517,1,0,0,0.0,2024-12-30
15398,10,4825,1,1,0,0.0,2024-10-31
15399,6,2734,1,0,1,144.31,2025-01-26
15400,4,1605,1,0,0,0.0,2026-01-01
15401,39,3550,1,1,0,0.0,2025-04-03
15402,14,4228,1,0,1,176.16,2025-06-14
15403,38,3709,1,0,1,228.13,2024-10-06
15404,20,2469,1,0,0,0.0,2025-10-06
15405,38,568,1,1,1,125.07,2025-05-25
15406,28,4970,1,0,0,0.0,2025-08-31
15407,35,4354,1,1,0,0.0,2026-03-23
15408,5,2334,1,1,1,131.55,2025-04-06
15409,25,4332,1,0,0,0.0,2025-02-05
15410,36,1688,1,0,0,0.0,2025-08-15
15411,15,2149,1,1,1,136.76,2026-05-08
15412,22,2905,1,0,0,0.0,2026-03-17
15413,16,4891,1,1,1,51.17,2024-10-19
15414,1,1981,1,0,1,136.5,2025-07-30
15415,34,2940,1,1,1,22.01,2025-11-29
15416,39,4595,1,0,1,59.88,2026-03-21
15417,25,1761,1,1,0,0.0,2025-07-24
15418,33,4471,1,1,0,0.0,2024-10-21
15419,7,2492,1,1,0,0.0,2024-12-15
15420,17,4658,1,1,1,47.16,2024-12-01
15421,5,1034,1,0,0,0.0,2025-10-01
15422,17,4801,1,1,0,0.0,2026-03-23
15423,35,856,1,1,0,0.0,2025-08-03
15424,4,4545,1,0,0,0.0,2024-08-20
15425,27,2870,1,1,0,0.0,2024-11-14
15426,6,3807,1,1,0,0.0,2025-01-24
15427,8,3667,1,0,1,148.08,2025-01-18
15428,22,4226,1,0,0,0.0,2026-03-01
15429,21,3584,1,0,0,0.0,2025-07-25
15430,26,3780,1,0,1,28.96,2025-08-17
15431,18,2310,1,0,1,198.06,2026-05-18
15432,13,4929,1,1,0,0.0,2025-10-18
15433,6,1978,1,0,1,12.11,2025-06-16
15434,36,1059,1,1,1,114.8,2026-07-26
15435,37,2763,1,0,0,0.0,2025-08-25
15436,11,3235,1,1,1,26.91,2025-09-29
15437,28,2137,1,0,1,198.68,2026-01-27
15438,27,2152,1,0,1,133.75,2025-04-07
15439,30,669,1,0,0,0.0,2025-07-29
15440,34,3374,1,1,1,238.41,2026-05-04
15441,26,4749,1,0,0,0.0,2025-01-29
15442,31,4313,1,1,0,0.0,2026-01-24
15443,27,4808,1,1,1,131.23,2025-06-27
15444,33,4319,1,0,0,0.0,2026-04-22
15445,20,738,1,1,1,67.96,2025-03-27
15446,36,4139,1,1,0,0.0,2026-07-22
15447,36,2971,1,1,0,0.0,2025-09-11
15448,20,2080,1,1,0,0.0,2024-12-13
15449,36,1817,1,1,0,0.0,2024-12-01
15450,12,1927,1,1,1,119.99,2024-12-03
15451,18,4987,1,0,1,178.91,2026-04-01
15452,31,732,1,0,1,107.84,2025-05-16
15453,13,3727,1,0,0,0.0,2026-08-04
15454,32,1943,1,1,1,229.95,2026-07-20
15455,32,2765,1,0,1,178.61,2026-01-29
15456,24,4038,1,1,0,0.0,2026-01-14
15457,11,2247,1,1,1,122.67,2024-09-14
15458,38,1261,1,0,1,219.77,2026-06-07
15459,11,109,1,1,1,198.32,2026-03-21
15460,10,3266,1,0,0,0.0,2025-07-30
15461,16,4347,1,1,0,0.0,2026-01-29
15462,9,1912,1,0,0,0.0,2025-02-18
15463,5,1026,1,0,1,100.22,2025-04-08
15464,8,1184,1,1,0,0.0,2024-11-11
15465,40,952,1,0,0,0.0,2025-02-05
15466,39,2164,1,0,1,139.54,2024-09-20
15467,4,1957,1,0,0,0.0,2025-01-09
15468,40,2698,1,0,0,0.0,2025-02-08
15469,38,1996,1,0,1,249.44,2026-05-11
15470,40,2083,1,1,0,0.0,2025-07-29
15471,12,2476,1,0,0,0.0,2025-12-18
15472,11,3679,1,1,1,68.43,2024-10-24
15473,19,2834,1,1,0,0.0,2025-02-08
15474,7,3205,1,1,0,0.0,2025-02-24
15475,16,4501,1,1,1,47.07,2025-12-27
15476,28,3790,1,0,1,128.06,2026-03-06
15477,18,256,1,0,0,0.0,2024-09-14
15478,12,3532,1,1,1,171.81,2026-05-29
15479,13,34,1,0,1,136.36,2025-08-15
15480,30,4502,1,0,1,130.67,2025-04-24
15481,39,3090,1,0,0,0.0,2025-01-27
15482,13,3312,1,1,0,0.0,2024-11-04
15483,31,3725,1,1,0,0.0,2025-11-15
15484,23,1023,1,1,0,0.0,2026-02-19
15485,12,2051,1,1,0,0.0,2025-12-27
15486,5,4187,1,0,1,97.02,2026-05-28
15487,31,3740,1,1,1,74.44,2024-10-10
15488,40,992,1,0,1,209.81,2026-02-16
15489,24,659,1,0,1,55.66,2025-01-12
15490,8,712,1,1,0,0.0,2024-09-13
15491,15,155,1,0,0,0.0,2026-03-17
15492,38,4079,1,0,1,50.14,2024-10-24
15493,3,3281,1,1,0,0.0,2025-08-17
15494,25,4324,1,0,0,0.0,2024-11-05
15495,5,134,1,0,1,218.34,2026-01-13
15496,3,3420,1,1,0,0.0,2026-01-24
15497,13,1547,1,1,1,16.15,2024-09-18
15498,18,3479,1,1,1,164.89,2026-04-02
15499,4,504,1,1,0,0.0,2025-08-27
15500,13,4771,1,1,1,14.98,2025-02-16
15501,12,3463,1,1,1,154.52,2025-02-16
15502,11,4658,1,1,1,33.86,2025-12-25
15503,24,43,1,0,0,0.0,2025-10-03
15504,31,4057,1,0,0,0.0,2026-04-11
15505,11,50,1,0,0,0.0,2026-02-14
15506,3,4522,1,0,1,205.93,2024-09-21
15507,33,3807,1,0,0,0.0,2024-10-15
15508,39,3049,1,0,0,0.0,2026-01-10
15509,15,2768,1,1,1,161.0,2026-07-05
15510,32,1424,1,0,0,0.0,2026-07-05
15511,32,1485,1,0,1,50.28,2026-05-09
15512,21,3541,1,1,1,155.99,2025-03-17
15513,26,425,1,0,0,0.0,2024-10-23
15514,27,3821,1,0,0,0.0,2025-02-21
15515,10,2099,1,1,1,30.07,2025-06-17
15516,14,1802,1,0,1,14.24,2025-12-18
15517,12,804,1,0,0,0.0,2024-12-23
15518,9,820,1,1,1,20.62,2025-12-31
15519,24,4370,1,0,0,0.0,2025-02-24
15520,4,3297,1,1,1,88.72,2024-10-23
15521,8,4388,1,0,0,0.0,2025-01-15
15522,30,4245,1,1,0,0.0,2025-02-16
15523,4,4464,1,0,1,82.51,2025-03-13
15524,33,1152,1,1,1,202.51,2025-09-02
15525,17,4174,1,0,0,0.0,2026-03-21
15526,1,1201,1,1,0,0.0,2025-05-13
15527,33,4357,1,1,0,0.0,2025-08-03
15528,3,4320,1,0,0,0.0,2026-01-02
15529,1,4558,1,0,1,146.25,2025-02-21
15530,3,3967,1,1,1,148.7,2025-09-05
15531,23,4001,1,0,0,0.0,2026-05-19
15532,33,1508,1,1,0,0.0,2026-05-14
15533,17,535,1,0,0,0.0,2025-11-08
15534,20,3759,1,1,0,0.0,2025-05-01
15535,8,824,1,0,0,0.0,2024-09-05
15536,20,216,1,1,1,110.86,2025-08-18
15537,16,532,1,0,1,27.22,2024-08-31
15538,31,1788,1,1,0,0.0,2024-12-16
15539,38,2822,1,0,0,0.0,2025-10-23
15540,4,1453,1,1,0,0.0,2026-07-02
15541,14,564,1,0,1,220.37,2025-06-21
15542,10,3144,1,0,0,0.0,2025-05-03
15543,20,1164,1,0,1,62.48,2026-01-23
15544,26,3603,1,0,0,0.0,2025-08-14
15545,37,1141,1,1,1,100.29,2025-10-26
15546,10,3850,1,0,1,216.82,2026-04-19
15547,30,2062,1,1,0,0.0,2025-01-01
15548,7,5,1,1,1,190.29,2026-02-09
15549,20,4157,1,1,0,0.0,2026-08-03
15550,34,964,1,0,0,0.0,2026-07-05
15551,26,316,1,1,1,37.98,2024-08-21
15552,13,2333,1,0,1,239.25,2026-05-14
15553,15,1255,1,1,1,223.26,2025-03-14
15554,34,4678,1,0,0,0.0,2026-05-18
15555,5,2709,1,0,1,42.16,2025-03-10
15556,8,3436,1,1,1,174.75,2024-10-13
15557,34,4661,1,1,0,0.0,2025-02-05
15558,6,898,1,1,0,0.0,2024-11-01
15559,14,1169,1,1,0,0.0,2024-10-22
15560,30,925,1,0,0,0.0,2026-08-03
15561,5,4539,1,1,0,0.0,2025-03-12
15562,22,2648,1,1,0,0.0,2025-10-17
15563,20,120,1,0,0,0.0,2025-04-17
15564,8,3504,1,1,0,0.0,2025-06-24
15565,8,4509,1,0,0,0.0,2025-04-05
15566,10,3341,1,0,1,197.3,2025-12-08
15567,27,560,1,0,0,0.0,2026-07-26
15568,22,4921,1,1,0,0.0,2025-07-30
15569,20,318,1,0,0,0.0,2026-02-20
15570,39,4665,1,0,1,158.89,2026-06-22
15571,33,628,1,0,0,0.0,2025-12-16
15572,5,2468,1,0,1,227.02,2024-10-30
15573,36,1599,1,1,0,0.0,2025-01-04
15574,37,247,1,0,1,91.38,2026-02-02
15575,19,669,1,0,0,0.0,2025-06-10
15576,35,4995,1,1,1,12.33,2024-09-04
15577,12,1817,1,1,1,68.54,2024-11-17
15578,34,4429,1,1,0,0.0,2026-07-03
15579,28,120,1,0,0,0.0,2024-08-24
15580,17,4758,1,1,0,0.0,2026-05-18
15581,39,691,1,1,0,0.0,2026-02-06
15582,5,4262,1,1,1,71.66,2025-04-07
15583,7,1789,1,0,0,0.0,2026-01-18
15584,6,1158,1,0,0,0.0,2026-03-19
15585,18,4602,1,0,0,0.0,2026-01-08
15586,28,3432,1,1,0,0.0,2024-10-10
15587,23,2581,1,1,0,0.0,2025-10-04
15588,32,1081,1,1,1,127.21,2025-06-15
15589,20,1727,1,0,1,66.97,2024-09-07
15590,27,3609,1,0,0,0.0,2026-08-03
15591,17,1506,1,1,0,0.0,2024-08-19
15592,7,2513,1,0,0,0.0,2026-05-03
15593,22,1980,1,0,0,0.0,2026-07-20
15594,39,230,1,1,1,14.71,2024-09-27
15595,36,438,1,1,0,0.0,2024-12-24
15596,26,170,1,0,1,215.84,2025-09-21
15597,40,66,1,1,1,155.15,2026-05-17
15598,39,4181,1,0,1,43.37,2025-04-26
15599,1,1780,1,0,0,0.0,2025-02-07
15600,16,3314,1,0,1,224.8,2024-10-20
15601,38,4042,1,1,1,229.5,2026-06-14
15602,10,1024,1,1,1,105.01,2025-12-26
15603,26,634,1,0,1,201.39,2024-08-20
15604,40,1058,1,0,0,0.0,2025-01-10
15605,21,723,1,1,1,14.04,2026-03-16
15606,39,2128,1,1,1,192.51,2026-02-20
15607,23,4901,1,1,1,109.57,2025-10-20
15608,2,3918,1,1,0,0.0,2025-01-08
15609,6,3591,1,0,1,236.57,2026-04-04
15610,21,4526,1,0,1,59.11,2025-04-03
15611,34,2517,1,0,1,215.52,2025-02-09
15612,15,3071,1,0,1,128.96,2025-11-30
15613,40,744,1,0,1,21.01,2025-04-30
15614,29,4862,1,0,0,0.0,2024-11-05
15615,20,3650,1,1,1,231.4,2025-11-11
15616,27,571,1,0,0,0.0,2026-07-12
15617,34,403,1,0,1,166.78,2025-10-31
15618,37,1805,1,1,0,0.0,2025-09-27
15619,33,797,1,0,1,238.14,2026-01-13
15620,21,959,1,1,0,0.0,2026-07-24
15621,40,4497,1,1,0,0.0,2026-06-08
15622,14,404,1,1,0,0.0,2025-10-29
15623,33,3695,1,0,0,0.0,2026-03-10
15624,30,245,1,0,0,0.0,2025-01-28
15625,10,897,1,1,0,0.0,2025-03-14
15626,22,3275,1,1,1,246.09,2024-08-10
15627,3,1075,1,0,1,47.24,2025-07-12
15628,37,4485,1,0,1,157.7,2024-12-25
15629,3,689,1,0,0,0.0,2026-01-23
15630,26,223,1,1,1,194.3,2025-10-22
15631,12,3259,1,0,0,0.0,2025-10-16
15632,21,2059,1,0,1,103.23,2026-02-15
15633,12,2539,1,0,0,0.0,2026-05-26
15634,17,2165,1,0,0,0.0,2025-09-03
15635,22,1886,1,0,0,0.0,2025-10-24
15636,18,33,1,1,1,221.13,2025-09-10
15637,30,4174,1,0,0,0.0,2025-02-28
15638,15,2934,1,1,0,0.0,2024-10-06
15639,10,2400,1,0,0,0.0,2026-07-06
15640,40,4353,1,1,1,225.43,2026-03-24
15641,30,6,1,1,1,73.13,2025-07-18
15642,31,1819,1,1,1,189.0,2024-08-29
15643,32,697,1,0,0,0.0,2026-06-26
15644,35,1932,1,1,1,245.71,2025-06-03
15645,16,2123,1,0,1,101.8,2025-01-10
15646,15,4886,1,0,1,232.66,2026-02-28
15647,6,1379,1,1,1,149.12,2026-02-08
15648,19,946,1,0,1,66.68,2026-06-23
15649,35,4999,1,1,1,202.88,2026-03-06
15650,6,4555,1,1,0,0.0,2026-06-03
15651,30,1834,1,0,1,82.93,2026-02-09
15652,2,3430,1,1,0,0.0,2024-11-10
15653,1,553,1,1,0,0.0,2024-09-08
15654,26,1763,1,0,1,159.2,2024-09-03
15655,32,3023,1,1,1,21.69,2025-03-15
15656,27,4840,1,1,1,165.41,2026-04-01
15657,16,3682,1,1,0,0.0,2025-10-29
15658,15,3679,1,0,0,0.0,2026-02-22
15659,6,318,1,1,1,187.32,2025-07-14
15660,26,1483,1,0,1,147.68,2025-10-08
15661,37,2507,1,1,1,229.1,2026-05-06
15662,8,593,1,0,0,0.0,2024-08-11
15663,14,1324,1,0,1,227.47,2024-08-09
15664,31,3100,1,0,1,143.5,2025-03-12
15665,26,1838,1,1,1,90.25,2025-10-24
15666,40,2279,1,1,1,205.64,2024-08-19
15667,28,1263,1,0,0,0.0,2025-09-30
15668,39,2934,1,0,0,0.0,2026-06-22
15669,27,3968,1,0,0,0.0,2026-05-23
15670,31,424,1,1,0,0.0,2025-10-15
15671,7,4327,1,0,0,0.0,2026-07-29
15672,39,919,1,0,1,246.91,2026-03-27
15673,15,721,1,1,0,0.0,2025-05-02
15674,33,199,1,0,0,0.0,2025-12-07
15675,37,1211,1,0,0,0.0,2025-06-07
15676,30,4336,1,0,0,0.0,2025-04-20
15677,19,777,1,1,0,0.0,2026-03-17
15678,13,394,1,1,0,0.0,2025-08-02
15679,37,2525,1,0,1,109.85,2024-12-04
15680,8,258,1,1,1,240.68,2025-03-27
15681,30,2632,1,0,0,0.0,2024-12-29
15682,21,4490,1,0,1,42.03,2024-09-14
15683,30,1255,1,1,0,0.0,2024-10-27
15684,9,74,1,1,0,0.0,2026-02-13
15685,11,1894,1,0,1,71.62,2024-12-05
15686,17,3272,1,1,1,210.11,2026-02-06
15687,33,4566,1,0,0,0.0,2024-12-17
15688,17,4985,1,1,0,0.0,2025-11-06
15689,15,4441,1,0,1,42.45,2025-09-22
15690,27,3905,1,0,1,55.3,2025-11-13
15691,36,3715,1,1,0,0.0,2025-04-15
15692,1,4191,1,1,1,101.38,2026-01-15
15693,14,2305,1,0,1,115.32,2026-06-10
15694,7,2809,1,1,0,0.0,2026-01-06
15695,10,387,1,0,1,133.23,2025-07-03
15696,21,2576,1,1,0,0.0,2024-11-13
15697,26,2813,1,0,0,0.0,2025-08-28
15698,4,1668,1,0,0,0.0,2024-10-01
15699,25,1822,1,1,0,0.0,2026-01-03
15700,14,2266,1,1,1,169.88,2025-01-07
15701,20,3592,1,0,1,245.53,2025-04-05
15702,7,4697,1,0,0,0.0,2025-05-02
15703,34,3214,1,1,0,0.0,2025-01-20
15704,29,3383,1,1,0,0.0,2026-03-04
15705,3,773,1,1,0,0.0,2026-07-14
15706,2,106,1,0,0,0.0,2025-04-24
15707,12,3854,1,1,1,23.54,2024-08-17
15708,18,1238,1,0,1,228.9,2025-03-06
15709,24,1536,1,0,0,0.0,2026-03-24
15710,28,993,1,1,0,0.0,2025-08-17
15711,4,1535,1,1,1,169.1,2025-01-25
15712,12,2997,1,0,0,0.0,2025-11-07
15713,28,3287,1,1,1,248.5,2024-08-26
15714,32,4545,1,1,0,0.0,2024-11-15
15715,28,213,1,0,1,127.84,2025-02-15
15716,40,3037,1,0,0,0.0,2024-08-05
15717,25,3073,1,0,0,0.0,2025-11-24
15718,15,3953,1,1,0,0.0,2025-06-25
15719,16,2057,1,1,1,143.93,2024-11-21
15720,24,417,1,1,0,0.0,2025-10-22
15721,11,683,1,1,0,0.0,2026-02-11
15722,17,3131,1,1,1,87.76,2025-07-11
15723,18,4943,1,1,1,104.12,2025-12-12
15724,10,3761,1,1,0,0.0,2025-10-05
15725,17,1415,1,1,0,0.0,2025-12-13
15726,35,1559,1,0,0,0.0,2026-06-24
15727,40,51,1,1,1,164.27,2026-02-01
15728,26,926,1,0,0,0.0,2025-01-10
15729,29,4305,1,1,1,190.11,2025-02-18
15730,28,2792,1,1,0,0.0,2025-07-07
15731,22,3306,1,0,1,190.61,2025-05-27
15732,36,472,1,1,1,131.41,2024-11-29
15733,9,454,1,1,0,0.0,2025-07-19
15734,18,2915,1,1,1,114.93,2026-07-27
15735,10,1162,1,1,0,0.0,2025-07-27
15736,17,906,1,1,1,165.43,2024-12-17
15737,26,2200,1,1,0,0.0,2024-10-24
15738,22,834,1,0,0,0.0,2025-11-01
15739,38,4487,1,0,1,184.49,2024-09-05
15740,20,1312,1,0,0,0.0,2026-02-05
15741,22,3603,1,1,1,131.2,2026-03-05
15742,38,3961,1,0,1,137.17,2026-05-21
15743,39,3426,1,0,1,190.12,2025-07-22
15744,10,2669,1,1,0,0.0,2026-06-09
15745,14,1406,1,0,1,188.0,2025-06-06
15746,26,1928,1,1,1,131.3,2024-12-06
15747,16,2730,1,0,0,0.0,2026-01-07
15748,29,2108,1,0,0,0.0,2026-02-13
15749,29,3239,1,1,1,65.81,2024-11-30
15750,35,1828,1,0,0,0.0,2026-02-24
15751,15,674,1,0,1,94.76,2024-08-31
15752,12,3435,1,0,1,184.4,2024-11-30
15753,31,3456,1,0,1,231.42,2024-09-29
15754,7,1087,1,0,0,0.0,2024-09-06
15755,19,3220,1,1,0,0.0,2025-04-26
15756,29,3588,1,1,1,58.05,2024-10-13
15757,17,4235,1,0,0,0.0,2024-10-11
15758,25,440,1,0,0,0.0,2024-10-15
15759,5,2992,1,0,0,0.0,2026-02-13
15760,36,2866,1,1,0,0.0,2025-03-07
15761,20,2341,1,1,0,0.0,2025-02-12
15762,31,3282,1,0,0,0.0,2026-03-27
15763,28,2892,1,0,1,190.82,2025-11-21
15764,14,1220,1,1,0,0.0,2026-06-26
15765,27,4219,1,0,0,0.0,2025-10-13
15766,4,1208,1,1,1,229.03,2026-06-19
15767,34,4758,1,0,0,0.0,2026-08-03
15768,18,4237,1,1,0,0.0,2025-09-27
15769,31,4409,1,1,0,0.0,2025-08-10
15770,8,1840,1,0,0,0.0,2025-08-31
15771,35,3862,1,1,1,65.48,2024-10-28
15772,18,478,1,0,0,0.0,2024-12-25
15773,28,3832,1,1,0,0.0,2026-04-23
15774,24,1152,1,0,1,63.68,2025-03-15
15775,20,3186,1,0,0,0.0,2024-10-14
15776,4,4552,1,1,0,0.0,2025-12-18
15777,36,4517,1,0,1,85.74,2025-03-05
15778,28,4842,1,1,0,0.0,2025-02-07
15779,7,3239,1,1,1,132.01,2024-08-04
15780,5,4277,1,0,0,0.0,2024-08-07
15781,8,1984,1,1,1,126.91,2025-04-09
15782,35,779,1,1,1,137.92,2026-01-28
15783,1,3469,1,0,0,0.0,2026-01-09
15784,7,3505,1,0,1,182.28,2025-06-01
15785,12,1126,1,1,0,0.0,2024-09-29
15786,36,3124,1,1,0,0.0,2024-09-18
15787,14,49,1,0,0,0.0,2025-04-11
15788,25,2012,1,0,1,227.23,2024-12-22
15789,3,3290,1,1,0,0.0,2025-06-11
15790,3,794,1,1,1,219.98,2026-05-22
15791,16,1038,1,1,0,0.0,2026-05-25
15792,22,3310,1,1,0,0.0,2025-05-04
15793,39,2219,1,0,1,162.54,2026-01-31
15794,30,4210,1,1,0,0.0,2025-03-17
15795,35,4451,1,0,1,177.1,2026-05-25
15796,31,644,1,1,0,0.0,2025-08-13
15797,18,1606,1,0,0,0.0,2026-06-11
15798,20,1116,1,1,0,0.0,2025-07-30
15799,36,1279,1,0,0,0.0,2026-07-09
15800,38,2500,1,0,1,236.81,2024-08-19
15801,13,120,1,0,0,0.0,2026-03-28
15802,15,942,1,0,0,0.0,2026-07-23
15803,15,3804,1,1,0,0.0,2026-02-10
15804,24,603,1,1,0,0.0,2025-07-09
15805,19,774,1,1,0,0.0,2026-05-29
15806,14,3094,1,0,1,232.26,2026-05-20
15807,28,1544,1,1,0,0.0,2025-01-11
15808,35,2361,1,0,0,0.0,2025-08-02
15809,3,4649,1,1,0,0.0,2026-02-05
15810,33,2853,1,1,0,0.0,2026-07-06
15811,27,3730,1,0,0,0.0,2026-03-06
15812,31,3628,1,1,0,0.0,2025-02-14
15813,5,4099,1,1,1,72.05,2025-06-09
15814,19,438,1,0,0,0.0,2025-10-18
15815,31,3132,1,0,1,123.73,2026-04-17
15816,34,4124,1,0,0,0.0,2025-06-20
15817,21,2816,1,0,0,0.0,2024-08-05
15818,33,4758,1,0,0,0.0,2024-11-26
15819,40,2580,1,1,0,0.0,2026-06-04
15820,34,3540,1,0,0,0.0,2024-10-01
15821,16,1771,1,0,0,0.0,2025-07-25
15822,31,778,1,1,0,0.0,2025-07-25
15823,22,2098,1,0,1,93.04,2025-05-13
15824,30,4854,1,0,1,67.94,2025-08-15
15825,33,4277,1,0,0,0.0,2026-06-19
15826,1,3027,1,0,1,119.4,2026-03-30
15827,14,457,1,0,1,101.58,2025-08-09
15828,12,4470,1,0,0,0.0,2026-03-31
15829,6,746,1,0,1,164.44,2024-08-19
15830,12,685,1,0,0,0.0,2025-01-08
15831,3,3898,1,1,0,0.0,2025-07-24
15832,33,4838,1,0,1,166.67,2026-07-16
15833,19,3279,1,0,1,139.55,2024-11-27
15834,38,4352,1,1,0,0.0,2024-11-14
15835,23,4402,1,0,1,60.0,2025-04-30
15836,28,616,1,0,0,0.0,2026-07-19
15837,8,4453,1,1,0,0.0,2026-04-05
15838,17,1782,1,0,0,0.0,2025-11-05
15839,38,1308,1,1,1,120.42,2025-10-07
15840,6,3988,1,1,1,116.91,2025-05-15
15841,22,4557,1,0,0,0.0,2024-12-17
15842,1,1217,1,0,1,94.57,2025-02-26
15843,22,1189,1,1,1,52.88,2024-11-06
15844,35,3717,1,0,1,103.02,2026-07-01
15845,33,4097,1,0,1,64.16,2025-10-02
15846,39,3191,1,1,0,0.0,2026-07-31
15847,15,3112,1,1,1,161.98,2025-03-14
15848,14,799,1,1,0,0.0,2025-06-09
15849,5,1878,1,1,0,0.0,2025-08-01
15850,25,3598,1,1,0,0.0,2026-08-02
15851,24,1158,1,0,1,99.48,2026-02-28
15852,36,3717,1,1,1,194.58,2025-07-09
15853,5,3456,1,0,1,236.83,2025-05-11
15854,12,176,1,0,1,67.54,2026-04-20
15855,5,3717,1,1,1,223.21,2025-02-10
15856,6,4654,1,0,0,0.0,2024-08-27
15857,20,2999,1,1,0,0.0,2025-12-05
15858,39,3004,1,0,0,0.0,2024-10-04
15859,29,889,1,0,1,94.9,2024-11-16
15860,23,373,1,1,1,183.02,2025-07-25
15861,34,4100,1,1,1,195.56,2024-11-27
15862,7,1299,1,0,0,0.0,2025-05-16
15863,20,1101,1,1,1,125.54,2024-08-21
15864,10,3363,1,1,1,203.15,2026-05-17
15865,34,601,1,1,0,0.0,2025-04-04
15866,25,2200,1,1,0,0.0,2026-02-17
15867,4,3873,1,1,1,146.61,2025-12-05
15868,11,2668,1,0,0,0.0,2026-05-20
15869,31,4729,1,1,0,0.0,2026-05-23
15870,20,431,1,1,1,35.29,2025-04-26
15871,30,2925,1,1,1,47.95,2025-03-09
15872,27,506,1,1,1,198.19,2024-12-03
15873,37,3389,1,1,0,0.0,2025-05-04
15874,25,4898,1,1,0,0.0,2024-11-30
15875,33,4007,1,0,1,124.22,2026-01-19
15876,23,4332,1,1,0,0.0,2026-01-24
15877,24,4558,1,1,0,0.0,2025-09-22
15878,20,4762,1,1,1,25.11,2025-12-23
15879,17,3517,1,1,0,0.0,2024-08-16
15880,38,136,1,1,1,151.61,2024-12-06
15881,18,1978,1,0,0,0.0,2026-07-25
15882,9,1661,1,1,1,224.14,2024-10-31
15883,3,1357,1,1,1,72.66,2024-09-22
15884,31,1204,1,0,1,233.22,2026-01-12
15885,28,589,1,0,1,135.28,2024-11-27
15886,36,3432,1,0,0,0.0,2026-06-16
15887,27,2329,1,0,1,196.72,2024-10-05
15888,26,1281,1,0,1,18.75,2025-10-29
15889,21,3645,1,0,1,222.62,2026-01-06
15890,15,1598,1,1,0,0.0,2026-07-03
15891,11,2717,1,0,0,0.0,2026-04-18
15892,31,1857,1,1,1,115.01,2025-07-31
15893,13,185,1,1,1,47.75,2024-09-22
15894,22,1264,1,1,1,19.63,2025-03-24
15895,6,2890,1,0,1,43.25,2026-01-26
15896,27,1911,1,0,0,0.0,2025-04-16
15897,35,1500,1,0,0,0.0,2026-07-11
15898,35,1827,1,0,1,89.42,2025-07-22
15899,5,4095,1,0,0,0.0,2025-04-14
15900,23,2184,1,0,1,34.56,2025-06-20
15901,34,939,1,0,0,0.0,2025-04-05
15902,13,4460,1,0,0,0.0,2025-10-13
15903,29,2215,1,0,0,0.0,2025-07-04
15904,5,2052,1,1,0,0.0,2025-04-25
15905,38,1746,1,0,0,0.0,2025-12-04
15906,5,1656,1,1,0,0.0,2025-11-20
15907,12,12,1,1,0,0.0,2024-10-24
15908,11,2674,1,1,0,0.0,2024-11-22
15909,18,2614,1,1,1,60.82,2024-09-07
15910,39,1474,1,0,0,0.0,2025-07-10
15911,13,4622,1,1,0,0.0,2026-03-26
15912,30,988,1,0,1,234.53,2026-05-12
15913,17,790,1,0,0,0.0,2026-05-28
15914,26,2453,1,0,0,0.0,2026-07-23
15915,35,4027,1,1,0,0.0,2026-03-08
15916,24,4739,1,0,0,0.0,2026-03-15
15917,30,1157,1,0,1,94.05,2026-06-01
15918,33,1277,1,1,1,157.3,2025-04-13
15919,1,2227,1,1,0,0.0,2025-03-22
15920,16,2087,1,1,1,147.22,2025-05-23
15921,40,4050,1,0,0,0.0,2025-10-27
15922,6,3349,1,1,1,85.47,2025-11-02
15923,13,2007,1,1,0,0.0,2025-07-09
15924,9,184,1,1,0,0.0,2024-09-04
15925,15,88,1,0,0,0.0,2025-08-09
15926,6,1756,1,0,0,0.0,2024-09-21
15927,13,3685,1,0,0,0.0,2026-04-23
15928,22,362,1,1,0,0.0,2025-08-23
15929,24,3822,1,0,1,146.45,2026-03-14
15930,6,3838,1,0,0,0.0,2026-07-09
15931,34,2741,1,1,0,0.0,2025-07-31
15932,31,1379,1,1,1,60.42,2026-06-30
15933,1,4374,1,0,0,0.0,2025-01-25
15934,20,4684,1,0,0,0.0,2025-11-15
15935,11,3879,1,1,0,0.0,2026-07-10
15936,6,3587,1,0,1,94.66,2025-11-21
15937,4,814,1,0,1,96.94,2026-04-27
15938,38,4291,1,0,0,0.0,2025-03-09
15939,14,4710,1,0,0,0.0,2026-06-19
15940,40,2706,1,1,1,211.51,2025-03-27
15941,10,2507,1,1,1,99.56,2026-07-15
15942,24,177,1,0,0,0.0,2025-06-08
15943,25,1723,1,1,0,0.0,2025-03-03
15944,34,2898,1,1,0,0.0,2025-10-14
15945,20,1051,1,0,0,0.0,2026-07-01
15946,20,3783,1,0,1,139.14,2024-12-09
15947,23,2638,1,1,1,79.99,2024-08-24
15948,37,4888,1,0,1,233.83,2025-12-03
15949,1,250,1,0,0,0.0,2024-10-02
15950,21,2143,1,0,0,0.0,2026-02-17
15951,9,1138,1,1,0,0.0,2025-06-25
15952,38,4705,1,0,1,171.19,2025-07-11
15953,3,3629,1,1,1,121.41,2025-12-22
15954,31,3380,1,1,1,221.37,2026-07-30
15955,30,575,1,1,0,0.0,2025-04-16
15956,33,4974,1,1,0,0.0,2025-07-25
15957,29,2302,1,0,0,0.0,2026-01-28
15958,1,2831,1,1,1,185.31,2025-07-15
15959,20,4169,1,0,1,247.45,2026-07-05
15960,30,2683,1,0,1,103.8,2026-04-30
15961,33,4340,1,0,1,200.6,2025-10-20
15962,14,2124,1,1,0,0.0,2024-12-15
15963,2,669,1,1,0,0.0,2026-03-01
15964,6,289,1,1,0,0.0,2025-10-28
15965,8,4771,1,0,0,0.0,2026-05-08
15966,5,501,1,0,0,0.0,2025-08-31
15967,22,2903,1,1,0,0.0,2025-12-01
15968,36,1152,1,1,1,11.85,2026-02-24
15969,34,2508,1,1,0,0.0,2026-06-25
15970,39,2437,1,1,0,0.0,2025-04-17
15971,23,1562,1,0,1,18.23,2026-06-27
15972,28,459,1,0,0,0.0,2026-04-06
15973,11,1750,1,0,0,0.0,2025-10-13
15974,21,1008,1,1,1,228.99,2026-04-07
15975,13,2372,1,0,0,0.0,2026-05-31
15976,21,218,1,1,1,46.69,2025-03-04
15977,37,1866,1,1,0,0.0,2025-02-02
15978,24,2313,1,0,0,0.0,2025-06-18
15979,16,2142,1,1,0,0.0,2025-02-04
15980,21,1365,1,1,0,0.0,2025-08-04
15981,3,2955,1,0,0,0.0,2025-09-08
15982,39,126,1,1,0,0.0,2024-09-19
15983,28,1989,1,1,1,225.24,2026-04-11
15984,16,3449,1,0,0,0.0,2024-12-12
15985,36,467,1,0,1,245.02,2024-09-21
15986,16,3312,1,1,1,220.22,2025-06-05
15987,28,781,1,0,1,146.14,2024-11-03
15988,1,1078,1,0,1,88.01,2024-11-06
15989,2,2611,1,0,0,0.0,2026-05-15
15990,26,203,1,1,0,0.0,2026-01-05
15991,10,4986,1,0,0,0.0,2025-09-06
15992,22,4490,1,1,0,0.0,2025-11-09
15993,16,3607,1,1,0,0.0,2024-12-28
15994,23,3485,1,1,1,139.58,2026-02-11
15995,16,2603,1,0,0,0.0,2025-05-27
15996,7,2961,1,1,0,0.0,2024-11-25
15997,19,1125,1,1,0,0.0,2025-02-24
15998,8,784,1,1,0,0.0,2026-05-08
15999,14,1486,1,0,0,0.0,2025-04-17
16000,16,3616,1,0,1,13.65,2025-08-31
16001,20,3029,1,0,0,0.0,2025-06-16
16002,36,937,1,1,1,109.48,2026-05-18
16003,1,1339,1,1,0,0.0,2026-01-16
16004,34,2852,1,1,1,165.57,2026-07-30
16005,25,211,1,0,0,0.0,2025-01-24
16006,23,4305,1,0,1,200.85,2026-06-11
16007,37,660,1,0,1,133.54,2026-07-02
16008,8,1541,1,0,0,0.0,2026-07-09
16009,16,4259,1,0,0,0.0,2026-05-14
16010,1,4197,1,1,0,0.0,2026-05-19
16011,34,1650,1,1,1,35.94,2025-07-15
16012,13,2499,1,0,0,0.0,2025-04-22
16013,16,2681,1,1,1,55.22,2025-08-03
16014,4,1240,1,1,0,0.0,2025-08-27
16015,39,89,1,0,1,51.01,2024-12-02
16016,14,53,1,1,1,87.05,2026-04-05
16017,10,2620,1,0,1,26.21,2024-11-02
16018,20,2251,1,1,0,0.0,2026-01-26
16019,24,2303,1,0,0,0.0,2025-10-03
16020,1,4840,1,0,1,43.61,2024-08-05
16021,20,4396,1,1,0,0.0,2025-07-27
16022,22,726,1,1,1,64.7,2024-12-23
16023,14,4671,1,0,1,166.16,2025-11-08
16024,27,308,1,0,1,211.79,2026-01-01
16025,40,2227,1,1,1,87.09,2025-07-21
16026,27,4117,1,1,0,0.0,2024-12-01
16027,34,3797,1,1,0,0.0,2026-04-12
16028,35,2309,1,0,0,0.0,2024-08-09
16029,32,1096,1,0,0,0.0,2025-04-17
16030,33,2464,1,0,1,157.15,2025-10-08
16031,2,2568,1,1,0,0.0,2026-05-24
16032,10,584,1,1,0,0.0,2025-10-30
16033,38,4947,1,1,0,0.0,2025-02-09
16034,12,1150,1,1,0,0.0,2026-02-07
16035,12,4788,1,1,0,0.0,2025-05-09
16036,20,4936,1,0,1,171.88,2025-04-14
16037,11,3426,1,1,1,164.02,2025-08-11
16038,18,4800,1,0,0,0.0,2025-02-14
16039,39,3706,1,0,1,117.7,2025-04-11
16040,1,3163,1,0,0,0.0,2025-12-24
16041,10,2992,1,1,0,0.0,2025-02-15
16042,34,3115,1,1,1,68.84,2026-07-23
16043,21,4724,1,1,1,171.61,2024-08-30
16044,5,1774,1,0,1,129.98,2026-07-21
16045,3,543,1,1,1,14.16,2026-05-26
16046,35,1269,1,1,0,0.0,2025-08-27
16047,7,3522,1,0,0,0.0,2024-09-28
16048,22,3705,1,1,0,0.0,2025-09-13
16049,4,417,1,1,1,76.26,2025-05-25
16050,24,1207,1,0,0,0.0,2026-07-07
16051,29,1875,1,0,1,135.19,2025-07-02
16052,4,2988,1,1,0,0.0,2026-07-08
16053,18,4456,1,0,1,155.98,2025-10-19
16054,28,1351,1,0,0,0.0,2025-03-22
16055,4,1321,1,1,0,0.0,2025-01-24
16056,40,130,1,0,0,0.0,2026-07-18
16057,15,1244,1,1,0,0.0,2026-01-14
16058,27,225,1,1,1,210.88,2025-03-30
16059,17,1526,1,0,0,0.0,2026-03-28
16060,22,3330,1,0,0,0.0,2024-08-25
16061,18,40,1,0,0,0.0,2024-12-10
16062,12,3935,1,1,0,0.0,2025-04-08
16063,18,2332,1,0,0,0.0,2025-10-30
16064,25,1940,1,0,0,0.0,2025-10-27
16065,3,4829,1,0,1,48.1,2025-05-25
16066,17,1659,1,0,1,187.33,2024-08-04
16067,40,405,1,1,0,0.0,2025-11-01
16068,10,4365,1,0,1,140.41,2026-02-15
16069,16,4972,1,0,1,26.07,2024-12-29
16070,23,745,1,1,0,0.0,2025-08-20
16071,22,4584,1,0,1,169.69,2025-05-10
16072,17,1178,1,1,0,0.0,2025-02-20
16073,18,3974,1,0,0,0.0,2025-07-05
16074,1,996,1,1,1,246.89,2026-04-20
16075,9,53,1,1,1,24.45,2026-07-15
16076,23,1676,1,1,1,57.57,2025-07-30
16077,38,1354,1,0,0,0.0,2024-12-23
16078,24,1738,1,0,0,0.0,2025-07-21
16079,6,1180,1,1,0,0.0,2025-12-16
16080,28,3802,1,1,1,32.71,2025-07-08
16081,11,521,1,0,0,0.0,2024-08-29
16082,27,1124,1,1,0,0.0,2026-03-23
16083,31,4008,1,1,1,118.85,2025-05-23
16084,18,1675,1,0,0,0.0,2025-02-12
16085,32,2961,1,0,1,156.72,2026-07-06
16086,19,4896,1,1,1,213.08,2025-08-13
16087,20,203,1,1,0,0.0,2025-12-26
16088,23,297,1,1,1,33.36,2026-04-13
16089,33,3009,1,0,1,17.64,2026-02-13
16090,18,291,1,1,1,24.09,2025-02-25
16091,30,3405,1,1,1,203.14,2026-03-09
16092,5,4010,1,0,1,117.49,2025-02-04
16093,27,3731,1,1,0,0.0,2025-10-14
16094,13,1362,1,1,0,0.0,2025-08-11
16095,21,2689,1,0,1,230.38,2025-04-25
16096,33,2306,1,0,1,195.36,2025-06-04
16097,40,325,1,0,1,169.73,2025-09-07
16098,30,2006,1,1,1,192.63,2026-07-15
16099,9,1703,1,1,0,0.0,2025-08-27
16100,36,3984,1,0,0,0.0,2025-06-12
16101,27,4044,1,1,0,0.0,2025-11-01
16102,30,4489,1,1,1,146.44,2026-05-31
16103,29,4069,1,0,1,74.73,2025-05-16
16104,11,355,1,1,0,0.0,2024-10-19
16105,2,3132,1,1,0,0.0,2024-11-04
16106,29,3746,1,1,0,0.0,2024-10-27
16107,8,1902,1,1,0,0.0,2024-11-24
16108,12,4450,1,1,1,135.63,2024-09-30
16109,26,745,1,1,0,0.0,2025-07-09
16110,7,826,1,0,1,151.4,2026-05-16
16111,20,4000,1,0,0,0.0,2025-01-22
16112,6,3875,1,0,0,0.0,2024-11-20
16113,1,3711,1,0,0,0.0,2024-08-24
16114,8,4295,1,0,0,0.0,2024-09-09
16115,8,3044,1,0,1,85.22,2024-11-03
16116,33,4528,1,1,0,0.0,2026-01-19
16117,18,1972,1,0,0,0.0,2025-06-20
16118,7,2535,1,1,0,0.0,2024-12-30
16119,5,1749,1,1,1,57.05,2024-11-08
16120,11,4307,1,0,1,246.44,2025-08-22
16121,19,1821,1,0,1,148.46,2026-05-03
16122,30,4479,1,0,0,0.0,2026-04-25
16123,14,689,1,0,1,31.63,2025-03-22
16124,22,2376,1,1,0,0.0,2026-03-10
16125,12,893,1,0,1,206.46,2025-12-03
16126,26,3967,1,1,0,0.0,2025-06-14
16127,36,3442,1,0,1,33.33,2025-10-30
16128,36,4601,1,1,0,0.0,2025-03-28
16129,11,2163,1,1,0,0.0,2026-04-10
16130,15,4276,1,1,0,0.0,2025-04-19
16131,28,1205,1,0,0,0.0,2026-06-28
16132,9,778,1,1,1,102.89,2025-02-26
16133,37,1013,1,1,0,0.0,2024-09-10
16134,5,3017,1,1,1,213.01,2026-05-30
16135,10,1898,1,1,0,0.0,2026-03-15
16136,33,531,1,1,1,238.15,2024-08-31
16137,40,2908,1,1,0,0.0,2025-07-08
16138,7,3680,1,0,0,0.0,2024-10-28
16139,18,1815,1,0,0,0.0,2025-08-23
16140,18,3228,1,0,0,0.0,2024-08-06
16141,4,4563,1,1,1,81.75,2025-06-19
16142,14,1065,1,1,0,0.0,2025-04-19
16143,17,2291,1,1,1,42.38,2026-03-22
16144,27,3977,1,0,1,200.31,2025-11-22
16145,4,938,1,0,0,0.0,2025-06-17
16146,10,3588,1,1,1,16.67,2026-06-25
16147,22,3062,1,1,1,179.38,2025-06-07
16148,28,2642,1,1,0,0.0,2026-07-16
16149,38,2737,1,1,1,85.39,2025-04-18
16150,34,4438,1,1,1,246.55,2026-07-23
16151,27,169,1,1,0,0.0,2026-06-14
16152,40,705,1,0,0,0.0,2025-07-05
16153,7,4764,1,0,1,111.86,2025-10-21
16154,11,2834,1,0,0,0.0,2025-08-07
16155,37,14,1,0,0,0.0,2025-07-16
16156,34,788,1,1,0,0.0,2024-11-24
16157,17,2003,1,1,0,0.0,2025-02-01
16158,38,4774,1,1,1,249.94,2026-05-31
16159,22,2749,1,0,1,158.0,2026-03-17
16160,35,1587,1,0,0,0.0,2026-01-19
16161,5,324,1,1,1,204.58,2026-05-16
16162,39,2008,1,1,1,24.82,2025-03-04
16163,20,1133,1,1,0,0.0,2025-03-12
16164,17,587,1,0,0,0.0,2025-04-30
16165,16,3885,1,0,0,0.0,2024-10-20
16166,24,1769,1,0,0,0.0,2025-01-05
16167,39,4872,1,1,1,30.63,2024-12-18
16168,33,4275,1,0,0,0.0,2024-09-29
16169,22,3847,1,1,1,154.35,2024-10-06
16170,40,1737,1,0,0,0.0,2025-09-03
16171,34,1922,1,0,0,0.0,2026-05-30
16172,6,99,1,1,0,0.0,2025-04-08
16173,6,1153,1,1,1,195.57,2026-04-02
16174,23,2737,1,0,1,25.11,2025-02-01
16175,32,3688,1,0,1,130.52,2026-06-15
16176,28,2241,1,1,0,0.0,2025-07-09
16177,10,1929,1,1,1,136.46,2025-08-03
16178,22,3110,1,0,1,172.61,2025-01-22
16179,17,4973,1,1,0,0.0,2025-12-22
16180,13,2230,1,0,0,0.0,2024-09-05
16181,29,2914,1,0,0,0.0,2025-09-10
16182,38,705,1,1,0,0.0,2025-06-09
16183,12,3188,1,1,0,0.0,2026-03-10
16184,11,3036,1,1,1,90.23,2025-12-09
16185,11,1582,1,0,1,169.43,2026-03-15
16186,26,3922,1,0,1,210.36,2025-06-04
16187,1,4350,1,0,0,0.0,2026-07-19
16188,25,562,1,0,1,232.58,2026-03-10
16189,22,4631,1,0,0,0.0,2025-05-28
16190,13,1679,1,1,0,0.0,2026-02-11
16191,34,4459,1,1,0,0.0,2026-05-09
16192,18,1764,1,0,0,0.0,2024-09-13
16193,3,3059,1,1,0,0.0,2026-01-31
16194,18,3359,1,1,0,0.0,2025-12-29
16195,24,2182,1,0,0,0.0,2025-12-11
16196,17,4808,1,1,1,176.3,2026-01-28
16197,7,2788,1,1,0,0.0,2026-01-08
16198,7,941,1,0,0,0.0,2025-09-10
16199,28,1249,1,1,1,122.11,2026-07-09
16200,31,2134,1,1,0,0.0,2026-02-08
16201,28,6,1,1,1,181.39,2026-04-09
16202,3,2539,1,1,0,0.0,2025-02-08
16203,37,4030,1,1,1,212.24,2025-08-01
16204,10,3507,1,1,1,197.82,2026-06-16
16205,40,341,1,0,0,0.0,2025-10-15
16206,5,1532,1,0,1,23.21,2026-08-04
16207,5,293,1,0,1,40.92,2026-01-01
16208,29,4233,1,1,0,0.0,2025-09-01
16209,34,3881,1,0,0,0.0,2026-06-09
16210,3,1339,1,0,1,55.57,2026-02-02
16211,6,835,1,1,0,0.0,2025-03-19
16212,33,18,1,0,0,0.0,2024-11-13
16213,1,2766,1,1,1,77.9,2025-09-03
16214,17,455,1,0,0,0.0,2026-01-18
16215,16,3339,1,1,1,21.98,2025-10-04
16216,33,2025,1,0,0,0.0,2025-01-19
16217,6,875,1,0,0,0.0,2025-08-12
16218,37,2557,1,0,1,121.03,2025-04-13
16219,18,896,1,0,0,0.0,2026-05-31
16220,6,3428,1,1,1,119.18,2024-11-18
16221,17,667,1,0,0,0.0,2025-11-07
16222,8,27,1,1,1,62.83,2026-02-09
16223,14,445,1,0,0,0.0,2025-11-06
16224,31,4079,1,0,1,138.06,2025-06-28
16225,24,2873,1,0,1,180.22,2025-03-11
16226,28,328,1,1,0,0.0,2025-03-13
16227,30,3553,1,0,0,0.0,2026-05-27
16228,40,3053,1,1,1,195.32,2025-03-08
16229,7,3251,1,0,0,0.0,2025-05-29
16230,4,1855,1,0,0,0.0,2024-09-11
16231,8,1539,1,0,0,0.0,2024-09-04
16232,27,4849,1,0,1,217.44,2024-10-27
16233,36,1243,1,0,0,0.0,2025-03-28
16234,38,4469,1,0,0,0.0,2026-02-14
16235,17,2135,1,1,0,0.0,2026-04-10
16236,28,3789,1,0,0,0.0,2025-06-06
16237,14,4093,1,0,0,0.0,2024-11-19
16238,12,1197,1,0,0,0.0,2024-08-12
16239,15,4128,1,0,1,91.8,2026-02-21
16240,29,1094,1,0,1,31.85,2026-05-05
16241,36,4138,1,0,0,0.0,2026-03-22
16242,28,3259,1,1,0,0.0,2025-01-18
16243,11,1940,1,1,0,0.0,2025-01-24
16244,37,1721,1,1,1,217.29,2026-04-01
16245,2,4592,1,0,1,30.45,2026-03-19
16246,22,3879,1,1,0,0.0,2025-10-01
16247,29,2248,1,0,1,100.1,2025-01-23
16248,20,2970,1,1,0,0.0,2025-06-21
16249,17,4520,1,0,0,0.0,2024-10-23
16250,15,3801,1,1,0,0.0,2025-10-01
16251,20,2883,1,1,0,0.0,2025-08-29
16252,27,728,1,1,1,50.31,2025-09-24
16253,3,3949,1,0,0,0.0,2024-12-15
16254,32,978,1,1,1,34.62,2024-11-07
16255,37,2089,1,0,1,81.25,2026-05-16
16256,23,2319,1,0,1,247.14,2025-03-11
16257,35,1282,1,1,0,0.0,2024-12-19
16258,40,507,1,1,1,10.59,2026-06-07
16259,28,3685,1,1,1,90.95,2025-07-23
16260,35,571,1,0,0,0.0,2024-09-22
16261,17,1966,1,0,0,0.0,2025-11-13
16262,35,1757,1,1,0,0.0,2025-03-02
16263,37,4765,1,0,0,0.0,2025-10-01
16264,7,2907,1,0,0,0.0,2025-07-27
16265,18,322,1,0,1,188.29,2026-01-12
16266,12,2427,1,0,0,0.0,2026-07-09
16267,24,3288,1,1,1,58.47,2026-07-01
16268,7,112,1,1,0,0.0,2025-10-26
16269,31,509,1,1,0,0.0,2025-06-22
16270,17,1369,1,1,0,0.0,2024-09-25
16271,11,1913,1,1,0,0.0,2024-09-20
16272,11,2387,1,0,0,0.0,2026-04-19
16273,21,2570,1,1,0,0.0,2024-10-31
16274,9,4774,1,1,0,0.0,2025-06-16
16275,21,1357,1,1,0,0.0,2025-03-19
16276,12,2713,1,1,1,94.19,2024-11-02
16277,18,247,1,0,0,0.0,2025-03-01
16278,29,3884,1,1,0,0.0,2026-05-11
16279,12,3724,1,1,0,0.0,2026-04-11
16280,28,1381,1,1,0,0.0,2024-12-22
16281,36,980,1,0,1,240.74,2025-08-13
16282,13,1957,1,0,0,0.0,2025-06-30
16283,35,3169,1,1,0,0.0,2026-03-10
16284,39,2716,1,1,0,0.0,2025-12-30
16285,33,477,1,0,0,0.0,2025-07-12
16286,16,4849,1,1,0,0.0,2025-02-17
16287,33,624,1,0,1,196.15,2026-01-09
16288,16,1109,1,0,0,0.0,2024-11-04
16289,11,1952,1,1,0,0.0,2025-01-05
16290,34,1518,1,0,0,0.0,2025-02-13
16291,32,139,1,1,0,0.0,2025-01-28
16292,21,2841,1,1,0,0.0,2026-05-09
16293,9,751,1,0,1,33.11,2026-02-19
16294,12,665,1,1,0,0.0,2026-05-02
16295,3,3587,1,1,1,193.76,2026-02-15
16296,33,2840,1,0,1,41.88,2025-07-31
16297,13,1377,1,1,1,208.8,2024-11-10
16298,8,687,1,0,1,156.74,2026-01-24
16299,28,3893,1,1,0,0.0,2025-11-03
16300,4,4383,1,0,0,0.0,2026-03-24
16301,24,1816,1,0,0,0.0,2025-05-11
16302,12,1902,1,0,0,0.0,2026-07-04
16303,2,196,1,0,0,0.0,2024-08-11
16304,36,3222,1,1,0,0.0,2025-12-22
16305,36,1954,1,1,0,0.0,2026-05-03
16306,28,4667,1,0,0,0.0,2026-08-03
16307,25,2694,1,1,1,245.09,2024-10-19
16308,27,3807,1,0,1,188.84,2024-08-28
16309,34,1426,1,1,0,0.0,2026-01-22
16310,38,1165,1,0,0,0.0,2024-09-14
16311,27,1533,1,1,0,0.0,2025-06-23
16312,1,1018,1,1,0,0.0,2026-04-14
16313,36,4646,1,1,1,84.87,2024-08-12
16314,16,88,1,1,1,166.82,2026-05-07
16315,18,2109,1,1,1,80.98,2025-01-09
16316,24,3312,1,0,1,77.07,2024-11-15
16317,20,4241,1,0,1,231.43,2024-10-18
16318,19,698,1,1,1,79.61,2024-11-04
16319,4,4447,1,1,0,0.0,2025-09-06
16320,28,1896,1,0,1,43.46,2025-12-18
16321,2,875,1,1,0,0.0,2025-06-09
16322,15,2047,1,1,1,172.74,2025-07-10
16323,36,3569,1,1,0,0.0,2025-07-25
16324,25,1878,1,1,1,79.09,2025-05-25
16325,8,911,1,0,0,0.0,2026-02-06
16326,19,3421,1,0,0,0.0,2026-04-27
16327,4,385,1,0,1,19.04,2025-09-02
16328,37,4643,1,1,1,103.35,2026-04-29
16329,2,3645,1,0,1,153.73,2026-06-28
16330,1,4691,1,0,1,123.56,2026-07-27
16331,24,4505,1,0,1,137.76,2025-09-22
16332,19,3672,1,0,0,0.0,2026-03-30
16333,27,2748,1,0,0,0.0,2025-08-10
16334,21,2257,1,1,1,57.69,2025-11-14
16335,29,113,1,0,1,17.03,2025-01-05
16336,38,938,1,0,0,0.0,2026-02-20
16337,13,3301,1,0,1,161.11,2026-05-13
16338,39,4957,1,1,1,130.32,2025-01-01
16339,28,1265,1,0,0,0.0,2025-04-13
16340,23,411,1,1,1,170.7,2024-08-06
16341,33,4679,1,0,0,0.0,2024-12-27
16342,23,2344,1,0,0,0.0,2025-10-16
16343,4,2833,1,1,1,81.1,2026-08-03
16344,8,2371,1,0,0,0.0,2025-12-24
16345,38,79,1,1,0,0.0,2025-09-24
16346,30,1468,1,1,1,41.33,2025-08-27
16347,38,3738,1,1,0,0.0,2026-05-06
16348,15,2386,1,0,0,0.0,2024-10-04
16349,40,2724,1,1,1,171.24,2025-06-30
16350,34,1498,1,0,0,0.0,2025-10-09
16351,28,799,1,0,0,0.0,2025-10-01
16352,32,1164,1,0,0,0.0,2024-09-22
16353,10,2652,1,0,0,0.0,2024-11-15
16354,14,1629,1,0,1,164.25,2025-11-17
16355,2,506,1,0,1,194.91,2026-06-28
16356,29,4211,1,0,0,0.0,2025-10-04
16357,25,4166,1,0,1,114.64,2025-08-12
16358,19,4345,1,1,1,225.24,2026-03-27
16359,29,3289,1,0,1,174.71,2026-03-12
16360,37,3917,1,0,1,147.26,2024-12-04
16361,40,1320,1,0,0,0.0,2026-01-15
16362,20,1012,1,0,0,0.0,2025-07-07
16363,36,4126,1,0,0,0.0,2026-03-06
16364,34,1117,1,1,1,139.96,2024-10-29
16365,33,3542,1,1,1,109.91,2026-04-14
16366,33,3037,1,1,1,39.9,2024-08-13
16367,40,1944,1,1,0,0.0,2025-08-15
16368,21,1798,1,0,0,0.0,2026-01-29
16369,23,4399,1,1,1,241.32,2026-03-21
16370,39,3809,1,1,1,169.97,2026-04-13
16371,27,3511,1,1,0,0.0,2025-07-01
16372,33,4407,1,1,1,164.13,2025-11-06
16373,32,3103,1,0,0,0.0,2026-07-11
16374,6,2610,1,1,0,0.0,2026-06-19
16375,24,3834,1,1,0,0.0,2025-02-13
16376,13,1272,1,1,1,51.07,2025-02-20
16377,12,2392,1,0,0,0.0,2024-12-18
16378,40,1928,1,1,0,0.0,2026-07-11
16379,1,2375,1,1,1,65.2,2025-07-15
16380,7,4587,1,0,1,23.87,2026-05-18
16381,2,3777,1,0,1,183.9,2026-05-07
16382,36,3977,1,1,0,0.0,2026-03-24
16383,2,1031,1,1,1,140.26,2025-03-06
16384,37,1293,1,1,1,15.15,2026-07-27
16385,33,4098,1,0,0,0.0,2025-07-26
16386,17,3942,1,1,1,157.02,2025-08-16
16387,36,4793,1,1,1,219.02,2025-01-15
16388,3,1293,1,1,1,128.47,2026-02-03
16389,27,1834,1,1,1,133.42,2025-09-23
16390,9,651,1,1,1,231.31,2026-05-18
16391,20,1415,1,0,0,0.0,2026-07-10
16392,16,4463,1,1,0,0.0,2025-06-14
16393,12,1655,1,1,0,0.0,2025-06-01
16394,38,2266,1,1,1,180.61,2025-11-04
16395,34,1518,1,1,0,0.0,2025-09-28
16396,24,2378,1,1,0,0.0,2024-10-30
16397,13,1189,1,1,0,0.0,2025-04-12
16398,36,2680,1,1,0,0.0,2024-09-27
16399,3,840,1,0,0,0.0,2025-09-14
16400,11,494,1,1,1,152.08,2026-03-01
16401,11,4927,1,1,0,0.0,2025-11-28
16402,11,4771,1,0,1,121.04,2025-02-08
16403,34,3352,1,0,1,106.75,2025-06-06
16404,11,4696,1,0,0,0.0,2025-07-16
16405,23,1134,1,0,1,220.89,2025-03-14
16406,12,206,1,1,1,88.21,2025-11-06
16407,37,1572,1,1,0,0.0,2025-03-07
16408,32,1295,1,1,0,0.0,2025-12-22
16409,2,1922,1,1,1,45.46,2025-12-27
16410,5,4412,1,0,1,158.97,2025-05-09
16411,14,4177,1,1,0,0.0,2025-09-25
16412,25,399,1,1,0,0.0,2024-12-26
16413,14,733,1,0,0,0.0,2025-01-01
16414,7,661,1,1,0,0.0,2026-03-14
16415,15,605,1,0,0,0.0,2025-01-29
16416,33,3897,1,0,1,121.3,2026-04-29
16417,30,4299,1,1,1,213.53,2025-08-23
16418,36,2871,1,0,1,75.16,2025-08-27
16419,30,2982,1,0,0,0.0,2025-05-06
16420,25,1363,1,0,1,24.47,2025-02-14
16421,27,4471,1,1,0,0.0,2025-01-04
16422,39,1796,1,1,0,0.0,2025-01-11
16423,7,3869,1,0,1,21.99,2026-02-27
16424,35,3716,1,0,0,0.0,2025-11-03
16425,6,4230,1,0,0,0.0,2025-08-26
16426,40,866,1,0,1,89.31,2025-04-12
16427,4,4587,1,1,1,148.48,2025-04-27
16428,2,3711,1,1,0,0.0,2025-10-15
16429,35,3648,1,1,1,213.84,2025-02-18
16430,10,684,1,0,0,0.0,2024-12-08
16431,28,3308,1,1,0,0.0,2025-02-12
16432,33,465,1,0,1,20.33,2026-06-23
16433,14,3794,1,0,0,0.0,2025-11-12
16434,37,357,1,1,1,218.87,2025-09-03
16435,29,2190,1,1,1,96.15,2026-04-13
16436,22,4830,1,1,0,0.0,2025-06-19
16437,27,357,1,1,1,217.52,2024-09-15
16438,21,4203,1,0,1,209.03,2026-04-13
16439,19,4180,1,1,0,0.0,2025-04-24
16440,35,4398,1,1,0,0.0,2025-09-29
16441,15,4594,1,0,1,41.51,2026-07-15
16442,22,1120,1,1,0,0.0,2024-10-25
16443,12,3008,1,0,0,0.0,2026-05-12
16444,14,189,1,1,0,0.0,2024-10-03
16445,6,4901,1,1,1,53.9,2025-01-26
16446,28,3273,1,0,1,19.59,2025-01-02
16447,5,2313,1,1,0,0.0,2025-09-28
16448,33,3675,1,0,0,0.0,2026-04-28
16449,34,879,1,1,0,0.0,2025-06-08
16450,2,106,1,1,1,183.76,2025-10-08
16451,29,1660,1,1,0,0.0,2026-03-17
16452,6,4560,1,0,0,0.0,2025-08-14
16453,26,2704,1,0,0,0.0,2025-10-25
16454,36,1223,1,0,0,0.0,2026-03-23
16455,34,3501,1,0,0,0.0,2025-05-01
16456,27,2506,1,1,0,0.0,2026-02-23
16457,16,4144,1,0,0,0.0,2026-05-27
16458,25,3803,1,0,0,0.0,2025-12-09
16459,38,4940,1,0,0,0.0,2024-09-11
16460,30,4850,1,1,1,217.13,2025-09-06
16461,17,4208,1,0,0,0.0,2026-01-04
16462,37,1517,1,0,1,37.89,2026-04-06
16463,17,2074,1,1,1,124.47,2024-11-18
16464,11,1197,1,0,0,0.0,2024-10-12
16465,34,4440,1,0,0,0.0,2025-01-12
16466,17,2603,1,1,1,77.28,2025-02-28
16467,37,543,1,0,0,0.0,2025-07-27
16468,14,3479,1,1,1,126.95,2026-07-05
16469,30,2587,1,0,1,113.18,2026-06-20
16470,17,373,1,1,1,96.83,2026-05-17
16471,5,4084,1,0,0,0.0,2025-11-20
16472,31,4525,1,0,1,201.02,2024-08-26
16473,11,2983,1,0,1,159.89,2025-02-05
16474,34,1595,1,0,1,73.99,2026-06-30
16475,24,3130,1,1,1,242.63,2026-06-19
16476,3,4944,1,1,0,0.0,2025-04-05
16477,9,2292,1,0,0,0.0,2025-09-11
16478,39,1579,1,0,0,0.0,2024-09-22
16479,19,2314,1,1,0,0.0,2024-11-13
16480,39,905,1,1,0,0.0,2025-10-08
16481,11,458,1,0,1,187.2,2025-11-22
16482,10,2044,1,0,0,0.0,2025-08-17
16483,35,3285,1,1,1,50.77,2025-03-18
16484,22,1293,1,0,0,0.0,2026-04-27
16485,23,2134,1,0,0,0.0,2024-11-28
16486,36,2869,1,1,0,0.0,2025-08-28
16487,30,4173,1,0,1,79.75,2025-03-11
16488,33,696,1,1,0,0.0,2024-12-13
16489,37,268,1,0,0,0.0,2024-08-10
16490,14,697,1,0,0,0.0,2024-10-09
16491,11,1377,1,1,0,0.0,2025-01-04
16492,4,3979,1,0,0,0.0,2026-02-25
16493,30,918,1,0,0,0.0,2026-06-04
16494,2,218,1,1,1,33.61,2025-10-18
16495,4,796,1,1,1,158.54,2026-05-18
16496,17,891,1,0,0,0.0,2024-11-07
16497,33,3102,1,1,1,208.14,2025-05-05
16498,23,3962,1,0,0,0.0,2025-12-26
16499,25,4994,1,1,0,0.0,2026-03-25
16500,14,4684,1,1,1,66.08,2025-03-04
16501,2,2725,1,1,1,96.17,2025-09-22
16502,5,342,1,0,1,26.74,2025-09-09
16503,34,3639,1,1,0,0.0,2026-06-10
16504,3,1507,1,1,1,18.3,2025-09-21
16505,36,1166,1,1,0,0.0,2024-09-06
16506,4,996,1,0,1,123.82,2024-09-09
16507,22,1101,1,0,1,208.9,2025-08-11
16508,25,2017,1,1,0,0.0,2026-02-03
16509,7,957,1,1,1,33.31,2026-01-10
16510,34,632,1,1,0,0.0,2025-08-04
16511,9,1662,1,1,0,0.0,2026-07-11
16512,32,2386,1,0,0,0.0,2025-03-16
16513,14,664,1,1,1,237.2,2025-05-04
16514,11,4014,1,1,1,133.34,2026-04-25
16515,37,4199,1,0,0,0.0,2025-09-19
16516,25,4932,1,1,0,0.0,2026-03-15
16517,6,2954,1,0,0,0.0,2025-03-04
16518,40,166,1,1,0,0.0,2025-07-07
16519,5,4373,1,1,1,219.79,2024-08-17
16520,9,2265,1,1,1,234.73,2026-01-16
16521,5,2542,1,1,1,97.36,2026-06-05
16522,35,3061,1,1,0,0.0,2025-12-10
16523,9,2849,1,0,1,68.32,2025-09-01
16524,25,2508,1,1,0,0.0,2025-01-09
16525,20,3396,1,0,1,204.44,2026-01-14
16526,32,1197,1,1,0,0.0,2024-12-05
16527,24,3005,1,1,0,0.0,2025-06-19
16528,14,233,1,1,0,0.0,2024-08-06
16529,15,4531,1,0,1,248.04,2025-05-22
16530,26,1020,1,0,1,47.22,2026-08-01
16531,31,1028,1,0,0,0.0,2025-06-09
16532,1,1474,1,1,1,112.99,2025-10-04
16533,24,2297,1,1,1,229.85,2024-09-08
16534,4,4215,1,1,0,0.0,2025-10-01
16535,2,1577,1,1,1,50.1,2024-09-02
16536,35,2844,1,0,1,111.28,2025-02-27
16537,9,1389,1,0,1,131.53,2025-09-01
16538,39,4697,1,1,1,126.31,2025-12-25
16539,27,3779,1,0,1,161.56,2025-11-09
16540,14,1333,1,0,0,0.0,2025-05-09
16541,17,2372,1,1,0,0.0,2026-01-06
16542,26,1401,1,0,0,0.0,2025-03-19
16543,23,732,1,1,1,111.28,2026-03-05
16544,21,2491,1,1,0,0.0,2025-05-06
16545,26,1619,1,1,1,83.41,2025-01-06
16546,24,2003,1,0,0,0.0,2025-01-24
16547,36,1580,1,0,0,0.0,2026-06-21
16548,13,1335,1,1,1,188.7,2026-04-21
16549,17,4156,1,0,0,0.0,2025-11-01
16550,38,3297,1,0,0,0.0,2025-02-12
16551,6,2031,1,1,1,56.44,2024-11-01
16552,21,222,1,1,0,0.0,2026-07-26
16553,18,429,1,0,1,34.19,2025-12-31
16554,40,1370,1,1,0,0.0,2026-01-08
16555,6,2779,1,1,0,0.0,2024-10-29
16556,34,4020,1,0,0,0.0,2026-05-30
16557,1,2107,1,1,0,0.0,2025-09-14
16558,30,1351,1,1,0,0.0,2025-09-19
16559,36,3675,1,0,0,0.0,2025-05-12
16560,5,2946,1,0,1,235.27,2024-11-29
16561,9,3023,1,1,1,16.68,2024-09-01
16562,16,2242,1,1,0,0.0,2024-11-24
16563,21,3016,1,0,0,0.0,2025-06-13
16564,17,2405,1,1,0,0.0,2024-09-03
16565,27,852,1,1,1,99.81,2026-01-16
16566,18,4278,1,1,1,51.37,2025-12-23
16567,17,4403,1,1,1,78.49,2026-01-14
16568,4,2698,1,0,0,0.0,2024-10-20
16569,22,4805,1,0,0,0.0,2025-09-19
16570,14,4099,1,1,1,78.34,2024-11-05
16571,30,441,1,1,1,245.42,2025-12-05
16572,27,1316,1,1,0,0.0,2025-10-17
16573,23,3372,1,0,1,95.24,2025-06-30
16574,37,3690,1,0,1,236.34,2024-10-30
16575,4,4795,1,1,1,145.41,2025-04-12
16576,30,1700,1,1,0,0.0,2026-07-21
16577,12,3035,1,0,0,0.0,2024-10-31
16578,2,4534,1,1,1,64.05,2025-08-04
16579,18,1302,1,1,1,201.42,2026-03-01
16580,31,3601,1,0,0,0.0,2025-12-27
16581,32,2072,1,1,0,0.0,2025-08-27
16582,28,383,1,0,0,0.0,2025-02-28
16583,1,1548,1,0,1,18.14,2026-07-29
16584,35,3,1,1,0,0.0,2026-07-28
16585,19,2825,1,1,0,0.0,2024-12-25
16586,16,457,1,0,1,147.41,2026-01-23
16587,17,4859,1,0,1,115.05,2024-12-01
16588,1,1919,1,1,1,109.36,2026-01-21
16589,36,3608,1,0,0,0.0,2026-03-22
16590,15,1744,1,1,0,0.0,2024-12-28
16591,6,2855,1,0,1,116.27,2025-07-20
16592,14,3454,1,1,1,175.79,2026-07-26
16593,36,980,1,0,0,0.0,2025-12-13
16594,29,4693,1,0,1,34.76,2025-08-19
16595,1,4022,1,1,1,134.36,2024-09-18
16596,34,1612,1,1,0,0.0,2026-02-20
16597,24,2596,1,0,1,64.16,2026-04-17
16598,30,1694,1,1,1,133.39,2024-10-11
16599,36,1085,1,0,0,0.0,2025-04-26
16600,21,852,1,1,1,101.05,2024-08-21
16601,31,3076,1,0,1,123.22,2026-02-20
16602,8,4798,1,0,1,15.14,2024-09-29
16603,5,4702,1,0,0,0.0,2026-03-24
16604,26,4748,1,1,0,0.0,2024-09-16
16605,24,4588,1,0,0,0.0,2025-02-13
16606,21,3058,1,0,1,75.5,2025-04-05
16607,15,280,1,1,1,193.37,2025-12-02
16608,40,710,1,1,1,155.49,2026-04-22
16609,28,4760,1,0,0,0.0,2025-07-22
16610,13,1101,1,0,0,0.0,2025-02-14
16611,34,980,1,0,1,227.85,2025-04-27
16612,1,4670,1,0,1,77.89,2025-04-30
16613,18,1074,1,0,1,188.19,2025-11-07
16614,38,3711,1,0,0,0.0,2026-05-31
16615,10,98,1,1,1,31.06,2025-08-16
16616,27,340,1,1,1,204.77,2024-12-01
16617,25,2677,1,0,0,0.0,2025-06-09
16618,20,1251,1,1,1,33.98,2024-08-18
16619,19,1399,1,0,1,30.86,2026-05-25
16620,36,2718,1,0,1,210.14,2025-04-29
16621,31,4087,1,1,1,26.46,2026-03-20
16622,30,2288,1,0,0,0.0,2024-09-24
16623,5,4381,1,0,1,218.25,2026-01-09
16624,20,3553,1,1,0,0.0,2026-04-29
16625,8,286,1,0,0,0.0,2026-02-28
16626,26,4274,1,0,1,147.38,2026-06-04
16627,11,1236,1,1,1,176.17,2024-12-22
16628,26,3226,1,1,1,168.53,2025-01-08
16629,40,1713,1,1,0,0.0,2025-09-17
16630,9,4399,1,1,1,199.89,2024-11-02
16631,11,4243,1,1,0,0.0,2025-02-23
16632,32,4716,1,0,0,0.0,2026-06-05
16633,33,4320,1,1,0,0.0,2025-10-31
16634,8,3739,1,1,0,0.0,2026-01-20
16635,39,2671,1,0,1,144.56,2025-03-20
16636,32,4530,1,0,1,157.54,2025-08-05
16637,8,812,1,0,0,0.0,2024-09-20
16638,8,2418,1,1,0,0.0,2025-09-06
16639,37,4587,1,1,0,0.0,2026-06-16
16640,17,2760,1,0,0,0.0,2024-10-30
16641,3,774,1,0,0,0.0,2026-05-22
16642,22,298,1,0,0,0.0,2026-06-10
16643,34,3251,1,0,1,184.94,2026-07-26
16644,31,2430,1,1,0,0.0,2025-04-25
16645,29,2711,1,0,1,158.99,2026-06-08
16646,36,3028,1,0,1,116.26,2026-02-13
16647,22,3880,1,0,0,0.0,2024-10-02
16648,15,312,1,0,0,0.0,2026-04-03
16649,21,3065,1,0,0,0.0,2024-11-23
16650,40,1992,1,1,0,0.0,2024-10-20
16651,15,2906,1,1,1,193.03,2026-06-03
16652,4,3312,1,0,1,45.84,2026-01-07
16653,35,3798,1,1,0,0.0,2025-04-21
16654,24,1635,1,1,1,84.51,2025-09-25
16655,13,3388,1,0,1,235.39,2026-04-18
16656,7,3559,1,1,1,231.74,2024-11-17
16657,37,577,1,0,0,0.0,2024-12-14
16658,30,67,1,0,0,0.0,2025-06-05
16659,1,4321,1,0,1,14.41,2025-01-22
16660,14,3786,1,0,1,42.94,2025-08-27
16661,27,4597,1,0,0,0.0,2026-08-02
16662,38,544,1,0,0,0.0,2025-08-04
16663,31,2471,1,0,0,0.0,2024-12-07
16664,2,2058,1,0,0,0.0,2026-01-12
16665,35,2699,1,0,1,57.72,2024-12-31
16666,17,1982,1,1,1,68.51,2025-12-29
16667,34,2198,1,1,0,0.0,2024-10-15
16668,17,3552,1,0,0,0.0,2026-06-11
16669,22,522,1,0,1,202.4,2026-05-30
16670,37,4352,1,1,1,85.54,2025-09-07
16671,10,3499,1,0,0,0.0,2024-10-30
16672,40,3655,1,0,0,0.0,2024-08-08
16673,4,478,1,1,0,0.0,2024-10-26
16674,28,2023,1,0,0,0.0,2025-09-29
16675,24,2914,1,0,0,0.0,2026-02-14
16676,14,814,1,1,1,174.36,2024-11-23
16677,24,1269,1,0,0,0.0,2024-12-15
16678,40,241,1,1,0,0.0,2025-06-08
16679,20,1767,1,0,0,0.0,2025-04-13
16680,18,1200,1,0,0,0.0,2025-03-27
16681,16,295,1,1,0,0.0,2026-06-17
16682,8,4001,1,0,1,35.95,2025-12-26
16683,38,661,1,0,0,0.0,2026-05-09
16684,31,973,1,0,0,0.0,2025-05-10
16685,7,334,1,0,1,192.74,2025-12-07
16686,22,4872,1,1,1,137.22,2025-12-28
16687,20,4387,1,0,1,44.15,2026-07-20
16688,6,142,1,1,0,0.0,2025-10-07
16689,13,3183,1,1,1,108.81,2025-09-06
16690,34,356,1,1,0,0.0,2024-09-03
16691,5,3388,1,0,0,0.0,2025-12-11
16692,29,2755,1,1,0,0.0,2026-07-19
16693,22,2209,1,0,0,0.0,2025-02-12
16694,15,3020,1,1,1,210.82,2025-03-07
16695,29,2547,1,1,1,201.98,2025-10-26
16696,1,791,1,1,1,141.67,2026-07-12
16697,14,4408,1,0,1,92.87,2024-12-04
16698,10,2675,1,1,0,0.0,2025-08-08
16699,15,4305,1,1,1,181.41,2026-07-24
16700,11,603,1,1,0,0.0,2026-06-17
16701,26,15,1,1,1,13.93,2025-07-11
16702,8,197,1,1,0,0.0,2025-07-26
16703,1,3924,1,1,1,114.44,2025-08-23
16704,2,2090,1,0,1,180.74,2025-10-09
16705,32,4186,1,1,1,145.84,2025-05-18
16706,5,4011,1,1,1,20.31,2025-01-04
16707,1,4009,1,1,0,0.0,2025-10-03
16708,7,3775,1,0,0,0.0,2025-08-18
16709,13,3627,1,1,1,54.47,2026-07-27
16710,15,4316,1,0,0,0.0,2025-05-12
16711,26,2491,1,1,0,0.0,2025-08-17
16712,39,1877,1,1,0,0.0,2024-10-14
16713,36,4411,1,0,0,0.0,2024-11-01
16714,2,2256,1,1,0,0.0,2025-12-26
16715,4,2384,1,1,1,88.9,2025-06-07
16716,27,3975,1,0,1,138.85,2026-05-27
16717,27,1153,1,1,0,0.0,2025-10-28
16718,20,4886,1,1,0,0.0,2024-10-04
16719,23,1405,1,1,0,0.0,2024-11-13
16720,35,327,1,1,1,207.9,2025-04-23
16721,20,1848,1,1,1,171.52,2026-02-15
16722,14,1636,1,1,0,0.0,2026-02-01
16723,23,3332,1,1,0,0.0,2025-04-04
16724,34,4722,1,1,1,236.72,2026-02-13
16725,25,3042,1,1,1,141.71,2025-06-30
16726,6,1857,1,1,1,41.48,2025-02-05
16727,28,3641,1,1,1,91.44,2025-09-04
16728,7,1349,1,1,0,0.0,2026-06-30
16729,36,707,1,0,0,0.0,2024-12-31
16730,2,1137,1,0,1,40.91,2024-10-20
16731,2,1560,1,1,0,0.0,2024-08-24
16732,22,1271,1,0,0,0.0,2025-01-02
16733,27,1174,1,1,1,156.96,2025-04-18
16734,36,4710,1,0,1,84.63,2025-06-05
16735,4,3100,1,1,1,201.81,2024-08-10
16736,12,4,1,1,1,88.58,2025-09-20
16737,35,755,1,0,0,0.0,2024-10-11
16738,17,4315,1,1,0,0.0,2026-05-19
16739,9,4703,1,0,0,0.0,2026-04-19
16740,13,4008,1,1,0,0.0,2025-11-10
16741,27,4835,1,1,0,0.0,2024-11-18
16742,22,3079,1,1,0,0.0,2024-09-07
16743,30,4591,1,1,1,91.74,2026-04-08
16744,40,3043,1,0,1,82.93,2024-09-02
16745,33,3817,1,1,1,111.43,2025-02-04
16746,30,234,1,1,1,77.21,2025-03-11
16747,32,1494,1,0,0,0.0,2025-04-21
16748,1,1001,1,1,1,171.72,2025-12-26
16749,38,3971,1,0,1,26.79,2025-05-22
16750,19,3506,1,1,1,133.93,2026-04-24
16751,26,3843,1,1,1,73.55,2026-05-31
16752,10,3794,1,0,1,117.21,2024-10-17
16753,9,2522,1,1,1,108.51,2025-08-10
16754,1,142,1,0,0,0.0,2026-06-16
16755,9,4197,1,0,0,0.0,2025-10-27
16756,34,387,1,1,1,110.82,2025-05-17
16757,29,2861,1,1,1,125.83,2026-01-19
16758,31,2931,1,0,1,210.14,2024-08-22
16759,14,2039,1,0,0,0.0,2025-07-12
16760,28,3447,1,1,0,0.0,2026-05-13
16761,30,3455,1,0,0,0.0,2024-10-20
16762,12,2913,1,1,1,99.23,2025-02-15
16763,29,3088,1,1,0,0.0,2025-04-11
16764,23,26,1,0,1,139.59,2026-08-02
16765,30,1882,1,1,0,0.0,2025-12-26
16766,24,4374,1,1,0,0.0,2025-08-01
16767,3,221,1,0,1,230.93,2026-02-23
16768,36,4462,1,0,0,0.0,2025-04-28
16769,34,3777,1,0,0,0.0,2026-06-03
16770,25,3110,1,1,0,0.0,2025-05-07
16771,21,418,1,1,1,10.63,2026-05-06
16772,20,3774,1,1,1,193.84,2025-12-10
16773,26,3815,1,1,0,0.0,2026-03-14
16774,6,3003,1,1,0,0.0,2026-07-06
16775,9,4895,1,0,0,0.0,2025-02-13
16776,6,2901,1,1,0,0.0,2025-07-24
16777,36,4059,1,1,0,0.0,2024-12-20
16778,36,2272,1,1,1,15.93,2026-01-24
16779,32,873,1,1,0,0.0,2025-12-16
16780,15,3032,1,1,1,103.53,2025-01-13
16781,17,1752,1,1,1,42.9,2026-03-13
16782,17,4561,1,0,1,55.9,2025-05-05
16783,39,3517,1,1,0,0.0,2026-01-09
16784,23,1147,1,0,0,0.0,2025-02-22
16785,21,3144,1,1,1,181.19,2026-08-01
16786,7,3874,1,1,1,71.81,2026-07-10
16787,27,1002,1,1,0,0.0,2025-01-04
16788,12,3616,1,1,1,124.63,2025-04-30
16789,5,4675,1,0,0,0.0,2025-08-23
16790,21,2535,1,1,1,225.83,2025-03-14
16791,10,3776,1,1,1,109.51,2026-03-21
16792,33,3114,1,0,1,58.16,2025-12-27
16793,1,2763,1,1,1,44.51,2025-06-06
16794,1,1398,1,0,1,17.37,2026-01-03
16795,29,1481,1,1,0,0.0,2025-10-24
16796,40,2171,1,0,1,65.7,2026-02-17
16797,8,4861,1,1,0,0.0,2025-02-22
16798,34,1806,1,0,1,17.71,2024-08-31
16799,11,673,1,0,0,0.0,2026-06-28
16800,29,2175,1,1,0,0.0,2025-06-11
16801,22,553,1,0,1,187.4,2024-12-28
16802,34,2694,1,0,1,60.27,2025-11-25
16803,37,1956,1,1,1,217.57,2024-11-07
16804,14,376,1,0,0,0.0,2025-04-15
16805,15,1017,1,1,0,0.0,2026-07-10
16806,34,2455,1,0,0,0.0,2024-10-06
16807,14,4011,1,1,0,0.0,2026-07-02
16808,37,1262,1,0,1,105.49,2025-07-21
16809,29,3812,1,0,0,0.0,2026-01-17
16810,7,3631,1,0,0,0.0,2024-12-11
16811,28,3849,1,1,0,0.0,2026-01-04
16812,3,2802,1,1,0,0.0,2026-03-30
16813,30,1327,1,1,0,0.0,2025-09-23
16814,7,2794,1,0,0,0.0,2025-05-31
16815,39,3447,1,0,1,14.36,2025-06-26
16816,37,1978,1,0,1,61.46,2024-12-08
16817,2,966,1,1,1,113.1,2025-05-25
16818,4,4357,1,0,0,0.0,2024-10-07
16819,22,2506,1,1,0,0.0,2025-11-09
16820,31,3305,1,0,0,0.0,2024-08-09
16821,4,4367,1,1,1,193.84,2024-09-18
16822,33,103,1,0,0,0.0,2025-05-28
16823,22,28,1,0,1,192.02,2025-05-04
16824,16,3011,1,0,0,0.0,2026-03-30
16825,26,814,1,0,0,0.0,2025-03-02
16826,11,3690,1,0,0,0.0,2025-05-13
16827,40,2395,1,0,1,12.52,2025-03-01
16828,2,3327,1,0,0,0.0,2026-01-23
16829,2,4136,1,0,0,0.0,2026-05-28
16830,5,382,1,1,0,0.0,2024-08-26
16831,31,1977,1,1,1,101.85,2025-11-30
16832,36,2753,1,0,0,0.0,2025-08-17
16833,27,3910,1,1,1,48.55,2026-06-06
16834,33,3222,1,0,0,0.0,2026-02-01
16835,32,1431,1,1,0,0.0,2025-06-23
16836,27,2699,1,1,0,0.0,2025-05-22
16837,5,4837,1,1,1,24.26,2025-05-02
16838,13,1571,1,1,0,0.0,2025-04-03
16839,18,909,1,0,0,0.0,2025-09-19
16840,31,3537,1,1,1,24.86,2026-04-17
16841,26,97,1,0,0,0.0,2026-02-25
16842,15,2159,1,0,1,27.34,2025-09-27
16843,13,2154,1,1,0,0.0,2024-11-18
16844,11,2485,1,0,0,0.0,2025-08-29
16845,13,4707,1,0,1,228.33,2025-02-28
16846,9,3465,1,0,1,213.26,2026-04-30
16847,26,925,1,0,0,0.0,2024-12-04
16848,29,2370,1,0,0,0.0,2025-10-19
16849,21,4884,1,1,1,50.27,2026-06-19
16850,27,4425,1,1,0,0.0,2026-02-14
16851,30,3139,1,0,0,0.0,2026-07-11
16852,37,4929,1,0,0,0.0,2026-04-03
16853,27,457,1,1,1,112.52,2026-02-03
16854,1,1090,1,0,0,0.0,2025-05-22
16855,38,1076,1,1,1,149.93,2025-07-14
16856,29,1588,1,0,0,0.0,2025-04-27
16857,23,4983,1,1,0,0.0,2024-11-09
16858,1,2841,1,0,1,26.49,2024-10-03
16859,17,1235,1,0,0,0.0,2024-11-30
16860,35,813,1,1,0,0.0,2026-04-20
16861,24,567,1,0,1,71.49,2024-12-04
16862,7,2032,1,1,0,0.0,2026-01-28
16863,40,2348,1,1,0,0.0,2025-02-03
16864,39,3186,1,1,1,119.95,2025-03-29
16865,24,1727,1,1,1,48.91,2025-10-26
16866,29,4546,1,1,1,91.35,2026-02-18
16867,3,1374,1,0,1,174.11,2024-10-09
16868,30,461,1,0,1,76.64,2025-03-19
16869,12,390,1,1,0,0.0,2024-12-28
16870,27,909,1,0,0,0.0,2026-01-07
16871,27,2673,1,0,0,0.0,2024-09-21
16872,6,4633,1,1,0,0.0,2025-06-02
16873,9,4029,1,1,1,31.1,2024-09-17
16874,24,1074,1,0,1,222.93,2025-12-09
16875,8,3189,1,0,1,51.36,2026-03-03
16876,24,1974,1,0,1,166.29,2025-09-18
16877,36,2039,1,0,0,0.0,2025-04-03
16878,19,2715,1,1,0,0.0,2025-02-23
16879,1,4016,1,1,1,85.73,2025-02-04
16880,1,4766,1,1,0,0.0,2025-02-25
16881,31,3790,1,1,1,144.28,2025-03-22
16882,24,1418,1,0,0,0.0,2025-02-15
16883,31,2886,1,0,0,0.0,2024-12-30
16884,3,2105,1,0,0,0.0,2026-07-21
16885,11,4805,1,1,1,106.05,2024-10-03
16886,25,1434,1,1,0,0.0,2025-09-17
16887,30,3074,1,1,0,0.0,2025-06-13
16888,24,4447,1,0,0,0.0,2026-06-02
16889,39,4902,1,1,1,166.46,2024-10-08
16890,18,1475,1,0,0,0.0,2025-04-12
16891,2,4167,1,0,0,0.0,2024-11-17
16892,13,3787,1,0,0,0.0,2025-08-22
16893,9,3445,1,1,1,245.16,2026-07-27
16894,15,483,1,1,1,246.99,2025-06-26
16895,19,1735,1,1,0,0.0,2025-11-15
16896,9,4523,1,1,0,0.0,2026-07-18
16897,33,2008,1,0,1,204.47,2024-11-12
16898,8,980,1,0,0,0.0,2025-05-18
16899,35,2037,1,0,1,44.16,2025-03-11
16900,15,3576,1,0,0,0.0,2026-04-12
16901,5,4861,1,0,0,0.0,2026-01-22
16902,8,1490,1,0,1,55.77,2026-05-05
16903,33,3657,1,0,1,91.82,2024-08-08
16904,1,754,1,0,1,210.68,2025-12-24
16905,13,1827,1,0,0,0.0,2026-03-04
16906,35,251,1,0,0,0.0,2024-11-13
16907,13,4676,1,0,1,243.56,2026-02-16
16908,10,2850,1,1,0,0.0,2025-01-29
16909,15,4999,1,1,0,0.0,2025-09-05
16910,17,3970,1,0,0,0.0,2025-06-01
16911,27,4572,1,0,1,58.0,2025-07-06
16912,29,4029,1,0,0,0.0,2025-01-19
16913,35,3939,1,0,1,224.85,2025-10-09
16914,39,4671,1,0,0,0.0,2026-05-01
16915,39,2540,1,0,1,175.09,2026-04-13
16916,32,2915,1,1,1,11.07,2026-06-07
16917,3,4197,1,0,0,0.0,2026-01-28
16918,32,2292,1,1,0,0.0,2025-10-19
16919,6,942,1,0,1,36.85,2024-11-26
16920,1,2149,1,1,0,0.0,2025-04-13
16921,1,2424,1,1,1,210.41,2026-05-28
16922,12,2737,1,0,1,34.79,2025-09-29
16923,40,3865,1,1,1,226.08,2026-05-23
16924,33,3335,1,1,0,0.0,2025-07-08
16925,14,204,1,0,0,0.0,2025-05-19
16926,3,2855,1,0,0,0.0,2024-10-24
16927,11,3586,1,1,0,0.0,2025-09-27
16928,8,1541,1,1,0,0.0,2025-02-15
16929,30,223,1,0,1,42.33,2025-11-02
16930,9,1023,1,1,0,0.0,2026-06-29
16931,33,3231,1,1,0,0.0,2026-01-10
16932,21,527,1,1,1,154.69,2025-08-24
16933,15,146,1,1,1,227.12,2024-08-24
16934,6,2170,1,0,1,55.3,2026-04-21
16935,23,3721,1,0,1,124.12,2026-02-22
16936,20,640,1,0,1,249.65,2024-09-19
16937,16,82,1,1,0,0.0,2025-11-08
16938,40,3253,1,1,1,242.89,2026-06-01
16939,16,4190,1,0,1,219.67,2024-12-08
16940,3,2557,1,0,0,0.0,2025-04-05
16941,28,3836,1,0,1,138.35,2026-06-15
16942,6,1876,1,1,1,69.94,2025-11-01
16943,26,49,1,0,1,164.5,2025-09-19
16944,26,580,1,0,0,0.0,2024-09-13
16945,2,2852,1,0,0,0.0,2024-11-15
16946,22,1870,1,1,1,209.85,2025-09-13
16947,27,2202,1,0,1,123.05,2025-08-04
16948,15,1017,1,0,0,0.0,2025-06-19
16949,12,1142,1,1,1,38.0,2025-11-28
16950,14,3684,1,1,1,116.99,2024-08-04
16951,28,3418,1,0,0,0.0,2025-07-14
16952,29,1742,1,1,0,0.0,2025-03-04
16953,21,1089,1,1,1,129.94,2026-06-18
16954,14,4355,1,1,1,90.0,2025-03-04
16955,36,2359,1,1,0,0.0,2026-02-05
16956,17,115,1,0,0,0.0,2025-11-11
16957,11,240,1,1,1,198.17,2024-11-15
16958,32,2347,1,0,0,0.0,2025-01-31
16959,5,4193,1,0,0,0.0,2024-10-23
16960,40,3658,1,0,0,0.0,2025-08-09
16961,30,2408,1,1,0,0.0,2024-08-29
16962,37,210,1,0,1,138.21,2024-11-02
16963,9,3387,1,1,0,0.0,2024-08-19
16964,27,2531,1,1,0,0.0,2025-10-05
16965,32,2039,1,1,1,84.42,2025-03-13
16966,36,3780,1,1,0,0.0,2025-07-16
16967,8,2562,1,1,0,0.0,2024-08-26
16968,32,387,1,0,0,0.0,2026-05-22
16969,7,4713,1,1,0,0.0,2025-08-20
16970,11,1955,1,0,0,0.0,2025-10-01
16971,1,325,1,0,1,121.51,2025-06-22
16972,28,4805,1,0,1,147.62,2025-06-28
16973,3,107,1,0,0,0.0,2025-02-04
16974,13,3475,1,1,0,0.0,2025-10-10
16975,19,793,1,1,1,37.45,2026-01-21
16976,19,2654,1,0,0,0.0,2025-06-03
16977,40,1512,1,1,0,0.0,2025-05-30
16978,15,2636,1,1,1,146.81,2024-10-17
16979,5,4008,1,1,0,0.0,2024-11-02
16980,12,1741,1,0,0,0.0,2025-07-28
16981,34,541,1,0,1,126.01,2025-09-20
16982,38,3319,1,1,1,137.35,2025-05-03
16983,16,3973,1,0,0,0.0,2024-09-30
16984,8,1693,1,1,0,0.0,2025-05-08
16985,27,4920,1,1,0,0.0,2025-05-16
16986,33,2286,1,1,1,50.67,2025-05-31
16987,37,2558,1,0,0,0.0,2025-10-24
16988,11,3035,1,0,1,80.97,2025-12-01
16989,25,1252,1,1,0,0.0,2025-03-27
16990,10,1763,1,0,1,120.53,2024-12-08
16991,19,4061,1,1,0,0.0,2026-01-09
16992,4,49,1,0,0,0.0,2025-12-16
16993,30,1251,1,1,1,68.88,2025-01-08
16994,5,3770,1,1,0,0.0,2024-10-28
16995,33,1059,1,0,0,0.0,2025-02-28
16996,18,2676,1,1,1,123.75,2024-09-02
16997,34,3526,1,0,0,0.0,2026-05-14
16998,9,4458,1,0,0,0.0,2025-09-27
16999,33,4566,1,0,0,0.0,2025-12-07
17000,23,1301,1,1,0,0.0,2026-02-04
17001,39,1241,1,0,1,136.9,2024-09-19
17002,22,3367,1,1,0,0.0,2025-09-06
17003,3,504,1,0,0,0.0,2026-02-05
17004,36,4979,1,1,1,150.03,2026-03-23
17005,22,499,1,0,0,0.0,2026-07-17
17006,25,1911,1,0,0,0.0,2025-09-14
17007,9,3491,1,1,0,0.0,2025-04-06
17008,34,2060,1,1,0,0.0,2025-11-05
17009,36,4462,1,0,1,28.1,2025-10-11
17010,37,4283,1,1,1,62.17,2025-03-04
17011,18,1252,1,1,0,0.0,2026-03-28
17012,30,3272,1,1,1,152.67,2025-11-05
17013,31,1704,1,0,1,186.81,2024-11-11
17014,26,3575,1,0,0,0.0,2026-04-22
17015,32,4308,1,1,0,0.0,2025-08-12
17016,34,4667,1,1,0,0.0,2025-10-18
17017,2,2806,1,1,0,0.0,2026-01-10
17018,1,4667,1,1,0,0.0,2026-01-21
17019,12,2408,1,0,1,55.12,2026-06-25
17020,31,2166,1,1,0,0.0,2025-07-18
17021,27,227,1,1,1,47.53,2025-12-13
17022,28,2269,1,1,1,114.85,2025-10-27
17023,20,1639,1,0,0,0.0,2025-08-25
17024,1,2472,1,0,1,135.45,2025-04-30
17025,22,2886,1,0,1,154.11,2025-08-04
17026,17,1301,1,0,0,0.0,2025-09-18
17027,2,3481,1,0,1,24.17,2025-03-03
17028,36,3015,1,0,0,0.0,2024-12-19
17029,12,2086,1,0,1,117.68,2024-08-21
17030,13,1448,1,0,0,0.0,2025-01-31
17031,30,2371,1,0,0,0.0,2026-07-20
17032,5,3245,1,1,1,237.28,2026-05-03
17033,4,1684,1,0,0,0.0,2024-12-30
17034,36,4797,1,1,1,22.78,2026-02-15
17035,13,2217,1,1,0,0.0,2025-03-05
17036,21,3824,1,1,0,0.0,2026-05-11
17037,26,1616,1,0,0,0.0,2025-03-28
17038,20,3356,1,1,0,0.0,2025-09-15
17039,39,217,1,0,0,0.0,2024-10-14
17040,26,2821,1,0,1,95.46,2026-03-11
17041,3,16,1,0,1,229.34,2024-09-25
17042,5,4646,1,0,0,0.0,2025-04-02
17043,9,1497,1,1,0,0.0,2024-10-20
17044,6,1908,1,1,0,0.0,2026-06-02
17045,29,2389,1,0,1,93.75,2026-03-08
17046,21,4115,1,1,0,0.0,2025-06-09
17047,30,4567,1,0,1,12.58,2026-02-08
17048,20,3619,1,0,1,198.05,2025-04-03
17049,12,4433,1,1,0,0.0,2026-03-18
17050,12,4942,1,1,0,0.0,2026-07-22
17051,25,1686,1,1,0,0.0,2026-05-30
17052,28,4758,1,0,0,0.0,2025-05-27
17053,17,1373,1,0,0,0.0,2026-06-13
17054,37,4296,1,0,1,12.97,2026-01-25
17055,13,339,1,0,1,191.84,2024-12-21
17056,19,312,1,1,0,0.0,2025-08-30
17057,7,101,1,1,0,0.0,2024-11-20
17058,6,3787,1,1,0,0.0,2026-07-18
17059,10,10,1,1,1,210.85,2025-09-14
17060,15,1582,1,0,0,0.0,2025-05-30
17061,25,4743,1,0,0,0.0,2025-01-11
17062,33,4221,1,1,1,69.39,2026-05-19
17063,12,1213,1,0,1,84.08,2026-01-05
17064,4,1703,1,0,0,0.0,2025-09-30
17065,16,2652,1,1,1,10.43,2025-09-13
17066,5,3672,1,0,1,166.31,2025-10-05
17067,5,4827,1,0,1,42.54,2024-10-31
17068,2,2461,1,1,0,0.0,2025-12-20
17069,9,4310,1,0,1,178.07,2025-07-03
17070,34,3218,1,0,0,0.0,2026-06-10
17071,12,1304,1,1,0,0.0,2025-10-29
17072,38,4698,1,1,0,0.0,2026-04-11
17073,31,3123,1,1,1,127.22,2025-07-23
17074,27,4811,1,1,0,0.0,2024-11-19
17075,9,748,1,0,0,0.0,2024-09-02
17076,28,2250,1,0,1,125.18,2025-06-14
17077,34,2169,1,1,1,121.76,2025-03-08
17078,23,4383,1,0,1,89.83,2024-12-07
17079,9,1111,1,1,0,0.0,2024-08-20
17080,24,2751,1,1,1,166.55,2025-06-30
17081,36,3926,1,1,0,0.0,2025-03-17
17082,31,1042,1,1,0,0.0,2025-10-10
17083,18,86,1,0,0,0.0,2025-11-21
17084,9,455,1,0,0,0.0,2025-05-08
17085,7,3967,1,0,0,0.0,2024-09-22
17086,11,399,1,0,1,82.51,2025-05-09
17087,9,1039,1,0,1,86.92,2025-06-21
17088,1,467,1,1,0,0.0,2025-10-14
17089,28,4919,1,1,1,180.67,2024-10-11
17090,22,3135,1,1,0,0.0,2025-09-02
17091,5,3390,1,0,0,0.0,2026-06-15
17092,40,3540,1,1,0,0.0,2025-05-03
17093,30,1810,1,1,0,0.0,2026-04-17
17094,18,2892,1,1,0,0.0,2026-04-07
17095,21,4505,1,1,0,0.0,2025-12-31
17096,18,4267,1,1,0,0.0,2025-03-11
17097,39,1533,1,0,0,0.0,2025-09-05
17098,25,817,1,1,1,232.65,2024-10-15
17099,27,1334,1,0,1,54.2,2026-03-05
17100,37,4935,1,0,1,224.67,2025-01-01
17101,29,4540,1,0,0,0.0,2024-12-25
17102,33,3237,1,0,1,111.44,2025-06-01
17103,28,2658,1,0,0,0.0,2026-08-02
17104,22,4292,1,1,0,0.0,2026-07-09
17105,17,2186,1,1,1,221.22,2025-10-20
17106,26,4161,1,1,1,170.96,2026-01-06
17107,24,4241,1,0,1,221.1,2025-05-23
17108,17,3694,1,1,1,188.25,2025-02-14
17109,13,967,1,0,1,125.57,2025-06-28
17110,31,699,1,0,0,0.0,2026-03-09
17111,1,639,1,0,0,0.0,2026-05-30
17112,31,3860,1,1,1,57.83,2025-11-03
17113,12,803,1,1,0,0.0,2024-08-30
17114,17,2604,1,1,1,71.1,2026-02-20
17115,35,3207,1,0,1,117.63,2025-10-27
17116,2,3140,1,1,1,230.62,2025-12-10
17117,32,2652,1,1,1,215.19,2024-10-03
17118,15,2819,1,0,0,0.0,2026-02-12
17119,35,819,1,0,0,0.0,2024-08-09
17120,36,3033,1,1,1,113.72,2025-02-28
17121,39,1358,1,1,0,0.0,2025-05-04
17122,30,1491,1,0,0,0.0,2026-03-31
17123,8,2265,1,1,0,0.0,2025-02-26
17124,23,75,1,1,0,0.0,2024-12-03
17125,6,1596,1,0,1,244.1,2025-09-12
17126,8,862,1,0,0,0.0,2026-03-03
17127,19,2213,1,0,1,232.33,2024-10-20
17128,22,3117,1,0,1,54.32,2024-11-03
17129,24,273,1,0,1,94.69,2024-11-08
17130,6,4327,1,1,1,156.43,2026-04-06
17131,10,865,1,0,1,204.29,2026-01-27
17132,20,992,1,1,0,0.0,2026-02-04
17133,10,1738,1,1,0,0.0,2025-04-23
17134,5,2941,1,0,1,195.91,2025-05-20
17135,32,4186,1,1,1,210.21,2024-09-22
17136,36,131,1,1,0,0.0,2025-08-28
17137,8,4838,1,0,1,154.73,2026-03-27
17138,4,1545,1,1,0,0.0,2024-11-28
17139,10,1062,1,1,0,0.0,2026-01-11
17140,39,3838,1,1,1,241.76,2026-02-16
17141,36,130,1,1,0,0.0,2024-12-04
17142,13,2009,1,0,1,25.91,2025-09-24
17143,25,4002,1,1,0,0.0,2024-12-23
17144,6,2070,1,0,0,0.0,2025-01-27
17145,1,4022,1,0,0,0.0,2024-09-13
17146,10,528,1,1,1,158.16,2025-07-03
17147,38,4539,1,1,0,0.0,2025-11-15
17148,32,573,1,1,0,0.0,2025-06-28
17149,21,2879,1,0,1,200.94,2025-09-10
17150,22,1646,1,0,0,0.0,2026-03-06
17151,35,2019,1,0,0,0.0,2024-10-30
17152,18,2775,1,1,1,39.7,2026-01-19
17153,19,1294,1,1,0,0.0,2025-04-25
17154,23,4259,1,0,0,0.0,2026-03-13
17155,34,3911,1,0,0,0.0,2025-08-05
17156,6,2868,1,1,0,0.0,2025-03-05
17157,10,3228,1,1,0,0.0,2026-04-17
17158,38,2279,1,1,1,163.47,2025-09-21
17159,15,914,1,1,0,0.0,2026-07-15
17160,11,1817,1,1,0,0.0,2025-04-27
17161,29,4659,1,0,0,0.0,2025-11-05
17162,32,2502,1,1,0,0.0,2025-02-14
17163,28,2987,1,0,1,245.66,2025-10-16
17164,39,2691,1,0,0,0.0,2025-08-20
17165,35,3339,1,1,1,44.7,2025-09-13
17166,6,2855,1,1,0,0.0,2024-08-05
17167,26,908,1,0,1,161.96,2024-11-27
17168,9,4111,1,1,0,0.0,2026-05-26
17169,18,3347,1,1,0,0.0,2025-04-09
17170,22,405,1,0,0,0.0,2026-06-05
17171,27,1336,1,0,1,36.63,2025-12-05
17172,10,1451,1,0,0,0.0,2025-10-05
17173,32,70,1,0,1,210.75,2025-08-05
17174,35,2986,1,1,1,139.08,2026-01-28
17175,5,1496,1,0,0,0.0,2025-09-07
17176,38,1123,1,0,0,0.0,2025-06-20
17177,21,701,1,0,0,0.0,2024-08-10
17178,35,1263,1,0,0,0.0,2025-06-04
17179,10,3870,1,1,0,0.0,2025-03-08
17180,33,4216,1,1,0,0.0,2024-12-06
17181,26,2502,1,0,0,0.0,2025-03-16
17182,19,1147,1,0,0,0.0,2024-12-30
17183,26,1764,1,1,1,24.49,2025-03-11
17184,13,3810,1,1,0,0.0,2025-01-02
17185,7,4458,1,1,1,69.56,2025-08-18
17186,6,4090,1,1,0,0.0,2025-03-05
17187,22,2355,1,1,0,0.0,2024-08-04
17188,8,1767,1,1,1,32.72,2024-12-19
17189,39,4221,1,0,0,0.0,2026-08-04
17190,31,171,1,1,0,0.0,2026-02-09
17191,22,242,1,0,0,0.0,2026-04-04
17192,35,724,1,0,0,0.0,2025-07-04
17193,28,1755,1,0,1,15.59,2025-05-27
17194,36,1999,1,0,0,0.0,2025-03-19
17195,8,1539,1,0,1,51.12,2026-06-05
17196,24,4125,1,0,0,0.0,2026-03-27
17197,25,1887,1,0,0,0.0,2026-01-05
17198,33,755,1,0,0,0.0,2025-05-14
17199,27,4323,1,0,0,0.0,2026-03-03
17200,23,4868,1,1,1,74.88,2024-11-24
17201,10,402,1,0,1,192.26,2025-12-03
17202,7,4612,1,0,1,79.05,2026-06-30
17203,9,818,1,1,0,0.0,2025-05-06
17204,13,3307,1,1,0,0.0,2026-04-24
17205,17,4620,1,1,0,0.0,2026-06-13
17206,11,4497,1,1,0,0.0,2025-12-10
17207,39,275,1,0,1,49.68,2026-04-20
17208,7,156,1,1,0,0.0,2026-03-30
17209,28,1739,1,1,1,12.5,2026-02-28
17210,32,3142,1,0,1,197.48,2025-02-04
17211,40,4059,1,1,1,118.43,2025-12-26
17212,18,484,1,0,1,106.05,2026-08-04
17213,39,388,1,0,0,0.0,2025-08-02
17214,9,4626,1,1,0,0.0,2024-09-25
17215,39,2499,1,0,0,0.0,2026-03-04
17216,34,2119,1,0,0,0.0,2025-04-15
17217,28,1088,1,1,0,0.0,2026-01-18
17218,31,4517,1,1,1,156.79,2025-10-11
17219,6,2983,1,1,1,116.54,2025-12-12
17220,3,3618,1,0,1,57.73,2025-08-25
17221,17,4448,1,0,0,0.0,2024-09-17
17222,11,1883,1,0,1,106.91,2026-03-04
17223,15,294,1,1,1,104.92,2024-12-30
17224,1,2690,1,1,0,0.0,2025-09-13
17225,28,2022,1,1,0,0.0,2025-09-08
17226,26,3601,1,1,0,0.0,2025-11-14
17227,25,68,1,0,1,161.33,2026-04-28
17228,32,3099,1,1,0,0.0,2024-10-27
17229,4,4883,1,0,0,0.0,2026-04-28
17230,1,444,1,1,0,0.0,2025-05-02
17231,37,67,1,0,0,0.0,2025-04-15
17232,37,2504,1,1,1,191.81,2025-01-02
17233,28,2369,1,1,1,242.39,2025-02-26
17234,35,3010,1,0,0,0.0,2025-07-08
17235,16,2199,1,0,0,0.0,2024-09-15
17236,8,3067,1,1,1,67.03,2026-06-22
17237,15,4699,1,1,0,0.0,2025-09-14
17238,26,1721,1,0,0,0.0,2024-10-21
17239,1,3835,1,0,0,0.0,2025-04-19
17240,4,631,1,0,0,0.0,2025-02-25
17241,21,4088,1,1,1,229.71,2025-11-30
17242,19,3543,1,0,1,129.02,2025-02-13
17243,24,1797,1,0,0,0.0,2025-03-06
17244,21,3323,1,0,0,0.0,2026-05-16
17245,31,1465,1,0,0,0.0,2025-12-28
17246,37,4742,1,0,0,0.0,2025-06-21
17247,28,2892,1,1,1,106.67,2025-01-23
17248,33,378,1,0,0,0.0,2024-12-12
17249,7,3416,1,1,0,0.0,2025-03-30
17250,35,609,1,0,0,0.0,2024-12-08
17251,37,2038,1,0,0,0.0,2025-03-30
17252,18,4381,1,1,1,205.2,2026-07-01
17253,31,3080,1,0,1,128.11,2024-12-28
17254,11,4283,1,0,0,0.0,2025-01-01
17255,27,1072,1,0,0,0.0,2025-04-23
17256,36,4970,1,1,1,142.54,2025-03-14
17257,35,3681,1,0,1,102.88,2026-02-06
17258,2,1350,1,0,0,0.0,2024-08-23
17259,16,4740,1,0,1,134.92,2024-12-18
17260,1,1079,1,1,0,0.0,2024-11-13
17261,1,728,1,1,0,0.0,2026-04-16
17262,23,1183,1,1,1,149.34,2025-03-21
17263,24,3625,1,0,1,35.27,2025-10-17
17264,33,907,1,0,1,119.95,2025-12-02
17265,11,3686,1,1,0,0.0,2024-10-27
17266,29,1550,1,1,0,0.0,2025-04-07
17267,40,1622,1,0,0,0.0,2024-09-20
17268,29,3280,1,0,0,0.0,2025-01-08
17269,35,3678,1,1,1,106.86,2025-07-01
17270,17,4426,1,1,1,95.3,2025-04-13
17271,3,4442,1,1,1,189.95,2024-11-04
17272,16,2372,1,1,1,41.62,2026-06-23
17273,15,4291,1,0,1,167.73,2025-11-06
17274,14,1785,1,0,0,0.0,2026-02-11
17275,2,1303,1,0,1,127.71,2025-10-25
17276,7,1025,1,0,0,0.0,2025-05-10
17277,34,3853,1,1,1,236.89,2025-01-17
17278,35,4590,1,1,0,0.0,2025-08-12
17279,36,281,1,1,0,0.0,2025-07-05
17280,21,805,1,0,1,163.56,2025-12-17
17281,3,2729,1,0,0,0.0,2026-05-31
17282,19,2885,1,1,0,0.0,2026-05-10
17283,35,4327,1,1,1,37.69,2024-08-26
17284,37,436,1,0,0,0.0,2024-12-09
17285,21,4511,1,0,0,0.0,2024-08-26
17286,25,1341,1,0,0,0.0,2024-10-15
17287,13,2012,1,0,1,80.91,2025-02-05
17288,31,3798,1,1,1,108.6,2026-07-30
17289,27,167,1,0,1,61.9,2025-03-05
17290,12,4717,1,0,0,0.0,2025-10-08
17291,13,760,1,0,1,45.03,2025-02-21
17292,35,1580,1,0,1,199.9,2026-03-18
17293,16,2166,1,0,1,52.47,2024-10-24
17294,18,2589,1,1,0,0.0,2025-10-21
17295,4,3451,1,1,1,42.18,2026-06-30
17296,32,1227,1,1,0,0.0,2025-02-11
17297,20,2491,1,1,1,233.26,2024-10-21
17298,17,4238,1,0,0,0.0,2025-05-26
17299,25,3147,1,1,1,155.57,2025-01-01
17300,5,1021,1,0,0,0.0,2025-09-05
17301,24,3311,1,1,1,58.23,2025-04-03
17302,2,1754,1,1,0,0.0,2026-02-13
17303,29,4066,1,1,1,32.12,2025-08-23
17304,35,689,1,0,0,0.0,2025-12-06
17305,3,1892,1,0,1,165.83,2026-06-20
17306,6,2722,1,0,1,35.12,2026-02-09
17307,37,1495,1,0,0,0.0,2024-09-25
17308,37,2641,1,1,1,171.22,2025-08-25
17309,18,912,1,0,0,0.0,2025-06-29
17310,24,393,1,0,0,0.0,2024-09-30
17311,37,4624,1,0,1,244.42,2026-02-09
17312,33,4541,1,1,0,0.0,2025-10-20
17313,2,2228,1,1,0,0.0,2026-04-19
17314,18,2683,1,1,0,0.0,2025-06-22
17315,4,1635,1,1,0,0.0,2026-02-24
17316,40,2409,1,1,0,0.0,2025-04-25
17317,24,3279,1,1,1,89.21,2026-03-27
17318,25,3359,1,1,1,191.56,2025-09-11
17319,16,2123,1,0,0,0.0,2024-10-11
17320,20,3521,1,1,0,0.0,2026-01-13
17321,3,4714,1,1,1,125.47,2026-05-15
17322,3,4014,1,0,0,0.0,2025-04-16
17323,37,2503,1,0,1,161.73,2025-09-22
17324,26,3453,1,1,0,0.0,2024-12-22
17325,2,4929,1,1,0,0.0,2026-02-14
17326,35,1550,1,1,0,0.0,2024-12-09
17327,29,4961,1,0,1,202.82,2024-10-21
17328,40,4228,1,1,1,174.81,2025-12-29
17329,39,390,1,0,0,0.0,2026-04-20
17330,20,393,1,0,0,0.0,2026-07-02
17331,7,140,1,1,0,0.0,2026-05-16
17332,35,2714,1,1,0,0.0,2025-06-27
17333,32,3600,1,1,1,12.03,2024-12-28
17334,38,3465,1,0,0,0.0,2025-01-21
17335,33,377,1,0,0,0.0,2026-05-19
17336,34,3511,1,1,0,0.0,2025-12-05
17337,15,2278,1,1,0,0.0,2026-02-04
17338,38,3534,1,1,0,0.0,2025-04-30
17339,11,4683,1,1,0,0.0,2024-10-19
17340,15,1202,1,0,0,0.0,2025-01-10
17341,3,3735,1,1,0,0.0,2026-03-04
17342,24,1277,1,0,1,42.05,2024-11-21
17343,10,3821,1,1,0,0.0,2024-11-08
17344,1,2173,1,0,1,67.26,2025-06-28
17345,33,3429,1,0,0,0.0,2024-12-20
17346,9,3284,1,0,0,0.0,2025-04-08
17347,33,3137,1,1,1,124.12,2024-09-14
17348,29,3336,1,1,0,0.0,2026-01-06
17349,14,1679,1,0,0,0.0,2025-12-05
17350,29,4391,1,1,0,0.0,2025-05-24
17351,37,4571,1,1,0,0.0,2025-10-13
17352,5,2135,1,1,1,50.07,2026-02-25
17353,17,2276,1,1,1,156.97,2025-10-11
17354,15,4795,1,0,1,167.91,2026-01-15
17355,34,3086,1,0,0,0.0,2025-07-07
17356,15,3001,1,0,0,0.0,2026-03-08
17357,2,1115,1,1,0,0.0,2025-04-24
17358,16,3314,1,1,1,51.27,2025-08-24
17359,30,1999,1,0,0,0.0,2025-12-05
17360,37,4503,1,1,1,96.59,2024-11-13
17361,20,2678,1,1,1,77.05,2025-01-22
17362,24,1437,1,1,0,0.0,2026-03-08
17363,19,2481,1,1,0,0.0,2026-06-01
17364,2,4059,1,0,1,175.22,2024-12-28
17365,21,1055,1,1,1,178.94,2025-06-04
17366,10,1951,1,1,1,90.39,2025-11-27
17367,35,1289,1,1,1,16.01,2026-07-15
17368,33,1314,1,0,0,0.0,2025-05-10
17369,7,2182,1,0,0,0.0,2025-11-27
17370,37,2836,1,0,0,0.0,2025-05-15
17371,1,1311,1,0,1,83.68,2024-08-11
17372,26,642,1,0,0,0.0,2025-09-24
17373,40,4395,1,0,0,0.0,2025-05-10
17374,36,2984,1,1,0,0.0,2025-11-27
17375,11,4073,1,0,1,117.82,2024-11-15
17376,25,349,1,1,0,0.0,2025-02-05
17377,40,1470,1,0,1,143.6,2025-08-09
17378,14,2236,1,0,1,121.14,2024-11-16
17379,6,4373,1,0,1,165.76,2025-05-11
17380,13,3191,1,1,0,0.0,2025-05-04
17381,11,1883,1,1,0,0.0,2024-09-20
17382,2,3588,1,1,1,17.41,2025-03-28
17383,37,2686,1,1,0,0.0,2026-05-10
17384,20,252,1,1,0,0.0,2025-01-30
17385,36,1686,1,1,0,0.0,2025-11-17
17386,7,2408,1,1,0,0.0,2025-05-08
17387,7,4856,1,1,1,44.04,2025-09-01
17388,27,3112,1,1,0,0.0,2026-04-20
17389,25,4807,1,1,1,136.94,2024-10-25
17390,39,4879,1,1,1,138.94,2026-05-21
17391,5,2435,1,1,0,0.0,2025-01-14
17392,1,790,1,0,0,0.0,2025-09-18
17393,38,2321,1,0,1,124.25,2026-07-17
17394,17,1528,1,0,1,104.04,2026-03-07
17395,19,4198,1,1,1,141.55,2024-10-14
17396,22,692,1,0,1,106.44,2025-08-09
17397,33,285,1,1,1,218.16,2026-01-08
17398,6,936,1,1,0,0.0,2026-01-21
17399,21,3201,1,0,0,0.0,2024-09-29
17400,21,3285,1,0,0,0.0,2025-12-16
17401,30,2482,1,0,0,0.0,2024-11-02
17402,3,2756,1,1,0,0.0,2026-06-16
17403,10,2199,1,1,0,0.0,2025-09-23
17404,29,2413,1,1,0,0.0,2026-03-19
17405,8,50,1,0,0,0.0,2024-12-07
17406,19,4704,1,1,1,165.94,2024-08-15
17407,29,4324,1,1,0,0.0,2026-01-22
17408,36,3439,1,0,0,0.0,2026-03-16
17409,7,757,1,1,1,235.2,2025-08-18
17410,8,1109,1,1,0,0.0,2024-12-22
17411,40,848,1,0,0,0.0,2024-11-18
17412,11,2418,1,1,1,188.84,2024-08-07
17413,30,325,1,1,1,63.13,2025-04-17
17414,36,40,1,0,1,76.94,2025-06-30
17415,1,64,1,0,0,0.0,2025-04-03
17416,27,2962,1,0,0,0.0,2026-02-18
17417,12,1269,1,0,0,0.0,2024-09-10
17418,36,4249,1,0,1,13.09,2025-03-14
17419,25,2476,1,0,0,0.0,2025-08-19
17420,10,4246,1,0,0,0.0,2025-06-16
17421,21,2794,1,1,0,0.0,2026-06-30
17422,18,533,1,0,0,0.0,2026-07-30
17423,10,2904,1,1,0,0.0,2025-07-17
17424,6,2261,1,0,1,156.43,2025-12-05
17425,40,4122,1,1,0,0.0,2025-12-15
17426,19,2901,1,1,0,0.0,2026-04-03
17427,9,221,1,1,0,0.0,2025-09-11
17428,22,552,1,0,0,0.0,2025-02-01
17429,24,1955,1,0,0,0.0,2024-08-21
17430,9,2979,1,1,0,0.0,2026-07-08
17431,33,1451,1,1,0,0.0,2025-10-12
17432,2,1669,1,1,0,0.0,2025-04-10
17433,20,1220,1,1,0,0.0,2024-08-21
17434,35,907,1,0,0,0.0,2025-10-31
17435,16,3505,1,1,0,0.0,2026-05-22
17436,8,1737,1,1,0,0.0,2026-01-06
17437,28,783,1,1,0,0.0,2025-01-02
17438,36,2615,1,0,1,248.01,2025-08-11
17439,22,2473,1,1,0,0.0,2025-08-13
17440,16,3454,1,0,0,0.0,2026-03-20
17441,14,2576,1,0,1,59.52,2026-02-28
17442,29,1826,1,0,0,0.0,2024-09-06
17443,17,3849,1,1,1,127.18,2025-06-03
17444,26,4552,1,1,0,0.0,2024-08-19
17445,39,3858,1,1,0,0.0,2024-11-15
17446,22,4531,1,1,1,42.73,2024-11-14
17447,32,2254,1,1,1,215.92,2024-11-27
17448,24,3095,1,1,0,0.0,2026-02-05
17449,19,2697,1,0,0,0.0,2025-10-27
17450,26,388,1,1,1,159.24,2025-02-05
17451,37,3781,1,1,1,88.19,2025-07-27
17452,6,588,1,0,0,0.0,2024-09-10
17453,9,221,1,1,0,0.0,2025-03-23
17454,40,292,1,1,1,220.67,2026-01-04
17455,24,4074,1,0,0,0.0,2026-05-29
17456,34,352,1,0,1,149.35,2026-05-06
17457,7,1818,1,0,0,0.0,2026-07-03
17458,39,1432,1,1,1,69.07,2024-10-03
17459,24,4021,1,1,0,0.0,2025-12-22
17460,4,710,1,0,0,0.0,2026-04-14
17461,15,4015,1,1,1,233.88,2025-05-18
17462,29,859,1,1,1,50.26,2026-02-21
17463,33,4814,1,1,0,0.0,2025-09-05
17464,1,3368,1,0,1,183.04,2024-09-08
17465,39,2949,1,1,1,217.68,2026-04-21
17466,27,4160,1,1,0,0.0,2025-05-09
17467,12,1543,1,1,0,0.0,2026-05-01
17468,19,94,1,0,0,0.0,2024-09-07
17469,24,1387,1,1,0,0.0,2026-04-04
17470,27,1313,1,1,0,0.0,2025-12-01
17471,2,414,1,1,1,104.43,2025-11-07
17472,39,4763,1,1,1,103.93,2025-05-18
17473,9,2176,1,0,1,207.24,2025-12-22
17474,14,368,1,1,0,0.0,2026-01-15
17475,29,4832,1,0,1,202.7,2024-08-20
17476,27,1512,1,0,0,0.0,2025-07-23
17477,15,4901,1,0,0,0.0,2026-06-30
17478,14,4341,1,1,0,0.0,2026-04-17
17479,19,2510,1,0,1,30.63,2024-08-15
17480,8,4161,1,0,1,15.99,2024-11-18
17481,15,2167,1,1,0,0.0,2025-08-19
17482,34,241,1,1,0,0.0,2026-03-06
17483,30,1079,1,0,1,94.62,2025-04-30
17484,10,4133,1,1,0,0.0,2024-10-23
17485,17,1154,1,1,0,0.0,2026-05-15
17486,17,3187,1,1,0,0.0,2026-04-10
17487,13,1790,1,0,0,0.0,2025-02-09
17488,32,1447,1,0,0,0.0,2025-01-22
17489,30,3286,1,0,0,0.0,2025-02-04
17490,30,3774,1,1,1,25.19,2026-02-12
17491,40,221,1,1,0,0.0,2024-12-04
17492,17,3122,1,0,0,0.0,2026-03-11
17493,36,1931,1,0,0,0.0,2024-10-10
17494,39,277,1,1,0,0.0,2025-09-11
17495,11,3294,1,0,1,48.82,2024-12-11
17496,22,2435,1,0,0,0.0,2025-06-29
17497,10,4810,1,0,0,0.0,2025-07-22
17498,39,4324,1,1,1,72.58,2024-11-22
17499,19,1627,1,1,0,0.0,2025-03-24
17500,26,2691,1,1,0,0.0,2025-05-31
17501,7,1774,1,0,0,0.0,2025-05-27
17502,15,4479,1,0,0,0.0,2024-08-05
17503,22,3541,1,1,0,0.0,2025-06-11
17504,13,764,1,1,0,0.0,2026-04-25
17505,7,476,1,0,0,0.0,2026-03-12
17506,35,4180,1,0,1,46.74,2024-09-10
17507,18,3685,1,1,1,79.77,2025-06-20
17508,4,1548,1,1,1,19.6,2024-10-19
17509,20,3104,1,1,0,0.0,2025-03-29
17510,19,1444,1,1,1,90.63,2024-12-04
17511,21,3336,1,1,1,195.61,2026-04-21
17512,32,1073,1,0,0,0.0,2024-08-04
17513,37,291,1,0,1,122.5,2026-05-24
17514,20,4706,1,1,0,0.0,2026-03-06
17515,40,704,1,1,1,216.69,2026-05-22
17516,28,3460,1,0,1,35.44,2026-07-13
17517,36,2112,1,0,1,172.47,2024-08-21
17518,33,392,1,1,1,103.05,2025-09-24
17519,13,3781,1,1,1,33.29,2025-08-18
17520,32,3165,1,1,0,0.0,2025-04-22
17521,29,4573,1,1,1,57.35,2024-08-05
17522,38,448,1,1,1,68.62,2026-01-23
17523,3,856,1,0,0,0.0,2025-08-23
17524,17,374,1,0,1,42.19,2025-10-23
17525,35,1744,1,1,0,0.0,2026-06-20
17526,11,1024,1,1,1,21.3,2025-07-31
17527,25,1355,1,1,0,0.0,2025-05-15
17528,4,2396,1,1,0,0.0,2026-04-20
17529,38,332,1,0,1,225.91,2026-07-26
17530,17,1497,1,0,0,0.0,2024-08-16
17531,34,2126,1,0,1,184.73,2024-12-24
17532,2,2476,1,1,0,0.0,2024-10-31
17533,6,25,1,0,1,185.27,2025-05-17
17534,9,4523,1,1,1,49.92,2026-03-24
17535,33,1604,1,1,1,12.84,2024-08-05
17536,3,2696,1,1,1,131.55,2025-06-27
17537,30,699,1,1,1,31.75,2026-01-11
17538,25,238,1,0,1,213.85,2024-10-27
17539,2,4154,1,1,0,0.0,2026-04-25
17540,32,3137,1,1,1,138.55,2025-01-19
17541,22,3540,1,1,0,0.0,2025-03-12
17542,19,450,1,1,1,137.85,2024-08-13
17543,6,637,1,1,0,0.0,2025-06-25
17544,4,557,1,1,0,0.0,2025-12-24
17545,28,4040,1,0,1,182.01,2025-03-18
17546,6,1768,1,1,1,113.15,2025-08-03
17547,40,3057,1,0,0,0.0,2024-12-28
17548,15,2038,1,0,1,74.28,2025-01-21
17549,10,1037,1,0,0,0.0,2026-05-02
17550,14,3297,1,1,0,0.0,2025-02-11
17551,37,3449,1,0,0,0.0,2024-08-11
17552,6,1767,1,0,0,0.0,2026-04-06
17553,29,4623,1,0,0,0.0,2025-04-11
17554,24,1577,1,0,0,0.0,2026-07-14
17555,1,449,1,1,1,27.7,2026-07-23
17556,13,488,1,0,0,0.0,2026-07-20
17557,8,2508,1,0,0,0.0,2025-11-28
17558,40,3369,1,1,1,35.36,2026-01-04
17559,35,2765,1,0,1,240.12,2025-05-16
17560,29,3410,1,1,0,0.0,2025-06-14
17561,26,4992,1,1,1,105.11,2025-05-24
17562,12,2736,1,0,0,0.0,2024-10-19
17563,38,2876,1,0,1,207.23,2025-11-13
17564,13,551,1,0,0,0.0,2026-06-16
17565,34,3374,1,1,0,0.0,2025-01-06
17566,24,1481,1,1,0,0.0,2026-05-26
17567,38,3307,1,0,0,0.0,2026-05-08
17568,7,2677,1,1,1,139.72,2025-02-06
17569,29,302,1,0,0,0.0,2025-09-11
17570,39,2322,1,1,0,0.0,2025-05-28
17571,15,3803,1,0,0,0.0,2025-12-14
17572,15,550,1,0,0,0.0,2024-11-08
17573,23,2137,1,1,0,0.0,2025-07-20
17574,35,1429,1,1,0,0.0,2025-07-15
17575,26,2181,1,1,0,0.0,2025-02-16
17576,16,4731,1,0,1,149.27,2025-09-23
17577,29,3101,1,0,1,39.09,2024-11-24
17578,33,654,1,0,0,0.0,2026-01-22
17579,19,4949,1,1,0,0.0,2026-05-13
17580,12,3489,1,0,0,0.0,2025-03-14
17581,2,4399,1,0,0,0.0,2024-09-26
17582,2,3168,1,1,0,0.0,2024-11-19
17583,1,3786,1,1,1,197.78,2025-01-29
17584,19,1023,1,0,0,0.0,2026-03-29
17585,1,2372,1,0,0,0.0,2026-05-13
17586,17,1136,1,1,0,0.0,2026-01-14
17587,1,3355,1,1,1,104.79,2025-12-09
17588,32,23,1,1,1,37.48,2024-11-05
17589,34,3580,1,0,1,33.22,2025-09-17
17590,4,1840,1,0,0,0.0,2025-04-30
17591,3,3844,1,0,1,125.64,2025-01-10
17592,34,106,1,1,0,0.0,2025-10-01
17593,7,555,1,1,1,83.67,2024-11-18
17594,30,3965,1,1,0,0.0,2024-08-11
17595,32,2552,1,0,0,0.0,2024-10-15
17596,30,1274,1,0,0,0.0,2024-08-08
17597,33,776,1,0,0,0.0,2025-09-11
17598,28,3786,1,0,1,61.49,2026-01-29
17599,9,4116,1,1,0,0.0,2026-05-09
17600,24,3257,1,1,1,154.93,2025-04-12
17601,9,1095,1,1,1,114.1,2024-12-08
17602,12,4508,1,1,1,52.01,2026-04-26
17603,1,1234,1,0,0,0.0,2026-06-03
17604,32,3308,1,0,0,0.0,2025-02-23
17605,5,3930,1,0,0,0.0,2025-10-20
17606,35,1635,1,0,1,215.1,2025-01-29
17607,12,2699,1,1,1,30.83,2025-02-27
17608,30,4468,1,0,0,0.0,2025-03-08
17609,22,2681,1,1,0,0.0,2025-06-03
17610,9,4678,1,0,0,0.0,2025-07-19
17611,24,2150,1,0,0,0.0,2025-12-26
17612,15,3987,1,1,0,0.0,2025-09-14
17613,16,2573,1,0,0,0.0,2025-02-05
17614,19,4445,1,1,1,32.25,2025-10-20
17615,37,3013,1,0,0,0.0,2026-01-01
17616,30,3323,1,0,0,0.0,2025-12-04
17617,30,4273,1,0,0,0.0,2025-08-11
17618,4,2767,1,0,1,93.05,2025-06-12
17619,21,3112,1,0,0,0.0,2026-04-23
17620,33,1879,1,0,1,48.58,2026-01-23
17621,11,3171,1,0,1,13.52,2025-05-06
17622,20,2753,1,1,0,0.0,2026-07-23
17623,31,2957,1,1,1,177.03,2026-01-04
17624,17,3748,1,0,0,0.0,2026-08-02
17625,20,140,1,1,0,0.0,2026-06-22
17626,15,1170,1,1,1,127.05,2025-12-17
17627,9,3262,1,0,0,0.0,2025-04-25
17628,17,3195,1,0,1,97.79,2025-11-06
17629,12,13,1,1,0,0.0,2026-02-25
17630,3,4348,1,1,0,0.0,2024-12-08
17631,24,4452,1,0,0,0.0,2026-02-13
17632,29,2252,1,0,0,0.0,2025-06-15
17633,15,3327,1,1,1,40.49,2025-10-28
17634,31,2738,1,0,0,0.0,2025-05-23
17635,14,2433,1,1,1,187.72,2024-12-19
17636,34,2531,1,0,1,81.72,2024-09-05
17637,16,4783,1,0,1,233.24,2025-01-02
17638,9,3650,1,1,1,154.35,2025-01-27
17639,29,440,1,0,0,0.0,2025-06-08
17640,15,4439,1,1,0,0.0,2024-08-10
17641,8,2691,1,0,0,0.0,2026-04-26
17642,37,2134,1,0,0,0.0,2026-05-22
17643,22,4742,1,1,0,0.0,2024-12-27
17644,30,4973,1,0,1,94.14,2025-06-14
17645,36,1327,1,1,0,0.0,2025-07-03
17646,20,778,1,0,1,192.93,2026-02-20
17647,27,2480,1,1,1,55.54,2025-02-24
17648,34,3334,1,0,1,78.02,2024-11-04
17649,16,3379,1,0,1,30.4,2025-11-21
17650,16,1591,1,1,1,29.31,2024-10-30
17651,9,1793,1,1,1,56.38,2024-08-28
17652,19,496,1,1,0,0.0,2025-03-26
17653,12,2167,1,1,0,0.0,2026-06-10
17654,25,4137,1,1,0,0.0,2026-04-18
17655,28,3255,1,1,0,0.0,2026-04-01
17656,29,625,1,1,1,108.01,2025-12-26
17657,18,4520,1,0,1,26.72,2026-01-18
17658,15,2689,1,1,0,0.0,2025-07-14
17659,11,3848,1,1,0,0.0,2025-04-06
17660,37,847,1,1,1,105.24,2026-01-26
17661,7,3280,1,1,1,128.35,2025-08-16
17662,37,174,1,0,0,0.0,2026-06-18
17663,23,1779,1,0,1,32.79,2025-08-29
17664,9,499,1,1,0,0.0,2025-06-06
17665,28,159,1,0,0,0.0,2025-12-22
17666,33,581,1,0,0,0.0,2025-11-02
17667,26,539,1,0,0,0.0,2025-10-02
17668,21,1348,1,1,0,0.0,2025-07-11
17669,27,2640,1,0,1,44.74,2026-06-22
17670,24,4086,1,1,0,0.0,2025-11-14
17671,23,2681,1,1,0,0.0,2024-08-24
17672,37,2789,1,1,0,0.0,2026-06-16
17673,15,2295,1,1,1,148.49,2026-02-05
17674,33,2233,1,1,0,0.0,2025-01-10
17675,9,4491,1,0,1,155.65,2026-02-04
17676,30,274,1,1,1,103.96,2025-11-12
17677,7,2364,1,0,1,205.09,2026-06-06
17678,37,3401,1,1,1,191.2,2025-04-20
17679,29,1930,1,1,0,0.0,2026-04-06
17680,4,4414,1,1,1,57.11,2025-05-21
17681,37,2048,1,1,0,0.0,2024-09-25
17682,14,1021,1,0,1,235.04,2026-01-24
17683,35,2863,1,0,0,0.0,2024-09-19
17684,39,1284,1,0,1,21.09,2025-06-25
17685,7,1502,1,1,1,147.7,2026-02-10
17686,15,3391,1,0,0,0.0,2026-01-16
17687,24,4870,1,1,0,0.0,2025-10-31
17688,26,24,1,0,1,234.84,2026-05-31
17689,24,2309,1,1,1,98.82,2026-07-30
17690,13,4813,1,0,0,0.0,2024-11-12
17691,17,2020,1,1,0,0.0,2024-08-10
17692,34,4894,1,0,0,0.0,2025-07-14
17693,26,1467,1,0,0,0.0,2025-02-21
17694,28,1900,1,0,1,167.39,2024-11-04
17695,7,741,1,1,1,196.35,2025-04-01
17696,12,2687,1,1,0,0.0,2025-05-11
17697,30,3379,1,0,1,110.12,2025-08-19
17698,25,2888,1,1,1,217.91,2025-04-15
17699,14,1543,1,0,0,0.0,2024-09-09
17700,9,112,1,1,1,99.24,2024-11-29
17701,29,3545,1,1,1,231.06,2025-06-06
17702,30,1289,1,0,0,0.0,2024-12-13
17703,11,3152,1,1,0,0.0,2026-02-04
17704,24,1488,1,1,1,95.48,2024-09-27
17705,14,1210,1,1,1,249.02,2025-06-28
17706,5,3537,1,1,0,0.0,2025-02-16
17707,22,2180,1,0,1,239.34,2026-02-03
17708,1,1377,1,0,0,0.0,2025-11-19
17709,36,3694,1,0,0,0.0,2026-07-16
17710,22,2524,1,0,0,0.0,2025-02-15
17711,32,424,1,1,0,0.0,2026-02-08
17712,25,3527,1,0,1,232.15,2025-11-13
17713,37,2987,1,0,1,128.31,2025-08-13
17714,5,2766,1,0,0,0.0,2024-11-23
17715,18,333,1,0,1,57.88,2026-07-03
17716,38,2128,1,1,1,239.16,2024-08-20
17717,27,4878,1,0,0,0.0,2026-01-07
17718,26,637,1,0,1,199.28,2026-07-19
17719,32,1340,1,1,0,0.0,2025-07-08
17720,39,500,1,0,1,177.41,2025-12-17
17721,30,706,1,0,0,0.0,2025-03-25
17722,36,2342,1,0,1,112.74,2025-10-23
17723,12,4254,1,1,1,98.98,2024-08-25
17724,31,3689,1,1,0,0.0,2025-05-31
17725,21,2313,1,1,0,0.0,2026-07-30
17726,30,3192,1,0,1,220.11,2025-10-07
17727,36,4371,1,1,1,117.55,2025-08-09
17728,15,697,1,1,1,66.88,2026-01-23
17729,18,3616,1,0,0,0.0,2026-02-12
17730,18,765,1,1,0,0.0,2025-11-14
17731,36,3142,1,1,0,0.0,2026-07-28
17732,30,383,1,1,0,0.0,2026-04-01
17733,28,3920,1,0,0,0.0,2025-05-21
17734,3,3581,1,0,1,129.76,2024-12-18
17735,37,4875,1,0,1,197.97,2024-09-30
17736,33,1648,1,0,0,0.0,2026-03-25
17737,35,1822,1,1,0,0.0,2026-06-07
17738,10,843,1,0,0,0.0,2025-08-17
17739,28,2963,1,0,0,0.0,2025-09-08
17740,9,1495,1,1,0,0.0,2025-09-25
17741,17,2188,1,0,1,125.88,2024-10-12
17742,12,3714,1,1,1,145.99,2025-12-10
17743,21,2217,1,0,1,210.85,2024-11-15
17744,20,3242,1,0,0,0.0,2025-08-11
17745,3,831,1,0,1,200.73,2025-01-13
17746,36,2994,1,1,0,0.0,2024-12-02
17747,15,4008,1,1,0,0.0,2026-03-22
17748,33,4062,1,1,1,38.8,2025-04-01
17749,30,344,1,0,0,0.0,2026-07-09
17750,27,949,1,1,0,0.0,2024-08-22
17751,39,2880,1,1,1,136.0,2026-03-18
17752,20,1650,1,1,0,0.0,2024-08-06
17753,25,817,1,1,1,23.42,2026-07-07
17754,12,3562,1,0,0,0.0,2025-11-25
17755,9,3597,1,0,1,102.61,2025-12-11
17756,32,2612,1,0,0,0.0,2024-10-10
17757,4,2337,1,0,1,249.81,2025-02-22
17758,30,4552,1,1,1,22.47,2025-04-29
17759,3,3827,1,1,0,0.0,2025-12-11
17760,14,4101,1,1,0,0.0,2024-09-12
17761,17,4607,1,1,0,0.0,2025-10-31
17762,11,1752,1,0,1,150.02,2025-10-26
17763,23,1617,1,1,0,0.0,2026-06-04
17764,20,4727,1,0,0,0.0,2025-11-08
17765,30,899,1,1,1,52.95,2024-12-21
17766,33,3112,1,0,0,0.0,2025-10-23
17767,38,4164,1,1,0,0.0,2026-06-24
17768,19,108,1,1,1,125.12,2025-04-29
17769,17,1669,1,1,0,0.0,2024-11-25
17770,23,791,1,1,0,0.0,2024-11-17
17771,5,4182,1,0,1,153.73,2025-03-22
17772,35,4042,1,0,1,216.87,2025-10-13
17773,16,1975,1,0,0,0.0,2025-01-19
17774,34,3428,1,0,0,0.0,2025-12-28
17775,21,1208,1,0,1,13.93,2026-05-16
17776,20,1378,1,0,1,153.29,2025-10-03
17777,34,4579,1,1,0,0.0,2026-05-02
17778,25,1159,1,1,1,131.06,2026-07-17
17779,13,3632,1,0,0,0.0,2024-12-21
17780,37,1322,1,1,0,0.0,2026-04-19
17781,26,79,1,0,1,227.04,2025-08-16
17782,37,4174,1,1,1,174.86,2026-04-13
17783,20,1255,1,1,0,0.0,2024-08-20
17784,26,3181,1,0,1,179.84,2025-03-13
17785,20,1970,1,1,0,0.0,2026-05-01
17786,27,218,1,0,1,232.72,2025-04-05
17787,23,1469,1,1,0,0.0,2024-12-18
17788,12,4464,1,0,0,0.0,2025-01-17
17789,31,3509,1,1,0,0.0,2024-09-20
17790,20,3004,1,1,1,61.49,2024-09-18
17791,6,4352,1,0,0,0.0,2024-08-27
17792,18,4834,1,0,0,0.0,2025-11-04
17793,40,3600,1,0,1,103.04,2025-11-07
17794,36,777,1,1,0,0.0,2025-09-30
17795,40,1201,1,1,0,0.0,2024-09-09
17796,18,1425,1,0,1,134.17,2026-05-04
17797,1,368,1,1,0,0.0,2025-04-13
17798,22,684,1,0,0,0.0,2025-07-11
17799,16,4602,1,1,0,0.0,2025-05-14
17800,4,3112,1,1,1,94.26,2025-04-10
17801,37,3454,1,0,0,0.0,2025-11-09
17802,31,3107,1,0,0,0.0,2024-11-27
17803,19,317,1,1,1,160.99,2026-04-05
17804,8,1713,1,1,0,0.0,2025-04-30
17805,25,633,1,0,0,0.0,2026-01-17
17806,22,4026,1,1,0,0.0,2026-07-25
17807,22,847,1,0,1,229.78,2025-10-21
17808,19,1998,1,1,0,0.0,2025-09-01
17809,19,4459,1,1,0,0.0,2026-03-23
17810,17,2503,1,1,0,0.0,2025-06-25
17811,25,4474,1,1,0,0.0,2026-05-11
17812,25,453,1,1,0,0.0,2025-02-17
17813,13,1592,1,1,0,0.0,2026-05-27
17814,6,4644,1,0,1,11.19,2025-04-24
17815,30,1889,1,1,0,0.0,2025-11-27
17816,12,307,1,1,0,0.0,2024-12-16
17817,29,2286,1,1,1,87.67,2026-01-16
17818,34,2763,1,0,1,80.83,2025-12-05
17819,2,11,1,1,1,55.23,2025-10-13
17820,28,1761,1,0,0,0.0,2025-11-09
17821,15,80,1,0,1,103.86,2025-08-08
17822,2,1930,1,0,0,0.0,2026-06-16
17823,32,2335,1,0,0,0.0,2025-04-04
17824,10,3331,1,0,0,0.0,2025-04-01
17825,3,209,1,1,1,21.46,2025-11-22
17826,32,2695,1,0,0,0.0,2025-07-05
17827,19,2358,1,0,0,0.0,2025-07-14
17828,13,135,1,0,1,193.2,2025-08-01
17829,19,770,1,0,1,88.08,2025-05-28
17830,39,3170,1,1,1,129.28,2026-01-23
17831,34,1868,1,1,0,0.0,2026-05-31
17832,12,1411,1,1,1,176.48,2026-03-19
17833,1,1223,1,1,1,67.66,2025-12-02
17834,17,1563,1,0,1,90.3,2024-12-03
17835,2,439,1,0,0,0.0,2025-02-19
17836,9,2530,1,0,0,0.0,2024-09-26
17837,30,1469,1,1,0,0.0,2026-03-01
17838,2,3099,1,0,0,0.0,2025-12-11
17839,17,4824,1,0,0,0.0,2026-02-04
17840,6,2313,1,0,0,0.0,2025-05-26
17841,26,442,1,1,1,153.37,2025-02-06
17842,34,3142,1,1,0,0.0,2025-10-11
17843,38,700,1,0,0,0.0,2024-08-29
17844,21,2810,1,1,1,127.25,2026-07-28
17845,19,2589,1,1,1,52.2,2024-12-09
17846,14,4602,1,0,0,0.0,2025-09-25
17847,38,4312,1,1,1,241.69,2025-10-05
17848,21,99,1,0,1,221.55,2024-09-25
17849,32,245,1,1,1,23.14,2024-08-17
17850,25,2613,1,1,0,0.0,2026-08-04
17851,35,2159,1,1,1,112.8,2026-05-18
17852,36,525,1,1,1,202.93,2026-04-05
17853,31,3244,1,0,0,0.0,2024-11-05
17854,20,1377,1,0,1,178.3,2024-10-28
17855,21,126,1,1,0,0.0,2024-08-06
17856,31,3422,1,1,0,0.0,2026-01-30
17857,24,2191,1,0,0,0.0,2025-04-06
17858,39,3865,1,0,0,0.0,2024-09-15
17859,27,226,1,0,0,0.0,2024-08-10
17860,10,3589,1,0,1,108.22,2024-10-26
17861,29,4436,1,1,1,83.11,2024-11-30
17862,26,3043,1,0,1,137.61,2025-01-07
17863,35,1145,1,1,0,0.0,2026-02-10
17864,31,1176,1,1,0,0.0,2024-09-22
17865,7,1718,1,0,0,0.0,2026-04-27
17866,21,992,1,1,0,0.0,2025-07-31
17867,9,3696,1,0,0,0.0,2025-06-08
17868,26,3417,1,0,0,0.0,2025-06-08
17869,39,4247,1,1,0,0.0,2025-05-03
17870,19,2966,1,0,1,64.37,2026-03-05
17871,14,4804,1,1,0,0.0,2026-04-29
17872,22,199,1,1,0,0.0,2024-11-15
17873,22,2481,1,0,1,241.42,2025-03-19
17874,28,2770,1,0,1,168.09,2026-05-16
17875,20,1804,1,1,0,0.0,2026-01-04
17876,20,1799,1,1,1,151.66,2026-01-15
17877,40,289,1,0,0,0.0,2026-02-10
17878,17,623,1,0,0,0.0,2025-06-03
17879,16,3094,1,0,0,0.0,2024-12-13
17880,14,1187,1,1,1,152.27,2026-01-02
17881,9,1486,1,0,0,0.0,2026-06-12
17882,24,1559,1,0,0,0.0,2026-01-28
17883,1,2392,1,0,1,237.8,2025-10-14
17884,8,4269,1,1,0,0.0,2024-08-21
17885,34,1739,1,1,1,205.52,2026-01-09
17886,19,3348,1,1,1,62.66,2025-03-27
17887,26,4870,1,1,0,0.0,2025-04-17
17888,23,1497,1,0,0,0.0,2024-12-12
17889,10,260,1,0,0,0.0,2026-03-09
17890,9,3071,1,0,1,31.32,2025-10-03
17891,26,4757,1,0,1,132.89,2025-12-15
17892,14,2939,1,1,1,158.11,2025-07-29
17893,17,2877,1,0,0,0.0,2026-05-27
17894,31,1669,1,0,0,0.0,2024-09-17
17895,6,2710,1,1,1,113.38,2025-11-23
17896,18,4996,1,0,1,49.43,2025-08-27
17897,27,1003,1,1,0,0.0,2026-04-22
17898,37,3306,1,0,0,0.0,2026-07-29
17899,31,3654,1,0,1,62.23,2025-04-28
17900,8,2907,1,0,0,0.0,2025-04-08
17901,11,1362,1,1,0,0.0,2024-10-10
17902,12,4797,1,1,0,0.0,2025-07-31
17903,40,3989,1,0,0,0.0,2026-07-28
17904,8,3356,1,0,0,0.0,2025-10-27
17905,34,4303,1,1,1,72.03,2025-08-26
17906,8,4637,1,1,1,129.56,2025-07-03
17907,4,4410,1,1,1,47.86,2026-07-03
17908,39,1487,1,1,1,237.18,2025-11-10
17909,31,399,1,0,0,0.0,2025-05-21
17910,20,4927,1,0,0,0.0,2025-02-09
17911,7,1044,1,1,1,38.22,2025-03-01
17912,3,4054,1,1,0,0.0,2026-02-22
17913,31,3700,1,1,0,0.0,2025-08-21
17914,15,2130,1,1,0,0.0,2025-11-16
17915,24,1193,1,0,0,0.0,2026-02-12
17916,37,2323,1,1,0,0.0,2026-06-11
17917,15,161,1,0,0,0.0,2025-01-19
17918,21,2358,1,0,0,0.0,2026-02-08
17919,16,792,1,0,1,120.96,2024-08-27
17920,32,976,1,1,0,0.0,2025-09-07
17921,8,3733,1,1,0,0.0,2026-08-01
17922,3,3456,1,0,1,232.03,2026-04-07
17923,14,710,1,0,1,106.58,2025-12-13
17924,23,1171,1,0,0,0.0,2026-06-18
17925,27,1539,1,1,0,0.0,2025-11-09
17926,2,4033,1,1,1,152.98,2025-05-12
17927,36,4515,1,0,0,0.0,2024-08-04
17928,40,3182,1,0,0,0.0,2025-10-25
17929,30,938,1,0,0,0.0,2025-10-05
17930,19,4832,1,0,0,0.0,2025-11-15
17931,19,1492,1,1,0,0.0,2025-11-19
17932,1,2068,1,0,0,0.0,2025-11-20
17933,25,4465,1,0,0,0.0,2025-06-30
17934,16,3785,1,1,1,134.22,2026-08-02
17935,38,201,1,1,0,0.0,2025-09-09
17936,21,1624,1,0,0,0.0,2024-09-12
17937,15,2248,1,0,0,0.0,2026-05-23
17938,22,4470,1,0,1,29.63,2025-09-15
17939,40,4793,1,0,1,218.44,2025-11-03
17940,1,1546,1,1,0,0.0,2026-01-07
17941,6,3498,1,0,0,0.0,2025-05-16
17942,39,2170,1,0,1,44.95,2025-01-26
17943,33,2995,1,0,1,68.66,2025-04-24
17944,11,1755,1,0,0,0.0,2025-02-01
17945,7,2702,1,0,0,0.0,2026-02-13
17946,39,1919,1,0,0,0.0,2025-02-28
17947,8,1861,1,0,0,0.0,2025-03-13
17948,38,741,1,0,0,0.0,2025-10-30
17949,32,1548,1,1,0,0.0,2025-02-11
17950,16,2526,1,0,1,26.68,2025-02-08
17951,22,2771,1,1,0,0.0,2024-12-29
17952,15,4251,1,0,1,225.55,2024-10-19
17953,6,1627,1,1,0,0.0,2026-05-29
17954,32,2149,1,1,0,0.0,2026-04-16
17955,8,61,1,1,1,16.87,2025-12-31
17956,19,1561,1,0,0,0.0,2024-12-08
17957,40,3027,1,0,0,0.0,2024-12-15
17958,20,2401,1,1,0,0.0,2026-05-01
17959,7,965,1,1,0,0.0,2025-11-01
17960,40,4600,1,1,0,0.0,2024-09-23
17961,32,2787,1,0,1,181.86,2025-09-30
17962,2,2855,1,0,1,148.98,2025-07-26
17963,39,3827,1,0,1,58.52,2024-11-02
17964,3,158,1,1,1,64.36,2025-12-27
17965,39,4072,1,1,0,0.0,2024-12-06
17966,16,286,1,1,1,49.05,2025-11-11
17967,9,84,1,0,0,0.0,2025-11-19
17968,39,4869,1,1,0,0.0,2026-04-09
17969,40,4752,1,1,0,0.0,2025-02-27
17970,16,1151,1,0,0,0.0,2025-04-12
17971,35,2932,1,1,0,0.0,2025-03-01
17972,39,4324,1,1,0,0.0,2024-10-02
17973,4,1403,1,1,1,28.2,2024-08-08
17974,9,3670,1,1,0,0.0,2025-07-15
17975,28,2427,1,0,0,0.0,2025-10-06
17976,18,972,1,0,1,141.54,2025-02-16
17977,3,1969,1,0,0,0.0,2025-04-30
17978,36,1985,1,0,1,99.22,2026-01-15
17979,39,2245,1,1,0,0.0,2025-07-21
17980,37,4533,1,0,1,210.75,2025-09-08
17981,8,1223,1,1,1,54.55,2025-04-17
17982,2,2907,1,1,0,0.0,2025-11-09
17983,14,1911,1,1,1,94.87,2025-04-21
17984,11,1887,1,1,1,81.65,2025-03-04
17985,7,3459,1,0,1,57.79,2025-04-08
17986,2,2784,1,0,0,0.0,2025-05-07
17987,10,803,1,1,0,0.0,2024-11-14
17988,27,1200,1,1,1,34.74,2024-09-02
17989,26,555,1,1,1,169.42,2024-10-17
17990,3,4543,1,1,0,0.0,2024-10-03
17991,6,308,1,0,1,182.81,2025-12-04
17992,23,2226,1,1,1,61.24,2025-08-01
17993,27,876,1,1,0,0.0,2024-10-11
17994,28,4297,1,0,0,0.0,2026-05-12
17995,18,3352,1,0,1,91.95,2025-08-03
17996,9,4945,1,0,1,244.38,2024-12-03
17997,11,1438,1,1,1,210.1,2025-07-18
17998,5,1818,1,1,0,0.0,2024-11-21
17999,37,60,1,0,1,144.48,2025-09-20
18000,33,2365,1,1,0,0.0,2025-08-19
