CustomerID,FirstName,LastName,Gender,DateOfBirth,Age,Email,Phone,Address,City,Province,PostalCode,RegistrationDate,CustomerStatus
1,Angel,Hill,M,1989-11-03,36,donaldgarcia@example.net,(419) 600-1338 x908,79402 Peterson Drives Apt. 511,Vaughan,ON,E5P1P8,2024-04-09,Active
2,Nicholas,Arnold,F,2007-03-12,18,barbara10@example.net,(641) 316-4752,41928 Frank Light Suite 835,Toronto,ON,K7B 5N2,2022-08-24,Active
3,Nancy,Edwards,M,2005-08-15,20,pfoster@example.com,742 388 4969,28710 Eric Estate Suite 916,Waterloo,ON,T9X1L2,2024-12-31,Active
4,Joseph,Davidson,M,1984-07-07,41,cartereric@example.org,1-682-814-8932,809 Burns Creek,London,ON,M4K2B2,2025-04-02,Active
5,Tiffany,Patel,M,1999-01-09,26,davidalvarez@example.net,648 963 8346,713 Caleb Brooks Apt. 930,Richmond Hill,ON,B1K 6C2,2024-02-29,Active
6,Todd,Ryan,F,1971-01-27,54,esanchez@example.com,(111) 656-6701,513 James Mission Apt. 624,Niagara Falls,ON,K9C2T1,2024-11-07,Active
7,Alexis,Davis,M,1984-09-13,41,gabrieltucker@example.org,+1 (902) 606-4746,34309 Julie Centers Apt. 978,Mississauga,ON,B3X 2C2,2024-12-19,Active
8,David,Zamora,M,1968-10-27,57,bethwilliams@example.org,+1 (799) 854-3534,475 Albert Road,Brampton,ON,C9Y 5J3,2026-04-05,Active
9,Natasha,Wood,M,2002-05-25,23,samueldaniels@example.com,(408) 412-4118 x244,48740 Cynthia Village Suite 005,Waterloo,ON,L9H 7T9,2021-08-21,Active
10,Nicole,Mckee,M,1960-07-04,65,davenportbrandi@example.org,+1 (620) 450-5331,232 Nicole Burg Apt. 563,Whitby,ON,H1E8R4,2022-08-03,Active
11,Michael,Hoover,F,2004-05-08,21,jeffreykeller@example.com,1 (241) 458-6850,94019 Reed Turnpike Suite 698,Oakville,ON,R1J 7L1,2024-03-10,Active
12,Gloria,Bentley,F,1998-07-13,27,michaeljones@example.net,1 (595) 148-4656,66299 Sullivan Village,Waterloo,ON,M7M 6J8,2023-10-20,Active
13,William,Leon,F,1991-09-22,34,donnacampbell@example.net,1 (813) 433-2003,6936 Ross Drive,Niagara Falls,ON,E3S 9K8,2021-11-03,Active
14,Melinda,Bryant,M,1969-07-20,56,jcontreras@example.net,1 (579) 868-7277,487 Joshua Club,Toronto,ON,K6L9N2,2022-04-13,Active
15,Heather,Mccarthy,F,1968-08-14,57,perrymark@example.com,+1 (103) 669-0967,6688 Tracy Groves Suite 706,Oakville,ON,R3H9T1,2026-02-15,Active
16,Elizabeth,Miller,F,1987-05-16,38,dtaylor@example.org,746-537-5564,70805 Debra Tunnel Apt. 033,Kingston,ON,G8K 2G4,2023-12-01,Active
17,Miguel,Obrien,M,1969-12-01,56,stricklandfrank@example.com,490.496.6319,491 Michael Meadow,London,ON,C1X7N8,2022-02-12,Active
18,Cynthia,Poole,F,2006-07-21,19,ryangross@example.net,1-298-776-9453,3799 Rogers Park Suite 273,St. Catharines,ON,L5N9L1,2024-03-04,Active
19,John,Russell,M,1966-07-12,59,hannahbrewer@example.com,601-436-3495 x788,855 Nelson Glen Apt. 135,Hamilton,ON,Y4H 8J5,2025-03-19,Active
20,Alicia,Campbell,M,2007-05-17,18,wallkenneth@example.com,340 824 0084,09477 Peterson Center Suite 711,Peterborough,ON,V3C3B5,2022-01-06,Active
21,Angela,Butler,F,1969-07-01,56,kimberlyjames@example.com,1-496-499-0913,123 Andrea Estate Apt. 679,Sudbury,ON,M5B5K8,2021-12-12,Active
22,Joseph,Moody,F,1968-09-24,57,ronaldstephens@example.net,842 102 4994,4648 Kim Rapid,Markham,ON,S1N 2L4,2026-05-27,Active
23,Barbara,Sampson,F,2000-01-23,25,barbara27@example.net,342-967-1756 x551,7468 Shawn Island Suite 516,Mississauga,ON,Y1T 4S9,2023-05-26,Active
24,Colleen,Wolf,M,1995-12-05,30,josephanderson@example.com,471-093-2480 x861,1274 Perry Orchard,Whitby,ON,K3T7Y4,2026-03-15,Active
25,Natasha,Shields,M,1983-01-08,43,kendra65@example.net,1-804-499-7278,8867 Kane Square Apt. 963,Peterborough,ON,B7N7V3,2024-01-25,Active
26,Wayne,Lawrence,F,1958-07-09,67,sawyerscott@example.net,902-621-7459 x615,7809 Jimmy Spur Suite 316,Whitby,ON,E5T 1H1,2023-03-19,Active
27,Michael,Jordan,F,1959-07-06,66,amandaknight@example.org,421 969 3792,474 Rachel Mountain Suite 821,Vaughan,ON,P5M8S5,2022-08-02,Active
28,Timothy,Young,M,1976-08-06,49,bailey40@example.net,+1 (640) 909-7439,394 Courtney Road,Niagara Falls,ON,M6T 3B2,2026-02-20,Active
29,Robert,Gonzalez,M,1973-08-01,52,alyssa42@example.com,145-171-2368 x516,175 Richards View Suite 137,Oakville,ON,Y2N 8K5,2024-11-02,Active
30,Brandon,Johnson,M,1962-08-29,63,pwilson@example.net,867 586 9261,0537 Sampson Walk Suite 158,Mississauga,ON,B4R2L8,2022-01-18,Active
31,Danielle,Maddox,F,1967-08-16,58,buchananjohn@example.org,(118) 393-3529,28421 David Knolls Apt. 950,St. Catharines,ON,L7B 9G2,2025-04-27,Active
32,Kimberly,Palmer,M,1981-05-10,44,hayesjeffrey@example.net,884-700-7661,15921 Joshua Roads Suite 698,Brampton,ON,T2X2S9,2025-03-12,Active
33,Shannon,Perez,F,1967-10-10,58,maria66@example.net,256.545.2711,1528 Brenda Points,Hamilton,ON,E7S1P5,2024-08-04,Active
34,Becky,Lewis,F,1974-11-17,51,gwalker@example.com,(551) 493-6899 x809,44550 Molly Port,Oshawa,ON,C2G9A4,2023-06-22,Active
35,Eric,Collins,F,1980-03-07,45,kimberly99@example.org,822-901-4767,3815 Rodriguez Springs Suite 840,Vaughan,ON,R4B 5A4,2025-06-05,Active
36,Keith,Wilson,F,1996-04-29,29,lburgess@example.org,+1 (183) 885-1606,59696 Roberts Lodge Apt. 529,Windsor,ON,P2C4S7,2024-07-14,Active
37,Randy,Collins,M,1983-11-03,42,jeffrey21@example.net,588.355.2312,92127 Webster Trace,Sudbury,ON,N8N2G8,2023-10-20,Active
38,Joshua,Brown,F,1972-05-04,53,collinsshannon@example.org,1 (941) 199-8679,9359 Mason Circle,Richmond Hill,ON,E9N3C1,2022-10-30,Active
39,Scott,Mills,M,1979-05-10,46,michaelhardin@example.com,+1 (559) 051-5186,925 Brandi Divide Suite 462,Oakville,ON,M6Y 3R9,2022-01-21,Active
40,William,Smith,M,1991-06-16,34,henry35@example.com,(132) 214-1888,296 Francis Village Apt. 706,Markham,ON,K8T4M9,2022-10-14,Active
41,Kristen,Mckee,M,2006-10-20,19,michealvalentine@example.com,646-886-2392 x407,814 Kathryn Groves,Whitby,ON,X2G4S8,2026-01-06,Active
42,Robert,Sanders,F,2004-12-22,21,joe15@example.org,851-522-0472,010 Lewis Drive Suite 143,Windsor,ON,E7B8K2,2022-02-22,Active
43,Candice,Smith,F,2003-08-29,22,jennifercarter@example.org,1 (939) 621-8518,7065 Burgess Knolls,Peterborough,ON,P6K 3E1,2023-05-09,Active
44,Dawn,Greer,M,1974-03-13,51,epollard@example.net,621 704 3030,687 Johnson Rue Apt. 450,Vaughan,ON,L7E7P8,2026-01-24,Active
45,Terri,Crawford,F,1976-09-12,49,zrichardson@example.net,1-216-169-2845,4479 Jackson Mills,Richmond Hill,ON,T7B5P1,2021-12-19,Active
46,Michael,Owen,M,1989-09-28,36,stephaniethomas@example.net,602-135-5690 x927,1928 Sanders Run Suite 310,St. Catharines,ON,V9X 2R5,2025-06-19,Active
47,Jason,Carr,M,1993-03-15,32,igonzalez@example.org,627-155-1884 x422,32370 Spencer Land,Waterloo,ON,Y2G5C7,2026-08-04,Active
48,Alicia,Hammond,F,1993-12-21,32,martinezlogan@example.org,978-528-9226 x801,2253 Meza Path,Kingston,ON,C9L5J3,2024-09-18,Active
49,Clarence,Davidson,M,1988-07-17,37,georgeweber@example.net,1 (790) 010-9439,8447 Linda Spur,Oshawa,ON,M1T3C8,2023-09-02,Active
50,Matthew,Thomas,F,1980-09-28,45,jessica56@example.org,1 (488) 153-7147,04696 Sydney Estate,Kitchener,ON,N8J9H8,2024-02-01,Active
51,Andrew,Landry,F,1972-08-20,53,nlevy@example.net,1 (200) 479-7480,45650 Williams Points Apt. 584,Kitchener,ON,R9X 5T2,2022-03-27,Active
52,Nathaniel,Hatfield,F,1961-08-15,64,kari39@example.net,+1 (380) 002-5787,9526 Wheeler Parkways,Peterborough,ON,M6V6A2,2026-06-29,Active
53,Laura,Swanson,F,1986-12-11,39,carlsonjoseph@example.net,(109) 728-9623,07562 Vaughn Loop,London,ON,B4G9X6,2026-08-01,Active
54,Nicholas,Frye,M,1981-06-20,44,vbarr@example.net,1 (549) 733-4843,375 Bailey Underpass Suite 419,London,ON,R5P1G5,2026-05-15,Active
55,Sandra,Douglas,F,1960-09-13,65,ilewis@example.com,(242) 199-3308 x330,7120 Richard Wells Suite 734,Burlington,ON,M4B9C1,2026-02-27,Active
56,Nicole,Thompson,F,1965-09-11,60,osbornrandy@example.com,840 049 9154,87431 Martin Mount Suite 205,Burlington,ON,J7H9R6,2022-01-09,Active
57,Jack,Taylor,F,1991-05-24,34,shari04@example.com,(474) 549-9045,174 Richard Parkway,Niagara Falls,ON,E4M4P3,2023-12-25,Active
58,Vanessa,Brooks,M,1980-04-01,45,ztodd@example.net,(239) 187-8519,839 Franklin Walk,Sudbury,ON,E2J9V8,2025-08-20,Active
59,William,Bryant,F,1980-03-03,45,hansenemily@example.com,264-039-1065,70462 Katie Stream,London,ON,P7R7T2,2025-01-02,Active
60,Amber,Valdez,M,1991-01-02,35,david86@example.net,430 047 8686,5243 Antonio Shore,Brampton,ON,A2K2J1,2023-10-28,Active
61,Monica,Sanchez,M,1991-07-16,34,moralesjimmy@example.org,428-439-5995,83644 Angela Ramp Apt. 687,Hamilton,ON,P6R 7X7,2022-05-03,Active
62,Karen,Wells,M,1976-03-02,49,kevinzimmerman@example.com,486-688-2634,175 Amanda Village Apt. 046,Vaughan,ON,C4J 8Y4,2025-12-09,Active
63,Susan,Smith,F,1973-11-27,52,suzannewilson@example.com,(993) 638-5467,4587 Garcia Stravenue Suite 535,Richmond Hill,ON,S3B1K5,2024-05-10,Active
64,Jennifer,Phillips,M,1986-12-17,39,markjames@example.org,385-477-7252 x287,010 Robert Ville,Markham,ON,C4G 9A8,2023-06-16,Active
65,Elizabeth,Jensen,F,1988-09-19,37,bhopkins@example.org,(286) 008-4840 x862,233 Ochoa Grove,Peterborough,ON,C8P4R4,2023-02-03,Active
66,Christopher,Frey,F,1999-08-26,26,davisnicholas@example.net,400-217-6591 x803,0148 Harry Vista Suite 039,Markham,ON,R3C 4M7,2024-12-22,Active
67,Patrick,Singh,F,1984-09-13,41,masonterri@example.org,163.159.9965,7358 Reynolds Springs Suite 194,Ajax,ON,C3C 7L3,2025-04-16,Active
68,Daniel,Smith,M,1973-01-22,52,sean41@example.org,226.788.8610,199 Shields Bridge Suite 661,Whitby,ON,X3H 3R5,2023-02-05,Active
69,Bryan,Hamilton,M,1982-03-27,43,yevans@example.org,1 (543) 799-3712,5965 Cook Via,Richmond Hill,ON,M8N 6J3,2026-06-01,Active
70,Kelly,Neal,F,2006-12-19,19,yfaulkner@example.org,1 (364) 651-9398,737 Guerra Cliff,Richmond Hill,ON,V4G5M3,2025-03-02,Active
71,Charles,Ewing,F,1997-08-16,28,iaguilar@example.net,+1 (380) 589-1135,656 Alex Green,St. Catharines,ON,X4X 8Y6,2023-07-19,Active
72,Brianna,Mason,F,1996-10-02,29,whitney71@example.com,+1 (811) 254-5738,1775 Kevin Valleys Apt. 051,Hamilton,ON,K9X 3H6,2024-05-22,Active
73,Jesse,Sullivan,M,2006-06-07,19,jacobsandoval@example.com,593-796-6033,182 Nguyen Mount,Guelph,ON,L6V 7X7,2024-07-11,Active
74,Megan,Williamson,M,1974-09-07,51,samantha91@example.net,751 341 2528,296 Lopez Roads Apt. 827,Cambridge,ON,G8H1N6,2026-05-09,Active
75,James,Cruz,F,1981-10-16,44,fortiz@example.com,372-190-3404 x384,788 Ashley Grove Suite 807,Burlington,ON,S5E 1K8,2022-11-27,Active
76,Christopher,Grimes,M,2001-06-04,24,rowejoel@example.net,1 (696) 292-3309,825 Roberts Grove Apt. 260,Ajax,ON,G3G6K4,2025-05-26,Active
77,Tracy,Ray,M,1991-10-04,34,courtney67@example.org,268.457.7590,518 Robinson Meadow Apt. 745,Ajax,ON,N8Y6G1,2021-10-26,Active
78,Mary,Smith,F,1989-02-25,36,scottsmith@example.com,(324) 241-5415,4361 Aaron Neck,Vaughan,ON,G8K 1X1,2025-01-25,Active
79,Vanessa,Henderson,M,1999-01-30,26,timperez@example.org,915.542.6221,275 Courtney Drive,Vaughan,ON,T2J3C2,2024-07-16,Active
80,Sylvia,Edwards,F,1976-07-24,49,johnnewman@example.org,(599) 940-4389 x836,76137 Allison Bridge,London,ON,N7G6R9,2025-01-02,Active
81,Stephanie,Townsend,M,1996-04-02,29,matthewsalexander@example.org,906-848-6661,1418 Terri Drives,St. Catharines,ON,R7C4M1,2022-10-24,Active
82,Darren,Salazar,M,2004-09-02,21,parkerjudith@example.net,510 202 7588,2410 Roman Groves,Whitby,ON,L8C 9V6,2021-11-13,Active
83,Garrett,Moore,F,2001-04-11,24,shannonemily@example.org,(380) 003-0756,86353 Moon Island,Markham,ON,C9P1E3,2022-09-15,Active
84,Brandon,Morales,M,1983-05-31,42,xcline@example.com,1 (418) 705-3494,9738 Edward Lodge Apt. 385,Milton,ON,N5A 2R4,2024-03-28,Active
85,Travis,Brown,F,1968-12-23,57,jenniferdavis@example.org,(165) 719-1826 x199,234 Rosales Unions Suite 557,Hamilton,ON,K3C2J3,2022-02-13,Active
86,Lee,Martinez,M,1979-12-21,46,tami37@example.com,641-124-9035 x213,044 Anthony Lodge Suite 883,Barrie,ON,T2E 1G1,2025-09-29,Active
87,David,Colon,M,2007-09-07,18,gina19@example.net,1-110-137-2151,29667 Patrick Meadow Apt. 532,Mississauga,ON,L1T4G5,2024-02-01,Active
88,Timothy,Miller,M,2002-06-30,23,mtaylor@example.net,(738) 065-7875 x985,05930 Brown Mountains Suite 932,Niagara Falls,ON,K9K 1L4,2024-06-20,Active
89,Paul,Mcconnell,F,2007-09-09,18,gregorywatkins@example.net,1 (990) 599-2937,70103 Andrew Neck Apt. 593,Brampton,ON,N1H 1N3,2024-07-10,Active
90,Kim,Mathis,M,2004-04-14,21,susan56@example.net,954.522.6752,92644 Gregory Alley Suite 902,Brampton,ON,K3E6V2,2022-10-12,Active
91,Gary,Mcclure,F,2007-09-04,18,underwoodelizabeth@example.net,1 (170) 433-1541,7626 Macias Keys,London,ON,E3V8K2,2025-08-03,Active
92,Andrew,Green,M,1958-05-01,67,jonesgeorge@example.com,318 159 9706,01533 Terry Stravenue Suite 443,Whitby,ON,B8R 3Y1,2023-05-25,Active
93,Kelly,Stanley,F,1978-10-30,47,bgonzalez@example.org,241 714 6774,56527 Jose Mountain Suite 349,Oshawa,ON,G6E 9C7,2026-06-12,Active
94,Angela,Randall,M,1987-04-05,38,rsheppard@example.com,(374) 160-8989,2233 Brad Common,Kitchener,ON,J6G2L2,2023-07-14,Active
95,Mark,Hill,F,1977-04-03,48,astark@example.net,(561) 622-9991 x191,4679 Johnson Harbor Suite 299,Oakville,ON,B4R1N8,2026-03-13,Active
96,Andrew,Roth,F,2003-03-28,22,larry71@example.org,447 546 9137,785 Zachary Estate Apt. 486,Peterborough,ON,X4A 4H1,2022-11-02,Active
97,Samantha,Bush,F,1980-04-29,45,micheal78@example.com,903.579.7279,2414 Paul Estates Apt. 333,Cambridge,ON,S1X8A3,2024-10-29,Active
98,Alan,King,M,1987-11-07,38,jennifer46@example.com,1 (274) 374-8969,589 Evans Coves,Hamilton,ON,C6N5L5,2024-11-14,Active
99,Denise,Lopez,M,2006-02-07,19,racheltrujillo@example.net,+1 (152) 074-4666,3875 Bruce Ville,Waterloo,ON,M3E 5V9,2025-05-28,Active
100,Erin,Rogers,M,1966-02-10,59,walkerjeffrey@example.com,+1 (255) 494-7170,81684 Brown Walk Apt. 235,Kingston,ON,T3G2N8,2023-04-03,Active
101,Lawrence,Brown,M,2007-11-24,18,whill@example.org,771 296 6667,83505 Andrew Avenue,Niagara Falls,ON,K3P 2M7,2024-02-09,Active
102,Cameron,Williams,M,1972-07-05,53,stephen89@example.net,1 (462) 575-3260,230 David Station,Niagara Falls,ON,R1L 1Y2,2024-11-10,Active
103,Hannah,Butler,M,1957-08-14,68,qmartinez@example.com,330 461 8499,89141 Tyler Rest Apt. 483,Toronto,ON,S1M9H8,2026-02-22,Active
104,Timothy,Young,M,1992-05-18,33,powersrebecca@example.net,221-811-4374 x470,45561 Melissa Cape,Oakville,ON,G6H 8N5,2025-12-25,Active
105,Lisa,White,M,1961-06-05,64,dross@example.com,+1 (876) 212-0216,96590 Timothy Oval Apt. 670,Waterloo,ON,L9N 4A6,2024-03-09,Active
106,Christine,Reynolds,F,1992-05-19,33,timothyalvarado@example.net,+1 (328) 900-2877,5354 William Plaza,Mississauga,ON,R8K8C8,2022-01-11,Active
107,Leslie,Hooper,M,1982-07-06,43,garciarobert@example.net,(401) 994-8837 x550,8997 Baldwin Crescent Apt. 305,Brampton,ON,M6Y2X1,2026-01-28,Active
108,Lydia,Newton,F,1982-03-14,43,nrodriguez@example.org,(216) 373-5160,9827 Alyssa Causeway Suite 978,Oshawa,ON,H7G 6E9,2025-12-31,Active
109,Chelsea,Schwartz,M,1978-05-13,47,joshuastuart@example.com,522-698-4858 x333,228 Page Trace Suite 879,Kitchener,ON,Y1M9S2,2021-09-19,Active
110,Ellen,Gonzalez,F,1964-02-25,61,tonyavega@example.org,443-805-7198,84066 Frye Spur Suite 800,Burlington,ON,J6T9K4,2025-06-22,Active
111,Kelly,Thompson,F,2006-09-25,19,lopezglenn@example.net,560.648.4229,7202 Carlson Trail,Waterloo,ON,V2Y6P9,2022-09-09,Active
112,Carlos,Wagner,M,1966-02-26,59,zdaniels@example.org,1 (833) 555-4398,57399 Susan Springs,Guelph,ON,R5E9R5,2021-09-18,Active
113,Kaylee,Robertson,M,1983-06-21,42,stucker@example.net,(458) 112-8801,613 Lucas Cliffs,Hamilton,ON,A1T 2N2,2021-11-11,Active
114,Angela,Andrews,F,1997-11-21,28,rhondarussell@example.com,+1 (165) 061-8091,8144 Juan Mill,Richmond Hill,ON,R3A9V4,2022-04-10,Active
115,Lauren,Gardner,F,1976-12-03,49,kennetheaton@example.net,1 (708) 821-0099,3536 Eugene Forges,Sudbury,ON,J1E9H8,2024-10-24,Active
116,Emily,King,F,1960-05-25,65,jessicafreeman@example.com,1 (823) 149-1357,492 Aguirre Meadow Apt. 053,Guelph,ON,S3L 6P8,2023-11-27,Active
117,Kevin,Arnold,M,1975-04-01,50,debbiemiller@example.com,783 411 0809,84887 Michael Fork,Burlington,ON,G9T2X7,2023-05-30,Active
118,John,Maynard,M,1957-02-22,68,katherinetaylor@example.org,299 275 0373,3038 Hughes Motorway Apt. 051,Richmond Hill,ON,L7Y7H6,2024-07-12,Active
119,Christian,King,F,2003-04-20,22,zacharygomez@example.com,379-082-7231 x843,59136 Cortez Orchard,Mississauga,ON,V7J1H4,2021-10-21,Active
120,Evan,Soto,F,1986-05-31,39,macdonalddylan@example.org,1-828-699-0413,2369 Laura View Apt. 984,Burlington,ON,N4T 7C7,2022-04-02,Active
121,Alexandra,Blankenship,M,1957-06-15,68,mserrano@example.org,379 908 8117,686 Golden Square,Hamilton,ON,K6V2R7,2022-04-05,Active
122,Jesse,Trevino,M,1981-05-27,44,carmen86@example.com,(600) 981-8063,1269 Green Plain Suite 959,Kitchener,ON,R9J9S8,2022-06-26,Active
123,Timothy,Hinton,F,1985-08-31,40,kim62@example.net,137.213.8658,0127 Davis Greens,Whitby,ON,P7C 7B9,2023-01-09,Active
124,Brian,Ayala,F,2006-09-11,19,daniellegonzales@example.org,(143) 098-8392 x053,46566 April Street,London,ON,C9Y 6M6,2026-05-29,Active
125,Catherine,Lee,F,1970-12-21,55,qandrews@example.org,+1 (581) 818-4518,769 Carrillo Throughway Suite 779,Windsor,ON,V2E 7L4,2024-12-22,Active
126,Leslie,Moses,M,1968-07-19,57,haynesjose@example.com,565.182.7553,373 Jill Well,Cambridge,ON,J4K6J3,2025-06-27,Active
127,Christian,Sosa,F,1962-10-29,63,waustin@example.net,975-957-9472,3920 Mendoza Plains Apt. 856,Brampton,ON,T8E 6X1,2021-08-25,Active
128,Bianca,Nguyen,M,1967-07-21,58,jacob43@example.com,895-527-6365 x564,293 Jennifer Unions,Whitby,ON,Y4S 3R3,2023-12-16,Active
129,Robert,Taylor,M,1957-02-06,68,kristen44@example.net,661-203-4717,5884 Smith Crossing Suite 939,Mississauga,ON,M9P 8N8,2026-01-15,Active
130,Justin,Welch,M,1976-05-29,49,mirandadavidson@example.com,+1 (699) 611-2535,496 Barron Tunnel Suite 987,Brampton,ON,H3H4A5,2026-04-18,Active
131,Christopher,Jackson,F,1993-01-10,32,davissharon@example.com,(400) 681-1492 x164,472 Alison Extension,Windsor,ON,B8P 8N9,2026-04-07,Active
132,Derek,Fry,F,1985-02-11,40,brittanybryant@example.net,+1 (588) 457-8317,4240 Alexandra Trace Apt. 547,Milton,ON,V1V 7M5,2024-07-29,Active
133,Amy,Lopez,F,1998-01-09,27,kfoster@example.net,+1 (563) 416-3894,3122 Rodriguez Motorway Suite 497,Kitchener,ON,N1A 9G1,2022-07-09,Active
134,Joseph,Espinoza,M,1961-11-29,64,halledward@example.com,(356) 475-7051,6187 James Ville,Mississauga,ON,R4A7E8,2022-10-29,Active
135,James,Moss,M,2008-04-22,17,boydtina@example.com,+1 (545) 208-8147,0313 Nguyen Expressway,Peterborough,ON,E1R1K8,2025-01-12,Active
136,Kelli,Wright,F,1964-08-26,61,ndavis@example.com,905-281-2735,3065 John Canyon Suite 784,Peterborough,ON,J6H6Y8,2022-12-20,Active
137,Robin,Spencer,F,1999-10-27,26,schmidtshannon@example.com,(257) 086-2095 x935,87829 Morris Row Suite 118,Cambridge,ON,B1G 4H2,2024-01-07,Active
138,Ashley,Huff,F,1961-09-23,64,sfox@example.net,1-805-391-0371,8650 Rice Street,Guelph,ON,M9C 2J2,2025-03-20,Active
139,Jake,Fox,M,1984-03-28,41,ashleymeza@example.net,(661) 957-6122 x868,975 Pierce Islands,London,ON,S4S9N4,2023-06-20,Active
140,Julie,Ward,M,1985-03-16,40,zwest@example.org,449-082-4043,48889 Clinton Mount Suite 224,Barrie,ON,K5K2L7,2024-06-08,Active
141,Chris,Nguyen,M,1967-11-25,58,sthompson@example.net,794.096.1055,39060 Warren Island Apt. 583,Mississauga,ON,B9R 2T4,2023-10-02,Active
142,Earl,Rogers,F,1997-06-25,28,dduncan@example.net,+1 (441) 686-2278,9389 John Grove Suite 591,Burlington,ON,S6S 4P6,2023-04-25,Active
143,Kayla,Jackson,M,1990-09-03,35,christina79@example.org,103-352-1103 x924,147 Johnson Fords Apt. 388,Mississauga,ON,Y1V7G9,2021-10-22,Active
144,Justin,Mccormick,F,1965-06-13,60,brian01@example.com,1-651-046-3681,812 Vincent Mount Apt. 038,Niagara Falls,ON,N3V1R6,2025-01-05,Active
145,Kevin,Ferrell,M,1975-01-27,50,lisa46@example.org,(443) 256-2168 x936,4957 Jamie Dam,Ajax,ON,G3M 7X3,2024-11-14,Active
146,Eric,Jones,M,1985-12-18,40,whitemary@example.org,356-647-4231,99499 Caitlyn Fort,Mississauga,ON,P3C 9V8,2025-02-24,Active
147,Melissa,Henry,M,1976-01-15,49,frankperez@example.com,846-333-1279,3660 Cortez Lock Apt. 817,Windsor,ON,B9K7X1,2024-05-18,Active
148,Crystal,Williams,M,1983-06-07,42,scott44@example.com,964 908 2771,98266 Hayes Fall,Markham,ON,J5T6C3,2025-03-08,Active
149,Danny,Cole,M,1963-01-07,63,christopher68@example.net,368 602 5922,064 Cross Mission,Richmond Hill,ON,H4E1G5,2021-08-26,Active
150,Victor,Aguirre,M,1982-06-20,43,lyoung@example.net,476-719-9038 x498,20502 Elizabeth Villages,Peterborough,ON,N2C7B3,2022-05-25,Active
151,Donna,Graves,M,1971-05-19,54,tammycurry@example.com,514-556-1681,14586 Heather Ridge Apt. 198,Niagara Falls,ON,V6M 5S9,2024-06-19,Active
152,Sara,Mendez,M,1988-12-31,37,ostone@example.com,729-343-0107 x139,55830 Hannah Glens Apt. 448,Niagara Falls,ON,A6E7N1,2025-10-02,Active
153,Martha,Nielsen,M,1966-09-06,59,zhendricks@example.org,572 785 7608,803 Marsh Underpass Suite 124,Markham,ON,N3R 7Y3,2024-07-26,Active
154,Karen,Thornton,F,2001-07-20,24,jennifer46@example.org,235-743-8421 x503,078 James Orchard Suite 521,Guelph,ON,J7B 9T2,2021-08-11,Active
155,Gloria,Wheeler,M,2005-01-26,20,cookpamela@example.org,(840) 943-5334 x485,2241 Susan Points,Oshawa,ON,J9Y 6P5,2022-04-19,Active
156,Justin,Sanchez,F,1993-03-21,32,collinspatricia@example.net,802-070-1601 x662,5381 Bradley Course Suite 174,Richmond Hill,ON,V3K5K6,2023-07-21,Active
157,Elizabeth,Mccormick,F,1992-12-21,33,shawn01@example.com,957.724.5992,1581 Patel Locks,Waterloo,ON,K3K8Y7,2021-12-02,Active
158,Heather,Reynolds,M,1967-06-03,58,vbradley@example.net,(921) 971-9975,2461 Gina Ranch,Peterborough,ON,N2V4B3,2026-01-11,Active
159,Daisy,Smith,F,2003-07-24,22,donnachavez@example.com,+1 (799) 733-5494,90986 Melissa Circle Suite 800,Richmond Hill,ON,E4M7A7,2024-09-19,Active
160,Richard,Graham,F,1993-08-09,32,elainewells@example.org,(765) 624-2201 x027,26796 Shawn Manors,Cambridge,ON,R3P7K1,2024-06-24,Active
161,Joel,Shaw,M,2000-08-16,25,khouse@example.com,909-751-9712,8189 John Roads Apt. 894,St. Catharines,ON,N8Y 8A9,2026-02-14,Active
162,Martin,Gomez,F,1986-06-09,39,keith09@example.net,1-194-079-2904,1281 King Ridges Suite 440,Toronto,ON,H6G 3T5,2025-07-03,Active
163,Henry,Rose,M,1968-11-15,57,cooperchristopher@example.org,176 637 2395,02767 Alvarez Terrace Apt. 667,Markham,ON,G1X5S8,2023-07-02,Active
164,Alyssa,Blanchard,M,1973-01-03,53,hardindana@example.com,1-454-414-9673,258 Emily Village Apt. 061,Brampton,ON,T5P 5K4,2021-10-05,Active
165,Brian,Wheeler,F,1988-10-19,37,stephanielittle@example.net,519.269.2124,174 Schwartz Shores Suite 421,Ajax,ON,B6R1R5,2026-05-15,Active
166,Scott,Vasquez,F,1970-05-10,55,chelseywhite@example.com,128.639.1741,94707 Denise Alley,London,ON,R6L 7G1,2024-03-02,Active
167,Tracy,Graham,M,2005-06-19,20,fernandezaaron@example.net,219-855-4601 x585,3280 Guerrero Hills Suite 157,Brampton,ON,T1J 4G1,2025-03-10,Active
168,Tracy,Brown,F,1987-06-05,38,victor70@example.org,1 (305) 061-3878,02707 John Run,Sudbury,ON,A5H 2B8,2024-08-24,Active
169,Caleb,Roth,F,2000-01-12,25,crawfordlauren@example.org,636.565.1982,92511 Thomas Mall,Windsor,ON,P8Y 4H1,2022-04-04,Active
170,Crystal,Bennett,F,1997-09-22,28,alexistucker@example.org,521-946-7232,3290 Jennifer Ridge Apt. 456,Whitby,ON,Y2K 9J2,2024-09-07,Active
171,Valerie,Romero,M,2001-06-14,24,qtownsend@example.org,1-103-127-7220,3645 Williams Streets Apt. 822,Markham,ON,V2X 4E8,2024-07-21,Active
172,James,Rhodes,F,1973-07-17,52,jerry15@example.org,136.363.1797,39726 Taylor Stravenue Apt. 543,Richmond Hill,ON,G5B3B2,2025-11-06,Active
173,George,Cooper,M,1980-06-09,45,cassandra92@example.net,(431) 687-3977 x406,6939 Robin Avenue,Richmond Hill,ON,B9B1V7,2024-03-31,Active
174,Lauren,Nicholson,F,1981-07-07,44,fsimpson@example.net,563-254-3107,799 Tiffany Mountain,London,ON,R8H 1P2,2023-07-08,Active
175,Alyssa,Phillips,M,1992-07-05,33,helen98@example.net,(619) 508-5016,055 Deborah Squares Apt. 832,Hamilton,ON,K8Y4E4,2023-03-12,Active
176,Wesley,Henderson,M,2003-04-14,22,brownmichael@example.com,(281) 788-4795 x137,2411 Joshua Square,Burlington,ON,V9G 1J5,2023-09-04,Active
177,Sarah,Wells,F,1992-01-29,33,pwallace@example.org,1-631-038-5695,887 Torres Curve Suite 243,Oshawa,ON,P3M6B5,2023-11-14,Active
178,Sandra,Joseph,M,1965-03-30,60,ian22@example.org,(410) 592-7452,552 West Estates,Markham,ON,E8A3R8,2026-03-26,Active
179,Tara,Payne,F,1964-09-15,61,deborah47@example.com,597 517 0281,9375 Mark Rest,Oakville,ON,X4K 1L2,2024-04-13,Active
180,Emily,Miller,F,1979-10-04,46,ulee@example.net,(505) 626-5650 x455,137 Lara Heights Apt. 662,Kitchener,ON,G8J 9M6,2021-12-02,Active
181,Katelyn,Davis,F,2006-07-08,19,rfowler@example.com,887 923 2648,9478 Walker Turnpike,Ajax,ON,G8L 2M5,2023-09-05,Active
182,Gwendolyn,Sanchez,M,1982-03-03,43,hubbardtrevor@example.org,1 (197) 964-7158,90257 Michael Center Suite 565,Oshawa,ON,M2M 9X4,2025-06-04,Active
183,Cody,Goodwin,F,1966-02-14,59,monique44@example.net,1 (618) 952-0284,5213 Wesley Village Apt. 898,Brampton,ON,S2T 3C1,2023-12-28,Active
184,Michael,Montoya,M,1972-10-17,53,gerald40@example.net,732.234.2321,07603 Antonio Shoals,Oshawa,ON,V1E 2L5,2024-12-05,Active
185,Kimberly,Mora,F,1995-10-30,30,brianagonzalez@example.net,1 (401) 249-5528,90833 Jackson Throughway,Toronto,ON,E8J 6X3,2023-10-16,Active
186,Henry,Kelly,M,2006-05-24,19,gcoleman@example.org,+1 (515) 171-8275,57164 Burke Inlet,St. Catharines,ON,K5Y7S4,2025-11-16,Active
187,Leah,Crosby,F,2003-02-13,22,harry71@example.com,681-126-6912 x153,613 Hardy Harbors,Vaughan,ON,R7P8V9,2022-12-26,Active
188,Daniel,King,F,1996-07-11,29,ihall@example.org,501.702.6952,87734 Henry Green,Windsor,ON,Y1Y7A2,2023-07-05,Active
189,Nicholas,Stevens,F,1972-12-13,53,thompsondonna@example.com,976 246 7197,8280 Baker Ramp Suite 954,Whitby,ON,B3A6B6,2025-08-22,Active
190,Kathy,Garrett,M,1986-12-16,39,wdavis@example.com,+1 (550) 333-4911,2085 Steven Way,Whitby,ON,X1S8L1,2026-07-09,Active
191,Peter,Armstrong,M,1976-03-26,49,rgarcia@example.org,1 (878) 529-4563,344 Kenneth Ports,Hamilton,ON,K6C5E2,2024-06-03,Active
192,Ronald,Reed,M,1984-03-16,41,pearsonkevin@example.com,+1 (985) 366-4987,82973 Adams Route,Oakville,ON,B6X8J3,2022-10-17,Active
193,Kathy,Richard,M,1995-05-29,30,eflores@example.net,(264) 424-9363,03477 Henderson Camp,Whitby,ON,H1L 5G5,2024-11-19,Active
194,Melissa,Stuart,M,1965-09-29,60,dcasey@example.org,1 (294) 165-1623,984 Wilkerson Freeway,Sudbury,ON,N4N 7R4,2022-04-24,Active
195,Tara,Gonzales,M,1965-09-13,60,michelle07@example.net,1 (815) 867-3425,0900 Johnny Lights Suite 518,Guelph,ON,T7R 5A5,2022-01-15,Active
196,Joe,Clark,F,1999-05-16,26,ruthwelch@example.net,+1 (304) 177-6561,156 Chavez Burgs Apt. 272,Mississauga,ON,R6J 2M2,2022-05-19,Active
197,Tara,Rivas,M,1983-06-11,42,melaniejennings@example.com,772-429-5431 x652,300 Rebecca Mountain Apt. 420,Sudbury,ON,S2L6G3,2026-04-30,Active
198,Jennifer,Graham,M,1962-09-11,63,fwilcox@example.org,(433) 447-6263,362 Sparks Burgs Suite 439,Sudbury,ON,K2P1T8,2022-04-04,Active
199,Heather,Mcdaniel,M,1973-05-27,52,verickson@example.net,1-111-800-5375,8964 Lambert Curve,Richmond Hill,ON,H9L 8H6,2025-12-24,Active
200,Logan,Moreno,M,1963-06-15,62,jorgeedwards@example.org,845-644-9485 x625,703 Brian Falls,Richmond Hill,ON,V8L 7H2,2026-07-27,Active
201,Billy,Kelly,F,2004-10-21,21,hellis@example.net,415 134 2284,926 John Parks,Sudbury,ON,N2A 7M6,2024-07-17,Active
202,Mary,Hernandez,M,2006-01-20,19,stevensjasmine@example.com,549-050-9759 x230,18961 Scott Garden Suite 103,Markham,ON,R3R 2M5,2024-01-17,Active
203,Lindsay,Collins,M,1979-01-28,46,michaeldavis@example.com,(337) 767-4996 x165,610 Mcpherson Springs Apt. 278,Waterloo,ON,M2T 8S5,2022-05-02,Active
204,Rebecca,Skinner,F,1963-03-28,62,dphillips@example.net,508.186.6179,9180 Joy Mountain Apt. 260,Windsor,ON,S8M 8N5,2023-04-19,Active
205,Lisa,Clark,M,2004-05-01,21,burgesscassandra@example.net,868.006.1027,974 Vazquez Spurs Suite 412,Toronto,ON,A1J 4E1,2022-08-21,Active
206,Debra,Graham,F,1990-04-27,35,christophercarrillo@example.org,460-122-7770 x793,605 Curtis Vista Suite 679,Burlington,ON,B8V9R8,2022-10-01,Active
207,Andrew,Ray,M,1959-10-01,66,adamsdeborah@example.com,879.576.0243,3839 Dorsey Walk Suite 246,Guelph,ON,P4V5H2,2024-12-04,Active
208,James,Obrien,M,1963-04-22,62,leonsherry@example.com,1-333-800-5452,56193 Anna Oval,Oshawa,ON,N9P5B3,2025-11-10,Active
209,Cassandra,Garcia,M,2002-01-09,23,housesamuel@example.com,219.918.0812,2478 Oconnor Courts,Oakville,ON,P2N 4G8,2026-06-10,Active
210,Adam,Davenport,M,1996-08-04,29,gpeterson@example.org,345.653.2863,6785 Scott Trail Apt. 811,Peterborough,ON,N7R1H7,2025-05-22,Active
211,Darlene,Orr,M,1990-12-03,35,levinetina@example.net,(746) 684-5504 x892,389 Terry Valleys Suite 341,Milton,ON,Y3N 9R9,2023-01-04,Active
212,Andrea,Boyd,F,1961-06-02,64,andrewzamora@example.net,1-634-681-0548,17490 Morgan Freeway,Kitchener,ON,P3M 7M9,2025-04-12,Active
213,Zachary,Lee,F,1962-01-24,63,shawn26@example.com,910.627.3715,886 Silva Roads Suite 776,Sudbury,ON,G8X 8G3,2026-06-07,Active
214,Allison,Benson,M,1983-04-12,42,vkennedy@example.org,(251) 961-1594 x082,5447 Kylie Divide Suite 044,Waterloo,ON,H2V 9A6,2021-12-05,Active
215,Timothy,Collins,M,1958-12-01,67,ymccullough@example.com,792-287-7725 x199,65807 Brewer Way Apt. 094,Toronto,ON,Y9C 1J9,2022-07-16,Active
216,Penny,Martinez,F,1981-05-03,44,suzannehill@example.org,(897) 189-5690,6260 Reyes Course,Peterborough,ON,E5Y 3H3,2022-11-13,Active
217,Kristopher,Russell,M,1961-04-03,64,brianwoodward@example.org,704-615-2654,33993 Romero Parkways,Oshawa,ON,E6L8B9,2023-08-17,Active
218,Rick,Hall,F,1981-10-08,44,adamstabitha@example.net,438.249.6718,8238 Ali Point,St. Catharines,ON,B5A3T1,2021-11-21,Active
219,Joshua,King,F,2004-07-11,21,okidd@example.org,(540) 289-1416 x128,98554 Nelson Shore Suite 537,Sudbury,ON,A8G1A1,2024-12-15,Active
220,Paula,Warner,F,1978-01-28,47,ymedina@example.net,380.715.6956,75370 Julia Trace,Richmond Hill,ON,P5J4C4,2026-06-29,Active
221,Benjamin,Vasquez,M,2006-11-21,19,adrianjoyce@example.net,+1 (314) 987-2839,212 Mahoney Walks,Toronto,ON,X1L 9J5,2024-12-29,Active
222,Aaron,Simmons,M,2002-07-06,23,nashmarcus@example.com,1-518-775-8030,750 Lee Common Apt. 361,Oshawa,ON,J5H 2N2,2021-09-23,Active
223,Andrew,Robles,F,1979-01-20,46,mary31@example.com,(250) 583-1997,110 Nicholas Vista Apt. 207,Niagara Falls,ON,M2S 1C9,2021-11-07,Active
224,Richard,Williamson,M,2000-10-14,25,mhall@example.net,876-769-9150,311 Brooke Cliff Apt. 928,Mississauga,ON,P8S3V4,2022-04-12,Active
225,David,Silva,F,1958-11-19,67,larry82@example.org,949-545-0892 x038,5333 Matthew Shores,Markham,ON,T5N7N6,2022-05-27,Active
226,Kristina,Williams,F,1980-03-20,45,samanthafowler@example.net,(379) 337-5636,0150 Douglas Mill,Sudbury,ON,P4B 4A5,2022-06-18,Active
227,Jennifer,Morgan,M,2002-08-19,23,gregorysmith@example.com,602.615.3473,289 Johns Circles Apt. 223,Guelph,ON,Y6R 7P4,2026-03-13,Active
228,Brenda,Dickerson,M,1996-04-09,29,kristine53@example.org,1-328-973-1791,857 White Station Suite 877,Peterborough,ON,L4R4B4,2023-11-07,Active
229,Jeffery,Coleman,M,1968-10-12,57,xduncan@example.com,(612) 147-8539 x078,7665 Stewart Light Apt. 273,Oshawa,ON,C5P9C9,2024-04-28,Active
230,Joshua,Perez,F,1960-08-28,65,jonesbenjamin@example.org,1 (535) 444-3928,4566 Thomas Passage,Oakville,ON,R4K 8K4,2024-03-03,Active
231,Katherine,Sharp,M,1997-06-18,28,fpeterson@example.com,(366) 377-8052,075 Perez Manors Suite 845,Toronto,ON,B6G 7G7,2022-08-12,Active
232,Amanda,Lopez,F,1976-11-26,49,murphysuzanne@example.net,1-312-182-0970,64334 Shawn Land,Sudbury,ON,H7N 3S2,2022-03-27,Active
233,Julia,Price,F,1978-05-08,47,davidharris@example.com,829-949-3874 x302,9385 Stevens Ports,Brampton,ON,C6M 5T7,2024-08-28,Active
234,Gregory,Wright,F,1998-09-17,27,qellis@example.org,860.324.8413,151 William Tunnel Suite 672,Markham,ON,J8X1B2,2024-10-14,Active
235,Steven,Cooper,M,1991-09-22,34,zfoley@example.org,941-257-7711,727 Skinner Extension,Richmond Hill,ON,E2H 9M7,2022-06-07,Active
236,Alex,Nelson,F,1991-07-04,34,nhoward@example.net,183-708-1647,63353 Christopher Manor,Burlington,ON,A2N 4J2,2025-07-29,Active
237,Gary,Jackson,F,1999-10-10,26,uhunt@example.com,(339) 386-6133 x155,5063 Robinson Shoals,Ajax,ON,P4B7C5,2025-06-06,Active
238,Veronica,Marquez,F,1982-07-27,43,johnathandavis@example.com,+1 (825) 257-1509,389 Jesse Ridges Apt. 436,Richmond Hill,ON,C6B 8G5,2022-08-08,Active
239,Dawn,Young,F,1976-02-18,49,vstevenson@example.org,1-450-864-0355,033 Boyd Falls,Kingston,ON,A2C4V1,2024-10-05,Active
240,James,Davis,F,1963-12-14,62,joelmiller@example.net,442-336-2934 x497,1566 Thomas Manors Suite 270,Oakville,ON,S9C3M9,2025-03-23,Active
241,Steven,Chavez,M,1969-12-21,56,ehart@example.org,1 (827) 323-0085,6567 Davidson Radial Apt. 601,Whitby,ON,H5J6S9,2025-02-19,Active
242,Micheal,Brown,F,1989-08-11,36,vhouse@example.org,(570) 502-4972,920 Kelli Row,Kitchener,ON,R4C7X3,2025-09-27,Active
243,Kevin,Ponce,F,1969-09-28,56,uwillis@example.com,319.524.3640,11686 Quinn Extension Apt. 522,Richmond Hill,ON,V2H 8X4,2022-07-09,Active
244,Ian,Malone,M,1959-08-30,66,tonya67@example.net,121.416.1415,7100 Walton Avenue,Richmond Hill,ON,E1J 7X9,2026-07-12,Active
245,Sarah,Kennedy,F,1996-03-07,29,cassandra55@example.net,1 (253) 566-9055,6209 Misty Harbors,Markham,ON,P9T 7V4,2021-08-09,Active
246,Sheri,Morris,M,1989-10-09,36,morgan57@example.org,969-156-7164 x932,71487 Peggy Crescent,Peterborough,ON,Y4K3K2,2022-02-12,Active
247,Anthony,Hickman,F,2008-03-30,17,raven43@example.net,1-271-287-1539,6863 Jonathon Highway Apt. 115,Barrie,ON,E6P 7G1,2023-02-22,Active
248,James,Price,F,1987-04-11,38,xflores@example.net,689 931 6087,3772 Thomas Shores,Kitchener,ON,N2M 5X8,2024-09-29,Active
249,Kelly,Levy,F,1967-10-23,58,zavalamason@example.net,(730) 276-4208,7566 Allison Haven Suite 386,Niagara Falls,ON,G5N 8B3,2024-06-23,Active
250,Timothy,Merritt,F,1979-07-28,46,jefferygoodman@example.net,659-126-6201,01859 Booker Road Suite 301,Cambridge,ON,R3V 7M2,2025-06-24,Active
251,Debra,Hill,M,2001-07-26,24,hrichardson@example.org,517.830.9997,267 Evans Crossroad,Cambridge,ON,N3C 7Y1,2023-07-24,Active
252,Kristen,Moreno,F,1999-02-06,26,stonebrenda@example.net,231.292.0875,93218 York Bypass,Ajax,ON,E6X 9M3,2023-09-15,Active
253,Aaron,Turner,M,2005-09-28,20,donna72@example.net,358-598-8310 x303,29839 Ramirez Stream Suite 184,Burlington,ON,R8H2R5,2024-12-22,Active
254,Douglas,Harris,M,2005-06-25,20,wanda35@example.net,(292) 625-6609 x314,861 Bowman Lake,Richmond Hill,ON,L5G1K2,2023-06-24,Active
255,Nicholas,Garcia,F,2006-12-19,19,thompsonjessica@example.com,718-594-8491 x025,8896 Vargas Green,Barrie,ON,X3G 7G5,2021-11-08,Active
256,Terri,Zimmerman,M,1994-04-25,31,erikabarnes@example.com,575 784 4683,6511 Jessica Course,Brampton,ON,B9C 8M1,2026-05-27,Active
257,William,Cross,F,1978-08-22,47,rjimenez@example.net,(116) 093-0685 x389,83215 Willie Center Suite 762,Richmond Hill,ON,E9N2K5,2023-02-01,Active
258,Jason,Rojas,M,1971-11-10,54,trobinson@example.net,(207) 970-5097 x545,2650 Ryan Flat,Waterloo,ON,X7X 2G8,2021-08-16,Active
259,John,Ruiz,M,1996-08-08,29,kevin62@example.net,1-417-722-5605,40266 Santana Estates,London,ON,V7L 8E9,2024-01-26,Active
260,David,Potter,M,1992-01-16,33,vshaw@example.com,111 022 5803,9067 Campbell Corner Suite 392,Mississauga,ON,K5L 4E7,2022-08-01,Active
261,Lisa,Haynes,M,1993-04-30,32,jacobbond@example.net,131 260 4326,06684 Jeffrey Meadow,Milton,ON,B1X5S2,2022-12-08,Active
262,Michael,Barnes,F,1971-03-08,54,patty20@example.org,553-474-9162,5411 Felicia Trail Apt. 555,Cambridge,ON,K7L2J2,2022-03-30,Active
263,David,Willis,M,1995-03-17,30,jamesgriffin@example.org,389.547.3820,8485 West Stravenue,Vaughan,ON,S7C 9V9,2025-07-18,Active
264,Joshua,Ponce,F,1965-04-10,60,brandon90@example.net,(967) 881-2786,9432 Ernest Forge Apt. 878,Oakville,ON,M5K9M2,2022-06-12,Active
265,John,Williams,F,1958-12-19,67,sheriramirez@example.org,1-603-381-0595,842 Villanueva Hill,Milton,ON,B4A5P3,2022-11-14,Active
266,Diane,Parrish,M,1957-05-29,68,sharphailey@example.net,1-798-373-5439,3652 Davis Falls,Waterloo,ON,H8H3J5,2021-09-11,Active
267,Gregory,Long,M,1965-01-24,60,chadjones@example.org,161-820-9166 x010,14290 Susan Coves,Vaughan,ON,C8J8G3,2023-02-16,Active
268,John,Stephens,M,1981-06-30,44,courtney10@example.org,484.186.2030,2543 Mcdaniel Stravenue Apt. 721,St. Catharines,ON,E2M 6P2,2023-05-24,Active
269,Christopher,Williams,F,2004-09-03,21,gregorymoreno@example.net,662 494 5147,102 Luke Loaf Suite 711,St. Catharines,ON,L6G3C3,2025-06-06,Active
270,Troy,Olson,M,1974-12-05,51,oguzman@example.com,936 687 8878,1968 Jacqueline Freeway,Waterloo,ON,A6J9A8,2026-05-19,Active
271,Brian,Bailey,F,2004-06-23,21,kenneththomas@example.net,+1 (733) 302-1260,19179 Anthony Lakes Apt. 131,Oakville,ON,S8G 3H9,2025-01-31,Active
272,Robert,Rogers,M,1972-03-02,53,mitchelleric@example.net,592-820-6678,362 Dudley Pike Suite 236,Mississauga,ON,K9R 2H8,2023-12-24,Active
273,Richard,James,F,1990-07-14,35,prattdeborah@example.org,1-311-159-5034,39043 Danielle Bypass,Hamilton,ON,L8C 1B1,2023-03-01,Active
274,Alan,Kelly,F,2005-08-27,20,susan83@example.com,+1 (152) 156-8182,9042 Faith Common Apt. 332,London,ON,X6X 8X3,2023-04-15,Active
275,Melissa,Jordan,F,1975-05-01,50,nallen@example.net,829.710.2481,5242 Joshua Lakes,Richmond Hill,ON,C8C5H8,2026-06-26,Active
276,Scott,Glass,F,1996-04-10,29,bonillatracy@example.com,1-666-927-5895,687 Rich Springs,St. Catharines,ON,B1K 3Y2,2023-01-17,Active
277,Reginald,Jones,F,1964-10-26,61,qsawyer@example.org,1 (777) 871-1216,5155 Lewis Streets,Markham,ON,E1L9T3,2026-05-02,Active
278,Jason,Carroll,F,1964-02-28,61,zbrown@example.com,+1 (273) 030-6442,46147 Warren Skyway,Whitby,ON,H7B6C5,2022-05-31,Active
279,Robert,Alvarez,F,1974-10-03,51,tammykim@example.net,+1 (608) 931-9925,72751 Baker Stravenue,Windsor,ON,T2G 1T4,2025-04-27,Active
280,Heather,Schroeder,F,1966-05-08,59,nrobinson@example.org,755-044-8177,5868 Wilson Fall Suite 652,Cambridge,ON,Y5S 7R5,2025-02-06,Active
281,Rebecca,Garcia,M,2005-05-12,20,shafferdale@example.net,196-179-8178,3378 Wilson Walks Suite 157,St. Catharines,ON,R4A9P5,2022-12-05,Active
282,Kyle,Orr,F,1990-11-04,35,anunez@example.com,700-258-9552,639 Poole Unions,Vaughan,ON,G7R6H9,2022-05-20,Active
283,Jennifer,Martinez,F,1968-08-08,57,welchkristen@example.net,1-382-531-1060,819 Johnson Street,St. Catharines,ON,T4P 4H5,2022-07-24,Active
284,Jessica,Roman,M,2000-04-17,25,qtownsend@example.org,1-212-091-1791,4211 Kirk Villages,Vaughan,ON,R1E 7V2,2024-01-09,Active
285,Jason,Barnes,F,1989-02-15,36,cynthia72@example.org,1-902-990-1557,84139 Amanda Path,Oshawa,ON,J4P 1E6,2022-04-14,Active
286,Heather,Martinez,F,1960-12-06,65,timothy15@example.net,(247) 768-6342 x346,37676 Cabrera Road Apt. 966,Brampton,ON,P8P 3C1,2026-05-20,Active
287,Robert,Munoz,F,1969-10-02,56,raymond12@example.com,+1 (225) 313-5525,0537 Roach Points,Waterloo,ON,R9M 4J2,2024-05-24,Active
288,Sophia,Aguirre,F,1993-11-02,32,berrydebbie@example.net,+1 (755) 330-7704,72959 Young Brooks,Kingston,ON,A5A3T7,2021-10-10,Active
289,Allison,Rogers,M,1984-05-01,41,jonescody@example.com,1-145-561-8579,7715 Anthony Causeway Apt. 215,Whitby,ON,K4H6C9,2026-07-16,Active
290,Miranda,Green,M,2005-03-01,20,rodriguezstacey@example.org,1-359-642-2971,96718 Becky Shore Suite 457,London,ON,C2L 6M9,2025-10-08,Active
291,Deborah,Foley,F,1969-03-13,56,jonestroy@example.org,937-637-1539,7281 Jeffery Lakes Suite 798,Waterloo,ON,R5J 7C3,2025-01-08,Active
292,Barbara,Garcia,M,2006-01-25,19,vwalter@example.org,(507) 240-7875,156 Edward Parkway,Oakville,ON,X8N5B6,2022-01-29,Active
293,Jessica,Henderson,M,1990-04-27,35,jaime29@example.com,(597) 861-0313 x100,81439 Myers Courts,Oakville,ON,L3V 4J6,2024-10-10,Active
294,Keith,Smith,F,1993-04-18,32,wesleygraves@example.com,1-132-512-2572,5024 George Trace Apt. 957,Brampton,ON,V2K 1V1,2024-06-05,Active
295,Mary,Fox,F,2008-02-03,17,karirowe@example.org,1-857-758-4745,4589 Rodriguez Spur,Guelph,ON,G3S 6K8,2021-09-29,Active
296,Heather,Jordan,F,1986-08-17,39,julielee@example.com,748.782.4556,3098 Flowers Crossing Suite 795,Whitby,ON,E3A8V3,2024-03-16,Active
297,Angela,Martin,M,1971-08-30,54,zroberts@example.com,170-349-1074,0042 Koch Turnpike Apt. 142,Guelph,ON,S4C 1M8,2026-04-04,Active
298,Erika,Hughes,F,1969-07-11,56,grasmussen@example.com,1-594-296-5923,8344 Kenneth Road,Kitchener,ON,Y7H2R3,2024-03-23,Active
299,William,Jennings,M,1992-09-07,33,taylor67@example.com,+1 (470) 806-1294,98940 Martinez Skyway Apt. 787,Peterborough,ON,C2B 6L2,2025-09-13,Active
300,Hannah,Lin,F,1985-12-29,40,yangemily@example.net,538-287-2324,9311 Eric Crest,St. Catharines,ON,K8J 1E9,2023-10-23,Active
301,David,Sullivan,M,1959-06-27,66,loriskinner@example.net,1-497-916-2022,837 Roberts Shores,Milton,ON,V7P 7L2,2023-11-29,Active
302,Eddie,Campbell,F,1998-11-22,27,elliottalex@example.com,397-052-7740,835 Palmer Extensions Apt. 595,Sudbury,ON,G7L2M8,2023-06-22,Active
303,Donna,Johnston,F,1981-02-14,44,david59@example.net,1 (299) 610-0231,753 Daniel Extensions Suite 610,St. Catharines,ON,E8B6C1,2026-03-18,Active
304,Holly,Gray,M,1973-04-17,52,jameshenry@example.net,1-233-268-3190,20569 Matthew Springs,Guelph,ON,J9J6V6,2024-09-06,Active
305,Devin,Jones,M,1985-08-23,40,egarrett@example.net,928.411.7309,34465 Monique Estate Suite 189,Milton,ON,X7X 1M9,2025-01-29,Active
306,Thomas,Lowery,F,1962-05-11,63,denise05@example.com,1-835-023-8503,905 Stephanie Rapid,Oshawa,ON,Y5V 1G2,2021-10-08,Active
307,Debra,Reynolds,M,1982-12-27,43,kimberly30@example.org,738-960-8706,6821 Wilson Ridges,Milton,ON,P7J1N4,2022-10-01,Active
308,Jeremy,Burgess,F,1987-03-15,38,ritteralexis@example.net,(601) 027-2405,2967 Diane Club,Peterborough,ON,Y6J4V8,2025-02-26,Active
309,Kimberly,Carter,F,2005-07-18,20,alisonadams@example.net,(481) 056-9741 x328,831 Hardy Turnpike Apt. 037,Richmond Hill,ON,E1A5V5,2024-07-13,Active
310,Tammy,Brown,M,1972-03-19,53,ysimpson@example.com,103-362-6804 x085,9305 Glenn Tunnel Apt. 186,Burlington,ON,Y9T5S3,2026-05-24,Active
311,Victoria,Allen,M,1980-11-22,45,campbellfelicia@example.com,638.459.6094,490 Kurt Shore Suite 427,Cambridge,ON,A8T1A6,2023-12-29,Active
312,Jeffery,Brown,M,2000-06-30,25,hillcheryl@example.com,372.444.7232,10287 Williams Stravenue,Markham,ON,B1L 6L9,2025-03-08,Active
313,Michael,Jones,M,1987-10-28,38,ewilson@example.org,(659) 561-6420,6574 Ethan Cape Suite 290,Peterborough,ON,J9N 6X4,2023-06-27,Active
314,Diane,Hernandez,F,1986-11-22,39,friedmansusan@example.org,(698) 681-8097 x887,94353 Hall Island Apt. 376,Brampton,ON,C9P2Y6,2024-11-09,Active
315,Shane,Barnes,F,1988-01-24,37,sarasanchez@example.com,994 455 1166,732 Smith Crest,London,ON,L2Y3V1,2025-10-05,Active
316,Gary,Jones,M,1957-11-02,68,wstrong@example.org,+1 (283) 415-5999,57676 Todd Squares,Windsor,ON,H3X 1C6,2024-12-17,Active
317,Luke,Thompson,F,1980-03-05,45,shirley13@example.com,350-988-9864 x565,36849 Garcia Haven,Oshawa,ON,E8M 8L4,2026-01-07,Active
318,Samantha,Zhang,M,1971-08-05,54,middletonelizabeth@example.org,438.820.9088,0534 Dennis Pike,Kingston,ON,T2M 8E7,2024-01-22,Active
319,Derrick,Ramirez,F,1961-02-09,64,schmittlinda@example.net,(615) 285-4781,1853 Stacy Road,Cambridge,ON,K4G 4R5,2023-12-10,Active
320,Jacob,Crawford,F,1981-10-14,44,jamesliu@example.net,(706) 178-9320,693 Washington Shoals Apt. 434,Kingston,ON,V9R8P5,2022-01-27,Active
321,Nicole,Fischer,F,1962-06-09,63,robert75@example.org,+1 (812) 751-5627,304 Romero Vista Suite 085,Oshawa,ON,N8S7R7,2022-11-23,Active
322,Todd,Robinson,M,1959-06-08,66,parkerrobert@example.net,183 199 5298,1558 Diana Path,Oshawa,ON,P3Y 9J7,2025-11-21,Active
323,Laurie,Lozano,M,1968-07-08,57,robert83@example.org,508-186-7024,30416 Anderson Streets,Milton,ON,C9C7C1,2021-08-30,Active
324,Cassidy,Hernandez,M,1999-10-07,26,mlee@example.com,1 (868) 044-7314,6136 Webb Squares Apt. 607,Burlington,ON,P8Y4E1,2023-07-30,Active
325,Mitchell,Hart,M,1968-08-30,57,martin11@example.net,937 931 2697,74645 Benjamin Spurs,Sudbury,ON,A9L8J9,2024-02-03,Active
326,Joe,Murray,M,2006-06-26,19,vrobertson@example.net,316.162.0281,1067 Connie Pine,Vaughan,ON,G7Y1S5,2022-03-06,Active
327,Jennifer,Beard,M,2008-05-15,17,alexandra95@example.net,824 839 5894,52287 Louis Fall Apt. 710,St. Catharines,ON,J9J8E6,2022-01-24,Active
328,Brooke,Jones,M,1989-02-02,36,michaelsmith@example.org,1-946-945-9648,92134 Jose Cove,St. Catharines,ON,X5R 8N4,2022-06-07,Active
329,Veronica,Davis,M,1997-04-29,28,douglasalvarez@example.org,1 (910) 287-6754,86667 Collins Pike,Waterloo,ON,X3C5J3,2025-10-16,Active
330,Tracy,Mccormick,M,1985-09-26,40,grantryan@example.com,705 756 3983,03758 Adam Inlet Suite 154,Toronto,ON,L8B 7L1,2026-07-28,Active
331,Joshua,Brown,M,1993-03-19,32,roysara@example.net,272-781-0509 x222,07051 Lucero Fields Apt. 552,Waterloo,ON,X7A1R2,2022-07-22,Active
332,Dylan,Adams,M,1996-03-06,29,scotthill@example.org,(862) 044-8515 x791,12125 Katie Turnpike,Milton,ON,J2P 4T5,2025-10-11,Active
333,Rachel,Lee,M,1989-12-28,36,lancegray@example.com,342 956 3343,7417 Lane Keys Suite 209,Niagara Falls,ON,G7Y6J5,2022-08-18,Active
334,William,Gallegos,F,1992-12-21,33,christopher34@example.org,740-182-7279 x559,1502 Alvarez Junction,Cambridge,ON,H3P 8M9,2022-07-10,Active
335,Lisa,Bryant,F,1957-09-22,68,esimon@example.org,1-259-576-4038,4969 Frank Expressway Suite 983,St. Catharines,ON,G2N 5B3,2025-08-07,Active
336,Frederick,Smith,M,1980-06-11,45,jamesjackson@example.com,123.361.3285,51786 Roberta Skyway Suite 731,Windsor,ON,G7N6G5,2025-09-09,Active
337,Roger,Long,M,1994-07-28,31,reedelizabeth@example.net,739-235-5580,327 Bradley Hollow,St. Catharines,ON,C3N7R3,2023-01-06,Active
338,Lori,Johnson,M,1976-09-15,49,zwhite@example.net,(717) 151-6025 x298,76604 Green Roads Apt. 978,Barrie,ON,V6N2Y3,2026-06-30,Active
339,Patrick,Leonard,M,1984-03-29,41,adamvaughan@example.net,1-238-976-0740,5095 Simmons Spring Suite 084,Niagara Falls,ON,M1P 8S6,2023-01-29,Active
340,Daniel,Dennis,F,1958-06-12,67,fwright@example.net,922.764.5793,15502 Patrick Stream Apt. 546,Barrie,ON,A2H7L2,2025-07-23,Active
341,Wanda,Gilbert,M,1986-04-12,39,heatherwilliams@example.net,136-424-8096 x244,06244 George Roads Suite 133,Peterborough,ON,N5K 8C7,2024-10-06,Active
342,Paul,Spears,M,1973-09-08,52,cooperluis@example.com,277 382 6460,513 Torres Terrace Suite 770,Brampton,ON,H7P 1S5,2024-05-16,Active
343,Jimmy,Morse,F,1982-02-10,43,nicholasrush@example.org,963.319.4226,3694 Townsend Roads Apt. 588,Hamilton,ON,K8R5V8,2022-05-17,Active
344,Ricardo,Smith,M,2002-01-02,24,kathryn21@example.com,+1 (966) 309-3299,960 Bishop Expressway,Richmond Hill,ON,C7P9A9,2025-11-28,Active
345,Evan,Wood,M,2000-10-22,25,gregorygiles@example.org,1 (824) 103-9773,78195 John Stravenue,Niagara Falls,ON,A9B 8S7,2021-12-10,Active
346,Jordan,Baldwin,F,1978-04-13,47,baldwincatherine@example.net,877-046-0568,12491 Michael Shoals Suite 237,Sudbury,ON,L2E 8N8,2025-05-09,Active
347,Matthew,Norris,F,1995-12-15,30,kristin49@example.com,522-840-3595,294 Marquez Spring Suite 222,Richmond Hill,ON,R1L4K5,2022-05-02,Active
348,Michael,Romero,F,1957-03-22,68,kwoods@example.com,898 585 6728,6015 Kyle Fork,Brampton,ON,L6E 8J8,2024-06-09,Active
349,Alexander,Francis,F,1989-10-19,36,judithcox@example.org,+1 (115) 814-8881,833 Robles Falls Apt. 372,Toronto,ON,L2Y 4L2,2026-02-14,Active
350,Kevin,Clark,M,1963-06-27,62,brendaperkins@example.com,880.513.7171,89397 Hudson Prairie,Milton,ON,E8T1J5,2025-05-13,Active
351,Travis,Thompson,F,1987-11-11,38,ppalmer@example.com,1-383-548-8471,58772 Cameron Meadows Suite 175,Guelph,ON,J4E 5K9,2023-02-12,Active
352,Thomas,Cohen,F,1996-06-11,29,ashleymoore@example.org,(762) 292-5879,47452 Cook Knoll Suite 746,Vaughan,ON,S1A7R6,2024-10-26,Active
353,Stephen,Hill,M,1963-11-14,62,jasonmoran@example.com,1 (905) 665-8833,1132 Sharp Stravenue Suite 067,Oakville,ON,L2R 1B6,2022-12-21,Active
354,Sandra,Rodriguez,M,1975-10-21,50,nicolejones@example.net,+1 (422) 949-3817,848 Norris Dam Apt. 557,Guelph,ON,H4N 8T6,2023-04-04,Active
355,Jane,Scott,F,1991-10-31,34,taylordawn@example.com,+1 (170) 808-5096,749 Walters Street Apt. 918,Burlington,ON,Y2H 8X4,2025-05-08,Active
356,Ryan,Hill,F,1996-06-25,29,vpreston@example.org,1 (512) 957-8606,600 Marcus Drive,Markham,ON,K8N4Y6,2026-01-21,Active
357,Barbara,Lopez,F,1993-10-07,32,jamiewhite@example.org,(390) 285-1553 x334,3350 Natalie Mill Apt. 607,Cambridge,ON,R8B 7T4,2022-08-14,Active
358,Lisa,Davis,F,1976-05-18,49,williamlane@example.net,423.179.5563,574 Sierra Brook,Burlington,ON,R2S 6R6,2026-04-27,Active
359,Ryan,Abbott,M,2000-02-03,25,jerome16@example.com,945-023-2902,70093 Watson Mall,Kingston,ON,S9H 3H3,2023-06-01,Active
360,Kristin,Johnson,F,2004-09-08,21,kevingarrett@example.com,1 (900) 507-0260,822 Alexis Fork Apt. 611,Brampton,ON,T8S3Y1,2023-02-23,Active
361,Rebecca,Anderson,M,1981-01-02,45,summer17@example.com,(523) 822-3116,34245 Barnett Pike,Cambridge,ON,G6N3S1,2025-05-01,Active
362,Crystal,Bauer,F,1998-03-07,27,alexiswalters@example.org,765 097 7539,79487 Julie Shoal Suite 524,St. Catharines,ON,V2Y6T9,2022-11-27,Active
363,Ronald,Johnson,F,1997-04-02,28,codyhester@example.org,984.254.7681,8323 James Summit,Niagara Falls,ON,X9G1X9,2023-05-28,Active
364,Stacey,Schmidt,M,1968-07-29,57,erik29@example.org,989 634 0646,7524 Charles Station Suite 399,Kingston,ON,B3S 8G3,2025-05-31,Active
365,Stephanie,Sanchez,F,1998-07-22,27,debbiemyers@example.org,(451) 342-6192,45018 Warren Trail Suite 374,Milton,ON,Y2T 6G5,2026-05-04,Active
366,Mary,Scott,F,1958-09-22,67,ksimmons@example.net,143-811-9953 x766,4485 Estrada Glen,Windsor,ON,C8A4E8,2022-09-12,Active
367,Joseph,Osborn,F,1979-02-24,46,kcastro@example.com,(760) 919-1911 x359,057 Berry Pike Apt. 660,Kitchener,ON,H2A 5N7,2025-08-08,Active
368,Melissa,King,F,1994-07-03,31,michael34@example.com,657-423-8856,1559 Leslie Inlet,Oshawa,ON,C8R 3N7,2022-08-08,Active
369,Todd,Rogers,F,2001-02-06,24,whuang@example.org,950 139 4884,9131 Jennifer Wells,Oshawa,ON,L9G6N7,2022-04-04,Active
370,Megan,Doyle,M,1976-08-16,49,christina15@example.org,403-824-0733 x337,43097 Perry Plaza,Whitby,ON,S7H 7X5,2025-02-15,Active
371,Linda,Baker,M,2007-08-26,18,michael35@example.net,1 (812) 538-9218,93583 Adams Villages Apt. 797,Ajax,ON,S1C9H8,2024-05-21,Active
372,Michael,Dillon,M,1959-08-02,66,brycegomez@example.net,1-894-097-6263,453 Thomas Plains Suite 090,Brampton,ON,E9C7C3,2025-04-03,Active
373,Carolyn,Blake,F,1969-07-13,56,maryjohnson@example.com,351.169.6667,14526 Porter Ferry Suite 633,Burlington,ON,C2N9T5,2021-09-10,Active
374,Tina,Brown,M,1988-02-11,37,cody08@example.org,456-409-9512,83512 Berry Mill Apt. 827,Milton,ON,B5Y 5E2,2023-05-03,Active
375,April,Mccullough,F,1965-12-22,60,jlee@example.net,1 (678) 671-8153,73605 Sabrina Neck,Oakville,ON,X9C 9N9,2023-07-25,Active
376,James,Flores,F,1985-01-01,41,sgallagher@example.net,+1 (966) 617-0715,647 Townsend Square Apt. 803,Vaughan,ON,M6Y 1H9,2021-09-24,Active
377,Paul,Bell,M,2006-11-11,19,colongabrielle@example.com,(482) 850-3172 x351,99006 Rachel Crescent Suite 035,Cambridge,ON,R7K 1P3,2022-04-19,Active
378,Elizabeth,Macias,F,1969-05-24,56,tbecker@example.net,1-834-606-6643,060 Anderson Spurs Apt. 111,Brampton,ON,V9C 6H3,2026-04-23,Active
379,Erin,Arias,F,1969-12-06,56,smitchell@example.com,1-911-631-8732,7113 Marissa Ferry,Waterloo,ON,C6K 8S3,2023-10-20,Active
380,Elizabeth,Gordon,M,1996-08-02,29,kaylahardy@example.org,725-425-7306,8132 Matthew Stravenue,Oakville,ON,A4T9C5,2024-05-17,Active
381,Tamara,Brown,F,1964-01-18,61,ortizamanda@example.net,155 021 3060,130 Andrew View Suite 964,Barrie,ON,T5K6V8,2023-12-27,Active
382,Shawn,Suarez,F,2003-04-26,22,drewwalsh@example.org,+1 (742) 506-4207,2536 Stephenson Mount,Milton,ON,T6R6T6,2024-12-01,Active
383,Alyssa,Sanchez,F,1963-07-08,62,ashleygould@example.net,1 (278) 654-3627,9603 Matthew Estate Suite 862,Guelph,ON,A3J5R3,2024-10-18,Active
384,Lauren,Hernandez,F,1986-06-30,39,taylor27@example.com,(301) 110-0051 x553,1595 Alvarez Squares,Sudbury,ON,M9M 3E3,2022-05-29,Active
385,Renee,Ortiz,F,1962-10-02,63,rgraves@example.net,(812) 710-2676,95799 Seth Brooks,Oshawa,ON,P6N2C3,2022-04-07,Active
386,Phillip,Hernandez,M,1972-03-13,53,suzanneflores@example.net,559.709.9625,480 Flores Expressway,Oshawa,ON,K8M 7L6,2021-10-16,Active
387,Kathleen,Ellis,M,1995-08-04,30,cookanthony@example.net,590-463-7660,5866 Anderson Key Suite 837,Hamilton,ON,L2C6T9,2026-01-26,Active
388,David,Gill,M,1957-10-15,68,charlesbrooks@example.org,(811) 005-9129,191 Janet Flats Apt. 211,Kingston,ON,S1K 2J7,2023-03-12,Active
389,Thomas,Gonzalez,M,1984-02-13,41,ljacobs@example.com,1-590-728-0123,931 Jacob Vista,Burlington,ON,K5H7R9,2024-10-17,Active
390,John,Cooper,M,1967-12-11,58,alyssapena@example.net,1-742-101-7509,701 Chapman Lake,Kitchener,ON,L6N 8T6,2024-02-02,Active
391,Lawrence,Duarte,F,1996-04-15,29,jeremyjackson@example.net,1 (367) 756-7772,0256 Reginald Bridge Suite 229,Burlington,ON,J7E 8A3,2022-12-11,Active
392,Tyler,Moore,F,1966-11-16,59,jeremy79@example.net,366-270-5115 x794,736 Smith Inlet,Oshawa,ON,N2M 3S9,2023-01-01,Active
393,Lindsay,Shields,M,1994-04-12,31,annette71@example.org,656-335-3574 x859,59399 Lisa Gateway,Hamilton,ON,V9A2N7,2025-05-05,Active
394,Christopher,Henry,M,1989-01-07,37,carl63@example.com,850 733 0559,5759 Madison Rue,Barrie,ON,E4M 9B9,2023-01-02,Active
395,Rodney,Cardenas,M,1997-09-16,28,evansjames@example.com,306-157-2768,1474 Jasmine Motorway Suite 292,Sudbury,ON,A6E9B8,2023-06-08,Active
396,Jennifer,Pierce,M,1972-12-26,53,zlucas@example.org,1 (390) 459-9080,12218 Shelby Freeway Apt. 555,Barrie,ON,S8N 7C9,2021-11-25,Active
397,Kristine,Neal,M,1978-03-30,47,olsenshane@example.org,1-133-080-0370,22855 Avila Skyway,Oakville,ON,A8X1M7,2024-05-04,Active
398,Brittany,Clark,M,1958-09-06,67,ssmith@example.org,1 (582) 632-8094,623 Cook Islands Suite 614,Oshawa,ON,A7T4X3,2022-02-25,Active
399,Daniel,Fitzpatrick,F,1976-09-27,49,jameshudson@example.net,1-439-457-0394,0325 Victor Stravenue,Mississauga,ON,N3T8R8,2024-05-24,Active
400,Valerie,Mathews,M,1971-06-07,54,chrisrodriguez@example.org,390-040-4769,53365 Joshua Shoal,Oakville,ON,M5B 3E5,2023-11-16,Active
401,Tonya,Rocha,F,2005-01-25,20,calhounjulie@example.net,572-011-3798,97123 Raymond Lane Apt. 076,Vaughan,ON,S1H2A5,2025-02-20,Active
402,James,Adams,M,1993-12-21,32,sylvia33@example.net,600-968-7304 x519,8255 Malik Route Suite 629,Hamilton,ON,P5T3P8,2024-12-20,Active
403,Susan,Miller,F,1977-10-19,48,nicole55@example.net,378-205-8295 x829,616 Veronica Plains,Niagara Falls,ON,X5E 9A3,2025-04-16,Active
404,Kristin,Burns,F,1992-02-28,33,jessica58@example.com,(263) 956-1372 x308,14364 Amber Court Apt. 000,Milton,ON,E2J2H5,2023-11-08,Active
405,Shirley,Stanley,F,1962-10-12,63,wolfekevin@example.com,1 (834) 699-7990,5504 Callahan Lights,Cambridge,ON,S1P 7V1,2026-05-28,Active
406,Christopher,King,M,1996-01-23,29,millerjennifer@example.net,976.539.7054,96102 Selena Mills Apt. 827,Windsor,ON,R5Y2B9,2024-01-18,Active
407,Kelly,Martin,F,2003-07-05,22,carolyn61@example.net,113 773 0626,35973 Stokes Crescent Apt. 222,Oshawa,ON,T7V 1P9,2026-01-30,Active
408,Amy,Barnes,M,1975-09-29,50,ramirezangela@example.com,211.457.6832,19237 Grant Neck,Hamilton,ON,H9S 1E4,2022-08-08,Active
409,Julie,Myers,F,1972-03-18,53,brian01@example.net,1-498-042-5373,7312 Tran Road Apt. 228,Peterborough,ON,C2V 3X4,2024-09-22,Active
410,Connie,Pace,M,1978-02-04,47,richard60@example.com,+1 (903) 567-9327,239 Crawford Club Suite 906,Brampton,ON,Y1C 6G5,2023-07-23,Active
411,Lindsay,Stark,M,1980-09-29,45,mary95@example.com,887-698-9992 x751,891 Soto Groves Suite 983,London,ON,N6K5J4,2025-09-20,Active
412,Robert,Baker,F,1983-07-06,42,msantiago@example.net,943 588 5379,43395 Paige Valleys,Niagara Falls,ON,P8K5R8,2024-04-11,Active
413,Catherine,King,M,1964-03-15,61,zli@example.org,734.778.9489,0679 Thomas Loaf,Brampton,ON,E2G6H1,2021-10-17,Active
414,Daniel,Nichols,F,1960-03-31,65,kristenfrost@example.net,+1 (530) 900-1594,33999 Reilly Knoll Apt. 208,Hamilton,ON,K4H9R1,2026-05-13,Active
415,Joy,Irwin,M,1961-05-02,64,lisa11@example.org,+1 (133) 792-2341,469 Griffin Fort,Markham,ON,C8S 3T7,2025-11-05,Active
416,Andrew,Hubbard,F,1995-08-18,30,nicolehenry@example.net,1 (650) 789-6793,196 Kristin Fords,St. Catharines,ON,N5P 4R5,2026-01-31,Active
417,Natalie,Yu,F,1976-04-28,49,debbiebrown@example.net,769-556-0767,4534 Buck Green,Cambridge,ON,H9H9K4,2025-10-27,Active
418,Michael,Hodges,F,2007-07-05,18,mannerik@example.net,(404) 184-7242 x642,2813 Christine Ports Apt. 487,Barrie,ON,H4K2A2,2025-06-15,Active
419,Krista,Ferguson,M,1970-08-01,55,xtran@example.net,128 230 5248,2207 Meghan Garden,Barrie,ON,L8T3K2,2025-02-27,Active
420,Catherine,Williams,M,1965-01-08,61,staylor@example.com,(576) 886-8785 x996,87203 Carol Land Suite 196,Markham,ON,R1M6P8,2022-08-02,Active
421,Ryan,Little,M,1957-06-05,68,shannongarza@example.net,746 320 3747,753 Anderson Center Apt. 214,St. Catharines,ON,B7P7T2,2024-07-31,Active
422,William,Woods,M,1975-01-15,50,vjones@example.org,1-982-012-8400,850 Powell Union,Vaughan,ON,P6N1M9,2024-07-08,Active
423,Katherine,Hamilton,M,2002-07-15,23,estradaamy@example.net,(512) 657-4223 x196,00402 Robert Fields Suite 268,Oshawa,ON,J3A1C5,2025-03-24,Active
424,Jeffery,Herman,M,1997-07-07,28,sandysnyder@example.org,959-574-9885 x582,330 Webb Isle Suite 760,Windsor,ON,L9E4G4,2025-12-30,Active
425,Rebecca,Howe,M,1969-07-12,56,robert66@example.net,1 (741) 329-7150,2670 Pace Crest Suite 377,Windsor,ON,J4R5S4,2024-08-23,Active
426,Erik,Murphy,M,1965-03-02,60,gcastaneda@example.org,802.867.1200,24559 Billy Inlet,Windsor,ON,E1B1C4,2025-07-16,Active
427,Madison,Henry,F,2003-03-28,22,brittney98@example.org,1-421-794-2817,65277 Lynn Inlet Suite 663,Guelph,ON,N8J3K3,2021-10-10,Active
428,Nancy,Hernandez,F,1959-08-25,66,umartinez@example.org,1-555-937-6618,0526 Michael Causeway,Oakville,ON,L8R 8H7,2025-07-05,Active
429,Shannon,Cabrera,M,2001-06-12,24,wbarrett@example.net,302 461 7520,974 Jennifer Mall,Barrie,ON,A6P 6N1,2022-02-11,Active
430,Tanya,Harris,F,1996-09-17,29,marvinhopkins@example.net,(948) 689-9936 x079,704 Smith Radial Apt. 767,Waterloo,ON,N5K 5T1,2025-09-04,Active
431,Bethany,Foster,F,1991-05-08,34,schmidtbilly@example.com,(160) 601-4886,079 Amanda Plaza Suite 136,Oakville,ON,H1Y7J2,2023-03-27,Active
432,Timothy,Garcia,F,1969-05-13,56,gary44@example.com,263 251 4488,10314 Daniel Mission,Oakville,ON,E8X9Y2,2023-12-31,Active
433,Kristen,Kelly,M,1988-07-16,37,gomezpaul@example.org,(840) 911-2252 x883,56618 Lewis Field Suite 913,Brampton,ON,Y6T6R4,2026-02-03,Active
434,Jacob,Duncan,M,1958-06-26,67,huertasarah@example.net,1 (960) 571-2198,277 Wilson Valleys,Oshawa,ON,N9K 7M5,2021-10-14,Active
435,Sheila,Ortega,M,1962-02-19,63,heathercabrera@example.org,1-756-185-1744,45212 Michael Court,Guelph,ON,N3N4E2,2022-09-30,Active
436,Mckenzie,Pierce,M,1970-12-21,55,cainana@example.net,(348) 416-0461 x540,90170 Pacheco Lodge,Whitby,ON,L4H 2Y6,2022-06-07,Active
437,Ashley,Delacruz,M,1990-04-25,35,ruizjessica@example.org,983 608 4937,63963 Cooper Lodge,Vaughan,ON,M2L7K5,2024-10-31,Active
438,Tiffany,Sullivan,M,1982-06-21,43,julievazquez@example.net,791 320 3301,41903 Maria Bridge,Oshawa,ON,E8N3J3,2025-03-19,Active
439,Misty,Nguyen,M,1997-06-11,28,hgray@example.net,1-873-236-5337,0406 Moore Tunnel Apt. 784,Brampton,ON,S3E 5M5,2022-06-23,Active
440,Thomas,Farmer,F,1996-07-31,29,willismichael@example.net,(873) 476-4273,37638 Daniel Stravenue,Windsor,ON,X5L9E5,2025-04-28,Active
441,Ashley,Dyer,F,1957-08-25,68,rachelking@example.org,(699) 827-8020 x586,3214 King Unions,Markham,ON,J2R7P8,2024-09-18,Active
442,Mark,Hodge,M,2002-11-19,23,thomas38@example.com,836-801-1923 x603,118 Higgins Forges Apt. 351,Cambridge,ON,L2A 5S8,2026-01-21,Active
443,Sandra,Carr,F,1961-06-15,64,trujillokylie@example.net,(607) 482-0736,89394 Ronald Keys,Cambridge,ON,T1Y2H1,2024-12-05,Active
444,Lynn,Young,F,1966-08-09,59,oconnorjames@example.org,(224) 707-3920,4621 Thomas Avenue,Oakville,ON,P3B 7Y2,2022-01-05,Active
445,Charles,Perry,F,1964-10-13,61,kperez@example.com,(788) 995-7298 x937,745 Obrien Street,Oshawa,ON,J7R 9M8,2026-03-25,Active
446,Darrell,Neal,M,2002-01-28,23,hallisabella@example.org,(976) 920-8283 x230,88158 Jordan Isle,Cambridge,ON,H8B 4S3,2025-08-09,Active
447,Daisy,Holmes,M,1968-01-22,57,ujones@example.net,(215) 724-5000 x000,91137 Scott Plain Suite 090,Markham,ON,P2N 9R5,2025-05-09,Active
448,Christopher,Hess,F,1970-02-26,55,hmitchell@example.org,924 890 5670,0090 Ebony Gardens Suite 551,Guelph,ON,X3L7X7,2024-05-28,Active
449,Edward,Adams,F,1968-11-08,57,vickiwood@example.org,1 (742) 960-8070,69987 Buchanan Brook,Markham,ON,G5C 1B2,2025-12-01,Active
450,Allison,Zamora,M,1969-09-27,56,greenjessica@example.net,287 738 3638,3212 Montgomery Hill Apt. 894,Toronto,ON,M4H7A3,2023-06-07,Active
451,Allison,Lewis,M,1994-04-21,31,susan41@example.com,764-625-5402,558 Kelly Way,Waterloo,ON,C5V 7R5,2025-11-27,Active
452,Susan,Moreno,F,1983-04-08,42,ingramjessica@example.com,(188) 824-5279,40433 Jason Track Suite 384,St. Catharines,ON,E3R2K2,2022-01-23,Active
453,Alicia,Griffith,M,1987-10-14,38,stephenscatherine@example.org,(191) 373-2653,11987 Esparza Court Suite 868,Niagara Falls,ON,A1H 1J2,2023-04-07,Active
454,Andrea,Monroe,M,1978-03-05,47,sancheznicholas@example.com,344-916-0936 x595,49118 Rodriguez Highway,St. Catharines,ON,K8R 6X1,2024-07-10,Active
455,Richard,Jackson,F,1995-12-06,30,shellyobrien@example.net,513 745 5611,428 Shepard Canyon,Milton,ON,A8N7K7,2023-10-08,Active
456,Brandon,Steele,M,1997-09-16,28,francisronald@example.org,130-835-6691,71531 Katrina Glens Suite 506,Oshawa,ON,S8E 7V9,2024-10-23,Active
457,Jason,Warren,F,1964-01-04,62,kelly01@example.org,1-980-873-5437,0335 Brian Shores,Niagara Falls,ON,T9A6B2,2025-08-10,Active
458,Hunter,Smith,F,1971-06-15,54,lbraun@example.org,+1 (899) 969-9648,428 Riley Route,Vaughan,ON,G5N 1E9,2026-01-11,Active
459,Laura,Vincent,F,1986-03-16,39,pamelarodriguez@example.org,1-926-698-0690,61760 Thompson Forge Suite 838,Brampton,ON,N9P 3K9,2025-05-18,Active
460,Tina,Clayton,F,2000-01-23,25,susan12@example.net,+1 (750) 826-9582,86965 Mccoy Village Apt. 087,Sudbury,ON,E9G6J6,2026-06-30,Active
461,Johnathan,Lee,F,1995-08-13,30,raymond23@example.net,1-984-002-7300,661 Darryl Track Suite 831,Kingston,ON,J1N 2A7,2024-03-25,Active
462,Joshua,Carter,M,1988-06-02,37,hodgemanuel@example.com,+1 (428) 397-6205,0777 Myers Centers Suite 266,Richmond Hill,ON,G9P 2A8,2025-03-20,Active
463,Sandra,Leblanc,F,1999-07-18,26,arianarandolph@example.org,1-806-884-1333,25523 Moon Locks,Windsor,ON,T8Y 1C4,2025-11-03,Active
464,Frank,Garcia,F,2003-05-06,22,aaronrodriguez@example.com,(285) 277-8956,71844 Watkins Stream,Guelph,ON,N7B 5G9,2021-10-21,Active
465,Ryan,Mitchell,F,1999-02-06,26,youngjamie@example.com,367.812.7782,21798 Curtis Fields,Barrie,ON,X9S6H8,2025-07-07,Active
466,Samuel,Chang,M,1992-04-21,33,nancyryan@example.org,(928) 560-5397 x079,1770 Valencia Parks Apt. 682,St. Catharines,ON,P9A 3R2,2024-11-19,Active
467,Jeffrey,Bailey,M,1965-06-25,60,christopherlong@example.net,1 (205) 871-4692,92596 Fischer Canyon,Cambridge,ON,K5S9Y1,2026-05-11,Active
468,Samantha,Rosales,F,1963-03-11,62,beanheather@example.org,(269) 484-2495 x988,5788 Rivers Terrace,Kingston,ON,T3C 4P9,2023-08-07,Active
469,James,Hammond,M,1976-11-24,49,anthonygilbert@example.com,+1 (919) 177-9876,968 Higgins Drives,Kingston,ON,N8X 1J9,2023-03-08,Active
470,Raymond,Lopez,F,1983-11-11,42,migueldominguez@example.org,1 (366) 957-9001,255 King Pine Suite 796,St. Catharines,ON,G3P 4M3,2025-01-03,Active
471,Melanie,Clarke,M,1995-01-14,30,michellelee@example.net,856.241.5285,6292 Shah Forges,Ajax,ON,N2X 4P9,2022-02-14,Active
472,Mike,Johnson,F,1993-07-18,32,ystone@example.net,1 (509) 574-4303,891 Robin Rapid,Richmond Hill,ON,H9B6J4,2022-12-08,Active
473,Mary,Clark,M,1958-07-21,67,christopher47@example.org,1 (853) 132-5936,67500 Cisneros Drive,Guelph,ON,M6C 3B8,2023-07-04,Active
474,Whitney,Horton,F,1984-02-10,41,mhoffman@example.net,670 452 3888,25866 Stephanie Way Suite 787,Kitchener,ON,M8H6G9,2023-04-12,Active
475,Elizabeth,Weaver,F,1995-02-11,30,jessica65@example.com,1-128-249-1165,00245 Brenda Wells,Markham,ON,C2K 6G6,2021-12-08,Active
476,Matthew,Johnson,F,1956-11-18,69,cynthiasimmons@example.net,814 448 8966,3677 Day Drive,Vaughan,ON,G3P 6X5,2022-08-21,Active
477,Alicia,Trujillo,M,2006-06-11,19,jasminemorton@example.org,231 239 2049,0183 Baker Estate,St. Catharines,ON,Y1T 9P3,2025-06-05,Active
478,Jasmin,Ortega,F,1977-08-08,48,kristinyoder@example.com,354-584-7262 x905,768 Jessica Lock,Kitchener,ON,Y2H 8T3,2021-11-27,Active
479,James,Cobb,M,1992-05-04,33,sararios@example.org,352-229-9936,659 Danielle Freeway,Whitby,ON,K6H 4N9,2022-08-10,Active
480,Kyle,Butler,F,1985-07-02,40,dhardy@example.net,232-643-0954 x497,9970 Ashley Mill,Barrie,ON,H4B 8N9,2026-02-22,Active
481,Jason,Zimmerman,F,1993-12-19,32,devon88@example.org,320 125 6083,48797 Bailey Fords,Oakville,ON,X4P9H7,2026-03-19,Active
482,Sandra,Tyler,M,1998-02-14,27,harrisjoshua@example.com,(361) 995-1715,910 Dawn Expressway,Hamilton,ON,A4C8M5,2024-11-10,Active
483,James,Salazar,M,1994-10-22,31,rhondaray@example.com,339.719.1260,32176 Goodwin Dam,Vaughan,ON,E2C 7E7,2022-02-10,Active
484,Bobby,Williamson,M,2004-01-31,21,griffinjennifer@example.net,(473) 393-0493 x665,274 Edward Tunnel,Oakville,ON,H5E1C9,2025-01-02,Active
485,Donald,Rogers,M,1989-02-09,36,raymark@example.org,794 620 9355,039 Anderson Square,Barrie,ON,A8E2K3,2022-12-20,Active
486,Michael,Nguyen,F,1978-08-19,47,paul23@example.org,1-312-027-0615,87402 Scott Stravenue Apt. 669,Whitby,ON,S3K 5G9,2024-11-03,Active
487,Matthew,Green,M,2003-06-14,22,mariacohen@example.net,734-030-1095,756 Dean Land Suite 955,Brampton,ON,S5H8K2,2022-04-11,Active
488,Steven,Smith,F,1998-09-19,27,peterskayla@example.net,503.068.3176,2680 Zachary Valleys,Hamilton,ON,T1E2G6,2025-02-10,Active
489,James,Williams,M,1980-09-09,45,dgarcia@example.com,(451) 045-8474,13009 White Place Suite 766,Hamilton,ON,V2A9J1,2023-04-05,Active
490,Linda,Waters,F,2008-07-30,17,zmoore@example.com,1-466-621-5918,700 Tina Lodge,Milton,ON,S6E1M2,2025-07-26,Active
491,Brianna,Estrada,F,1959-03-23,66,sloanbenjamin@example.net,1-693-881-9490,152 Jonathan Rest,Ajax,ON,M9V 8R4,2024-10-30,Active
492,Brittany,Jennings,F,1966-12-04,59,jreyes@example.net,1-816-612-3740,433 Kathleen Mews Apt. 389,Guelph,ON,E2T5A3,2026-01-04,Active
493,Stephanie,Taylor,M,2000-09-10,25,tannerrobertson@example.net,211 602 0418,9989 Lester Creek,Milton,ON,T9A 5Y9,2021-09-28,Active
494,Chad,Payne,M,1999-04-02,26,tshannon@example.net,921 758 8397,0820 Jordan Cape Suite 757,Cambridge,ON,H2J 5R7,2022-01-18,Active
495,Christopher,Moore,M,1990-04-14,35,lcraig@example.com,196 882 7697,95314 Kristy Manors Apt. 560,Peterborough,ON,Y8K5H9,2024-05-19,Active
496,Nicholas,Rodriguez,M,1973-12-04,52,zcarpenter@example.net,+1 (924) 096-4966,496 Joseph Pass,Markham,ON,G1C3T9,2023-04-13,Active
497,Ernest,Mahoney,F,1976-08-29,49,margaretrussell@example.net,(120) 893-4868 x839,46728 Guzman Cliff Suite 091,Brampton,ON,M2C 4J6,2024-11-23,Active
498,Danielle,Martin,F,2007-12-03,18,jenniferrodriguez@example.org,660-523-0458 x816,54472 Martinez Court,St. Catharines,ON,N5B5J1,2025-07-13,Active
499,Megan,Harrison,F,1978-03-31,47,vmosley@example.org,(924) 989-8088 x067,41746 Kristin Villages,Kingston,ON,H5R9R7,2024-09-03,Active
500,Linda,Wright,F,1984-08-03,41,jhorton@example.com,1-686-941-5594,19292 Megan Tunnel,Toronto,ON,P1K6R2,2021-12-10,Active
501,Felicia,Brown,F,1960-09-05,65,uclark@example.org,+1 (721) 894-5590,00994 Kenneth Prairie Suite 204,Burlington,ON,R7L7Y8,2023-08-23,Active
502,Ryan,Martin,F,1973-08-04,52,leroy57@example.com,1 (180) 974-5338,35466 Melissa Ferry Suite 540,Niagara Falls,ON,R4N 1P1,2025-01-24,Active
503,Ethan,Lopez,F,1991-09-15,34,edwinwhite@example.com,+1 (177) 462-5916,24115 Ferguson Path,London,ON,B1A2Y8,2024-07-14,Active
504,Timothy,Simpson,F,2007-08-27,18,jamesmiller@example.net,1 (270) 472-6426,120 Allison Forks,Whitby,ON,N6K7S9,2021-10-30,Active
505,Terri,Reid,F,1985-05-28,40,tonya82@example.com,118 385 4540,4547 Singh Ways Apt. 112,Sudbury,ON,G9T 8M2,2023-11-05,Active
506,Raymond,Clark,F,2003-06-15,22,deanna27@example.org,938-862-1750,96304 Espinoza Fields,Whitby,ON,R9K 9N3,2022-12-04,Active
507,Mark,Perez,F,2003-01-25,22,alexander18@example.org,+1 (577) 848-1652,5446 Margaret Fords Suite 179,Cambridge,ON,T1Y 6E4,2024-10-22,Active
508,Amanda,Horne,M,1963-01-03,63,morgan69@example.net,+1 (398) 829-0457,47246 Benjamin Corners Suite 424,Kitchener,ON,J8Y 3K9,2022-10-08,Active
509,Dakota,Daugherty,F,1986-02-16,39,kjohnson@example.net,(228) 809-8322,02320 Bryan Pike,Niagara Falls,ON,T2S1R1,2024-02-17,Active
510,Emily,Grant,F,1989-06-04,36,hespinoza@example.org,(414) 356-1403 x845,807 Fisher Terrace,Waterloo,ON,J7N 6M2,2021-10-06,Active
511,Kendra,Smith,F,1966-12-01,59,amoon@example.com,1-759-671-5006,4110 Hendricks Hills Apt. 134,Mississauga,ON,T2Y 7N5,2025-06-15,Active
512,Alexandra,Smith,F,1981-01-01,45,russellkelley@example.com,(926) 899-9626 x970,688 Thomas Springs,Burlington,ON,C6P7A3,2023-05-29,Active
513,Ashley,Mosley,F,2000-06-22,25,steelejoel@example.org,126.578.9826,80952 Kristen Lake Suite 851,Oakville,ON,V2T3M8,2023-01-28,Active
514,Kristen,Davis,M,1987-11-26,38,juanfranklin@example.net,+1 (926) 422-2975,0454 Daniel Plaza,Peterborough,ON,M1P6V7,2025-06-28,Active
515,Megan,Thomas,M,1963-03-02,62,tyler09@example.org,416-356-4072,7282 Clay Turnpike,Milton,ON,A8B9C9,2022-07-03,Active
516,Jennifer,Allen,F,1992-05-30,33,victoriajones@example.net,1 (607) 105-8011,271 Leslie Meadow,London,ON,B8P 1K3,2022-08-03,Active
517,Chad,Jordan,F,1958-04-20,67,erin07@example.com,989.485.4329,9893 Cooper Ranch Suite 471,Hamilton,ON,C8X4G5,2025-08-24,Active
518,Rachel,Swanson,F,1960-11-21,65,johnsonmartin@example.org,1 (689) 632-1743,8352 Moreno Lodge Suite 860,Hamilton,ON,T4J5Y5,2026-03-31,Active
519,Amy,Ponce,M,1982-10-08,43,lauren64@example.com,780 550 7740,9551 Woodward Estate Apt. 920,Toronto,ON,Y2N 1N8,2024-09-26,Active
520,Anthony,Branch,M,1972-09-07,53,prestoncory@example.org,878.619.0254,22069 Calhoun Island Suite 120,Guelph,ON,G6H 6T1,2021-08-23,Active
521,Katherine,Lyons,F,2001-04-22,24,millerdaniel@example.org,159 479 5074,73279 Sarah Station Suite 031,Brampton,ON,A4R 5M1,2022-08-10,Active
522,David,Ramirez,F,2003-04-01,22,sharonjohns@example.com,489-411-8491,928 Reed Terrace Apt. 595,Oshawa,ON,B2P 1R1,2023-08-18,Active
523,Shelia,Smith,F,1981-11-29,44,sandersroy@example.net,918-677-4037,233 Parker Square Suite 300,Markham,ON,V3T6R6,2021-08-18,Active
524,Michael,Smith,M,1964-12-12,61,ylewis@example.com,1-126-241-7842,923 Kyle Walks,Vaughan,ON,C1A 7B1,2023-05-16,Active
525,Kathryn,Weaver,F,1956-11-19,69,pdixon@example.org,511 667 3290,5988 Morris Port Apt. 129,Kingston,ON,M1H4R4,2023-09-08,Active
526,Harold,Smith,F,1998-05-28,27,stephengomez@example.org,247.709.2071,38023 Graves Extension Apt. 921,Kingston,ON,X8E1X6,2024-06-02,Active
527,Kendra,Gordon,M,1979-02-23,46,amandacook@example.net,995.977.2168,053 Nichols Valley,Whitby,ON,C3Y 9R8,2026-02-01,Active
528,Joshua,Ali,M,1998-05-20,27,michelle18@example.org,972 002 8394,322 Johnathan Harbors,Markham,ON,V3L9J2,2021-12-02,Active
529,Sue,Ray,F,2007-03-28,18,jacquelinenunez@example.net,820-304-2322,2135 Blake Trail Apt. 816,Waterloo,ON,B7S4L1,2025-01-01,Active
530,Maxwell,Mcguire,M,1999-06-27,26,sarahgonzales@example.com,1 (369) 198-3210,1746 Michelle Estate,Waterloo,ON,E4A 9L5,2021-12-04,Active
531,Francis,Bradley,M,1976-09-20,49,sheilabarnes@example.org,(305) 685-6670 x636,865 Brown Prairie,Guelph,ON,L8M7B7,2026-06-28,Active
532,Cassandra,Lopez,M,1992-03-15,33,ashleycooper@example.com,+1 (227) 322-6261,43625 Adams Drive Apt. 880,St. Catharines,ON,E4S5G2,2024-11-18,Active
533,Omar,Walker,M,1986-04-12,39,linda24@example.com,150 583 3343,15876 Nathaniel Stravenue,Cambridge,ON,P5T8R6,2025-07-28,Active
534,Jennifer,Le,F,1977-06-18,48,jennifer53@example.com,(765) 974-6698,3421 Matthew Land,Oakville,ON,Y5A 9N2,2025-08-31,Active
535,Raymond,Thomas,M,1966-03-26,59,barbara64@example.com,213 074 2359,61404 John Estate Suite 145,Toronto,ON,J7B4T8,2022-09-20,Active
536,Erin,Smith,M,2006-07-26,19,simpsonalyssa@example.com,621 158 7184,54268 Green Vista,Kingston,ON,B4E3V1,2025-01-18,Active
537,Matthew,Harmon,F,1977-12-17,48,jeffreywallace@example.com,296 656 3370,05278 Angel Land Suite 800,Barrie,ON,G3V 2H5,2022-07-10,Active
538,Melanie,Lee,F,1980-09-03,45,tjohnson@example.org,436.817.2031,552 Thompson Stravenue Apt. 929,Sudbury,ON,K6P6G4,2026-02-20,Active
539,Edward,Steele,M,1964-04-22,61,nperez@example.org,(799) 204-5735 x323,85076 Rebecca Plaza Suite 082,London,ON,V3E4X7,2021-10-13,Active
540,David,Sanders,F,1957-04-30,68,deanna83@example.net,(521) 764-8467 x357,33222 Cynthia Throughway,Ajax,ON,L9G3P3,2022-06-26,Active
541,Richard,Bennett,M,2006-06-05,19,jason06@example.org,831-180-4674 x130,84185 Alexander Shoals Apt. 362,Niagara Falls,ON,B7X4M8,2024-11-16,Active
542,Lee,Hill,M,1976-09-02,49,uwilliams@example.com,621.516.4119,4091 Vargas Forest Suite 787,Windsor,ON,H1B3V1,2022-11-10,Active
543,Eric,Smith,F,1979-03-11,46,udavis@example.net,824.139.3696,0987 Charles Meadow Suite 731,Brampton,ON,G1T 8R6,2025-01-25,Active
544,Amanda,Alvarez,M,2006-09-17,19,ogomez@example.org,1-931-916-5430,31202 Brenda Knoll Apt. 576,Markham,ON,M8T1M1,2021-08-06,Active
545,Anna,Foster,M,1978-06-24,47,amy67@example.com,1-697-974-1636,045 Andrew Gardens Suite 537,Milton,ON,B7R 3L8,2023-10-19,Active
546,Cynthia,Santos,F,1962-04-23,63,ashleyjames@example.com,(305) 970-2551,6364 Vanessa Walk,Waterloo,ON,M6X7Y6,2026-03-16,Active
547,Ryan,Evans,F,1978-02-12,47,karen43@example.com,1-414-916-9993,9743 Wiley Greens Apt. 882,Vaughan,ON,K9B 7N3,2024-08-14,Active
548,Savannah,Mcneil,F,1981-05-25,44,cory21@example.org,520-217-0754 x853,5792 Benjamin Branch Apt. 449,Cambridge,ON,M3R4C1,2025-09-15,Active
549,Jo,Kelly,M,1963-12-13,62,kimberlyharris@example.com,1 (865) 896-3595,619 Sheryl Green,Richmond Hill,ON,Y5M6J7,2023-07-13,Active
550,Jeffrey,Weaver,F,1960-12-29,65,brandon34@example.org,(362) 203-3474,3104 Elizabeth Station Suite 868,Cambridge,ON,B3Y 5N7,2025-05-11,Active
551,Eric,Ballard,M,2006-06-22,19,lucasteresa@example.com,1-317-430-4350,502 Lisa Ridge,Richmond Hill,ON,S3R8N6,2025-03-29,Active
552,Katherine,Gonzalez,F,1995-10-17,30,abigailhernandez@example.org,120-256-9133,33467 Jones Square,Brampton,ON,S1T 8P7,2022-04-20,Active
553,Chelsea,Potter,F,1981-06-20,44,john02@example.com,1 (330) 123-9847,34202 Ellis Union,Sudbury,ON,C3T 3H5,2021-11-07,Active
554,Scott,Johns,F,1976-01-02,50,qhendricks@example.net,(171) 775-4619 x924,8387 Kristina Mountains Apt. 581,Vaughan,ON,G6N 7B7,2025-05-20,Active
555,Jonathan,Hunter,F,1971-03-30,54,staceywashington@example.net,(279) 121-2110,035 Aguirre Summit Apt. 170,Oakville,ON,M3B6K2,2024-07-12,Active
556,Johnathan,Kelly,F,1988-10-20,37,jill17@example.org,322 764 3387,54221 Thompson Springs,Cambridge,ON,L4R1J9,2025-09-03,Active
557,Kelly,Turner,F,1967-02-12,58,torresmary@example.com,(999) 504-7020 x596,95377 Hanson Falls Suite 632,Kitchener,ON,S3K8L8,2023-12-18,Active
558,Ernest,Howard,M,1997-12-02,28,andresmiller@example.com,1 (381) 292-0592,15630 Brittany Island Suite 363,Milton,ON,G5S3H1,2023-10-01,Active
559,Elizabeth,Hanson,F,1960-07-18,65,lucasandrea@example.org,(431) 380-0498,12212 Nathan Hill,Waterloo,ON,P7Y 9G7,2024-04-08,Active
560,Kenneth,Smith,F,2008-02-23,17,schmidtjose@example.net,964-420-0629,8735 Parsons Loaf Suite 464,Niagara Falls,ON,S5G 3J2,2024-08-23,Active
561,Ryan,Thomas,F,1993-10-06,32,leeandre@example.net,804.294.8314,79726 Johnston Pine,Niagara Falls,ON,H2X 9J1,2021-11-16,Active
562,Robert,Smith,F,2002-02-06,23,jasminbrown@example.com,(628) 538-6310,2438 Andrea Alley,Oakville,ON,Y3H1S1,2023-11-06,Active
563,Ryan,Carson,F,1984-05-11,41,omahoney@example.org,(938) 963-3761 x851,67136 Sanford Coves Apt. 132,Toronto,ON,J2K 9G9,2025-03-31,Active
564,Rachael,Murray,M,1968-03-25,57,ricemark@example.net,367-761-0659,881 Wright Club,Oshawa,ON,T2T 8S9,2025-01-24,Active
565,Brittney,Riley,M,1974-11-30,51,amberevans@example.net,220-266-5686 x295,7349 Matthew Fork,Niagara Falls,ON,S5A3T1,2023-10-26,Active
566,Douglas,Williamson,F,1989-03-20,36,tgarza@example.org,599-670-8089 x747,994 Hill Pass Apt. 984,Markham,ON,S5T 8K9,2026-04-24,Active
567,Raymond,Perkins,M,1974-06-13,51,osbornkelly@example.net,(204) 450-9286 x052,62706 Roberts Rapids,Barrie,ON,A5Y 9H5,2023-05-21,Active
568,Jeffrey,Hawkins,F,1962-01-08,64,nancyballard@example.com,448-839-9741 x856,75000 Brandon Key,Markham,ON,R4E1P6,2023-07-12,Active
569,Jose,Cunningham,M,1961-08-22,64,qirwin@example.com,+1 (379) 087-0187,001 Ronald Spurs Apt. 034,Waterloo,ON,M1L7G8,2022-12-18,Active
570,Robert,Barrera,F,1974-06-05,51,xcardenas@example.org,1-706-221-5599,56222 Chelsea Isle Apt. 347,Markham,ON,L8V 7M5,2024-04-18,Active
571,Mark,Harper,M,1992-03-13,33,gnguyen@example.org,(135) 071-2455 x312,362 Stacey Ways,Richmond Hill,ON,V8K 8G3,2023-09-20,Active
572,Dawn,Dennis,M,1970-09-02,55,angela58@example.com,229 425 2516,5917 Brian Center Apt. 549,Vaughan,ON,L5T 5T8,2022-09-28,Active
573,Jason,Barton,M,1975-08-19,50,samuel84@example.org,615-949-7344 x930,8803 David Forge,Vaughan,ON,C4C9J3,2023-09-23,Active
574,Thomas,Nichols,F,1958-07-16,67,lisahawkins@example.com,678 730 4862,2174 Murphy Shore,Barrie,ON,N9K 1V2,2024-02-25,Active
575,Michael,Jennings,F,2001-06-29,24,kellybooth@example.com,477.629.6914,2999 Oneal Roads,Mississauga,ON,L1N1B2,2021-10-31,Active
576,Matthew,Perez,M,1987-07-25,38,schmidtjesus@example.net,1 (321) 189-6844,4884 Aguilar Mill Apt. 857,Burlington,ON,P9X2G1,2022-06-27,Active
577,Julie,Ford,F,1960-04-23,65,wilkinskevin@example.net,(597) 170-5984,43672 Hendrix Cove Apt. 230,Brampton,ON,X7X 9N2,2025-06-20,Active
578,Chelsea,Odom,F,1986-08-27,39,hillsabrina@example.net,609-921-7790,86693 Madeline Landing Apt. 588,Kingston,ON,T4A 3N7,2021-09-09,Active
579,David,Allen,M,1995-04-20,30,smithsusan@example.net,197 425 5136,858 Melissa Stravenue,Windsor,ON,B1M 3N5,2022-08-26,Active
580,Richard,Bullock,F,1980-07-26,45,wharris@example.com,471 358 9693,90058 Cantrell Terrace Suite 154,London,ON,K7C7N4,2024-07-07,Active
581,Michael,Clarke,F,1986-02-18,39,garciakelly@example.com,928-377-2702,660 Sloan Hill Apt. 816,Ajax,ON,L2C1S2,2024-09-16,Active
582,Susan,Morris,F,1992-10-24,33,matthewbrennan@example.net,1-164-051-0388,3042 Barnes Manors,Windsor,ON,X5E 5L8,2022-03-04,Active
583,Jerry,Stewart,F,1995-11-07,30,sarajohnston@example.net,967-649-0922,874 Webster Keys Apt. 358,Milton,ON,G8V5E4,2021-09-11,Active
584,Linda,Moyer,F,2006-12-02,19,mccormickkatherine@example.com,434-398-8187,5833 Richard Trace Suite 704,Burlington,ON,K2A 6A4,2024-02-26,Active
585,Robert,Johnson,F,1989-09-17,36,randybailey@example.org,841-231-9057,44100 Norris Villages,Hamilton,ON,E5J6H4,2025-10-17,Active
586,Brian,Webb,M,1990-01-15,35,corey22@example.com,(370) 987-2649 x632,74224 Joseph Square Apt. 261,Brampton,ON,Y4B 5B7,2024-03-21,Active
587,Patrick,Williams,M,1961-10-02,64,hernandezreginald@example.net,302 009 5366,536 Alejandro Mountain,St. Catharines,ON,N2A8B4,2022-04-10,Active
588,Anna,Smith,F,2006-04-08,19,drobinson@example.org,(107) 221-1386,67221 Linda Glen Suite 461,Richmond Hill,ON,E2H8Y1,2023-11-12,Active
589,Richard,Lucero,F,1972-07-11,53,mandymalone@example.com,425 216 0252,20944 Salinas Mountains Apt. 690,Whitby,ON,H6S 2P4,2026-03-17,Active
590,Christian,Owens,F,1981-01-18,44,jennifer02@example.com,1 (259) 851-6021,8912 Fernandez Lodge,Brampton,ON,Y8S9L7,2025-07-19,Active
591,Willie,Fisher,F,2003-10-28,22,stevenkidd@example.org,(284) 474-0837 x819,4992 Samuel Cape,Toronto,ON,R7X 3J4,2025-07-08,Active
592,Joshua,Adams,M,2007-07-14,18,cnelson@example.net,313 986 5462,12372 Michael Isle,Whitby,ON,J1J 1A1,2024-05-02,Active
593,Laura,Manning,F,1976-03-11,49,lchavez@example.org,708-899-1141,91692 Dominic Park,Cambridge,ON,T1Y 7T1,2024-04-19,Active
594,Kevin,Zhang,F,1994-09-17,31,bendermichelle@example.net,+1 (974) 630-0099,336 Pamela Stream Apt. 711,Richmond Hill,ON,N6C 5Y6,2024-02-05,Active
595,Sydney,Parker,F,1996-01-27,29,lopezjordan@example.net,815-353-4660,9994 Perkins Squares Suite 667,Niagara Falls,ON,B9E 3B5,2025-12-31,Active
596,Lisa,Mccarthy,F,1994-01-31,31,barkeredwin@example.org,(987) 940-2620,174 Conway Mountain Apt. 536,Vaughan,ON,H8K1P1,2023-01-24,Active
597,Cody,Ingram,M,1964-11-19,61,andrearivera@example.net,261.255.9046,79230 Simmons Burg,Hamilton,ON,C4G 9Y3,2023-11-19,Active
598,Jennifer,Reese,M,1958-02-18,67,jamesstrong@example.net,+1 (815) 120-4850,5344 Swanson Wells Suite 227,Milton,ON,K1M2R2,2023-04-04,Active
599,Victor,Paul,F,1956-12-12,69,tamaraparker@example.org,1-335-861-7682,27267 William Vista Suite 656,Markham,ON,G8L 7C9,2023-10-20,Active
600,Joseph,Hanson,M,2001-02-12,24,fmcdonald@example.net,590 350 0618,2235 Cain Inlet Apt. 466,Markham,ON,E6G 7C5,2024-08-12,Active
601,Frank,Scott,M,1995-08-27,30,andreross@example.net,1-241-119-7388,3063 Perez Springs,Vaughan,ON,X2X9H9,2022-12-23,Active
602,Amanda,Kaiser,F,1998-04-06,27,xgreen@example.org,1 (511) 021-2543,230 Jeanette Center,Vaughan,ON,X4S8A3,2022-02-03,Active
603,Monica,Cruz,F,1994-07-20,31,harrisbryan@example.net,(219) 789-9901,03471 Daniel Spurs Suite 197,Oakville,ON,B3E6R1,2025-03-14,Active
604,Bonnie,Mitchell,F,1970-01-10,56,vunderwood@example.com,211-375-3582,2887 Thomas Tunnel,Vaughan,ON,B2K7T2,2023-09-22,Active
605,William,Maxwell,M,1985-04-28,40,jdaugherty@example.org,(899) 647-7183,07681 Ian Heights Apt. 855,Hamilton,ON,X3B5A5,2022-07-24,Active
606,Jason,Foster,M,1996-07-12,29,francisholloway@example.com,169-685-7467,5169 John Vista Suite 215,Mississauga,ON,E3S 7M2,2021-08-12,Active
607,Jeff,Cox,F,2004-10-31,21,patricia24@example.org,298.392.4848,04169 Lisa Island,Barrie,ON,B6G 2E7,2023-12-22,Active
608,Lindsey,Pierce,M,1975-07-23,50,zwolfe@example.net,(639) 534-8110,47642 Wagner Valley,Hamilton,ON,E4N9V6,2023-03-13,Active
609,Michelle,Taylor,M,1996-05-14,29,bullockrebecca@example.com,623.959.7815,60972 Jessica Brook Apt. 446,Waterloo,ON,L8S3T1,2023-05-20,Active
610,Anthony,Harris,F,1979-07-21,46,ymartinez@example.com,383-703-1754 x380,1485 Powers Lights Apt. 292,Peterborough,ON,L7R3X8,2022-07-09,Active
611,Kevin,Williams,F,1983-06-08,42,ipatterson@example.org,363-271-3538 x676,238 Bowen Village Suite 906,Sudbury,ON,L7X 4X3,2021-11-17,Active
612,Mitchell,Young,M,1973-12-28,52,reedanthony@example.net,573 961 5976,3567 Jillian Parkway,Niagara Falls,ON,V5N3P7,2025-11-04,Active
613,Michelle,Allen,M,1987-02-06,38,dylan27@example.org,+1 (227) 320-2227,75769 Tanya Coves,Guelph,ON,H3B9M6,2022-02-28,Active
614,Andrea,Ray,F,1970-07-16,55,antoniothompson@example.org,+1 (990) 392-2026,42647 Bruce Plains,Milton,ON,C1T 4T2,2023-08-04,Active
615,Paige,Williams,M,1966-09-06,59,gina04@example.net,(432) 672-4469,2947 Werner Point,Oshawa,ON,Y7K 6B5,2021-11-23,Active
616,Christina,Salazar,F,2002-05-27,23,daniel93@example.net,(227) 272-8129,50496 David Meadows Suite 765,Oakville,ON,T5H 6Y4,2024-07-13,Active
617,Kaitlyn,Willis,F,1970-05-12,55,chavezaaron@example.net,+1 (940) 675-6020,192 Gabriel Trail,Kitchener,ON,P1M 5K5,2024-04-20,Active
618,Brenda,Thompson,M,2004-02-11,21,michaellee@example.org,602 351 0255,93545 Jeremy Lodge,Cambridge,ON,J4J3K5,2025-11-03,Active
619,Frank,Simmons,M,1977-02-01,48,cainanthony@example.net,(731) 244-1290 x759,992 David Gardens Suite 631,Sudbury,ON,T5M3P2,2026-02-15,Active
620,Caitlin,Camacho,F,1976-07-22,49,knightrachel@example.com,692.267.1317,626 Wells Drive,Richmond Hill,ON,L3R1E7,2022-03-12,Active
621,Jeremy,Smith,F,1998-08-22,27,donnasuarez@example.com,1 (624) 032-1153,51432 Bonnie Cove Suite 308,Whitby,ON,V5T8G3,2023-06-18,Active
622,Michelle,Hernandez,F,1995-02-19,30,shawjoel@example.com,1 (181) 920-4877,6933 Katherine Radial Suite 515,Mississauga,ON,H9N 5T7,2022-12-19,Active
623,Matthew,Gordon,M,2002-07-12,23,jill83@example.net,(325) 672-6208 x467,4355 Kristi Lock,Oshawa,ON,Y3H 6H1,2025-05-14,Active
624,Michael,Flynn,F,1984-04-28,41,tjackson@example.com,386 394 2012,1499 Brooke Turnpike,Hamilton,ON,S8R 1H3,2023-08-22,Active
625,Samantha,Snow,M,1956-08-09,69,mccartymichael@example.org,217 400 3910,53892 Ethan Villages,Brampton,ON,C7C1K1,2023-09-10,Active
626,Allison,Murray,M,1957-09-12,68,floresjuan@example.org,+1 (107) 626-4385,537 James Manors,Vaughan,ON,T4S 2G4,2026-07-05,Active
627,Kristin,Wilson,F,2002-09-01,23,justin16@example.com,331 654 4137,6857 Shannon Terrace Apt. 634,Mississauga,ON,H7B2L8,2023-03-25,Active
628,William,Alexander,M,1974-04-13,51,hufftroy@example.net,(524) 202-4837,1723 Reed Tunnel Suite 386,Waterloo,ON,T6A5H9,2023-06-10,Active
629,Megan,Taylor,M,1968-04-24,57,campbelltaylor@example.org,(564) 100-9538 x557,64359 Mary Bypass,Niagara Falls,ON,V5Y 7C1,2023-02-11,Active
630,Cynthia,Mclaughlin,M,2000-08-09,25,jeffrey88@example.com,1-737-066-1875,7263 Tran Valleys Apt. 541,Brampton,ON,X3B8B8,2026-03-20,Active
631,Megan,Smith,M,1965-04-10,60,matthew78@example.com,443-566-0503,6983 Anthony Orchard Suite 306,Niagara Falls,ON,E3Y3G7,2023-08-23,Active
632,Rhonda,Day,F,2001-03-09,24,mendezkellie@example.com,(786) 538-5906 x739,2898 Archer Burg,Waterloo,ON,N3A3M2,2025-01-23,Active
633,Deborah,Hoffman,M,1959-08-24,66,gardnerrichard@example.net,406-632-0162 x907,919 Tracy Points,St. Catharines,ON,S4N 8J2,2023-11-17,Active
634,Adam,Henderson,M,2004-02-21,21,cheryl26@example.net,1-520-398-3135,45996 Johnson Light,Markham,ON,C8N 4Y1,2023-06-07,Active
635,Alyssa,Benjamin,M,2008-05-24,17,jesse84@example.net,(102) 178-1678,643 Matthew Rue Apt. 164,Oshawa,ON,X1C 4N8,2025-06-19,Active
636,Brian,George,F,1962-07-18,63,robertevans@example.com,730-880-8172,296 Denise Trail,London,ON,M1X1N8,2022-04-30,Active
637,Bethany,Morgan,M,1982-12-28,43,darleneowens@example.com,216.806.9196,6620 Alyssa Ville,Windsor,ON,K1E 3T7,2022-07-25,Active
638,Joseph,Adams,M,2003-06-18,22,leah62@example.net,1-558-701-2042,536 Brenda Drives,Richmond Hill,ON,T1P 3K9,2026-02-20,Active
639,Richard,Velasquez,M,1986-03-24,39,wrightnicholas@example.com,624-365-2405,648 Holly Via,London,ON,P4L7A5,2025-10-17,Active
640,Amy,Wilson,M,2003-05-02,22,pbolton@example.net,1 (746) 623-2360,9986 Richards Curve Suite 949,Sudbury,ON,H5G3B9,2023-07-11,Active
641,Robert,Harvey,F,1965-03-19,60,reyesraymond@example.com,+1 (923) 569-9929,58768 Mckinney Mission,Niagara Falls,ON,P5S 2A4,2022-11-12,Active
642,Alexandra,Camacho,M,1965-07-28,60,paula31@example.com,(198) 391-2260,44076 Mary Stream,Toronto,ON,M5K 2B4,2023-02-04,Active
643,Zachary,Andrews,M,1957-06-17,68,edwin87@example.org,599-865-6422,9208 Jesus Village,Oshawa,ON,A7V 2S5,2024-05-20,Active
644,David,Pace,F,1988-11-08,37,banksmeredith@example.com,(920) 175-3079 x661,572 Atkinson Avenue Suite 347,London,ON,E4H2N4,2024-01-01,Active
645,Melissa,Davis,M,1988-10-05,37,crawfordtyler@example.net,117 503 6192,599 Brittany Path,Ajax,ON,J1J4T5,2025-04-01,Active
646,Melissa,Collins,M,1998-09-24,27,mmitchell@example.org,1-276-078-6235,765 Kimberly Rest,Burlington,ON,V6B 2Y8,2025-01-24,Active
647,Garrett,Medina,F,2006-07-25,19,christian56@example.org,1-909-185-8055,157 Nelson Union,Milton,ON,P7K1E8,2025-09-12,Active
648,Justin,Matthews,F,1956-09-25,69,loveluis@example.com,984.039.8221,396 Mack Trafficway,St. Catharines,ON,K9X 9P7,2025-01-05,Active
649,Teresa,Manning,M,1971-02-01,54,aferguson@example.org,+1 (452) 951-6469,356 James Field,Ajax,ON,M9L9A1,2025-05-27,Active
650,Tony,Wagner,M,2000-04-17,25,criddle@example.net,201 991 8431,266 Cole Plain,Cambridge,ON,Y1N6Y3,2025-08-05,Active
651,Dominique,Rodriguez,M,1969-02-14,56,djohnson@example.net,520 539 7077,447 Michelle Springs Apt. 317,Markham,ON,M6R 4C5,2023-09-12,Active
652,Linda,Cuevas,F,1997-10-23,28,moniquewhite@example.com,+1 (105) 302-6184,7870 Rebecca Path,Burlington,ON,B7N4B1,2023-07-28,Active
653,Maria,Watson,M,1969-01-02,57,jessicaeaton@example.org,+1 (140) 989-1039,03025 Andrew Greens,Cambridge,ON,H6J8T6,2022-09-30,Active
654,Debra,Lopez,F,1962-06-04,63,nwilliams@example.net,(160) 275-7454 x492,8944 Perez Course Apt. 808,Mississauga,ON,Y6R 9P4,2023-01-03,Active
655,Justin,Rivera,F,2000-03-20,25,kmoore@example.net,1 (121) 797-0566,1624 Johnson Branch,Peterborough,ON,T7G1S3,2022-07-29,Active
656,Bryan,Gordon,M,1998-03-07,27,jonesstephanie@example.net,117-316-7156,790 Anderson Glens Suite 133,Richmond Hill,ON,M1T7L5,2025-04-02,Active
657,Colton,Cain,F,1975-08-05,50,usilva@example.net,719-189-8664 x693,1833 Reeves Park Suite 876,Milton,ON,P3T 4B8,2025-10-30,Active
658,Christopher,Baker,M,1998-04-05,27,shaffercraig@example.org,809 567 3332,239 Roberts Canyon,Brampton,ON,Y4G 3N7,2026-04-07,Active
659,Steve,Williamson,M,2003-03-04,22,jonathangonzales@example.org,238 520 2320,016 Jeremy Union Apt. 844,Kingston,ON,J2M 9V3,2026-01-15,Active
660,Emily,Rivera,M,1957-01-24,68,michelle54@example.net,1 (226) 075-6999,310 Jennifer Lock,Brampton,ON,K3J7G3,2026-02-28,Active
661,Taylor,Robinson,F,1982-03-20,43,perryjessica@example.net,666-470-7038,60595 Claire Underpass,Oshawa,ON,G1M8C5,2025-03-25,Active
662,Tyler,Smith,F,1963-06-22,62,wkennedy@example.com,(426) 762-5906 x200,85646 Justin Mission Suite 597,Peterborough,ON,E8X 9J5,2025-10-20,Active
663,Chris,George,F,1987-09-12,38,vjohnson@example.net,1 (450) 493-2664,39461 Craig Stravenue,Cambridge,ON,E9N 6M4,2022-11-06,Active
664,Charles,Cohen,M,1956-10-21,69,kfigueroa@example.org,(898) 474-2256,88822 Shannon Row Suite 058,Hamilton,ON,C1R7X2,2026-07-13,Active
665,Jennifer,Johnston,M,1966-12-28,59,richard79@example.net,(946) 058-6794 x963,97236 Brent Plains,Vaughan,ON,G7S 7C3,2021-08-17,Active
666,Michael,Flores,F,1978-05-13,47,acohen@example.com,1 (378) 655-5751,6400 Paul Mission Suite 868,Guelph,ON,M2B 7P7,2023-05-10,Active
667,Eric,Snow,F,1973-07-01,52,jordan89@example.net,640-233-8686 x083,17036 Brandon Road Suite 423,Waterloo,ON,B6H1B9,2024-08-25,Active
668,Anthony,Franklin,F,1984-05-24,41,julie34@example.net,396-197-9797,2841 Michael Ridge Suite 804,Kingston,ON,B6T7J8,2023-02-01,Active
669,Tonya,Berry,F,1983-01-31,42,obowman@example.net,1-505-980-2602,03158 Martin Harbors Apt. 734,Peterborough,ON,B8K 8E8,2023-01-07,Active
670,Michael,Diaz,M,1979-04-22,46,douglascarl@example.com,1-982-308-8295,841 Moore Rue Apt. 260,Burlington,ON,Y3R8L7,2025-10-14,Active
671,Zachary,Garcia,F,1971-10-21,54,alee@example.com,+1 (929) 315-1817,2655 Perry Plaza,Kingston,ON,S3G 8K3,2022-09-10,Active
672,Shannon,Shaw,F,1981-03-24,44,hoopernicole@example.org,890-065-4870 x847,417 Crawford Island Apt. 981,Kingston,ON,T9J 2T6,2024-07-04,Active
673,Carrie,Grant,M,1973-04-03,52,mike96@example.org,+1 (983) 848-8763,07612 Brittney Springs,Sudbury,ON,H6E 2A9,2025-12-26,Active
674,Eric,Bradley,F,1985-01-10,41,yboone@example.org,(320) 706-6901 x079,2982 Tran Fort,Richmond Hill,ON,L5X 8S1,2022-10-21,Active
675,Robert,Murphy,M,1973-01-12,53,yatkins@example.net,(335) 570-7731,55505 Lowe Bypass,Brampton,ON,G8C4X9,2022-12-17,Active
676,Jose,Collins,M,1999-05-06,26,danieljones@example.org,1-970-123-5036,56891 Brandi Mill Suite 978,Brampton,ON,G5K 6M7,2024-02-26,Active
677,Tiffany,Andrews,M,1970-04-16,55,angel36@example.net,+1 (440) 163-2957,315 Diaz Squares Apt. 927,Guelph,ON,E9X 4R1,2022-04-10,Active
678,Mark,Richardson,F,1999-09-29,26,dawn33@example.org,1-716-518-5483,73446 Fletcher Loaf Apt. 159,Burlington,ON,Y8M5C2,2023-09-18,Active
679,Matthew,Vaughan,M,1979-07-29,46,chasebeck@example.com,(414) 134-4760 x948,4029 Amanda Heights Apt. 302,London,ON,P3A2R9,2026-01-17,Active
680,Shaun,Martinez,F,1978-03-16,47,afritz@example.com,302.563.4202,349 Charles Fords,Niagara Falls,ON,S7Y8K6,2024-09-04,Active
681,Thomas,Chavez,M,1957-06-07,68,murphycynthia@example.com,+1 (214) 409-2335,6564 Misty Lane Apt. 186,Richmond Hill,ON,V4G 2R6,2025-04-07,Active
682,Patricia,Schultz,F,1990-01-07,36,brandi22@example.com,664-149-0038 x502,34448 Castillo Falls Apt. 904,Guelph,ON,K5K6C5,2023-06-25,Active
683,Christopher,Parks,F,1995-01-06,31,betty32@example.com,414.978.8795,04095 Sanchez Park,Richmond Hill,ON,S4E1X9,2025-08-12,Active
684,Brian,Sharp,M,1982-09-12,43,fhanna@example.com,(991) 511-4367,10781 Davis Ridges Suite 856,Burlington,ON,G1N7T9,2024-11-06,Active
685,Michelle,Short,F,1956-09-17,69,johnstokes@example.org,1 (142) 306-0023,655 Emma Village,Barrie,ON,H2M 5E3,2021-09-22,Active
686,Benjamin,Edwards,M,1977-11-08,48,luis99@example.org,316-633-8222,05392 Elizabeth Causeway Suite 620,Sudbury,ON,B4C 5E9,2023-02-15,Active
687,Craig,Perez,M,1968-03-22,57,michaelholmes@example.org,(423) 945-6452,86449 Patterson Avenue Apt. 498,Niagara Falls,ON,S3J1L6,2022-10-30,Active
688,Dana,Wells,F,1995-08-11,30,joshuaberry@example.net,1 (729) 735-6152,5914 Gallagher Loaf Apt. 538,London,ON,S2S 5M8,2025-07-04,Active
689,John,Sweeney,M,1975-10-22,50,erik74@example.com,+1 (953) 538-9629,324 Natalie Station Suite 792,Waterloo,ON,E2N3V8,2025-11-28,Active
690,Robert,Gonzalez,F,1992-11-17,33,mariolewis@example.net,1-268-586-3906,824 Lawrence Freeway Apt. 615,Sudbury,ON,X7C 9E4,2025-01-24,Active
691,John,Crawford,F,1961-03-10,64,thomasgray@example.com,901 489 6780,4931 Tiffany Heights,Hamilton,ON,J7M3T6,2024-10-20,Active
692,Kaitlyn,Frey,M,2000-03-08,25,paulpark@example.com,+1 (133) 917-2994,9481 Hunter Loop,Niagara Falls,ON,M7T8C1,2023-08-26,Active
693,Jeffrey,Murphy,M,2002-10-27,23,johnsonstephanie@example.org,159 016 3994,33443 Lowery Manor,Guelph,ON,J2L5Y1,2025-09-20,Active
694,Heather,Davis,F,1984-12-16,41,friedmanmichelle@example.com,(201) 481-1604,42028 Castaneda Crest,Markham,ON,Y1B4C5,2022-04-24,Active
695,Kayla,Scott,M,2006-03-29,19,kevin42@example.org,(253) 160-7917,601 Cobb Courts,Toronto,ON,V3E 2J5,2026-03-23,Active
696,Wendy,Turner,F,1999-01-26,26,acaldwell@example.org,(281) 411-2874 x527,7857 Phillips Meadow,Oshawa,ON,C2K 1Y8,2023-02-06,Active
697,Diane,Gray,F,2007-01-24,18,gary21@example.com,1-701-315-3506,1684 Rogers Islands,Kingston,ON,V1M 3C6,2023-01-03,Active
698,Calvin,Zimmerman,M,1994-01-24,31,abigail56@example.com,1-689-930-0519,5635 Osborne Hill Apt. 271,Toronto,ON,G3R6R7,2023-06-05,Active
699,Morgan,Alvarez,F,1970-01-22,55,millermichele@example.net,1-913-068-6240,00668 Emily Unions Apt. 728,London,ON,A3V 4S9,2025-03-11,Active
700,Molly,Keller,M,1962-12-03,63,jeromearnold@example.org,982 408 4752,9994 Aaron Course,Brampton,ON,Y2L 4T6,2026-01-15,Active
701,Darrell,Sanchez,M,1961-11-20,64,mckenziesonya@example.com,(557) 228-9206,578 Carol Mountain,Burlington,ON,A1G 2Y1,2026-01-25,Active
702,Keith,Delacruz,M,1961-11-30,64,john19@example.com,381 447 8674,18893 Paul Throughway,Brampton,ON,V4Y8A9,2024-07-08,Active
703,Dustin,Walker,F,1962-08-05,63,pking@example.net,+1 (699) 055-8557,084 Barbara Street Apt. 696,Peterborough,ON,M9P 9G7,2021-08-30,Active
704,Brandon,Rivera,F,1960-01-23,65,callen@example.com,1 (470) 165-2761,814 Donald Forges Apt. 843,Cambridge,ON,R5H5R5,2023-11-22,Active
705,Michele,White,F,2000-02-19,25,schmidtemma@example.org,842 348 0041,1553 Burke Islands,Windsor,ON,N1T7M3,2025-10-05,Active
706,Nicholas,Martin,F,1985-11-15,40,miguelbrown@example.org,(629) 594-5231,630 Smith Village,Barrie,ON,S2R 8H3,2022-02-01,Active
707,Eric,Taylor,M,1971-12-16,54,anthonymiller@example.com,(721) 539-2669 x370,50313 Vincent Hollow,St. Catharines,ON,A1H7G2,2024-12-12,Active
708,Barbara,Day,M,1959-02-16,66,nathanielperez@example.net,319-000-0295 x616,6471 Gomez Rapid,Mississauga,ON,A4T1G5,2025-07-24,Active
709,Linda,Robinson,M,1974-06-27,51,christophercruz@example.net,278-145-6474 x370,3911 Dickson Meadow Suite 650,Windsor,ON,H2V3S1,2025-07-05,Active
710,Christopher,Graves,M,1964-12-02,61,thomas06@example.net,990.223.1167,67635 Derek Flat Suite 185,Richmond Hill,ON,C9G 5R9,2023-06-06,Active
711,Tyler,Miller,F,1968-01-25,57,catherinelee@example.org,237-539-8923,46598 James Fords,Oshawa,ON,V2Y 8L9,2022-08-07,Active
712,Robert,Hudson,F,1992-02-09,33,paula82@example.org,314.065.2664,3512 White Harbors Suite 533,Richmond Hill,ON,P7R8N7,2022-11-22,Active
713,Kelly,Simmons,F,1979-07-16,46,joshuapham@example.com,1 (310) 462-5069,6851 Loretta Center Suite 276,Milton,ON,H1K8N4,2022-11-17,Active
714,Michelle,Jones,F,2002-03-19,23,turnermisty@example.net,1 (502) 234-7780,9725 Michelle Highway Apt. 703,Guelph,ON,X5G 8C9,2024-12-29,Active
715,Traci,Thomas,M,2005-10-29,20,jamesbrewer@example.org,794-516-7670,3286 Adam Cliff,Kitchener,ON,G9A 5B9,2026-03-08,Active
716,Lisa,Mejia,F,1963-03-04,62,jamesmullins@example.com,196-082-8967 x136,494 Mcdowell Rapid Apt. 085,Sudbury,ON,L4B3E5,2024-09-12,Active
717,Clayton,Elliott,F,1996-04-19,29,neilsummers@example.org,915.461.7580,88904 Little Circle,Hamilton,ON,B2L6K7,2023-07-08,Active
718,Charles,Lewis,F,1983-01-22,42,james14@example.net,(174) 755-8030,8564 Rodriguez Ville,Richmond Hill,ON,Y2L1B3,2026-01-13,Active
719,Diane,Sullivan,F,1997-09-08,28,timothygarcia@example.org,858.668.6119,5983 Ernest Circles Suite 050,Ajax,ON,Y4J5P6,2024-10-22,Active
720,Michael,Murphy,M,1960-01-28,65,amywright@example.org,(299) 824-2662,758 Carl Isle Suite 668,Mississauga,ON,J1A3J9,2023-04-18,Active
721,Margaret,White,M,1964-10-14,61,jjordan@example.net,(645) 150-2528,1308 Meyers Avenue Suite 207,Peterborough,ON,Y8H 8V8,2026-03-11,Active
722,Darren,Koch,M,2005-12-30,20,donald27@example.net,(563) 090-0712 x102,44730 Rodgers Orchard,Toronto,ON,V2E8S2,2023-06-22,Active
723,Ryan,Ingram,M,1993-07-02,32,acarrillo@example.com,199-683-3440,24265 Kimberly Road Apt. 221,Barrie,ON,L8K 1A6,2025-01-21,Active
724,John,Williams,M,1981-06-17,44,cookkristina@example.net,115.010.1626,026 Castro Stravenue,St. Catharines,ON,L8T 9N4,2022-09-11,Active
725,Vincent,Clark,F,1971-08-16,54,mkline@example.org,949.679.1463,643 Andrew Fords Apt. 726,St. Catharines,ON,P3G5X7,2024-04-14,Active
726,Pamela,Valenzuela,F,1970-04-25,55,ssantiago@example.org,102-086-0146,90854 Madison Park Apt. 630,Barrie,ON,K4N 7S4,2025-08-26,Active
727,Brian,Bowen,M,1961-03-30,64,foxbrooke@example.org,987.810.4802,4158 Colleen Causeway,Hamilton,ON,B8L 7K7,2022-01-12,Active
728,Phillip,Ferguson,F,1996-08-24,29,huntlisa@example.org,168 159 4747,311 Tiffany Springs Apt. 309,Milton,ON,V9J5T3,2022-01-23,Active
729,David,Parker,M,1986-12-27,39,eobrien@example.com,1 (801) 676-7187,88363 Gardner Shores Suite 016,Windsor,ON,T3R 3H7,2023-10-02,Active
730,Mariah,Robertson,M,1979-09-03,46,sethsanders@example.com,1 (422) 898-9074,812 Peterson Neck Suite 726,Peterborough,ON,V1R9M4,2026-02-25,Active
731,Judy,Johnson,F,1975-10-19,50,glasssamantha@example.com,271.657.8939,565 Amanda Mill,Ajax,ON,E7M 1X1,2025-12-16,Active
732,Bradley,Higgins,F,1975-05-15,50,josewheeler@example.net,387 875 7030,11250 Dawn Lock,Brampton,ON,V1L 7H6,2022-05-03,Active
733,Jeremy,Lopez,M,1966-01-05,60,loriwalters@example.org,+1 (720) 073-0242,49753 Landry Street Suite 057,Burlington,ON,L6M 7R8,2022-11-14,Active
734,Amy,Vasquez,M,1994-01-19,31,michaeltorres@example.com,(645) 146-6886,483 Hoffman Walks,Guelph,ON,P3Y 7S8,2022-09-02,Active
735,Maria,Holmes,M,2007-06-25,18,ericvalencia@example.com,458-708-9432 x698,3695 Michael Track Suite 505,Cambridge,ON,H7Y 8L3,2025-04-03,Active
736,Stephen,Ramirez,F,1957-01-07,69,ashleyterry@example.com,(172) 954-5038,2585 Michael Springs,Kingston,ON,A1M 3N9,2022-01-23,Active
737,Jeremy,Brown,F,1967-07-01,58,xcarlson@example.net,(437) 953-1112,042 Howard Mount Suite 286,Niagara Falls,ON,H1P9E6,2024-01-27,Active
738,Angela,Rhodes,F,1984-01-28,41,kelly14@example.net,+1 (509) 193-5117,5370 Taylor Ferry Apt. 673,Oakville,ON,T2L 3R2,2024-12-06,Active
739,Nicholas,Henderson,M,1999-10-11,26,kathleenscott@example.org,360 848 1876,906 Christopher Village,Barrie,ON,K6A2K7,2025-04-25,Active
740,Lance,Johnson,M,2005-07-10,20,jennifer98@example.org,967 312 3438,8514 Brian Land,Peterborough,ON,R1M 3P9,2022-06-21,Active
741,Daniel,Scott,M,1994-02-25,31,xcox@example.com,+1 (172) 991-1549,431 Deborah Gateway Suite 953,Kingston,ON,B8H 2V2,2023-03-12,Active
742,Felicia,Wilson,F,1977-10-22,48,yjacobs@example.com,173.281.6291,92219 Randy Club Suite 737,Markham,ON,V6E3A9,2025-01-01,Active
743,Scott,Carter,F,1981-12-07,44,brooksjames@example.com,1-950-020-2683,903 Little Centers Apt. 958,Oakville,ON,T4R1B5,2021-08-19,Active
744,Kristina,Nelson,F,1997-03-13,28,tshelton@example.net,482.368.8101,2105 John Harbors,Brampton,ON,B5E3Y3,2021-08-09,Active
745,Diane,Jackson,M,1968-10-24,57,glennwise@example.net,(916) 816-3603,736 Steven Pass,Hamilton,ON,V3S1V1,2021-09-15,Active
746,Jonathan,Love,F,1963-04-28,62,levyrobin@example.com,263.485.0895,70851 Nicole Prairie,Guelph,ON,L5M 6P7,2024-08-14,Active
747,Randall,Morgan,M,1963-12-19,62,greeneshawn@example.com,437.718.8626,1266 Stephens Burg Suite 573,Ajax,ON,E9J8Y5,2025-09-15,Active
748,Jessica,Robinson,F,1959-01-05,67,elizabeth14@example.com,+1 (262) 763-3041,1421 Lopez Pass Apt. 196,Peterborough,ON,J8S1L5,2023-07-14,Active
749,Tiffany,Hughes,F,1976-03-15,49,nmcintosh@example.com,(283) 004-8379 x363,229 Donna Expressway Suite 065,Burlington,ON,L5C 1B7,2025-04-22,Active
750,Beth,Miller,F,1992-03-29,33,gjackson@example.org,1-771-830-1817,5789 Wall Neck,Waterloo,ON,T3B3N2,2024-01-16,Active
751,Amy,Ortiz,M,1962-05-02,63,vanessa58@example.net,689.810.6173,16312 Zavala Lakes Suite 726,St. Catharines,ON,S4M 8S9,2024-02-16,Active
752,Mary,Lewis,M,1961-03-16,64,myerstiffany@example.org,313-071-6753,3361 Chase Ridges,Brampton,ON,L5B1B4,2023-12-22,Active
753,Michael,Phillips,M,1965-02-01,60,wesley56@example.org,(512) 743-9225 x517,258 Crystal Ville,Ajax,ON,V2S3H4,2023-08-15,Active
754,Heather,Foster,F,1958-07-14,67,michael13@example.net,(745) 315-6309 x307,096 Cox Turnpike Suite 240,St. Catharines,ON,E4T 6V2,2023-09-07,Active
755,Carl,Harris,M,1983-01-08,43,blee@example.com,372-173-4024,241 Lisa Circle,Sudbury,ON,K7H6K5,2026-02-06,Active
756,Amy,Banks,M,1961-06-27,64,kelly24@example.net,1-820-243-5094,1186 Tina Mall Suite 099,Waterloo,ON,E6M4V9,2024-09-09,Active
757,James,Williams,F,1959-12-21,66,mariah24@example.com,690.826.1103,9429 Austin Extensions Apt. 766,London,ON,S6H4H4,2024-04-11,Active
758,John,Davenport,M,1961-06-11,64,chelseasmith@example.net,(942) 424-0662,6334 Stephanie Glens,Kitchener,ON,V9P 7E7,2026-02-07,Active
759,Benjamin,Hamilton,M,1969-10-27,56,lisa24@example.org,(126) 928-5507 x435,88959 Suarez Neck Apt. 396,Markham,ON,M6N2J8,2023-08-13,Active
760,Stephen,Lang,M,1958-12-03,67,adamgill@example.net,1 (742) 887-3449,667 Bryant Lodge Apt. 706,St. Catharines,ON,C2L 2T1,2026-05-30,Active
761,Alexandra,Flynn,F,1967-10-08,58,zgarcia@example.com,1 (166) 505-1886,7449 James Square,Windsor,ON,P6S 1X5,2023-03-19,Active
762,Debbie,Harrington,F,2003-11-17,22,kvincent@example.org,354-024-2861 x789,1402 Brown Wall Apt. 857,Cambridge,ON,H9R2M7,2025-05-24,Active
763,Deborah,Berry,F,1969-07-24,56,dvillarreal@example.net,+1 (335) 853-0101,969 Miller Valley Apt. 048,Richmond Hill,ON,G6V9T7,2025-05-21,Active
764,Javier,Murphy,F,1959-02-17,66,brettlee@example.com,(744) 439-4689,18123 Nathan Springs,Vaughan,ON,C8V4B2,2026-01-08,Active
765,Michelle,Murray,F,1972-04-08,53,athompson@example.org,+1 (836) 785-0898,7594 Santos Heights Suite 295,London,ON,T1T 4L8,2023-07-16,Active
766,Thomas,Johnson,F,1978-06-05,47,andrewdelacruz@example.com,451-497-5341 x157,99000 Rodgers Underpass,Brampton,ON,P9R3P4,2025-04-25,Active
767,Matthew,Fox,F,1994-02-25,31,diana65@example.org,1 (823) 266-0004,110 Lisa Prairie,Cambridge,ON,S9C7C6,2026-07-24,Active
768,Cristian,Tanner,M,1961-02-07,64,kaitlynwest@example.com,+1 (761) 447-7618,047 Ross Run Suite 829,Oshawa,ON,P7G 6P6,2021-09-03,Active
769,Carlos,Higgins,M,1989-12-21,36,heathersmith@example.org,976 405 4739,21405 Javier Corners Suite 604,Sudbury,ON,M4T9K2,2022-11-09,Active
770,Vincent,Jackson,F,1994-09-20,31,tevans@example.org,935-944-1023,351 Gutierrez Way Suite 741,Barrie,ON,C2J 9P4,2021-08-19,Active
771,Nathaniel,Adams,M,1975-01-26,50,ibarton@example.org,1 (639) 885-2178,909 Mccarthy Springs Apt. 286,Cambridge,ON,P7X8E6,2025-05-19,Active
772,Amanda,Dunlap,F,1965-11-03,60,matthewslarry@example.net,580.038.1463,924 Curtis Rest,Mississauga,ON,T2K3B2,2024-03-01,Active
773,Rebecca,Phillips,M,1964-08-21,61,phillipsrichard@example.org,(115) 553-0153,44077 Emily Courts,Barrie,ON,S5P 6Y6,2023-11-16,Active
774,Jean,Young,M,1995-02-23,30,mark41@example.net,399 126 9945,4191 Robert Cove,Vaughan,ON,R1C9A3,2022-05-23,Active
775,Lauren,Martinez,F,1969-08-06,56,robertgordon@example.org,317 562 6996,347 Julie Branch,Markham,ON,K8G3P3,2024-05-07,Active
776,Jade,Moore,M,1980-04-18,45,williamsdeanna@example.com,1-285-972-4387,514 Lopez Stravenue,Cambridge,ON,N3X 9A7,2021-09-02,Active
777,Keith,Johnson,M,1976-05-10,49,josebarnes@example.com,1-574-769-5090,898 Graham Spurs,Cambridge,ON,J7B6E6,2023-10-01,Active
778,Zachary,Vasquez,F,1963-08-04,62,yluna@example.com,+1 (399) 313-6062,13860 Olson Radial,Kingston,ON,T4C9A1,2022-08-17,Active
779,Jennifer,Scott,M,1962-11-24,63,jessica82@example.net,1-441-914-7905,2839 Andrade Street Suite 730,Ajax,ON,K8G1R9,2022-11-14,Active
780,Zachary,Briggs,F,1983-02-21,42,vdavenport@example.com,192 582 2828,323 Clark Mews,Mississauga,ON,S7Y8M7,2024-10-14,Active
781,Cheryl,Ross,F,1982-09-19,43,laurie37@example.com,1-495-975-2135,5559 Sandra Squares,Hamilton,ON,L5Y2T2,2025-02-13,Active
782,Alisha,Sutton,M,1971-09-25,54,roymorris@example.org,799.764.5349,1564 Cheryl Mill Suite 300,Oakville,ON,P1X 2H7,2025-07-06,Active
783,Christopher,Doyle,M,2000-02-14,25,jpearson@example.org,1-822-848-3492,8098 Graham Square Apt. 180,Ajax,ON,A5J9J1,2021-12-13,Active
784,Monica,Gonzales,M,2001-01-06,25,nicholasibarra@example.com,+1 (471) 554-4605,0967 Velazquez Views,Mississauga,ON,G1V6G4,2023-07-26,Active
785,Laura,Hanson,F,1992-10-27,33,rodriguezhannah@example.net,(956) 728-5021 x553,77558 Christopher Estate,Oakville,ON,H4S6L7,2023-12-24,Active
786,Keith,Foster,M,1983-03-20,42,xhoffman@example.org,251-991-9817 x755,441 Munoz Expressway,Cambridge,ON,J5E9S3,2024-03-11,Active
787,John,Norman,F,1991-08-02,34,elizabeth74@example.com,565-659-0705 x549,436 Sandoval Cove,Sudbury,ON,S1H5G1,2024-01-10,Active
788,Heather,Evans,F,2005-10-24,20,reedmichael@example.com,510-011-5477 x349,148 Anderson Knoll,Barrie,ON,T7X5N2,2022-09-15,Active
789,Tammy,Walters,F,1970-08-26,55,cody85@example.net,1 (673) 952-3285,095 Burgess Hollow Suite 581,Guelph,ON,R9B5G2,2025-06-23,Active
790,John,Harmon,M,1977-12-10,48,scott40@example.com,446.971.4797,85595 April Forge Suite 456,Richmond Hill,ON,E4T 7A2,2021-09-08,Active
791,Christina,Johnson,F,1980-07-08,45,changsamuel@example.org,+1 (379) 490-7869,1621 Lane Tunnel Apt. 896,Vaughan,ON,R4K7P8,2026-08-04,Active
792,Emily,Kelly,F,1975-09-24,50,dwilliams@example.com,228 834 1335,014 Brandon Mountain,Brampton,ON,H4V7M7,2025-11-05,Active
793,Lee,Joseph,F,2004-07-31,21,ealexander@example.net,1-680-300-7356,0825 Stacy Skyway,Hamilton,ON,K2V3L9,2025-11-29,Active
794,Ruben,Aguilar,F,1983-10-17,42,patrickemily@example.org,814 252 6119,9465 Stuart Roads,Barrie,ON,R3P6J6,2022-12-28,Active
795,Daniel,Davis,M,2004-08-31,21,christopher67@example.org,(905) 203-8819 x376,84714 Lambert Expressway Apt. 148,Burlington,ON,J5K 1N2,2022-02-23,Active
796,Amber,Pruitt,M,1979-08-16,46,gonzalezwilliam@example.com,1-977-090-6761,6295 Timothy Shoal,Kingston,ON,C2S8H3,2021-10-19,Active
797,Megan,Foster,M,1984-12-18,41,douglasdakota@example.com,(703) 264-5649,1991 Johnson Stravenue Apt. 906,Niagara Falls,ON,B4V5A3,2023-04-10,Active
798,Danny,Ali,F,1991-01-06,35,hfleming@example.net,758.913.6829,74215 Carl Gateway Suite 252,Sudbury,ON,A2G7H1,2024-05-05,Active
799,Michael,Hill,F,1983-02-11,42,thomasmegan@example.net,(135) 838-4391,7351 Collins Glen Suite 935,Vaughan,ON,A5H 1C2,2022-05-06,Active
800,Jaime,Duncan,M,1984-10-31,41,william97@example.net,135-971-7717,56870 Jones Glen,London,ON,A7N5C9,2025-08-21,Active
801,Crystal,Garza,F,1996-02-25,29,johncruz@example.com,587.677.6006,5973 Danielle Mountains,Barrie,ON,B3K 5K7,2025-05-02,Active
802,Shannon,Gaines,F,1994-03-01,31,qkemp@example.com,404.848.0947,156 Melissa Vista,Vaughan,ON,H8V6B5,2025-08-09,Active
803,David,Rodriguez,M,1978-02-05,47,kashley@example.com,+1 (947) 545-6572,26934 Adams Springs Apt. 390,London,ON,R7X1P7,2023-06-27,Active
804,Carla,Weeks,F,1987-04-12,38,hjones@example.org,+1 (687) 097-7779,39962 Walker Mountain Apt. 711,Vaughan,ON,T2K 3P9,2024-07-29,Active
805,Donna,Johnson,F,1965-07-23,60,karlmartin@example.org,(102) 399-3446,069 Zimmerman Springs Apt. 695,Ajax,ON,J9N 7T6,2025-06-26,Active
806,Christopher,Wagner,F,1987-09-24,38,timothydavenport@example.org,+1 (444) 885-4875,98042 Bell Inlet,Toronto,ON,X4A 8N7,2025-05-23,Active
807,David,Cook,M,1972-05-01,53,castillomichele@example.com,(487) 860-2039 x221,0195 Brandt Fords,Barrie,ON,Y8V 3X9,2024-01-29,Active
808,Holly,King,F,1999-07-25,26,lindabradley@example.com,191 796 4416,28880 Smith Islands,Kitchener,ON,B8H 5X6,2025-01-06,Active
809,Andrew,Becker,F,1964-05-24,61,millerpaige@example.com,1-254-164-8792,6627 Santos Brook,St. Catharines,ON,P8H 5R5,2022-06-12,Active
810,Mindy,Sanders,M,1959-03-27,66,xnichols@example.com,1-483-309-5872,8060 Michelle Isle,Kitchener,ON,G7K8G2,2022-12-06,Active
811,Matthew,Padilla,M,1991-02-07,34,xsmith@example.org,696.797.2092,201 Andrea Stravenue,London,ON,G3K8K1,2025-09-30,Active
812,Melissa,Molina,F,1986-07-06,39,william91@example.com,(155) 116-3971 x492,7414 Kerry Valleys Suite 396,Brampton,ON,R2G 9P9,2022-10-12,Active
813,Kevin,Andrews,M,1960-03-28,65,pluna@example.net,+1 (577) 244-3435,729 Cox Creek Suite 643,Hamilton,ON,H5B 9K1,2024-10-17,Active
814,Thomas,Lin,F,1963-02-10,62,simsjennifer@example.net,1-309-165-7376,66225 Wheeler Bypass Apt. 693,Richmond Hill,ON,C2L 6B3,2023-12-04,Active
815,Jennifer,Goodwin,M,1962-04-01,63,lorifoster@example.org,1-375-690-0184,59847 Martin Ports,St. Catharines,ON,N8S 8S2,2026-07-04,Active
816,Brooke,Clarke,F,1969-07-20,56,ryandurham@example.net,1-173-650-0329,064 Russell Way,Markham,ON,M9G8T4,2025-10-20,Active
817,Louis,Hopkins,M,1993-04-14,32,kleinjustin@example.net,(616) 979-2067,393 Blanchard Spur Suite 904,London,ON,J3H9P8,2024-05-19,Active
818,Stephen,Wright,M,1968-02-28,57,mcclainjohn@example.com,(245) 330-2364,47409 Lee Viaduct,Windsor,ON,H4B6K1,2023-03-19,Active
819,Brandon,Wright,F,1960-05-15,65,markfuentes@example.com,555.587.0940,45641 Brittney Estate,Burlington,ON,P6C4G9,2025-08-06,Active
820,Tom,Black,F,1958-06-11,67,richardlynn@example.net,1 (205) 349-4197,755 Avery Lock Suite 328,Mississauga,ON,L1S 7K2,2025-04-26,Active
821,Melissa,Powers,M,1963-07-27,62,patricia63@example.com,100 761 5042,868 Contreras Manor Suite 714,Sudbury,ON,J9S 1A1,2022-02-19,Active
822,Justin,Webster,F,1960-09-06,65,atkinsonjessica@example.net,178 888 1893,1638 Rickey Pass Suite 851,Cambridge,ON,S1B7P6,2026-07-23,Active
823,Amanda,Martin,F,1996-01-18,29,cthompson@example.org,627-208-1472 x373,0783 Susan Forges Apt. 697,St. Catharines,ON,E5L9P4,2023-08-26,Active
824,Jorge,Castillo,M,2002-12-17,23,acevedonicholas@example.net,+1 (575) 185-7116,0595 Clark Hollow Apt. 180,Waterloo,ON,J1G3A6,2024-03-27,Active
825,Roy,Chang,F,2006-07-31,19,johnharrison@example.com,230-316-7871 x926,8720 Douglas Shores Apt. 254,Barrie,ON,N6A5B1,2024-02-16,Active
826,Benjamin,Elliott,F,1995-04-20,30,ashleycrawford@example.net,538-872-4616 x303,300 Betty Highway,Kitchener,ON,N4H 1M8,2025-01-18,Active
827,Daniel,Frey,F,1993-09-17,32,redwards@example.com,+1 (728) 973-5189,52756 Adam Crossroad,Richmond Hill,ON,B5G 1K6,2023-07-03,Active
828,Melissa,Cantrell,F,1980-12-07,45,lopezchristian@example.com,(790) 418-2805 x166,812 Beth Oval,Cambridge,ON,L9V7B4,2023-09-03,Active
829,Thomas,Carr,F,1973-07-25,52,kevin20@example.org,448 248 8631,71450 Sherry Villages Apt. 802,St. Catharines,ON,R2E4L7,2021-08-15,Active
830,Joseph,Arias,F,1961-01-10,65,marksashley@example.net,819.925.6924,834 Tanya Forges Suite 141,Ajax,ON,C2X 9E2,2023-02-25,Active
831,Matthew,Miller,M,2005-12-05,20,ericfields@example.com,544-708-5609,7148 Rose Cliff,Windsor,ON,J6E 7L5,2023-03-01,Active
832,Kathy,Ellis,M,1963-02-06,62,ygreene@example.org,140-337-4499 x987,91369 Davis Via,Markham,ON,M7C1A4,2022-06-06,Active
833,Shannon,Hall,M,1996-01-24,29,warnerangela@example.com,263-101-0896 x546,3606 Smith Harbors,Oshawa,ON,M8X5R9,2023-06-26,Active
834,Brandy,Stone,F,1989-08-22,36,william81@example.com,836-100-7701,75949 Lisa Via Apt. 781,Vaughan,ON,C7T 1E1,2022-12-24,Active
835,Sandra,Adams,M,1957-10-27,68,christopher55@example.net,+1 (674) 333-8496,39170 Jessica Lake Apt. 004,Sudbury,ON,R4R 7P2,2026-05-18,Active
836,Deborah,Bryant,M,1988-06-28,37,vangjay@example.net,1-962-487-2385,3927 Tran Shore Apt. 413,Oakville,ON,J7E8V1,2023-09-29,Active
837,Anita,Garcia,M,1975-08-03,50,malloryford@example.org,416.250.6989,6463 Smith Hill Suite 570,Barrie,ON,K8L 2G9,2026-07-09,Active
838,Julie,Hanna,M,1977-04-06,48,marco90@example.com,292-600-0110,1619 Lee Green Suite 981,St. Catharines,ON,C1K 9A9,2022-04-16,Active
839,Alyssa,Turner,F,1996-04-22,29,ncollier@example.org,(867) 233-1044 x817,655 Jones Dam,Oshawa,ON,C3X 3Y1,2023-08-24,Active
840,Alicia,Riggs,M,1995-08-17,30,david61@example.net,(702) 364-1693,9916 Hamilton Bridge,Ajax,ON,G4K 3C6,2022-04-16,Active
841,Edward,Eaton,M,2003-05-18,22,gtrujillo@example.org,+1 (393) 794-9995,2964 Turner Pike,Guelph,ON,K7S9Y2,2025-12-14,Active
842,Charles,Logan,F,2002-07-20,23,jeffreysimmons@example.org,(305) 877-1555 x906,790 Sandra Ports Apt. 204,Waterloo,ON,K2T7H3,2026-01-09,Active
843,Randall,Johnson,M,2006-11-09,19,jameshicks@example.org,(402) 955-9997 x737,9551 Jonathan Mission Suite 111,Sudbury,ON,J1R4T9,2023-09-20,Active
844,Phillip,Delgado,M,2006-07-31,19,kgarcia@example.com,(942) 330-0805 x630,248 William Fork,Guelph,ON,E9B 9V4,2022-01-03,Active
845,Jerome,Simmons,F,1989-09-12,36,kathryn48@example.com,920 720 1970,87416 Tracy Square Suite 365,Peterborough,ON,H6N 2P1,2021-09-06,Active
846,Christopher,Palmer,F,1975-06-29,50,haley42@example.org,+1 (323) 003-6072,0283 Janice Field,Waterloo,ON,G8L6J4,2024-06-18,Active
847,Katrina,Thomas,F,2007-08-01,18,lindaniel@example.com,+1 (131) 669-6874,04544 Sherri Loaf,Brampton,ON,S8R 1L1,2025-01-07,Active
848,Kristina,Rivera,M,1971-07-16,54,garciajessica@example.org,264-296-2809 x241,50969 Garcia Stravenue Apt. 152,Waterloo,ON,P3H3K9,2026-04-09,Active
849,Mary,Lee,M,1973-06-17,52,owong@example.com,(654) 047-6253,11525 Hunter Mews,Kingston,ON,T9T 9Y3,2023-08-08,Active
850,Tonya,Hill,F,1968-02-02,57,montesandrew@example.com,(480) 971-8614 x229,545 Brandon Street Suite 967,Oakville,ON,T2V4C8,2026-07-16,Active
851,Jeffrey,Erickson,M,1998-01-22,27,taylor27@example.com,1 (811) 608-9589,52213 Nicholas Pike,London,ON,B4A5X8,2023-10-03,Active
852,David,Romero,F,1995-07-04,30,adrianmcneil@example.com,1-361-139-9799,56033 Goodman Path Suite 285,Mississauga,ON,X5E4Y8,2023-07-28,Active
853,Jennifer,Mosley,M,1969-03-19,56,newmanthomas@example.com,1-599-944-5744,76926 Paul Trail,Milton,ON,M8K6M2,2025-01-14,Active
854,Lauren,Green,F,1958-03-16,67,bethany83@example.net,(459) 079-9658 x578,6816 Fox View Apt. 407,St. Catharines,ON,B8T 8E7,2022-01-22,Active
855,Dana,Lee,M,2004-06-29,21,mayaaron@example.net,(436) 922-3385 x403,995 Stephanie Isle Apt. 231,Cambridge,ON,R3N 8J4,2023-02-27,Active
856,Mark,Wilson,M,1991-06-26,34,mmoore@example.net,732-234-7714,93555 Neal Canyon Apt. 006,Brampton,ON,V4L 7C5,2022-12-02,Active
857,Michael,Hill,M,2005-02-15,20,hlloyd@example.org,689.391.2706,6122 Rebecca Plains,Oshawa,ON,A5P 5R7,2024-05-18,Active
858,Emily,Zuniga,F,1974-12-07,51,mike59@example.com,926-356-0777,32763 Jose View Suite 008,London,ON,K3R 7R1,2022-07-05,Active
859,Edward,Elliott,F,1992-03-30,33,stacy06@example.org,490-670-1512 x003,9076 Shannon Crescent Suite 218,Hamilton,ON,K3K 7C3,2022-02-25,Active
860,Jeffrey,Castillo,F,2000-10-18,25,glennbutler@example.org,(922) 837-7427 x054,8872 Bryan Fields Apt. 280,Waterloo,ON,H1S 5Y5,2023-09-02,Active
861,Wesley,Nguyen,M,1978-05-21,47,travis09@example.com,464-724-5257,747 Kelley Plain Suite 070,Hamilton,ON,S8N8V1,2026-07-25,Active
862,Rebecca,Palmer,F,1961-02-01,64,jashley@example.net,1-226-809-2826,1700 Gonzalez Park Apt. 860,Waterloo,ON,R9R1Y4,2021-12-17,Active
863,Danielle,Gray,F,2000-03-27,25,kmontes@example.com,927.983.1242,54160 Barbara Corner Suite 808,Vaughan,ON,A1E9V7,2024-01-08,Active
864,Michael,Williams,M,2003-04-23,22,ubanks@example.org,840-433-6895 x796,461 Mark Cliff,Brampton,ON,B8A 1B2,2024-01-27,Active
865,Anthony,Thompson,M,1994-11-29,31,brandon54@example.net,823-920-1029 x759,753 Morris Way Suite 442,Milton,ON,G3R1L5,2022-01-03,Active
866,Michael,Higgins,M,1971-05-16,54,ycarter@example.net,1 (813) 379-3766,160 Cooper Trafficway Apt. 749,Vaughan,ON,P7X 9M9,2021-12-26,Active
867,Cheryl,Robertson,M,1970-10-13,55,stephanierobles@example.net,+1 (924) 057-4450,24535 Terri Street Apt. 111,Oakville,ON,X9P 5C7,2024-12-23,Active
868,Chelsea,Barnett,F,2003-03-29,22,candace21@example.org,1 (996) 183-0734,22642 Jensen Park,Barrie,ON,A5N 9N3,2025-09-14,Active
869,Nicole,Washington,F,1983-06-24,42,higginsdonald@example.org,1-574-984-7460,371 Griffith Glen,Toronto,ON,H7C2L8,2022-07-04,Active
870,Brandon,Nelson,F,1974-01-23,51,christyprince@example.com,569-889-7988 x775,8474 Joe Avenue Apt. 929,Waterloo,ON,S7A 3N8,2023-04-04,Active
871,Vanessa,Perkins,M,2008-02-15,17,nicholas38@example.net,712-484-4793,1156 Taylor Curve Apt. 070,Windsor,ON,N1L6X4,2022-02-06,Active
872,Jasmine,Cole,F,1958-06-03,67,john03@example.com,771 862 4475,12138 Travis Vista,Ajax,ON,Y1V 7Y7,2021-12-23,Active
873,Kent,Dean,M,1992-10-31,33,william63@example.com,+1 (654) 180-2882,28866 Rhonda Island,Brampton,ON,R3X9M9,2026-01-17,Active
874,Mary,Branch,F,2008-04-03,17,vstephenson@example.org,331-329-8871,203 Duffy Pike,Peterborough,ON,M8G9T7,2022-04-09,Active
875,Jacqueline,Strickland,F,2005-09-19,20,thomasrice@example.net,+1 (503) 208-7783,06283 Joseph Roads Suite 573,Mississauga,ON,S3H8J8,2024-10-24,Active
876,Brian,Rivera,F,1996-06-24,29,alyssa97@example.org,527-322-8570,0255 Roberts Loop,Sudbury,ON,T5T 2B2,2023-09-02,Active
877,Amanda,Best,M,2007-02-01,18,kristina64@example.com,838-656-9044 x846,22912 Stephens Isle,Burlington,ON,Y1T1T7,2026-01-18,Active
878,Christina,Case,M,1969-01-10,57,susan64@example.org,960-895-3012 x033,138 Davis Trace,Sudbury,ON,G4Y6K7,2024-05-04,Active
879,Patricia,Kelley,M,1959-05-15,66,johnsonemily@example.org,1 (333) 743-5670,2871 Howe Lakes Suite 957,Sudbury,ON,P6V6N6,2021-09-19,Active
880,Peggy,Allen,M,1974-05-29,51,tanderson@example.net,671.485.4183,525 Lisa Circle,Burlington,ON,X2X7H6,2022-01-26,Active
881,Crystal,Lopez,F,1960-01-31,65,marilyn57@example.com,1-552-030-2769,08824 Jacob Stream Suite 321,St. Catharines,ON,M3M 4A7,2022-10-04,Active
882,Laura,Johnson,M,1990-01-29,35,christopher18@example.org,1 (525) 795-9900,412 Rebecca Islands Suite 601,London,ON,E4J 5M9,2025-02-21,Active
883,James,Burke,F,1981-03-10,44,dholt@example.com,(261) 273-4211 x202,130 Kelly Walks,Sudbury,ON,Y9B1H9,2024-04-25,Active
884,Chad,James,M,1984-01-24,41,xturner@example.org,(419) 199-0821,6831 Haley Fort,Vaughan,ON,R5V2B8,2022-01-06,Active
885,Jeff,Kelley,F,2001-03-22,24,montgomerypamela@example.com,1-505-013-3203,560 Jones Path Suite 650,St. Catharines,ON,T6P8G3,2022-09-21,Active
886,Katelyn,Clark,F,1999-07-09,26,mjohnson@example.net,181-105-7039 x963,7005 Powell Ranch Suite 693,Oakville,ON,K1J 1T8,2022-02-17,Active
887,Alexandra,Smith,M,1992-01-06,34,carpentermichelle@example.org,1-108-633-2343,8744 Cindy Run Apt. 375,Vaughan,ON,V9H 6G9,2025-10-13,Active
888,Nathaniel,Dougherty,M,1963-12-11,62,michael13@example.net,896.034.8236,736 Dustin Garden,London,ON,B7L 5K8,2023-05-31,Active
889,Robert,Marsh,F,1972-10-10,53,trojas@example.com,863.712.0631,2977 Johnson Green Suite 840,Oakville,ON,E2L 6L8,2022-06-25,Active
890,Larry,Lewis,F,1962-06-16,63,esnow@example.com,(361) 146-0361 x189,055 Fletcher Groves Suite 542,Mississauga,ON,X9K5R4,2024-02-03,Active
891,Joseph,Johnson,M,1961-03-31,64,natalie45@example.com,1 (295) 660-0301,227 Stephanie Pike Suite 974,Kitchener,ON,E7T 9J4,2024-04-07,Active
892,Nancy,Dunlap,M,1990-10-25,35,mary70@example.net,(240) 991-6508,64034 Hoffman Field,Kitchener,ON,T7B3A8,2026-03-26,Active
893,Donna,Rogers,F,1973-10-16,52,torreshoward@example.com,1-849-669-5421,2752 Tammy Creek Suite 173,Kingston,ON,M6T3M4,2023-02-26,Active
894,Robert,Lewis,F,1962-09-15,63,madelinehenderson@example.net,(597) 100-1707 x812,6130 Sawyer Tunnel Suite 841,Ajax,ON,H6K3N9,2022-08-08,Active
895,Gary,Nichols,F,1967-09-07,58,zmarquez@example.net,298-130-2656 x477,8821 Moyer Spring,Whitby,ON,C2A2V7,2022-03-09,Active
896,Richard,Scott,M,1972-03-24,53,faulkneryvonne@example.net,(909) 754-2473,237 Waller Points Suite 700,Oshawa,ON,Y3Y6E4,2022-06-15,Active
897,Eric,Potter,M,2005-01-09,20,piercefrank@example.org,+1 (379) 909-6660,3839 Stevens Lodge Suite 682,St. Catharines,ON,A8A 1J1,2023-10-29,Active
898,Tony,Frank,F,1998-10-01,27,tellison@example.com,(520) 709-8348,674 Grimes Spur,Barrie,ON,S8P 5B5,2025-08-26,Active
899,Scott,Simmons,M,1977-02-17,48,rward@example.org,(428) 179-4779 x500,2202 Proctor Locks Apt. 032,St. Catharines,ON,L6P8H4,2022-10-19,Active
900,Jennifer,Johnson,F,1988-05-28,37,qmolina@example.org,+1 (835) 168-5224,751 Matthew Point Apt. 799,Vaughan,ON,B7P 7J4,2022-07-24,Active
901,Jerry,Haney,M,1982-03-16,43,edwardacevedo@example.net,+1 (628) 372-3722,03370 Amy Prairie,Oshawa,ON,G1J4L8,2021-08-24,Active
902,Jesus,Gill,F,1966-11-12,59,chenamanda@example.net,(184) 561-2578,3719 Mullins Spur Apt. 769,Sudbury,ON,Y5A6R6,2023-02-16,Active
903,Hayley,Davis,F,1994-06-11,31,iwade@example.org,992-640-5327 x396,342 Cynthia Ports Apt. 397,Peterborough,ON,X2J6J1,2022-10-12,Active
904,William,Todd,F,1961-07-06,64,zmaynard@example.com,102.506.6686,734 Butler Course Suite 998,Peterborough,ON,K6G2Y1,2022-09-30,Active
905,Lance,Gates,F,1974-01-04,52,gjackson@example.com,1 (596) 374-3963,403 Flores Summit Suite 656,Windsor,ON,J1C9V8,2022-09-04,Active
906,Joanna,Davis,F,1959-05-19,66,jillduffy@example.org,+1 (463) 256-7322,749 Carmen Circles Suite 601,Oakville,ON,B9A 9M7,2023-07-29,Active
907,Andrew,Ramos,F,2007-01-15,18,roberttorres@example.com,(193) 785-9541 x760,1645 Alexis Keys,Sudbury,ON,K7L5S5,2026-03-01,Active
908,Haley,Schmitt,F,1997-10-25,28,dtate@example.net,1 (928) 905-6651,8477 Brittney Terrace,Brampton,ON,T5L 6K1,2024-08-15,Active
909,Luis,Lewis,F,1977-07-25,48,fosterjulie@example.org,330 899 6469,43548 Larson Fall Apt. 215,Brampton,ON,B8K2X1,2024-03-13,Active
910,Mark,Collins,M,1958-12-07,67,patrick04@example.net,237-647-4769,1221 Williams Throughway,Markham,ON,R9N 7P9,2025-02-22,Active
911,Danielle,Leach,F,1993-02-02,32,williamsmaria@example.org,1 (789) 333-5286,38550 Gary Junction,Whitby,ON,J2X1A2,2022-07-06,Active
912,Michael,Owens,M,1971-11-24,54,pruittangelica@example.com,194.999.1365,1919 Martha Ports Suite 871,Kingston,ON,V1C9V1,2024-10-19,Active
913,Dylan,Jefferson,F,1988-04-30,37,karengould@example.net,1 (407) 196-1293,34952 Bobby Well,Brampton,ON,B8B2J8,2024-01-27,Active
914,Michael,Moore,F,1983-09-29,42,ascott@example.com,+1 (611) 262-0306,5712 David Meadows,Richmond Hill,ON,C2Y 3C4,2025-12-19,Active
915,Charlotte,Walker,F,1988-07-20,37,whitemichael@example.net,(979) 206-2314 x596,96196 Tammy Knolls,Barrie,ON,P2H 3C1,2025-10-21,Active
916,Adam,Martinez,F,1997-10-22,28,kimberly80@example.com,1-960-819-7140,6954 Knight Knoll,Markham,ON,R9A 1N7,2025-09-24,Active
917,Stephen,Peterson,F,1992-08-04,33,owheeler@example.net,(159) 074-2941 x429,577 White Vista Apt. 847,Windsor,ON,R4C1P2,2023-07-18,Active
918,Justin,Taylor,F,2001-02-20,24,smartinez@example.net,+1 (785) 902-6297,66286 Smith Field,Sudbury,ON,X7G9L7,2024-01-03,Active
919,Randy,Gray,F,1958-12-26,67,rreese@example.com,321-572-3125,35256 Aaron Islands Suite 961,Mississauga,ON,H1E6P3,2021-08-19,Active
920,Jessica,Perez,F,1975-04-24,50,katrinalopez@example.org,(345) 605-9934 x232,91294 Small Fork,Markham,ON,L1C 9L8,2024-02-25,Active
921,Rebecca,Hodge,M,1970-05-21,55,eliu@example.net,(824) 021-1682 x313,100 Hernandez Inlet,Oshawa,ON,S9P 7T4,2024-12-27,Active
922,Thomas,Compton,F,1975-05-25,50,michelle63@example.net,1-588-823-7254,53511 Cordova Springs,Brampton,ON,Y1A 4N5,2023-04-10,Active
923,Jill,Lopez,M,1968-07-28,57,qmoore@example.com,+1 (876) 660-8288,8712 Connie Island Apt. 136,Sudbury,ON,J3E7P3,2022-01-25,Active
924,Timothy,Phillips,M,1990-08-23,35,scottstephanie@example.org,710-614-4529,7443 Cesar Underpass Suite 115,Toronto,ON,K8K 3L7,2025-10-20,Active
925,Christopher,Brady,F,1980-11-23,45,latoyaturner@example.com,1-999-758-5861,8602 Michael Ramp,Markham,ON,V8L 7J4,2024-03-01,Active
926,Keith,Dillon,M,1982-02-15,43,jasonmartin@example.org,(495) 480-7047,8368 Collins Mountains,Mississauga,ON,L1A4T7,2023-07-08,Active
927,Tina,Gomez,M,2001-04-17,24,smithtammy@example.com,428 212 8219,278 Farmer Dale Suite 439,Brampton,ON,J6A 7M3,2024-11-25,Active
928,Richard,Keller,F,1958-07-02,67,rjohnson@example.net,1 (531) 234-4358,84651 Tammy Falls,St. Catharines,ON,A8R 9K2,2023-12-17,Active
929,Kurt,Page,F,1993-05-20,32,kristinaking@example.net,516.595.5859,93793 Jason Walk,Sudbury,ON,J8R3N8,2023-08-04,Active
930,Travis,Freeman,M,1978-10-31,47,michaelhansen@example.org,(941) 749-1953,842 Buchanan Walk,Niagara Falls,ON,J8J 7A2,2023-05-29,Active
931,Clifford,Miller,M,1958-01-10,68,cookalicia@example.org,1-542-364-7921,08616 Petersen Squares,Markham,ON,M8C 4N9,2024-11-24,Active
932,Shawn,Mays,F,1957-12-26,68,omurray@example.com,420-961-0237 x264,58699 Pollard Grove,Richmond Hill,ON,V6E8P4,2022-05-17,Active
933,Steven,Wilson,F,2002-03-02,23,kyle91@example.com,932-609-6856 x888,08597 Shelly Parkway Suite 794,Sudbury,ON,J5S 8L1,2022-06-07,Active
934,Tracy,Franco,M,1967-01-12,59,wdyer@example.com,+1 (545) 876-6949,155 Joshua Mills Suite 502,Cambridge,ON,A8P8K3,2024-08-05,Active
935,Jessica,Shelton,M,1956-11-18,69,oedwards@example.net,1-950-375-4807,3833 Buckley Prairie,Niagara Falls,ON,H7E 7K5,2026-06-22,Active
936,Heather,Hill,F,1983-11-20,42,wellsstephen@example.org,1-215-063-2405,265 Molly Mission,Ajax,ON,J7J8M5,2024-10-30,Active
937,Tonya,Kramer,F,1970-06-13,55,vshields@example.org,(632) 739-9741,94101 Harold Overpass,Peterborough,ON,B2V6Y2,2023-07-20,Active
938,Jose,Ibarra,F,2007-05-20,18,eknight@example.org,(833) 061-4435 x754,0526 Jacob Mountain,Vaughan,ON,R6X 7V8,2021-11-22,Active
939,Meghan,Lyons,M,1961-01-09,65,pughcarol@example.org,+1 (613) 912-3774,133 Jenkins Parkway Suite 058,Waterloo,ON,V7C 6B2,2026-01-09,Active
940,Joseph,Crawford,M,1999-03-01,26,wrose@example.net,1-678-483-0348,65404 Oliver Neck Apt. 809,Toronto,ON,J9E 9T4,2025-07-20,Active
941,Linda,Scott,F,1997-06-16,28,pattersonjulie@example.com,(344) 408-8959 x303,5605 Rodney Road,Milton,ON,E4P 1H3,2024-08-17,Active
942,Cindy,James,M,1987-09-11,38,andrewburke@example.org,(256) 540-3079,0273 Anthony Drive Suite 318,Whitby,ON,A3A4M2,2024-11-29,Active
943,Holly,Chang,F,1984-03-29,41,imahoney@example.org,1-581-093-0548,85779 Dyer Radial Apt. 455,Oshawa,ON,X2E 9P3,2024-01-08,Active
944,Jacob,Robertson,F,2001-04-15,24,samuelhill@example.org,1 (918) 525-5768,5903 Sharon Crossing,Oakville,ON,N9M8L7,2022-02-08,Active
945,Alexis,Erickson,F,1998-02-24,27,william49@example.net,150.892.4464,0769 Reed Knoll,Kitchener,ON,P9N 2X1,2024-02-17,Active
946,Elizabeth,Griffin,F,1993-08-09,32,kevin77@example.com,1-859-254-1238,9379 Gilbert Brook,Oakville,ON,B6M5N9,2025-10-02,Active
947,Jo,Murray,M,1986-03-11,39,sandra16@example.com,439 567 1255,27674 Nicholas Crossing Apt. 272,Kitchener,ON,R2P5J6,2026-05-02,Active
948,James,Garcia,M,1992-08-25,33,brownjustin@example.com,1 (383) 455-9556,8335 Lyons Wall,London,ON,S9X6B1,2023-02-05,Active
949,Beverly,Johnson,M,1998-05-17,27,dmalone@example.com,(217) 155-7852,336 Eaton Tunnel Apt. 160,Cambridge,ON,A6C6B9,2022-07-29,Active
950,Daniel,Randall,F,1960-08-30,65,bradleysullivan@example.org,193-339-6379,38878 Sherry Circles,Oakville,ON,X8M 9M2,2025-05-10,Active
951,Shawn,Powell,F,1978-01-10,48,nicole20@example.net,(848) 124-2664,64404 Wong Fields Apt. 796,Brampton,ON,K9T2N9,2023-12-18,Active
952,Kevin,Lynch,F,1999-06-25,26,larryfox@example.net,244.693.9953,6642 Christina Branch Apt. 690,Richmond Hill,ON,L7R9R2,2026-05-21,Active
953,Valerie,White,M,1962-12-03,63,barbaragibbs@example.org,446 872 2037,8406 James Loop,Oakville,ON,M8X9N4,2021-11-06,Active
954,Mark,Silva,F,1970-05-26,55,emma76@example.net,1 (378) 680-0551,764 Shepard Greens Apt. 632,Whitby,ON,B2P5S7,2023-05-14,Active
955,Lauren,Thompson,M,2002-07-01,23,carterchristopher@example.net,(267) 471-5203 x519,056 Burton Freeway Apt. 585,Barrie,ON,Y4C 3L3,2025-02-20,Active
956,Sarah,Nolan,M,1982-08-18,43,nmckinney@example.org,290-423-3810 x608,05229 Allison Keys Suite 496,Oakville,ON,A8N1G3,2023-05-07,Active
957,Cody,Wilson,M,1988-11-08,37,jason83@example.org,1-107-751-3061,16897 Morgan Flats,Sudbury,ON,E4M3T1,2023-01-03,Active
958,David,Campbell,M,1960-11-22,65,whiteronald@example.com,+1 (902) 336-1655,2475 Morgan Manor,Hamilton,ON,G7B8K1,2022-04-24,Active
959,Daniel,Smith,M,1994-03-29,31,rebecca68@example.com,969-057-1121,7932 Michael Underpass,London,ON,K6K 5A9,2022-12-31,Active
960,Luis,Miller,M,1986-11-23,39,drivera@example.com,1-732-183-0242,8551 Douglas Bypass Suite 115,Milton,ON,Y6X2B1,2024-08-16,Active
961,Peter,Diaz,F,1966-06-29,59,jeffreybutler@example.org,957-543-7009,64377 Danielle Drive Apt. 704,Sudbury,ON,B6E3H9,2026-01-31,Active
962,Jeffrey,Lewis,M,1999-12-30,26,pdavis@example.net,1 (668) 176-9750,3930 Tina Spur,Cambridge,ON,P9C4R4,2025-03-06,Active
963,Brianna,Carney,M,1960-06-03,65,froberts@example.org,(694) 406-5452 x593,76509 Myers Ways Apt. 785,Markham,ON,G2H3T7,2021-09-20,Active
964,Sarah,Welch,F,1963-04-14,62,efrench@example.org,(568) 010-9360 x919,170 Monica Dale,Brampton,ON,R1H6X9,2023-11-25,Active
965,Melissa,Glover,F,1999-05-27,26,ramirezbrianna@example.org,+1 (582) 119-5696,77359 Myers Union Apt. 922,Peterborough,ON,P6E 7J4,2025-11-13,Active
966,Ashley,Rodgers,F,1994-07-08,31,urobles@example.net,950 075 1674,735 Andrea Street Apt. 774,Ajax,ON,M4V6T6,2024-11-11,Active
967,Amanda,Watson,F,1972-07-20,53,lwalton@example.com,201 930 6469,7191 Hayden Ports,St. Catharines,ON,J1P 4K2,2022-10-26,Active
968,Angela,Williams,M,1985-06-16,40,gmoreno@example.net,953-355-2620 x294,7811 Angelica Lodge Apt. 451,Niagara Falls,ON,K3H4G2,2023-10-17,Active
969,Ryan,Bullock,F,1980-07-08,45,mcguireashley@example.com,250-557-7791 x743,434 Clark Gateway,London,ON,C6N 1V3,2026-02-03,Active
970,Brendan,Nelson,M,1980-06-25,45,quinnjacob@example.net,1 (275) 629-4339,670 Nguyen Locks Suite 394,Vaughan,ON,E1B5C3,2025-11-18,Active
971,Brittany,Green,F,1997-02-15,28,michaelskinner@example.org,201.818.8969,93575 Allison Underpass,Cambridge,ON,E8C 1N4,2023-02-02,Active
972,Brian,Davis,F,1975-10-21,50,rmitchell@example.org,+1 (224) 554-6202,4692 Elizabeth Port,Richmond Hill,ON,A8V4C5,2022-09-26,Active
973,Robin,Hull,M,1976-08-10,49,marissa47@example.net,606-039-8107,3521 Chen Street,London,ON,H3A 5H2,2024-01-11,Active
974,Patrick,Williams,M,1977-05-11,48,ryan18@example.net,1 (341) 333-6650,156 Arnold Mill Apt. 578,St. Catharines,ON,B5N 3H3,2022-01-07,Active
975,Darren,Jennings,M,1987-01-03,39,ernest99@example.com,(414) 140-1385 x699,2652 Rebecca Village,Guelph,ON,A5E 1T3,2021-11-06,Active
976,Deborah,Miles,M,2003-07-04,22,gmontgomery@example.net,(266) 594-8182 x729,675 Robin Inlet,Hamilton,ON,E3N2J9,2024-11-12,Active
977,Corey,Brown,M,2002-12-31,23,nicole31@example.com,+1 (382) 342-8402,2671 Yvette Estate Apt. 253,Barrie,ON,H7K8Y1,2025-08-29,Active
978,Anthony,Mejia,F,1981-03-30,44,denisewalters@example.net,(876) 674-0877 x210,40033 Nicole Land Apt. 097,Windsor,ON,M6T 5G3,2023-10-02,Active
979,Calvin,Mcgee,M,1971-08-22,54,brittneywashington@example.com,(998) 523-8182,3278 Black Neck,Oakville,ON,L6H 8K4,2021-12-26,Active
980,Michael,Young,F,1988-07-12,37,swansonerin@example.net,813 534 7050,7508 Knight Shoals,Sudbury,ON,J7P9T7,2025-02-10,Active
981,Kayla,Young,F,1978-02-25,47,cainrhonda@example.com,694.845.4225,33059 Michael Court Suite 351,Brampton,ON,A5S 6V2,2024-12-14,Active
982,Lindsay,Patterson,F,2007-05-31,18,uavila@example.net,450-417-3722,67870 Nicole Views Apt. 381,Kitchener,ON,X2C 9T4,2023-05-11,Active
983,Emily,Harmon,F,2001-05-07,24,natalie11@example.org,259-637-3114 x933,862 Brian Meadows,London,ON,L4A9A2,2024-02-20,Active
984,Janet,Evans,M,1957-07-26,68,jennifer00@example.org,182.414.0817,461 Walters Mountains,Markham,ON,J5H8C1,2022-08-21,Active
985,Andrew,Lopez,M,1963-04-08,62,elizabeth43@example.net,(144) 210-6510,0104 James Freeway Suite 557,Ajax,ON,G3B3V4,2024-07-29,Active
986,Kari,Cowan,M,1975-03-05,50,fanderson@example.com,+1 (818) 989-8787,7513 Marshall Club Apt. 398,Niagara Falls,ON,Y3K 1T5,2024-02-15,Active
987,Joshua,Wilson,F,1968-04-13,57,luis86@example.net,773.418.8079,031 Walter Valley Suite 859,Windsor,ON,E4Y 7N3,2021-10-03,Active
988,Margaret,Burke,M,2003-06-02,22,brandywest@example.net,1 (340) 638-5670,715 Stephen Shoals,Niagara Falls,ON,H6B6P6,2025-05-15,Active
989,Joseph,Giles,M,1991-08-18,34,colesheila@example.net,+1 (177) 888-9221,2040 Simpson Cliff,Toronto,ON,H2M 8R6,2024-12-07,Active
990,Alexis,Acevedo,F,1984-07-15,41,benderandrew@example.net,1-386-671-8644,44704 Harrison Crescent Apt. 187,Mississauga,ON,A3K6K8,2025-06-22,Active
991,Donna,Walker,M,1992-08-16,33,forddennis@example.com,+1 (589) 974-9030,177 Jose Ville,Vaughan,ON,M5T 9A2,2022-02-12,Active
992,James,Davis,F,2005-03-16,20,ssaunders@example.org,331 456 5181,9170 John Garden Suite 432,St. Catharines,ON,R1V6M4,2023-06-29,Active
993,Nancy,Powers,M,1972-12-25,53,davidunderwood@example.com,211.902.0607,693 Kristen Lake,Markham,ON,H5C 3M7,2025-07-06,Active
994,Valerie,Sanchez,F,1979-05-10,46,lisa84@example.net,556 116 1599,261 Rosales Isle Suite 375,Milton,ON,R6X 1G9,2022-02-14,Active
995,Beverly,Christian,F,2000-11-13,25,tammy23@example.org,(658) 593-5803,805 Sara Park,Vaughan,ON,B2V8X4,2023-05-25,Active
996,Lynn,Barr,M,1997-08-02,28,henry77@example.com,144-496-4930 x464,0698 Peter Plains,Milton,ON,G6T4P8,2023-11-27,Active
997,Norma,Bright,F,1968-06-10,57,rebecca46@example.org,621.040.7254,601 Brown Village,Richmond Hill,ON,G1L 8T3,2023-07-30,Active
998,Elizabeth,Orozco,F,1963-09-02,62,mannkenneth@example.org,+1 (903) 250-3943,2789 Moore Gardens Suite 179,Barrie,ON,S5L6N6,2025-10-21,Active
999,Nancy,Thompson,M,1994-09-17,31,jessicasnyder@example.com,471 832 2402,2761 Ortiz Via,Brampton,ON,A5L7B6,2024-11-28,Active
1000,Frank,Gray,F,1961-10-03,64,kruegertammie@example.com,622-892-0745,276 Olson Groves,Windsor,ON,J5J 4N4,2025-09-09,Active
1001,Stephen,Simon,F,2008-04-26,17,jennifermeyer@example.org,+1 (192) 151-0026,2143 Mckay Square Suite 965,Guelph,ON,V6C 8P4,2022-02-23,Active
1002,Hunter,Castro,M,1957-12-18,68,cameronchavez@example.org,1 (307) 933-7731,41485 Patricia Trafficway Apt. 759,Cambridge,ON,X9G 1S1,2024-08-17,Active
1003,Gerald,Castro,M,1981-02-20,44,kmiller@example.org,(494) 523-9596 x023,9987 Wilson Lake,Kingston,ON,A4J1H9,2024-03-21,Active
1004,Ryan,Smith,F,1959-07-17,66,sheila75@example.org,841 300 7886,755 Herring Avenue Suite 914,Kingston,ON,B3M4T7,2023-08-27,Active
1005,Phillip,Griffin,F,1971-09-27,54,gmoses@example.net,542.043.8450,17643 Jacobs Flats Suite 166,Burlington,ON,L9B9T7,2024-05-29,Active
1006,Michelle,Horton,M,1994-11-07,31,amanda74@example.net,910.667.2641,397 Robinson Mountains Apt. 124,Peterborough,ON,E6S 9L3,2026-03-23,Active
1007,John,Zuniga,F,1970-01-16,55,nelsonaaron@example.org,393-651-8756 x926,27357 Donald Loaf,St. Catharines,ON,H4C1G1,2024-05-09,Active
1008,Donna,Huffman,M,1974-05-07,51,kristin15@example.org,142 566 0098,8369 Heidi Ford Apt. 341,Ajax,ON,R3N 9J6,2023-10-05,Active
1009,Joseph,Wu,M,2005-04-10,20,zglenn@example.com,570-600-7461,70049 Jessica Shore,Kingston,ON,M7M9J8,2022-01-01,Active
1010,Margaret,Leach,M,1994-06-17,31,williampark@example.com,915 774 0545,1824 Parker Harbor Apt. 785,Cambridge,ON,C9L 9E8,2022-06-16,Active
1011,Jonathan,Armstrong,F,1967-05-15,58,schultzderek@example.net,(899) 821-5900,20448 Leblanc Keys,Oshawa,ON,T6V5C2,2025-04-06,Active
1012,Heather,Myers,M,1980-10-02,45,leslie89@example.org,616.457.6776,666 Castillo Lock Apt. 852,Waterloo,ON,X7N 5G6,2025-12-29,Active
1013,Chad,Cox,M,2004-10-09,21,ashley88@example.com,(129) 887-2754 x422,85069 Brooke Plain Suite 386,Hamilton,ON,B8B3R5,2023-08-31,Active
1014,James,Johnson,F,2006-07-08,19,laurenmiller@example.org,231-839-3301,406 King Place,Barrie,ON,N6X6V3,2025-01-27,Active
1015,Ashley,Garcia,F,1975-01-29,50,hillrobert@example.com,1-457-835-1798,135 Novak Manors Suite 338,Markham,ON,Y2S8L9,2026-03-18,Active
1016,Felicia,Mckee,M,1973-08-06,52,greenekaren@example.org,+1 (424) 694-7629,842 Fox Lake Apt. 797,Waterloo,ON,S2V 1B3,2024-11-12,Active
1017,Melinda,Li,F,2004-12-23,21,frazierwendy@example.com,203 872 1215,456 Margaret Via,Kingston,ON,S1H2G7,2023-04-10,Active
1018,Crystal,Young,M,1977-10-23,48,triciagomez@example.net,543 262 5381,07559 Jones Harbor,Kitchener,ON,B9G 5M4,2025-05-10,Active
1019,Tony,Wood,F,1974-08-12,51,joanwright@example.org,(209) 997-0244 x043,077 Elizabeth Extensions,Milton,ON,N8K 8G4,2024-01-15,Active
1020,Jonathan,Sanders,F,1975-01-12,51,wmartinez@example.com,(755) 481-4712,1539 Lauren Ports Apt. 942,Milton,ON,B6G1C2,2022-08-18,Active
1021,Melissa,Fields,M,1969-11-01,56,kimthomas@example.net,(195) 824-7733 x912,1912 Reed Gardens,Milton,ON,N5T3C2,2025-07-16,Active
1022,Shelby,Lopez,F,1961-04-02,64,arthurhowe@example.com,1 (491) 004-4364,4432 Chapman Glen Apt. 200,Brampton,ON,G7H9T4,2023-03-10,Active
1023,Brandon,Burton,F,1980-08-09,45,udorsey@example.net,110-933-8530 x009,632 Robertson Wall,Ajax,ON,V5T7N6,2024-05-07,Active
1024,Gabriel,Barrett,M,1962-11-12,63,ppena@example.com,1-563-324-6568,4635 Steven Park,Waterloo,ON,N6C 2X8,2023-07-28,Active
1025,Michael,Montoya,F,1991-09-03,34,robin65@example.com,503-375-2296,210 Jack Crossroad Suite 145,Niagara Falls,ON,V8P3J4,2024-01-06,Active
1026,Joshua,Mitchell,M,1978-01-29,47,dparker@example.org,408-137-2298 x210,243 Gabriel Route Suite 014,Mississauga,ON,G1Y8L7,2024-12-22,Active
1027,Lisa,Gonzalez,F,1991-04-23,34,morsetaylor@example.org,1-576-790-0782,6669 Watts Forges Suite 094,Barrie,ON,X3S 6X1,2024-03-28,Active
1028,Henry,Cobb,F,1974-01-12,52,emartin@example.org,+1 (469) 232-5727,689 Thomas Centers Suite 723,Markham,ON,L7L 7S2,2021-10-26,Active
1029,Stephanie,Greene,M,1961-10-19,64,dmiller@example.com,(562) 886-8879 x244,95186 Butler Corners,Barrie,ON,M9L 9B4,2025-01-25,Active
1030,Craig,Wright,F,1968-10-30,57,martinezbeth@example.org,1-476-912-3779,22016 Cody Track,Hamilton,ON,H3A4A2,2023-05-30,Active
1031,Sarah,Allen,F,1967-11-03,58,rwalsh@example.org,340.982.1270,89672 Martha Falls,London,ON,A8K8E6,2023-08-02,Active
1032,Hannah,Smith,F,1986-07-05,39,vaughndiana@example.net,576.532.4483,715 Larry Stravenue,Burlington,ON,M2S8E1,2026-01-30,Active
1033,Shannon,Anderson,F,1992-06-20,33,amandalopez@example.org,1-200-938-0834,21600 Callahan Ways,St. Catharines,ON,H9L 4C3,2025-01-03,Active
1034,Jacob,Hayes,M,1995-10-22,30,michaelrios@example.org,313 116 7954,67011 Griffin Creek,Sudbury,ON,S7T 3Y1,2022-06-27,Active
1035,Jacob,Sanders,M,1961-07-30,64,karen67@example.org,422-099-4175,0531 Maxwell Circle,Peterborough,ON,A6T1N9,2022-11-21,Active
1036,Amy,Gutierrez,M,1973-03-24,52,ogriffin@example.com,(546) 797-0083 x076,58355 Christopher Estates Suite 279,Niagara Falls,ON,K3G1Y2,2025-10-29,Active
1037,Joel,Smith,F,1985-01-16,40,daviseric@example.org,1-106-368-0199,24065 Carl Mountains Suite 711,Sudbury,ON,B9R6L8,2024-06-04,Active
1038,Angela,Crane,F,2004-01-13,21,martinstephanie@example.com,979-044-8138,011 Nicholson Isle,Brampton,ON,V8R7T2,2024-07-06,Active
1039,Joseph,Ross,F,1974-03-09,51,davisbenjamin@example.org,376.451.7702,045 Kevin Parkways,Ajax,ON,T6T 4G3,2021-11-20,Active
1040,Daisy,Newman,F,2004-04-18,21,amandawarren@example.net,835-872-7299 x335,40939 Wade Flat,St. Catharines,ON,R5M5Y3,2024-12-23,Active
1041,Angela,Flores,M,1969-07-06,56,wflynn@example.org,(891) 886-7622,3340 Mccoy Centers,Markham,ON,S4S 5J1,2022-03-05,Active
1042,Dean,Brooks,M,1992-07-13,33,jonathanbarker@example.com,463 628 8623,0444 Cox Stravenue Apt. 434,London,ON,G2C8C6,2022-12-01,Active
1043,Kelly,Bradley,F,1986-07-15,39,kmay@example.org,(284) 246-3815 x129,4792 Guerrero Heights,Peterborough,ON,X5T 8H4,2023-03-17,Active
1044,Christy,Rice,F,1990-06-27,35,pbrooks@example.net,253.007.5145,7923 Matthew Mountain,Kingston,ON,L2N 1J9,2022-01-18,Active
1045,Tina,Strong,M,1969-08-23,56,julianichols@example.net,+1 (724) 301-4606,06963 Gentry Rest Apt. 218,St. Catharines,ON,B1R7N2,2025-11-03,Active
1046,Christopher,Perkins,F,1970-06-09,55,rodriguezfred@example.org,331 600 4027,321 Brian Lock Apt. 498,Kitchener,ON,G8P7B7,2024-09-05,Active
1047,Karen,Chavez,M,1998-12-10,27,frank01@example.com,344.246.0737,861 Riley Extension,Ajax,ON,L8T7N4,2026-01-25,Active
1048,Jacqueline,Lynch,M,2003-04-09,22,brittanyjohnson@example.com,279-798-3676 x074,9394 Leslie Trail,Mississauga,ON,K6B7K1,2025-12-18,Active
1049,Katrina,Chen,F,1984-03-10,41,acoleman@example.net,+1 (335) 476-0751,18426 Elizabeth Light,London,ON,M1E3X5,2023-04-26,Active
1050,Walter,Mcgrath,F,1971-11-07,54,marcbrooks@example.com,643 779 5076,3748 Luna Summit Apt. 512,Milton,ON,N7Y 8M1,2022-01-01,Active
1051,Mark,Jackson,M,1982-03-01,43,melissachapman@example.net,894 965 2396,999 Douglas Viaduct Apt. 854,London,ON,T9A 5B2,2023-04-21,Active
1052,Shelly,Campbell,F,1993-09-29,32,uelliott@example.com,1 (638) 513-9763,461 Anderson Mews,Kingston,ON,A9L 6B3,2021-09-13,Active
1053,James,Mcclure,F,1997-09-14,28,jonescarol@example.net,537-282-6593 x380,917 Linda Valley,Windsor,ON,B4K1J9,2025-09-01,Active
1054,Christopher,Santos,F,1971-10-09,54,robertbrock@example.com,120-931-3788,109 Sarah Oval,Markham,ON,V8T4T7,2023-04-20,Active
1055,Nicholas,Kelly,F,2006-03-16,19,mark03@example.com,(419) 543-5110 x269,3308 James Gateway Apt. 135,Niagara Falls,ON,M6X 1N8,2021-09-14,Active
1056,Andre,Taylor,F,1976-03-03,49,csmith@example.com,751.448.7621,342 Terry Village Suite 302,Ajax,ON,B8S3N6,2022-06-06,Active
1057,Jeremy,Salinas,F,1958-05-04,67,william37@example.com,225.828.4889,516 Weber Cliff Suite 564,Oakville,ON,S3L4N1,2021-09-28,Active
1058,Mitchell,Turner,M,1960-05-13,65,tiffanykoch@example.net,(867) 855-4701 x897,14670 Rodney Divide Suite 028,Milton,ON,B8M 8C1,2025-09-25,Active
1059,Joseph,Jefferson,F,1982-05-07,43,chambersdaniel@example.org,(640) 799-2164,2754 Jennifer Station Apt. 286,Sudbury,ON,X6N1C7,2026-02-16,Active
1060,Selena,Jones,M,1976-12-08,49,julia15@example.com,+1 (461) 668-9409,364 Fowler Junctions Suite 516,Richmond Hill,ON,C6K 7J4,2022-07-12,Active
1061,Nathan,Jones,F,1970-02-26,55,nathaniellawson@example.org,812 697 4869,798 Stevenson Corner Suite 305,Guelph,ON,V4B 7L3,2022-06-29,Active
1062,Anna,Miller,M,1974-08-31,51,dean01@example.org,946-901-7631 x919,70855 Lisa Avenue Suite 223,Burlington,ON,S7J 8P4,2024-10-18,Active
1063,Shawn,Myers,F,1974-12-09,51,gabriel98@example.com,404.003.2730,8274 Clark Underpass,Markham,ON,G7K2N2,2024-05-17,Active
1064,Edward,Sanford,M,1992-07-01,33,mcdanielruben@example.net,1 (286) 218-5311,177 Lisa Fords,Oshawa,ON,S4R7R5,2023-12-29,Active
1065,Debra,Moore,M,1982-12-18,43,bonnie45@example.org,(837) 902-9403,53132 Singh Crossroad Suite 567,Burlington,ON,N1B 6K7,2024-02-05,Active
1066,Stephen,Jones,F,1985-06-23,40,srivera@example.net,1-989-185-2983,15149 Alexander Loop,Niagara Falls,ON,C2K7R6,2023-10-17,Active
1067,Devin,Barrera,F,2000-03-24,25,susanwarner@example.com,595.490.2948,45776 Jones Freeway Suite 550,Windsor,ON,C7P 8P9,2022-07-12,Active
1068,Anne,Curtis,M,2005-10-15,20,susan93@example.com,219-412-7066,360 Nichols Mill Apt. 020,London,ON,J2Y 2Y3,2021-08-24,Active
1069,Christine,Foster,M,2004-01-24,21,opatterson@example.com,603 734 4836,0719 Michael Shoals Suite 743,Mississauga,ON,V6V5B7,2025-09-07,Active
1070,John,Long,M,1967-01-21,58,garzajulia@example.com,1-768-873-0588,25312 Roberto Manor,Kitchener,ON,N9L 1V1,2024-05-29,Active
1071,Kevin,Atkinson,F,1983-05-29,42,paul59@example.com,900-190-0738,6734 Campbell Vista Suite 939,Cambridge,ON,Y4L 2E9,2023-03-07,Active
1072,Tyler,Mills,M,1986-07-03,39,danielhaley@example.com,1-128-425-1119,9409 Martin Ports,Guelph,ON,C8H1N4,2025-05-24,Active
1073,Angela,Mckinney,M,1963-11-06,62,yarcher@example.com,462-895-1340,387 Roberts Squares Apt. 081,Guelph,ON,S4K 8H1,2022-06-29,Active
1074,John,Jackson,F,1995-09-14,30,kennedymichael@example.com,(618) 513-3117 x860,6771 Vanessa Tunnel Apt. 030,Guelph,ON,X8T 5N1,2023-05-19,Active
1075,Rebekah,Allen,M,1989-01-19,36,clarkalexander@example.com,887-192-4972 x655,64967 Wolfe Court,Burlington,ON,N6K3T6,2023-10-23,Active
1076,Lindsay,Gregory,M,1972-03-20,53,tonyamorris@example.net,+1 (699) 018-5111,3385 Luis Meadow Suite 670,Oakville,ON,B1S9Y4,2024-02-10,Active
1077,Carlos,Aguilar,M,1967-06-28,58,ryan02@example.com,1 (486) 034-5633,49524 Hayes Junction,Ajax,ON,N9N 3V7,2022-07-21,Active
1078,Madison,Harris,F,1984-11-16,41,suzannecowan@example.net,871 618 6286,6237 Jason Point Suite 478,Whitby,ON,H2S4X2,2025-07-29,Active
1079,Jennifer,Bean,F,1964-08-27,61,ingramjennifer@example.org,(228) 062-5394,5541 Lucas Pines Apt. 140,Richmond Hill,ON,K4P 1R4,2026-02-11,Active
1080,Edward,Wells,F,1964-11-01,61,elizabeth90@example.com,498-657-1689 x621,508 Thompson Plains,Ajax,ON,Y5N4R5,2023-10-13,Active
1081,Erin,Holloway,M,1959-03-22,66,jasonray@example.com,(472) 894-6736 x316,84601 Moore Lock,Kingston,ON,X4A 7K5,2024-08-20,Active
1082,Lisa,Patton,F,1983-05-27,42,fcampbell@example.net,763.430.3101,66228 Cox Island Suite 140,Cambridge,ON,T3R6G2,2025-05-30,Active
1083,Aaron,Collins,F,1962-01-02,64,ymiller@example.net,+1 (200) 260-4690,9538 Regina Stravenue Suite 244,Whitby,ON,A8S 9R9,2023-01-11,Active
1084,Morgan,Walker,F,2007-11-26,18,reginajordan@example.org,142 389 3544,10729 Johnson Gardens Apt. 506,Richmond Hill,ON,T9E6L4,2026-03-30,Active
1085,Kimberly,Porter,F,1990-10-04,35,scottbailey@example.com,1 (341) 298-2492,88152 William Wall,Markham,ON,G7E9T1,2022-03-11,Active
1086,Robert,Jordan,M,1998-12-28,27,tammie50@example.com,(424) 913-9430,0274 Cervantes Turnpike,Kitchener,ON,Y5K 5X1,2025-05-21,Active
1087,Teresa,Shelton,F,2005-01-13,20,timothylong@example.com,(499) 942-8580,86414 Rios Village,Oshawa,ON,B1X 6N1,2025-05-12,Active
1088,Emily,Wyatt,F,1970-10-04,55,cookanthony@example.com,182.377.2109,4479 Ashley Square Apt. 717,Waterloo,ON,A5A6J7,2024-03-25,Active
1089,Gwendolyn,Sexton,F,2002-11-08,23,frivera@example.org,144-966-6072 x366,4120 Amy Fields Suite 893,St. Catharines,ON,P5G 1Y5,2022-09-02,Active
1090,Michael,Morales,M,1969-06-10,56,randyschroeder@example.com,475-266-8480 x316,8175 Jose Rue Apt. 353,Oakville,ON,R9L4H4,2021-08-24,Active
1091,Kathryn,Howard,F,2006-04-27,19,derek60@example.net,(853) 298-7340 x114,5473 Chase Camp Suite 990,Oakville,ON,T5Y6C7,2026-06-23,Active
1092,Timothy,Hayes,F,1974-01-31,51,cdavis@example.net,(140) 573-6891,1756 Zamora Bypass,Kingston,ON,H9E8X8,2025-08-08,Active
1093,Roger,Leblanc,F,1991-10-26,34,hugheswilliam@example.org,(863) 411-0485,1265 Benson Plaza Apt. 829,Sudbury,ON,H9V 9Y6,2026-02-24,Active
1094,Barbara,Nunez,M,1965-02-25,60,weberrichard@example.net,(841) 585-5373 x043,18559 Maddox Brooks Suite 169,Barrie,ON,L5Y5E1,2021-08-12,Active
1095,Joseph,Mueller,F,1995-05-27,30,robert23@example.org,964-079-7296,88542 Bradshaw Summit,Niagara Falls,ON,L6V2G8,2025-01-14,Active
1096,Ricky,Holloway,F,1998-11-03,27,victoria75@example.net,783-710-5392 x590,1853 Smith Roads Apt. 743,Peterborough,ON,L6B 7H1,2021-10-28,Active
1097,Rachel,Ortiz,M,1962-11-18,63,dbradford@example.com,870 712 7971,50642 Moore Stravenue Apt. 438,St. Catharines,ON,V7S 3T3,2025-10-31,Active
1098,Douglas,Bailey,M,1979-05-23,46,stephaniefoster@example.org,158.464.7256,7820 Ryan Brooks Suite 155,Barrie,ON,H4R 5C1,2025-02-05,Active
1099,Thomas,Davis,M,2001-11-16,24,erictownsend@example.org,+1 (367) 665-4053,16943 Walker Expressway Suite 178,Barrie,ON,P4Y 9C1,2026-05-12,Active
1100,Jacob,Walker,F,1980-02-25,45,wmathews@example.net,(164) 555-2615 x107,570 Maynard Estate Suite 086,Sudbury,ON,L3M4C6,2026-03-27,Active
1101,Mary,Coffey,F,1987-02-06,38,urios@example.net,+1 (392) 635-6006,515 Timothy Trace Suite 519,Vaughan,ON,V6X 4L2,2025-10-07,Active
1102,Leah,Adams,F,1965-07-28,60,lindsay58@example.net,219-762-1346,6152 Carrillo Gateway Apt. 224,Burlington,ON,B1X2E5,2024-03-25,Active
1103,Brandi,Ramos,M,1962-03-20,63,bradley89@example.net,1-837-481-2681,08058 Mark Shoal,Kitchener,ON,Y1E 4L4,2023-01-02,Active
1104,Matthew,Johnson,F,2000-03-27,25,nealpatricia@example.com,+1 (435) 869-9021,66946 Pamela Roads,Whitby,ON,H8M 7S5,2022-04-24,Active
1105,Janice,Ramsey,F,1962-07-24,63,ashlee36@example.org,274-988-4959,0920 Jeffrey Stream,Whitby,ON,S6P8S2,2025-05-21,Active
1106,Travis,Valencia,M,1976-11-28,49,clarkjustin@example.net,1 (504) 389-6416,86295 Laura Curve Apt. 307,London,ON,L7Y 5V2,2026-03-06,Active
1107,Patricia,Caldwell,M,1978-01-29,47,lisa57@example.com,1 (486) 180-5839,83544 Emma Mountains Suite 988,Markham,ON,H7A 6S7,2024-08-28,Active
1108,Elizabeth,Harper,M,1965-11-02,60,stephaniegraham@example.org,536 831 2753,399 Sanford Roads,Waterloo,ON,Y3B9H1,2022-01-11,Active
1109,Christopher,Mcpherson,M,1980-03-21,45,sanderson@example.com,526-944-7353,439 Anthony Forge,Richmond Hill,ON,K7E 7X8,2025-11-16,Active
1110,Pamela,Henderson,M,1989-09-21,36,qmoyer@example.com,820-110-4083 x843,0187 Dawson Turnpike,Vaughan,ON,K3J3M6,2022-08-25,Active
1111,Christina,Anderson,M,1968-05-05,57,michaelduran@example.com,627-745-7502 x188,14846 Jeremy Lane,Mississauga,ON,X9K 8R9,2025-10-02,Active
1112,Gregory,Bowers,F,2001-12-30,24,steven98@example.org,1 (389) 477-0693,20254 Miller Manor Suite 946,Guelph,ON,T9X9C7,2022-09-01,Active
1113,Samantha,Marks,F,1978-02-18,47,christine45@example.net,211 857 2350,3779 Taylor Spring Apt. 896,Oakville,ON,M2V8T9,2024-09-22,Active
1114,Michelle,Taylor,M,1964-08-02,61,piercedeanna@example.org,314-286-6906,57595 Jon Prairie Apt. 967,Hamilton,ON,A1X 5A6,2024-03-01,Active
1115,Isaac,Moore,M,1981-09-30,44,timothynunez@example.net,1-196-652-9483,71972 Brown Shoal Apt. 433,Toronto,ON,K6S8T8,2024-01-30,Active
1116,Rebecca,Buchanan,F,1967-08-27,58,paulwhitaker@example.com,(175) 031-0497 x914,1280 Miller Shore Apt. 746,Guelph,ON,S8V3L2,2023-11-21,Active
1117,George,Tate,M,1995-08-18,30,peter83@example.net,632-536-9525,673 Daniel Mountains Apt. 072,Milton,ON,M5T 7R2,2022-07-05,Active
1118,Jorge,Wolfe,F,1976-04-17,49,dianasantiago@example.org,196.275.6443,95663 Bryan Lock Apt. 621,St. Catharines,ON,P5C 1R8,2024-02-22,Active
1119,Tammy,Pacheco,F,2001-11-02,24,pittsmary@example.net,313.537.3965,295 Alexander Mountains Apt. 554,Kingston,ON,V7C 2H6,2023-01-20,Active
1120,Terri,Everett,M,1985-02-22,40,williamsdavid@example.org,(713) 268-9374,13688 Jones Parks,Vaughan,ON,C9G5C3,2025-02-03,Active
1121,Bryan,Garza,M,1990-03-11,35,emullins@example.com,1 (958) 922-3552,706 Adam Shores Apt. 282,St. Catharines,ON,K9P 8G9,2024-08-26,Active
1122,Jessica,Lee,M,1961-12-29,64,kevans@example.com,(247) 464-5507 x283,85088 Sarah Neck,Vaughan,ON,R1M6P9,2022-02-23,Active
1123,Alyssa,Rodriguez,M,1957-03-20,68,ftucker@example.com,1-776-193-7886,4653 Jesus Viaduct,Whitby,ON,T4L4S8,2024-06-23,Active
1124,Eric,Grimes,F,2001-05-05,24,kgillespie@example.net,991.502.3743,45052 Caroline Branch Suite 047,Windsor,ON,S7A 3V2,2022-12-09,Active
1125,Tommy,Young,M,2005-12-18,20,kgray@example.net,1 (791) 981-7473,3978 Warren Valley Suite 895,Windsor,ON,T2E9K5,2026-05-22,Active
1126,Laura,Burke,F,1970-04-26,55,bbrown@example.org,1 (825) 747-7743,23848 Wallace Lights,Peterborough,ON,C8Y 6X6,2024-01-21,Active
1127,Amanda,Mcpherson,F,2001-11-09,24,jessicacervantes@example.org,405-905-4517,8540 Daniel Cliff Apt. 442,Windsor,ON,S2G3V4,2024-08-22,Active
1128,Nicole,Brown,M,1969-06-08,56,mrogers@example.com,(359) 759-8096,196 Alicia Points,Mississauga,ON,N9V3X8,2026-07-07,Active
1129,Sheila,Wright,M,1980-10-10,45,lbryant@example.net,(136) 660-9797 x855,445 Scott Dam,Barrie,ON,H1A8C4,2025-02-22,Active
1130,Dylan,Kelly,F,1992-06-16,33,wblack@example.com,+1 (230) 594-1567,7539 Martin Unions,Kingston,ON,Y8C1Y9,2024-12-12,Active
1131,Troy,Joseph,F,1972-05-29,53,hannahdrake@example.com,(665) 972-6839,0513 Riley Mall,Cambridge,ON,H9C2G6,2023-07-14,Active
1132,Shannon,Johnson,F,1969-03-12,56,timothyblackburn@example.com,(279) 821-4924,1730 Barker Port,London,ON,X4P 1X7,2024-05-21,Active
1133,Warren,Levine,M,1992-02-18,33,wosborne@example.net,167.238.6656,7559 Cole Gardens Suite 410,Oshawa,ON,T6V1G5,2021-10-14,Active
1134,Mandy,Goodman,F,1973-08-29,52,johnsonamber@example.com,1 (887) 235-7845,80241 Laura Corner,Hamilton,ON,B4T2M7,2023-06-27,Active
1135,David,Miranda,F,1983-10-15,42,millercynthia@example.net,+1 (161) 340-4750,5840 David Neck,Windsor,ON,R5B 5R4,2023-04-02,Active
1136,Jocelyn,Phelps,F,1990-05-07,35,knappjeffrey@example.net,+1 (638) 364-7224,170 Joe Circles Suite 244,Vaughan,ON,R1K1B5,2023-05-18,Active
1137,Stacy,Dunn,M,1987-05-12,38,jacqueline88@example.net,+1 (872) 514-0961,987 Charles Views,Oakville,ON,X7E 9R9,2022-02-07,Active
1138,Jerry,Sims,F,2003-01-16,22,noah12@example.net,350.164.5466,3125 Robert Crossroad Suite 698,Toronto,ON,R6H8H5,2024-01-13,Active
1139,Angela,Mccoy,M,1975-07-07,50,owilson@example.net,(215) 716-0426,7165 Melanie Greens Apt. 526,Barrie,ON,M3P7X5,2025-03-26,Active
1140,Christopher,Nunez,F,1975-10-15,50,conleysarah@example.com,(804) 987-6209 x383,652 Nolan Viaduct,Windsor,ON,S5A2V5,2023-10-10,Active
1141,Patricia,Smith,F,2000-07-10,25,ryanmartinez@example.com,(342) 555-6183,213 Mcmillan Wall Suite 510,Guelph,ON,L3G8P6,2021-08-16,Active
1142,Amber,Fowler,F,1977-06-30,48,deborah82@example.net,172-712-6334,937 Jessica Gateway,Brampton,ON,S8V 4H4,2022-05-13,Active
1143,Shane,Moon,M,1977-11-18,48,bgonzales@example.net,1 (588) 194-6877,449 Kristin Flats,Richmond Hill,ON,V3P7V7,2024-02-11,Active
1144,Carrie,Mcdowell,M,1993-06-23,32,jerry67@example.net,(132) 031-6131 x779,40388 Jaime Cove Suite 180,Windsor,ON,R9R 1L3,2022-11-02,Active
1145,Brian,Wilson,F,1963-08-16,62,vincentcopeland@example.net,1 (231) 154-3978,3415 Andrew Lane Suite 086,Milton,ON,K1R 5P7,2021-10-12,Active
1146,Roberta,Delgado,M,1963-12-07,62,larrycrane@example.net,125 182 6135,10840 Marcus Neck Suite 062,Waterloo,ON,B3V 7P9,2023-07-27,Active
1147,Brandon,Ferguson,F,2005-02-04,20,wtran@example.com,(521) 407-3730 x871,039 Carrie Drives,Oshawa,ON,B3N 7R1,2024-01-02,Active
1148,Traci,Walls,F,1989-06-25,36,umitchell@example.net,298-889-2132 x738,29322 Lambert Extensions Suite 401,Waterloo,ON,K8Y6M5,2022-10-06,Active
1149,Amanda,Cobb,F,1961-01-11,65,carol78@example.org,979-246-3669,5550 Decker Junction,St. Catharines,ON,Y1V 1P8,2025-05-01,Active
1150,Christina,Brown,F,2006-12-30,19,darrellclarke@example.org,235.980.4333,696 Smith Causeway Apt. 460,Kingston,ON,J3J 1N7,2022-06-03,Active
1151,Teresa,Brown,M,1965-08-25,60,chrishughes@example.com,966 331 6140,10171 Martinez Underpass,Niagara Falls,ON,N1T6L2,2024-08-11,Active
1152,Michael,Spencer,F,1989-09-15,36,smithmaria@example.com,+1 (273) 526-3595,3524 John Burgs Apt. 286,Oshawa,ON,E7B6R7,2021-09-12,Active
1153,Gary,Lee,M,1971-12-04,54,salexander@example.org,1-390-571-7532,997 Martin Crossing Suite 878,Oakville,ON,R2Y 8K2,2023-03-06,Active
1154,Clayton,Scott,M,2006-05-12,19,darren48@example.com,1 (546) 731-3717,066 Collins Island,Mississauga,ON,Y1P 4V5,2021-08-17,Active
1155,Tina,Davis,F,1962-12-13,63,fpowell@example.com,961-301-1273,81720 Tami Mountains,Cambridge,ON,P1S1L2,2024-06-09,Active
1156,Melissa,Spears,F,1991-03-18,34,kelly26@example.net,578-241-1643,1147 Rich Shoals,Windsor,ON,S9G3L3,2022-09-26,Active
1157,Dawn,Kline,F,2000-06-04,25,david11@example.com,(546) 038-9515 x923,5217 Coleman Islands Apt. 316,Richmond Hill,ON,N1A6S5,2022-02-08,Active
1158,Jason,Baird,M,1992-07-11,33,velazquezdarlene@example.com,+1 (731) 078-9078,6018 Tracey Harbor Apt. 544,Oakville,ON,M4V5K4,2023-06-13,Active
1159,Denise,Franklin,F,1990-08-15,35,ryanmorrison@example.org,168.525.3175,93701 April Road Suite 897,Vaughan,ON,A1P6H6,2021-10-02,Active
1160,Sandra,Hernandez,M,1974-10-19,51,schmidtsergio@example.org,+1 (268) 063-9924,119 Hensley Camp Suite 278,Sudbury,ON,X7Y 9B4,2022-01-13,Active
1161,Susan,Underwood,M,1962-12-23,63,vzuniga@example.net,882 233 1256,50385 Martinez Extensions Suite 141,Waterloo,ON,L8H 4V3,2022-08-07,Active
1162,Jesse,Henry,M,1990-06-03,35,hector14@example.net,509 420 7937,8719 Thomas Causeway,Milton,ON,G1N6K6,2025-01-13,Active
1163,Amy,Snyder,F,1995-01-11,30,randallpowers@example.org,337-957-2381 x612,51113 Brent Burgs,Cambridge,ON,N1J3P5,2023-08-13,Active
1164,Stephanie,Collier,F,1986-08-02,39,jennifer12@example.org,622 320 8738,94391 Timothy Pine Suite 878,Guelph,ON,V4H 2E7,2025-09-02,Active
1165,Jacob,Bennett,M,1995-02-07,30,blackchristina@example.net,(571) 519-3178,988 Amber Flat Suite 473,St. Catharines,ON,E8K 1J5,2024-06-19,Active
1166,Kevin,Diaz,M,1977-03-02,48,anthony70@example.org,1 (235) 588-2348,082 Zachary Islands,St. Catharines,ON,G8Y 8L9,2025-05-30,Active
1167,Zachary,Doyle,M,2006-08-04,19,stevengay@example.com,1-715-330-7066,63311 Jennifer Square Apt. 195,Richmond Hill,ON,K8A4K2,2025-10-18,Active
1168,Brian,Freeman,F,1969-11-19,56,kaufmanalan@example.org,993-061-8920 x045,72162 Cole Square,Ajax,ON,G9M5S8,2022-10-23,Active
1169,Kristina,Morris,F,1975-04-28,50,ilandry@example.net,353-679-1207,578 Melanie Island,Ajax,ON,A7Y9E5,2022-12-24,Active
1170,Stephanie,Griffin,M,1979-03-27,46,hollowayseth@example.com,805 405 1556,92016 Lindsey Rapid Apt. 001,Brampton,ON,L1C 6M9,2021-11-07,Active
1171,Andrew,Jones,M,1989-05-10,36,krista46@example.com,1-584-000-0400,5497 Rice Forest Suite 875,Mississauga,ON,P5S 9A3,2025-11-21,Active
1172,Dennis,Ramos,M,1977-03-14,48,millerjames@example.org,195-118-1216 x525,9590 Allen Junction,Niagara Falls,ON,T5C 2V7,2025-01-04,Active
1173,Linda,Gates,F,1981-08-09,44,xhumphrey@example.org,332-319-7670,6168 Knapp Harbors Suite 964,Windsor,ON,X5H2L9,2022-09-24,Active
1174,Kendra,Delacruz,F,1983-01-13,42,michellechen@example.com,1-579-297-5914,09465 Prince Freeway Apt. 488,Ajax,ON,Y4A8V7,2024-12-02,Active
1175,Thomas,Lang,M,1991-08-14,34,cschaefer@example.net,853-425-1918,2897 Alexander Valley,Hamilton,ON,S1S2R2,2024-08-06,Active
1176,Frank,Roberson,F,2003-02-01,22,matthewbarrett@example.net,(817) 697-0856,105 Gross Forest Suite 704,Oakville,ON,T2V5V1,2023-05-15,Active
1177,Melanie,Duffy,F,1980-01-03,46,taylormichael@example.net,915-544-9409,5256 Tracy Grove Suite 555,Brampton,ON,R4S6J5,2026-06-14,Active
1178,Rebecca,Cook,F,1956-10-05,69,stephanie07@example.org,972-827-6958 x870,66036 Shepherd Plains Apt. 276,Mississauga,ON,L5Y4H6,2021-10-27,Active
1179,Carrie,Sanders,F,2006-07-15,19,reynoldsjeffrey@example.com,784-247-1649 x191,695 Melissa Spur,London,ON,H6N1H2,2023-07-14,Active
1180,Ronald,Alvarez,M,1960-06-09,65,castillowilliam@example.org,170-081-3349,74326 Katherine Harbors,Cambridge,ON,E2Y7A6,2026-02-17,Active
1181,David,Benson,F,1988-06-23,37,robert40@example.org,618.287.9146,12033 Victoria Rapids Suite 669,Whitby,ON,G4J9M4,2025-03-13,Active
1182,Michelle,Reese,F,1975-03-03,50,olivia88@example.com,+1 (137) 734-8503,7217 Lisa Locks,Richmond Hill,ON,P6B 4N3,2023-09-18,Active
1183,Dustin,Atkins,M,1988-09-11,37,emma83@example.net,226-877-9388 x949,672 Castillo Parks,Burlington,ON,C1B8M7,2025-02-11,Active
1184,Gabriel,Bennett,F,2001-02-24,24,vedwards@example.com,157.318.0204,07191 Brooke Unions Suite 337,Peterborough,ON,H8S 9P2,2023-01-17,Active
1185,Lauren,Stewart,M,1977-03-02,48,aguilarmitchell@example.org,201.584.5673,0017 Bradley Course,Toronto,ON,P8S4A1,2022-07-07,Active
1186,Sarah,Bolton,M,1961-12-25,64,nlewis@example.org,301-014-9262 x189,400 Jones Pine,Niagara Falls,ON,N7L1S3,2026-03-03,Active
1187,Christopher,Clements,F,1972-11-15,53,matthewbowen@example.com,211-800-4501 x531,602 Sullivan Tunnel Apt. 477,Mississauga,ON,S5B9N6,2023-06-21,Active
1188,Michael,Monroe,M,1973-01-25,52,harrymorales@example.com,269-486-1754,7114 Patrick Land,Sudbury,ON,C6V 8N1,2024-05-17,Active
1189,Joann,James,M,1977-06-21,48,paige44@example.net,1-114-429-4267,501 Fuentes Forks,Whitby,ON,X7S9H5,2025-12-24,Active
1190,Sean,Carter,F,2005-11-08,20,bryan98@example.org,1-720-768-1700,3659 Moore Fork,Brampton,ON,R1S6E5,2022-03-13,Active
1191,Christopher,Johnson,F,1980-06-17,45,freynolds@example.net,651-800-7784 x284,6186 Olson Cape Suite 672,Mississauga,ON,H4H 5Y2,2022-11-20,Active
1192,Cynthia,Pope,M,1957-02-23,68,coxshaun@example.org,1 (997) 833-6740,05994 Watts Road,Guelph,ON,Y2Y3A3,2023-04-21,Active
1193,David,Patel,M,1977-08-26,48,adavis@example.net,(102) 570-1620 x637,5959 Louis Lock,St. Catharines,ON,R7C3S7,2025-12-21,Active
1194,Amber,Sanders,F,2006-12-10,19,paulhatfield@example.org,1 (336) 873-2092,5080 Mendez Brook Suite 873,St. Catharines,ON,E5Y2J1,2026-07-03,Active
1195,Samuel,Morris,F,1989-11-09,36,zachary39@example.org,804-603-5608,4937 Hanson Avenue,Sudbury,ON,M6T9B4,2021-11-17,Active
1196,David,Pena,F,1981-01-10,45,moorestanley@example.com,1 (613) 005-0198,4738 Amber Falls Suite 406,Cambridge,ON,X6H 1X8,2022-05-30,Active
1197,Ivan,Wood,M,1972-12-16,53,suzanneward@example.com,1 (801) 352-4711,505 Jared Way Apt. 841,Peterborough,ON,P2C 3M1,2026-06-07,Active
1198,Aaron,Green,M,2005-04-12,20,maddenjessica@example.com,356.993.3276,994 Perez Mountain Apt. 092,Richmond Hill,ON,H7J1B6,2023-08-28,Active
1199,Brandon,Miller,F,1977-12-27,48,maria13@example.com,(494) 912-5819,9436 Clark Meadow Suite 314,Vaughan,ON,L9P2S6,2021-09-30,Active
1200,Luis,Rodriguez,M,1984-10-30,41,patrick31@example.net,398-976-3302 x304,38831 Smith Drive,Hamilton,ON,A1G5V1,2021-09-17,Active
1201,Kim,Payne,F,1972-09-23,53,bhickman@example.net,1-870-726-0275,3680 Harris Oval Apt. 808,Whitby,ON,J8J 1B2,2024-08-20,Active
1202,Amber,Phillips,M,2008-03-27,17,rwilliams@example.com,1 (418) 621-0986,8281 Stephens Ports Suite 006,Ajax,ON,X3X8C1,2023-02-24,Active
1203,Mike,Stephens,M,2001-08-08,24,nicholas80@example.com,(117) 922-4199 x797,08083 Hansen Avenue,Burlington,ON,L8L9X1,2026-04-24,Active
1204,Joseph,Blackburn,M,1998-02-08,27,jamesbutler@example.com,(767) 260-2131 x806,0599 Reid Hollow Apt. 087,Toronto,ON,J3T 6X4,2023-10-14,Active
1205,Jessica,Baxter,F,1963-03-08,62,fjohnson@example.com,1 (278) 137-3142,562 Castillo Rapids Suite 433,Barrie,ON,V8Y 4H1,2023-05-08,Active
1206,Tim,Graham,F,2001-07-09,24,ricemallory@example.com,(246) 401-5774 x662,565 Leslie Junctions Suite 245,Richmond Hill,ON,R3T1H8,2022-05-27,Active
1207,Robert,Gilbert,F,2007-09-09,18,hamiltonandrew@example.com,1-913-827-3868,92389 Taylor Knolls,Whitby,ON,S3X7S7,2026-07-04,Active
1208,Michael,Watson,M,1959-09-26,66,darlene08@example.com,(671) 492-6273,600 Edgar Meadow,Waterloo,ON,M7R2B5,2024-08-13,Active
1209,Rebecca,Miller,F,1958-06-24,67,harperrussell@example.com,1 (545) 430-0178,74205 Lori Curve Suite 898,Cambridge,ON,J4B3V2,2023-08-26,Active
1210,Lori,Santana,F,1977-03-24,48,williamsseth@example.net,(761) 171-3402 x500,27643 Collier Rue Suite 652,London,ON,P4B5N8,2026-01-13,Active
1211,Jose,Miller,M,1991-07-13,34,gsmith@example.com,1 (638) 875-5987,41552 Kathryn Causeway,Kitchener,ON,R1L 4K3,2024-08-09,Active
1212,Janet,Phillips,F,1982-05-02,43,jeremy29@example.net,1-857-867-4047,6497 Kristin Turnpike,Mississauga,ON,M7E 8A2,2021-09-12,Active
1213,Scott,Carter,M,1987-08-10,38,christinamartin@example.net,(616) 421-2826,702 Black Cliffs Apt. 557,Markham,ON,P4X 5L6,2026-01-20,Active
1214,Daryl,Hernandez,M,1974-10-22,51,justinellison@example.com,670-806-3139,57845 Julia Fords Apt. 282,Waterloo,ON,E7C 5H3,2022-01-23,Active
1215,Christian,Scott,M,1990-11-29,35,gvillegas@example.net,(677) 070-5070,626 Jacob Lodge,Brampton,ON,L7J 6G8,2022-05-10,Active
1216,Tyler,Fox,M,2006-05-25,19,joanne07@example.net,(779) 877-5239,9184 Hill Coves,Markham,ON,X3P 9T3,2023-08-04,Active
1217,Cassandra,Garcia,M,1964-03-24,61,daniel99@example.com,474 787 1553,79313 Roth Isle,Cambridge,ON,C8S7E6,2024-09-28,Active
1218,Leah,Pham,M,1964-01-02,62,jacksonallison@example.com,1 (987) 005-1253,631 Mark Forge,Waterloo,ON,R9J8H3,2025-02-19,Active
1219,Tyler,Lowe,F,2004-09-19,21,lhampton@example.com,(397) 531-1524 x387,5793 Lance Run,Peterborough,ON,L7L5E6,2026-06-09,Active
1220,Teresa,Hines,M,1986-06-23,39,qthompson@example.net,(884) 092-7715,685 Deborah Circle,Waterloo,ON,E6Y2G2,2025-07-17,Active
1221,Christopher,Schmidt,M,2005-05-08,20,banderson@example.com,1 (791) 445-6619,760 Jennifer Center Suite 340,St. Catharines,ON,A6H 6R8,2023-06-26,Active
1222,Mitchell,Richard,F,1972-05-28,53,dcox@example.org,997 741 0506,023 Brian Tunnel Suite 621,London,ON,V2A7S6,2022-09-10,Active
1223,Steven,Huff,F,2000-02-20,25,morriskimberly@example.com,489 078 1629,615 Timothy Walks,Waterloo,ON,S7R 1E4,2023-10-04,Active
1224,Brian,Johnston,F,2001-11-01,24,david79@example.net,779-631-9946 x709,749 Wilcox Wall,Niagara Falls,ON,G1X 9K8,2024-04-18,Active
1225,Taylor,Atkinson,F,1972-10-05,53,jonathanrobinson@example.com,+1 (486) 862-7482,97154 Olsen Ramp,Waterloo,ON,A4E7J8,2025-11-18,Active
1226,Christopher,Conley,M,1994-05-21,31,ugriffin@example.net,240.828.2464,1650 Santiago Expressway,London,ON,E4P 8S9,2022-01-07,Active
1227,Nicole,Gallegos,F,1968-03-04,57,diazwilliam@example.org,(769) 004-7904,9405 Mark Rapids Apt. 942,Guelph,ON,Y3C7C9,2024-07-28,Active
1228,Vincent,Holder,M,1957-09-09,68,davidsonmargaret@example.net,844.166.6117,420 Oneal Mountains,Oshawa,ON,Y9A 6N9,2022-05-11,Active
1229,Alexander,Dean,M,2008-07-14,17,rwashington@example.net,1 (672) 400-3031,861 Bailey Point,Whitby,ON,H5G8M7,2022-11-29,Active
1230,Chelsea,Lawrence,F,2006-06-30,19,michelle32@example.com,599.010.2633,77708 Ray Vista,Vaughan,ON,S4X 6H6,2022-11-29,Active
1231,Jonathan,French,F,1992-09-07,33,allencynthia@example.org,455.769.4151,3237 Smith Trace Apt. 973,Whitby,ON,T6N 3H4,2022-04-29,Active
1232,Holly,Davis,F,1968-10-18,57,ashleysalinas@example.com,+1 (156) 280-7335,4558 Yolanda Inlet,Mississauga,ON,M9B 3V9,2023-06-27,Active
1233,Michael,Alexander,F,1975-08-04,50,barbaradillon@example.net,606-258-7360 x805,262 Sharon Shores,Vaughan,ON,S1T 2P2,2023-06-11,Active
1234,Cynthia,Cole,F,2000-10-18,25,mcneiljason@example.com,847.756.8863,79987 Alicia Wall,Ajax,ON,K9X9H2,2025-08-01,Active
1235,Diana,Frank,F,1993-03-23,32,vowen@example.com,1 (737) 644-5125,20834 Guerra Springs,Oakville,ON,G4R9E1,2023-10-30,Active
1236,Nicole,Bennett,M,1985-08-29,40,zhudson@example.net,(999) 451-0683,216 Terri Path,Guelph,ON,A8M9H6,2025-02-04,Active
1237,Daniel,Brown,F,1997-12-06,28,ocurtis@example.org,1 (569) 562-5096,35288 Erica Plaza,Barrie,ON,A2X1C8,2022-02-01,Active
1238,Greg,Benjamin,F,1987-07-30,38,xjohnson@example.com,(408) 588-4443 x721,7763 Kimberly Cliffs,Windsor,ON,X4B 9M5,2025-01-31,Active
1239,Brittany,Harrison,M,1959-01-08,67,xrivera@example.com,(342) 181-8018 x747,311 Tamara Knolls,Waterloo,ON,M4R1A3,2025-01-08,Active
1240,Charles,Rose,M,1962-02-25,63,bbuchanan@example.com,932 758 8811,206 Andrew Green Apt. 652,Barrie,ON,H9R2C1,2024-06-19,Active
1241,Sarah,Smith,M,1968-04-21,57,stevensdonna@example.org,1 (413) 622-3801,20981 Smith Way Suite 696,Cambridge,ON,K8R 8B3,2026-01-24,Active
1242,Cynthia,Campbell,F,1964-09-28,61,hortonashley@example.net,763-533-3501,2510 Cameron Ports,Whitby,ON,R4E1V6,2024-12-01,Active
1243,Stacey,Garcia,M,1998-09-20,27,dianejohnson@example.com,730-924-0741 x359,3390 Laura Fork Suite 743,Guelph,ON,E1N 1X1,2025-07-27,Active
1244,Philip,Maldonado,M,1972-02-11,53,fward@example.net,1-468-314-6500,558 Price Summit Suite 201,Peterborough,ON,A3G 1J2,2023-06-20,Active
1245,Carol,Kelley,M,1974-09-10,51,sullivanalfred@example.net,875.075.1926,504 Davis Lock Apt. 284,Oshawa,ON,S9P 9S8,2025-07-07,Active
1246,Douglas,Smith,M,1965-02-26,60,bmiller@example.org,+1 (353) 476-4144,97453 Michelle Lakes Suite 508,Kingston,ON,B7G 6A5,2023-12-11,Active
1247,Roger,Lowery,F,2007-03-26,18,lisawatts@example.net,1-536-109-0982,81464 Williams Villages Apt. 607,Cambridge,ON,E7V1B3,2022-06-16,Active
1248,Marcus,Moon,M,1965-06-03,60,lopezjulia@example.com,+1 (622) 809-5417,016 Tiffany Mission Apt. 584,Brampton,ON,Y4E 4T4,2025-05-14,Active
1249,Richard,Mccoy,F,1988-05-12,37,johnsonsally@example.net,796 561 2064,676 Ford Viaduct Suite 625,Mississauga,ON,Y1L 2P5,2022-10-30,Active
1250,Tammie,Carpenter,M,2007-10-08,18,michaelandrade@example.net,586 102 8551,255 Alex Ferry,Peterborough,ON,N2E9Y1,2025-06-27,Active
1251,Melissa,Lamb,M,1966-04-01,59,hornmatthew@example.org,+1 (573) 083-0388,67769 Heather Ways,Brampton,ON,E1A 8N2,2024-06-26,Active
1252,Michael,Washington,M,1958-05-31,67,michael40@example.com,443.876.7384,556 Coleman Island,St. Catharines,ON,H7R4H3,2025-03-04,Active
1253,Sylvia,Gould,M,1967-12-14,58,mavila@example.net,490.566.5141,07683 Stacy Tunnel Suite 681,Milton,ON,B2P8C1,2022-05-23,Active
1254,Michelle,Patterson,F,1970-07-13,55,scottdaniel@example.org,638-013-1843 x413,168 Robert Circles Apt. 476,Kingston,ON,A5T 8J9,2023-12-31,Active
1255,Jeremy,Cooper,M,1997-09-24,28,ramireztamara@example.com,+1 (347) 311-6885,3700 Walker Fields Apt. 148,Toronto,ON,V7X6E7,2021-08-21,Active
1256,Brandon,Byrd,M,1984-02-16,41,penny89@example.org,844 628 8261,6087 Kathryn Mews,Kitchener,ON,C2L 9J2,2022-07-17,Active
1257,Kathryn,Lawrence,F,2003-12-16,22,abigailforbes@example.com,1 (703) 083-4911,6492 Gonzalez Spurs Suite 813,Burlington,ON,V8G 9H2,2024-05-19,Active
1258,Rachael,Hopkins,M,1975-07-05,50,michaelgordon@example.org,421-367-1603,78760 William Inlet Apt. 726,Waterloo,ON,X1X6C1,2022-10-31,Active
1259,Timothy,Jones,M,1961-03-04,64,seanschultz@example.net,(659) 308-2278 x146,536 John Trail,Peterborough,ON,B5T 9H7,2022-02-01,Active
1260,Matthew,Marsh,F,1991-11-27,34,jerrywilliams@example.net,+1 (278) 019-4670,128 Jonathan Mill Apt. 208,Whitby,ON,S9G 8M5,2024-02-10,Active
1261,Jason,West,F,1977-07-13,48,epark@example.org,477 606 3951,990 Ward Mountains Suite 169,St. Catharines,ON,K4S4R8,2025-04-19,Active
1262,Robert,Miller,F,1999-11-24,26,michael57@example.com,978-592-9458 x361,4489 James River,Peterborough,ON,B5M5G6,2021-08-11,Active
1263,Melanie,Crawford,F,1974-11-12,51,moorevalerie@example.net,495 988 1610,632 Smith Village Apt. 437,Whitby,ON,C9H1S9,2025-03-31,Active
1264,Michele,Smith,F,1973-03-04,52,gfrank@example.net,307-839-3132 x940,9425 Cameron Lodge Suite 755,Barrie,ON,V7M4X3,2024-05-14,Active
1265,Gina,Estrada,F,2007-03-01,18,muellerphillip@example.com,1 (173) 841-0960,1615 Tonya Mill Suite 602,Sudbury,ON,M8P2R9,2022-01-05,Active
1266,Katherine,Kemp,M,1967-08-31,58,cdelacruz@example.com,655-460-6834 x260,88249 Chapman Lane,Cambridge,ON,Y8E 6X9,2024-05-15,Active
1267,Keith,Smith,F,1971-08-05,54,tzavala@example.net,345-126-1937 x902,94431 Christopher Flat,Burlington,ON,N1N1T8,2022-07-08,Active
1268,Kimberly,Phelps,F,1977-06-13,48,panderson@example.org,+1 (236) 578-3715,1367 Webb Light,St. Catharines,ON,P3J5G7,2023-12-27,Active
1269,Bridget,Ruiz,F,1980-12-03,45,kimberly91@example.org,594-540-2894,826 Powell Harbors,Kitchener,ON,K8R 5R9,2024-03-12,Active
1270,Cassandra,Aguilar,F,2000-05-01,25,stonetimothy@example.com,(591) 418-3590,444 Ramirez Mount,Kingston,ON,T5G 5P6,2025-03-23,Active
1271,Robert,Brown,M,1981-07-29,44,johnny28@example.com,1-707-519-3914,78280 Lee Pike,Mississauga,ON,A9Y 8P8,2023-11-20,Active
1272,Terry,Johnson,M,2002-11-27,23,barbarachambers@example.org,856 797 4631,86266 Navarro Vista Suite 163,Burlington,ON,Y9R 2J4,2021-08-22,Active
1273,Julie,Ortiz,F,1966-11-19,59,gail98@example.com,1-809-466-5497,3644 Lisa Port,Toronto,ON,M2E8G7,2022-06-11,Active
1274,Denise,Abbott,F,2003-08-27,22,michellegilbert@example.com,(528) 009-2053 x650,8696 Benjamin Common Apt. 331,Whitby,ON,G5M2A6,2024-10-11,Active
1275,Hannah,Neal,M,1973-08-07,52,stevenholmes@example.org,577 933 3356,18445 Long Lane,Barrie,ON,S1H 7P5,2021-12-01,Active
1276,Amanda,Brown,F,1967-09-17,58,qbarron@example.org,+1 (252) 346-5546,038 Mclaughlin Loop,Kitchener,ON,H5S1L2,2025-12-15,Active
1277,Karen,Williamson,F,2005-08-25,20,stafforderin@example.com,(854) 256-2860,84751 Joanne Glens,Waterloo,ON,T9L 6C1,2023-06-18,Active
1278,Nicole,Taylor,M,2002-03-11,23,brett55@example.com,+1 (251) 206-9061,737 Mark Turnpike Apt. 315,Niagara Falls,ON,R5M5K3,2024-04-29,Active
1279,Jonathan,Smith,F,1992-05-13,33,kimberlysimon@example.org,495.078.7305,34329 Nichole Divide,Milton,ON,N6P 7P3,2026-01-12,Active
1280,Tyler,Cruz,F,1972-04-09,53,jessica78@example.net,(639) 399-4310,885 Payne Pines,Oshawa,ON,X8A 3N9,2022-10-20,Active
1281,James,Fleming,F,1979-10-08,46,hoffmananna@example.com,(446) 074-5625 x670,1887 Meyer View,Burlington,ON,B3Y1B8,2023-04-19,Active
1282,Rebecca,Williams,M,2007-08-18,18,lmcguire@example.org,343-906-4847 x739,44407 Cynthia Ports,Cambridge,ON,C2Y2A3,2021-11-17,Active
1283,Raymond,Browning,F,1966-10-11,59,mosschristine@example.net,1-126-166-6471,935 Scott Manor Suite 208,Burlington,ON,E1J 2A7,2021-12-28,Active
1284,Jeffrey,Davis,M,2001-08-12,24,veronicadonovan@example.org,941-664-3086 x042,67232 Reyes Streets,Windsor,ON,L1V7E1,2025-07-18,Active
1285,Shawn,Schneider,F,1959-10-13,66,hvelez@example.net,114 181 0072,9801 Stephen Street Suite 647,Burlington,ON,N8Y6P8,2024-07-21,Active
1286,Linda,Walker,M,2002-09-07,23,uharrell@example.net,1-879-109-9993,652 Kelli Plain Apt. 453,Windsor,ON,L5J 9A3,2021-09-20,Active
1287,Antonio,Johnson,M,1980-09-01,45,dbenton@example.com,1 (447) 539-6416,1172 Brian Ville,Ajax,ON,X8H3C7,2026-05-17,Active
1288,Michelle,Stephens,M,1992-03-21,33,pattonkaitlyn@example.com,(408) 861-1258 x044,5772 Cory Mills,Brampton,ON,R1X 9E2,2026-06-01,Active
1289,Monica,Kidd,M,2000-11-04,25,xmccann@example.org,852.673.7110,8686 Barnes Street,St. Catharines,ON,E4M6V5,2023-09-24,Active
1290,James,Owens,M,1986-03-12,39,matthewstewart@example.com,+1 (789) 977-3951,32370 Joseph Stream Apt. 950,Guelph,ON,C7P4E3,2022-09-16,Active
1291,Tony,Henry,M,1990-06-02,35,jennifer61@example.net,359.533.8416,2881 Cortez Stream,Vaughan,ON,R1B9J1,2023-05-07,Active
1292,Alejandra,Baker,M,1960-12-14,65,joshuabradley@example.com,(556) 808-7793,44167 Thomas Union Suite 430,Brampton,ON,M3V4M3,2023-07-19,Active
1293,Kevin,Webb,M,1968-11-16,57,brandyrogers@example.com,789 084 5482,7331 Matthew Court,Toronto,ON,Y7T 4R5,2021-08-16,Active
1294,Cindy,Villegas,F,1998-01-22,27,jose76@example.com,324 696 8516,5171 Nathan Shoals,Ajax,ON,Y5M 8N1,2025-02-24,Active
1295,Adrian,Johnson,M,1999-12-17,26,vgreen@example.net,(407) 664-8784 x138,76078 James Rest,Sudbury,ON,Y5H6G3,2023-01-10,Active
1296,Katherine,Herrera,F,2006-03-04,19,qsalas@example.org,1 (534) 176-5461,91014 Lin Port,Markham,ON,H6X 9K5,2022-12-31,Active
1297,Jennifer,Craig,F,2007-09-20,18,stephenjones@example.com,515-685-3909 x174,408 Diane Burgs Apt. 290,Richmond Hill,ON,L6E9R5,2021-10-03,Active
1298,John,Fisher,M,1992-09-15,33,david65@example.net,128-023-8656 x260,9801 Adam Gateway,Toronto,ON,A8N 9J3,2024-04-27,Active
1299,Alexandria,Mendoza,F,1977-04-02,48,kristirios@example.net,303 071 0816,97662 Michael Cliff,Whitby,ON,C8Y1B3,2023-11-12,Active
1300,Elizabeth,Decker,M,1963-07-26,62,melinda28@example.com,(958) 349-2638,495 Lynch Center Apt. 335,Toronto,ON,X8X3P9,2024-11-02,Active
1301,Diana,Holland,F,1970-03-31,55,claychristopher@example.net,755-875-3029,9909 Brown Mountain,Ajax,ON,H8B9H2,2022-12-19,Active
1302,Sandra,Miller,F,2000-10-31,25,hartchristina@example.org,128-458-4874 x940,2886 Moss Ville,Whitby,ON,V1H 9A1,2023-05-15,Active
1303,Christopher,Berger,F,1998-04-21,27,michelle57@example.com,592 555 6808,001 Neal Points Apt. 236,Toronto,ON,L5H 8M1,2021-08-12,Active
1304,Michael,Armstrong,M,2007-03-11,18,longdebra@example.org,1-946-095-7724,4763 Sherry Place Apt. 572,Windsor,ON,E7B 4B5,2024-10-18,Active
1305,Kayla,Miller,M,1972-07-30,53,wilkinspamela@example.org,422-305-9757,8287 Cooper Mission,Hamilton,ON,P6P9G7,2024-05-18,Active
1306,Nancy,Ward,M,2005-07-05,20,rgill@example.net,682-648-7130 x002,6453 Justin Road Suite 294,Waterloo,ON,M5T2A5,2023-06-14,Active
1307,Julie,Lewis,F,1973-09-12,52,timothysimmons@example.com,618.196.1387,9422 Elizabeth Gateway Apt. 419,Markham,ON,T9C1C2,2025-02-28,Active
1308,Heidi,Murray,F,1976-03-21,49,nicholasgallegos@example.net,798-592-7143,4934 Myers Path Apt. 861,Sudbury,ON,C8X7V5,2026-06-06,Active
1309,Emily,Fernandez,M,1973-01-16,52,christophermontgomery@example.net,1 (321) 790-0531,55740 Rebecca Union Suite 595,Peterborough,ON,S2N3P7,2024-03-03,Active
1310,Tyler,Allen,F,1968-05-28,57,danielmeyer@example.net,(359) 412-3459,58024 Flores Parks,Sudbury,ON,E8R 5H4,2023-04-04,Active
1311,Justin,Martinez,M,2003-12-07,22,fharris@example.net,123-174-0281,76344 Jared Springs Suite 026,Cambridge,ON,K5P 2R7,2024-10-13,Active
1312,Amy,Bender,M,1987-05-26,38,cainmark@example.org,1 (914) 351-7236,44852 Williams Terrace Apt. 354,Oakville,ON,G1H6L6,2025-08-09,Active
1313,Brandon,Sullivan,M,2003-03-19,22,alivictoria@example.net,404-589-2752,87056 Jeffery Lakes Suite 638,Barrie,ON,Y3C9X5,2026-01-03,Active
1314,Kimberly,Phillips,M,1988-06-11,37,criley@example.org,1 (757) 338-0792,94044 Wilkerson Land Apt. 175,Vaughan,ON,N6S 6R9,2024-07-26,Active
1315,Tammy,Williams,F,1988-05-31,37,zmorris@example.net,422-324-2043 x006,106 Massey Courts,Brampton,ON,R2K 2N5,2026-07-03,Active
1316,Brandon,Huff,F,1964-03-27,61,jrodriguez@example.org,386 140 2454,9224 Andrew Fort,Peterborough,ON,B2A 4A3,2023-10-30,Active
1317,George,Hopkins,F,2005-05-19,20,josephyoung@example.org,391-353-2956 x176,846 Marsh Heights Apt. 897,Whitby,ON,P2J5R1,2024-05-08,Active
1318,Steven,Harper,M,1956-08-10,69,psanchez@example.com,227-315-6726,362 Kelly Valleys Suite 773,Mississauga,ON,M3J 2X5,2023-10-02,Active
1319,Gabriel,Frey,M,1987-06-25,38,jamesle@example.org,(385) 223-5906,094 Natalie Spur Apt. 441,Oakville,ON,M3N 3H5,2025-08-24,Active
1320,Emma,Boyd,F,1976-10-05,49,barbaraperez@example.net,1 (204) 629-3374,58338 Romero Prairie Suite 919,Brampton,ON,N5K 6B9,2024-01-02,Active
1321,Brian,Lyons,F,1986-04-02,39,michaelstout@example.org,(923) 007-0861,484 Maldonado Haven Suite 529,Guelph,ON,L6Y 7K6,2021-10-18,Active
1322,Parker,Taylor,M,1989-10-08,36,stephenmcmillan@example.net,625-254-1105,41266 Fisher Rue Apt. 940,Niagara Falls,ON,R1M4V4,2023-09-18,Active
1323,Maureen,Kirby,M,1970-06-16,55,kathleen20@example.com,1 (443) 261-4340,52431 Charlotte Isle Suite 830,Ajax,ON,K3C6H3,2025-04-12,Active
1324,Joshua,Wallace,M,1996-09-13,29,ddunn@example.com,264-428-6307 x078,101 Kelly Villages,Waterloo,ON,X7A5P3,2022-02-11,Active
1325,Timothy,Moran,F,1995-01-06,31,johnsonjonathan@example.org,507-231-4920,64041 Charles Mount,Oakville,ON,L1J 6C6,2025-07-09,Active
1326,Michael,Boyd,M,1967-11-17,58,cdunn@example.com,+1 (406) 751-4148,56095 Joseph Curve Suite 702,Oshawa,ON,N7K 2Y2,2026-06-01,Active
1327,Christian,Fletcher,F,1962-12-12,63,michelleruiz@example.org,1-735-934-1061,47255 David Square Apt. 737,Brampton,ON,H8G 3A6,2025-04-05,Active
1328,Vanessa,Flores,M,1984-12-20,41,kevinsmith@example.net,+1 (109) 692-5336,099 Kimberly Village,Whitby,ON,L9B 2A3,2025-10-06,Active
1329,Shannon,Zimmerman,F,2001-05-21,24,dorothybruce@example.net,388 741 5949,3450 Richard Green Apt. 738,Windsor,ON,R9S2L2,2021-10-11,Active
1330,Katie,Cunningham,M,1960-03-27,65,hollymcdonald@example.com,(806) 777-9836,107 William Dale Suite 089,Toronto,ON,P4C 2K6,2023-11-12,Active
1331,Anna,Powers,M,1965-11-14,60,tcruz@example.com,701 729 5126,869 Parsons Corners,Niagara Falls,ON,Y4L 1A3,2024-11-18,Active
1332,Yvonne,Myers,F,1991-07-08,34,arobinson@example.org,(763) 339-9506 x667,550 Deborah Junction,St. Catharines,ON,B1Y 7J3,2023-05-25,Active
1333,Brittany,Wagner,F,1992-07-26,33,belltheresa@example.com,+1 (444) 199-4124,60502 Scott Course Apt. 814,Brampton,ON,S5V 1X4,2022-04-05,Active
1334,Shannon,Ramirez,M,2005-10-03,20,dicksonkatie@example.com,655-004-3753 x157,95083 Johnson Flat,Windsor,ON,J5S 9V7,2023-10-20,Active
1335,Randall,Lynn,F,1975-04-26,50,kelseynguyen@example.org,1 (934) 743-9270,07800 Travis Corners,Niagara Falls,ON,E3A 1K9,2022-05-09,Active
1336,Rebecca,Hess,F,1969-01-14,57,rsmith@example.net,797-578-8516,076 Edwards Rapid,Richmond Hill,ON,L7K 2M7,2026-05-21,Active
1337,Hannah,Galloway,M,1963-12-10,62,ganderson@example.org,1 (640) 260-2846,218 Reyes Parkways Suite 499,Peterborough,ON,J6T 4L2,2024-04-02,Active
1338,Amber,Hawkins,M,1965-10-03,60,omiller@example.com,1-943-373-6090,5379 Ramos Terrace Apt. 183,Oakville,ON,H3A5A3,2024-10-20,Active
1339,Laura,Moore,F,1984-07-11,41,kennethramsey@example.net,751.216.7608,06658 Shaw Estate,Ajax,ON,G6P9S3,2025-05-15,Active
1340,Lisa,King,M,1967-12-16,58,burtonkevin@example.com,1 (703) 986-3834,081 Phillips Pines Suite 029,Mississauga,ON,N9K4H2,2023-04-25,Active
1341,Andrew,Smith,M,2005-03-29,20,williamsonlaura@example.net,(278) 601-5083 x345,829 Reed Terrace,Guelph,ON,X8J 9J9,2022-02-17,Active
1342,Karen,Erickson,F,1990-06-04,35,nicolejohnson@example.com,(982) 039-5007,7550 Kimberly Field Suite 760,Brampton,ON,R4T 7J2,2022-12-08,Active
1343,Thomas,Miller,F,2007-02-21,18,kathy16@example.net,(529) 566-1482,4851 Rose Square,Markham,ON,P4V1V7,2021-12-06,Active
1344,Peter,Miller,F,2001-11-07,24,katie96@example.com,700-925-6835,8387 Mendoza Isle,St. Catharines,ON,A5G8K2,2023-01-03,Active
1345,James,Nelson,F,1962-07-19,63,chanamanda@example.org,+1 (756) 529-3675,5454 Jimmy Inlet,Toronto,ON,T6P 4P7,2024-11-15,Active
1346,Gavin,Jennings,F,1989-04-08,36,samuel54@example.com,865-839-0187 x692,3885 Michelle Path,Cambridge,ON,C4P5X5,2022-09-18,Active
1347,Brandy,Norris,F,1963-06-06,62,proach@example.net,1 (144) 240-2948,688 Park Road Apt. 876,Waterloo,ON,L3H 5V8,2025-08-14,Active
1348,Michael,Pierce,F,1961-12-24,64,timothyhahn@example.org,1 (261) 621-7367,873 Kelly Square,Whitby,ON,C7E 7R2,2023-09-18,Active
1349,Emily,Sanders,M,1972-10-01,53,zmendoza@example.org,882.247.9224,867 Valerie Motorway Apt. 671,Guelph,ON,X3P6T8,2024-04-10,Active
1350,James,Stewart,F,1992-07-26,33,carlabrown@example.org,(541) 373-4542,15582 Stacy Point Apt. 951,Richmond Hill,ON,C1A7T8,2023-12-14,Active
1351,Elizabeth,Gonzalez,F,1978-10-26,47,clarklaura@example.com,1-653-833-6425,53321 Craig Junction,Brampton,ON,R2T5N6,2025-11-02,Active
1352,Katherine,Ruiz,M,1996-04-07,29,codyballard@example.org,1 (568) 258-3201,4563 Golden Ridges,Waterloo,ON,S4X 7S5,2026-07-04,Active
1353,Kyle,Riley,F,1972-10-23,53,johnsonrichard@example.org,367 392 0604,99211 Joseph Greens Apt. 506,Brampton,ON,Y4H9B8,2022-04-06,Active
1354,Devon,Smith,F,1962-10-06,63,jennifergilbert@example.org,215-059-5476,068 Stephanie Camp Suite 005,London,ON,S2X4A2,2025-09-10,Active
1355,Jason,Allen,M,2003-07-14,22,sextontristan@example.org,311 154 9599,791 Kirby Road,Oakville,ON,C5K 2R8,2024-10-22,Active
1356,Holly,Anderson,F,1973-01-28,52,tiffany48@example.net,(260) 901-6801,360 Carter Rest Suite 534,Burlington,ON,J1G7B1,2026-04-28,Active
1357,Matthew,Brock,F,1975-12-01,50,howardharold@example.com,+1 (824) 888-8049,6485 Kelly Court,Kingston,ON,J1H6M8,2025-05-17,Active
1358,Kimberly,Garcia,M,1991-07-19,34,mikeknight@example.net,638-916-6770,85868 Jose Field,Hamilton,ON,G9A9B3,2023-03-23,Active
1359,Amber,Walters,F,2003-12-30,22,mpalmer@example.net,(903) 703-7731 x205,485 Heather Motorway Suite 878,Toronto,ON,J6L 2A5,2021-08-30,Active
1360,Charles,Garcia,F,1959-07-29,66,cjones@example.org,248-541-2348,945 Lucas Gateway,Cambridge,ON,G7N2P5,2022-12-08,Active
1361,Elizabeth,Moran,F,2005-04-21,20,dbrown@example.net,(221) 529-4176,48324 Carol Summit,St. Catharines,ON,G3S2C7,2025-09-06,Active
1362,Jennifer,Evans,M,1978-01-24,47,rangelmegan@example.org,711-233-0167,6732 Amy Rue Apt. 684,Hamilton,ON,M5K 7M3,2022-06-20,Active
1363,Karen,Baker,M,1982-11-13,43,edwardsjames@example.net,759-509-4281,2577 Christopher Squares,Brampton,ON,H2T1M6,2024-07-04,Active
1364,Robin,Figueroa,F,2004-03-29,21,brooksmatthew@example.net,1-395-529-6435,73284 Joseph Pine,Guelph,ON,H3Y1B3,2024-09-04,Active
1365,Stephen,Jackson,F,1990-01-21,35,kimberly34@example.org,745-781-3145,530 Bruce Dam,Whitby,ON,C1K2A2,2022-08-24,Active
1366,Kevin,Parker,M,1971-03-29,54,campbellsteven@example.com,(505) 592-2770 x260,9799 Dominguez Keys Suite 964,Hamilton,ON,C1J 8P7,2025-07-10,Active
1367,Omar,Jackson,F,1988-09-25,37,mmann@example.org,+1 (680) 071-1947,522 Cody Divide,Brampton,ON,A3M6G4,2022-10-08,Active
1368,Devon,Gallagher,M,1993-11-30,32,mortonjesse@example.org,+1 (816) 697-4469,1198 Merritt Turnpike,Whitby,ON,E9P 8V3,2022-10-16,Active
1369,James,Wilson,F,1959-09-19,66,shari86@example.org,964 236 2458,693 Jones Harbors Suite 875,Markham,ON,X8A 2P2,2026-01-14,Active
1370,Tyler,Scott,M,1999-03-10,26,joshua02@example.net,748-942-4437 x936,44867 David Pine Apt. 618,Peterborough,ON,V5T 8K8,2023-01-12,Active
1371,Teresa,Yang,F,1978-04-23,47,isabella73@example.net,(218) 815-6754,4557 Walsh Burgs,Barrie,ON,B1V5T6,2023-04-12,Active
1372,Vickie,Jones,M,1967-07-16,58,dalereilly@example.org,672 592 1298,2405 Peterson Rue Apt. 517,Peterborough,ON,M7Y6P3,2026-03-17,Active
1373,Rita,Malone,M,1977-07-30,48,jason42@example.net,520 220 4106,72652 Stephanie Wells Apt. 487,Burlington,ON,B4S8T3,2023-06-18,Active
1374,John,Martin,M,1959-06-14,66,navarromatthew@example.net,(720) 506-5069,588 Nelson Keys,Niagara Falls,ON,J5R 2L2,2026-02-13,Active
1375,Arthur,Oneal,F,1958-01-04,68,antoniohudson@example.com,+1 (204) 062-3215,1967 Pamela Lodge Apt. 586,Richmond Hill,ON,K4C5L3,2022-06-27,Active
1376,Brandon,Mitchell,M,1982-05-07,43,tylerbrandon@example.com,722-287-4995 x893,2860 Todd Lock Suite 873,Windsor,ON,E4E 1C6,2022-06-14,Active
1377,Edward,Clark,F,2005-03-04,20,michaelhanna@example.org,(477) 504-4806,4896 Ortiz Harbors,Oshawa,ON,H7S 6E6,2024-09-29,Active
1378,Brenda,Gonzalez,F,1963-05-06,62,hbrown@example.com,+1 (316) 904-7610,544 Brenda Cape Suite 377,Oshawa,ON,H1S 6T1,2022-08-14,Active
1379,Margaret,Jackson,M,1978-02-05,47,wroth@example.com,+1 (145) 604-8511,6322 Washington Cliffs Apt. 178,London,ON,E3H8P3,2025-07-29,Active
1380,Richard,Carter,F,1986-11-04,39,kathrynanderson@example.net,753 841 8757,6572 Elizabeth Wall,Windsor,ON,X7X7K1,2024-02-02,Active
1381,Jimmy,Bates,F,1985-09-10,40,palmerjessica@example.org,983-615-9266 x866,079 Butler Garden,Oshawa,ON,A3B 8H6,2021-08-28,Active
1382,Robert,Olsen,F,1967-01-30,58,thomas09@example.org,(303) 371-4213 x747,392 Gina Stream Suite 954,Barrie,ON,V4S 4G7,2025-03-31,Active
1383,William,Thomas,F,2001-12-10,24,anthony72@example.net,995.981.6180,880 Smith Fords,Brampton,ON,R3H 5T5,2023-03-28,Active
1384,Timothy,Guzman,M,1963-03-14,62,peterhall@example.org,422-215-5325 x016,745 Christopher Shores,Oshawa,ON,N1C9S7,2022-06-16,Active
1385,Martha,Logan,F,2006-06-19,19,walkerbianca@example.com,257-529-6647,132 Shawn Fields,Burlington,ON,C7Y 6L6,2025-11-22,Active
1386,Sharon,Reynolds,M,1996-11-27,29,wendy16@example.com,+1 (855) 999-1966,22364 Armstrong Ports Suite 143,Markham,ON,A5L3J5,2024-08-17,Active
1387,Eric,Gonzalez,M,2000-11-14,25,wmcdonald@example.com,1-822-212-4219,190 Jonathan Ford,Cambridge,ON,T1N 3E6,2024-04-17,Active
1388,Mark,Hunter,F,1994-06-27,31,joewells@example.org,1-453-513-5634,719 Patricia Light,London,ON,J8P 2L6,2025-12-13,Active
1389,Jason,Zuniga,F,2001-08-03,24,mariorodriguez@example.com,(192) 206-8299 x458,457 Emily Mall,Toronto,ON,X3C 6S5,2024-07-29,Active
1390,Samantha,Morris,F,1966-10-04,59,mmorgan@example.org,(661) 367-4616 x160,37073 Harrison Crossroad Suite 470,Kingston,ON,P3K2C8,2025-07-16,Active
1391,Brooke,Chase,F,1998-12-27,27,chowell@example.org,+1 (472) 041-8629,167 Edwards Spurs,Kingston,ON,L1V2L3,2024-10-12,Active
1392,Natalie,Chavez,F,1974-07-05,51,mark04@example.com,861.438.4039,7545 Barnes Radial,Kingston,ON,M3C 6L1,2024-09-03,Active
1393,Riley,Simon,M,1976-12-28,49,williamlucas@example.org,(582) 313-2996 x783,8599 Monica Mountain,Vaughan,ON,S6K9X7,2025-02-09,Active
1394,Earl,Cook,F,1990-10-13,35,jeremy63@example.com,+1 (428) 711-7165,553 Schaefer Valley Apt. 698,Barrie,ON,X9G7L4,2025-07-02,Active
1395,Audrey,Murray,M,1959-10-10,66,abigailnguyen@example.net,1-217-939-4314,15440 Ford Loaf Apt. 428,Markham,ON,V5L1B6,2022-05-21,Active
1396,Todd,Vazquez,F,1991-06-02,34,harrisjohn@example.com,+1 (263) 077-9975,065 Christy Haven,Milton,ON,V5H 7K2,2023-05-28,Active
1397,David,Yang,F,1958-10-07,67,jwilliams@example.net,120 925 1390,501 Kevin Glens,Windsor,ON,H6B6P3,2022-10-17,Active
1398,Heather,Johnson,F,1982-10-20,43,scooper@example.com,1 (468) 442-6333,651 Jamie Highway Apt. 082,Kingston,ON,C2J7B1,2023-08-15,Active
1399,Jonathan,Mathews,F,1996-09-06,29,linda03@example.com,(841) 773-3430,218 Christopher Lights,Burlington,ON,S4J 2H9,2026-03-27,Active
1400,Cynthia,Meyer,M,1980-07-31,45,stanleymadison@example.net,323-883-6970,9535 Collins Shoals Apt. 193,Niagara Falls,ON,M9T7H4,2024-07-20,Active
1401,Philip,Torres,F,1986-01-01,40,alvaradojesse@example.net,1-592-031-7591,90903 Wang Dam Suite 939,Kingston,ON,K7C8A4,2022-09-10,Active
1402,Jack,Cruz,F,2004-05-31,21,lori48@example.net,424-966-8992,552 Charles Springs Apt. 544,Oshawa,ON,Y3M1V8,2022-12-12,Active
1403,Lauren,Colon,M,1975-08-25,50,msmith@example.net,621 775 9902,983 Anthony Fords Apt. 041,Sudbury,ON,K9V 2G1,2026-07-12,Active
1404,Nicole,Gibson,M,2003-11-12,22,lisa75@example.com,426.370.0796,022 Garcia Loaf,Niagara Falls,ON,S2Y3H8,2023-01-07,Active
1405,Melissa,Lewis,M,1964-12-06,61,barbara58@example.org,1 (165) 621-9295,1475 Kathleen Meadow Apt. 782,Niagara Falls,ON,S6M9X7,2026-02-21,Active
1406,Samuel,Silva,M,2008-05-03,17,erica70@example.com,586.506.7996,15905 Morgan Ville Suite 687,Richmond Hill,ON,M5H 7S8,2024-09-04,Active
1407,Jessica,Williams,F,1959-01-02,67,haley60@example.net,+1 (338) 285-0416,0209 Henry Extensions Apt. 238,Burlington,ON,H7M 3L8,2023-06-25,Active
1408,Jennifer,Eaton,M,1973-06-13,52,william49@example.com,451.295.4589,35849 Ryan Key Apt. 595,Oakville,ON,G6Y 2V3,2026-07-20,Active
1409,Bradley,Kelley,F,1986-04-20,39,wcontreras@example.net,931-114-9633 x609,50459 Reid Cove,Cambridge,ON,L6B8A6,2025-06-22,Active
1410,Rhonda,Gay,M,1967-05-29,58,caroline42@example.org,742-084-1828,9078 Thompson Isle Apt. 541,Oakville,ON,E8B6J8,2025-05-21,Active
1411,Toni,Bond,F,2007-08-16,18,bsandoval@example.net,+1 (916) 941-3512,369 Good Tunnel Suite 958,Guelph,ON,V7T 3B3,2023-09-02,Active
1412,Daniel,Brooks,F,2000-03-17,25,carly60@example.net,376 100 2351,459 Silva Isle,London,ON,J4L9L6,2026-03-25,Active
1413,James,Woods,F,1990-12-08,35,brittany13@example.net,(878) 701-8811 x133,233 Joseph Expressway Suite 170,Waterloo,ON,E9G8V7,2022-10-16,Active
1414,Todd,Hess,M,1995-05-14,30,skinnerjenny@example.org,520 822 0448,1978 Robert Glens,Richmond Hill,ON,V5E3B6,2026-07-20,Active
1415,Alexis,Casey,F,1987-05-03,38,williammartin@example.com,570.183.1377,0305 Berry Isle,Oakville,ON,V4K 6K9,2022-03-02,Active
1416,Frank,Martin,M,1977-11-01,48,fullermatthew@example.org,196-854-6211 x670,08212 Smith Villages Suite 645,Peterborough,ON,R2G 4G6,2021-10-23,Active
1417,Daniel,Nelson,F,2000-12-25,25,sweaver@example.net,1 (509) 291-8489,9497 Michael Mountain Apt. 047,Cambridge,ON,M8G6E7,2022-09-29,Active
1418,Aaron,Baker,F,1969-12-18,56,snguyen@example.com,1-346-574-8145,88864 Stewart Brook Apt. 043,Niagara Falls,ON,V3Y 2M4,2026-04-15,Active
1419,Kimberly,Warner,F,1961-09-07,64,hpeterson@example.org,(377) 727-1542,25038 Joshua Courts Apt. 472,Whitby,ON,K1T 8G5,2026-02-28,Active
1420,Michael,Morrow,M,1987-10-01,38,hahnbrett@example.com,(423) 998-8773,10858 Tammy Mount Suite 582,Whitby,ON,K9H5C6,2025-12-26,Active
1421,Angela,Reed,M,1994-05-30,31,roserhonda@example.net,1-728-178-3420,39553 Gonzalez Haven Suite 197,Sudbury,ON,A4L 3B5,2022-05-01,Active
1422,Maria,Maddox,M,1996-11-25,29,glennchloe@example.org,531-633-2430 x872,8390 Wilson Dale Apt. 257,Hamilton,ON,C5B2G9,2025-10-09,Active
1423,Thomas,Martin,F,1990-11-11,35,kelly95@example.org,276-991-5283,778 Rodriguez Lodge,Richmond Hill,ON,B1E1Y6,2022-12-21,Active
1424,Karen,Owens,M,2007-03-19,18,qbrown@example.org,(116) 257-5100,6857 Allen Tunnel,Windsor,ON,K8Y2L9,2022-12-09,Active
1425,Wesley,Glenn,F,2003-11-25,22,michellefrost@example.org,691 823 6372,29803 Brian Light,Niagara Falls,ON,K6T 1A7,2025-07-03,Active
1426,Angela,Cantu,F,1991-08-11,34,ernest29@example.org,1 (246) 547-6316,5903 Morgan Knoll Suite 237,St. Catharines,ON,L8S 7S3,2022-06-05,Active
1427,Timothy,Jones,M,2003-12-28,22,dawn90@example.com,1 (552) 242-0596,4978 Nicholas Forks,Guelph,ON,C4R5B9,2024-09-14,Active
1428,Jeffrey,Rodriguez,M,2004-01-16,21,martineznorman@example.com,(599) 521-1542,50437 Jane Mall,Toronto,ON,X6X 9K6,2026-01-20,Active
1429,Deanna,Herring,M,2007-11-12,18,qgreen@example.net,(175) 979-9742 x542,68275 Robertson Prairie Suite 850,Oshawa,ON,X3S6V4,2021-11-15,Active
1430,Matthew,Smith,M,1983-03-12,42,hrichmond@example.net,1-251-193-2467,5237 Andrew Branch,Ajax,ON,P6R 2J9,2025-10-29,Active
1431,Brian,Harris,F,1974-11-02,51,bobhiggins@example.com,830.144.6419,941 Jason Park,Cambridge,ON,X4A3R9,2026-01-20,Active
1432,Chad,Davis,F,1970-06-08,55,wallnicole@example.org,809-718-4679 x087,3169 Seth Ridge,Peterborough,ON,V1M 2S1,2021-09-02,Active
1433,Chelsea,Pearson,M,1977-05-18,48,druiz@example.org,201-832-5661 x806,537 Adam Circle,St. Catharines,ON,E3A 3G2,2022-06-09,Active
1434,Maria,Sawyer,M,1977-03-04,48,floresmegan@example.org,118.169.3491,6987 Bernard Creek Suite 941,Sudbury,ON,S9K 3H3,2023-05-28,Active
1435,Jonathan,Taylor,M,1986-02-05,39,william61@example.com,621-170-2544 x965,42182 Bass Greens,Milton,ON,N6T 1P3,2023-01-23,Active
1436,Debra,Taylor,F,2006-12-12,19,johnbrooks@example.org,175.487.7132,61392 Joe Tunnel,Barrie,ON,T5S5T9,2026-01-05,Active
1437,Julie,Spencer,M,1965-11-04,60,nbarr@example.org,849-630-9666,96029 Dougherty Inlet Apt. 047,Brampton,ON,S5M 6N9,2025-11-01,Active
1438,Regina,Cooper,M,1994-09-14,31,hlove@example.org,415-342-7893 x287,76654 Anderson Wall,Burlington,ON,M6S5M1,2022-07-15,Active
1439,Jennifer,Moore,F,1994-07-12,31,atkinsonjesus@example.com,1 (494) 538-8232,3356 Robertson Estates Apt. 896,Sudbury,ON,V3P1M4,2025-10-19,Active
1440,Aaron,Harris,F,1988-07-23,37,efowler@example.net,657.701.4111,623 Michael Ridge,Kingston,ON,H2Y6C9,2023-11-27,Active
1441,Richard,Williams,F,1994-02-27,31,bennettrachel@example.com,1 (905) 792-1510,09443 Austin Mount,Kitchener,ON,K7G6A7,2024-06-02,Active
1442,Dawn,Fuller,F,1964-03-09,61,flowersalicia@example.com,(226) 763-1143,5398 Riddle Harbor,Sudbury,ON,L5H 3S4,2021-09-29,Active
1443,Wanda,Scott,F,1976-03-01,49,soneal@example.org,(638) 167-4289 x540,743 Freeman Junction Apt. 897,Hamilton,ON,M9N 9T3,2022-07-11,Active
1444,Matthew,Holt,F,1998-01-25,27,chandlersharon@example.org,800.149.9611,545 Ariel Villages Apt. 579,Burlington,ON,R3G4S4,2024-06-04,Active
1445,Sara,Simon,M,1998-04-03,27,johnsonemily@example.org,1 (853) 952-5637,25245 Roman Crossing,Kingston,ON,E8E 6C2,2024-01-17,Active
1446,Michael,Gonzalez,M,1991-04-12,34,patriciacollier@example.net,915 156 9443,717 Jerry Spur Apt. 589,Barrie,ON,B9P 3L6,2023-10-04,Active
1447,Timothy,Carr,M,1994-02-11,31,james31@example.com,920.992.8687,77515 Randy Mill Apt. 097,Oakville,ON,B2R3R9,2023-02-28,Active
1448,Randy,Rivera,F,2001-01-24,24,kelly64@example.net,(131) 115-6854,2180 Moran Shoals,Toronto,ON,K3S 4K6,2025-04-16,Active
1449,Michelle,Thomas,M,1985-03-09,40,pattersonmichael@example.org,(507) 398-7148,4300 Brewer Tunnel Suite 777,Vaughan,ON,E6M2S9,2022-08-22,Active
1450,James,Thompson,M,1977-06-18,48,jeffrey36@example.org,157-578-6607,0766 Williams Lights,Richmond Hill,ON,A3X7P2,2026-05-03,Active
1451,Christina,Watson,M,1978-06-23,47,derekhines@example.com,541-412-4043 x968,9600 Nicole Plaza,Burlington,ON,A2X 7V4,2024-03-31,Active
1452,Brittany,Page,M,1985-04-07,40,thomasknight@example.net,(681) 987-9216,81757 Garner Cove,Ajax,ON,X6S 3T3,2023-08-25,Active
1453,Kirsten,Cook,M,1972-07-07,53,garyrodriguez@example.com,+1 (851) 773-1319,313 Taylor Underpass Suite 625,Whitby,ON,K6V2S2,2025-11-24,Active
1454,Luke,Molina,F,2002-04-03,23,vgarrett@example.org,+1 (939) 172-7154,2813 Martinez Tunnel,Kingston,ON,A5J7J1,2025-02-27,Active
1455,Brittany,Singleton,M,1972-10-09,53,tnguyen@example.net,1-465-448-2187,25588 Mullen Harbors,Cambridge,ON,P2B 6J2,2022-08-19,Active
1456,Nicholas,Brown,M,1996-04-29,29,amorris@example.net,+1 (538) 744-7713,53834 Anthony Land,Peterborough,ON,G7T6S7,2025-05-31,Active
1457,Kerri,Mcdowell,F,2005-12-14,20,pwelch@example.net,(936) 777-4410,97118 Valerie Centers Apt. 340,Windsor,ON,N8X 2H8,2022-07-31,Active
1458,Derek,Moyer,M,1994-07-19,31,clarkelizabeth@example.com,+1 (964) 651-8478,978 Bailey Parkway Suite 957,Peterborough,ON,C2E8M5,2023-09-04,Active
1459,Cheryl,Galvan,M,1990-04-02,35,laurenfowler@example.net,1 (910) 832-7866,998 Thomas Brooks Apt. 265,Burlington,ON,K3B 5N2,2022-01-27,Active
1460,Benjamin,Ramos,F,1995-11-06,30,gbrooks@example.org,(452) 949-5760,108 Buchanan Roads Apt. 970,Cambridge,ON,N7J9X8,2023-08-01,Active
1461,Karen,West,M,1964-01-20,61,hbennett@example.net,(454) 561-4315,489 Sanchez Circles,Peterborough,ON,B6B 1X5,2021-10-30,Active
1462,Mikayla,Ramirez,M,1997-01-31,28,zjohnson@example.net,1-523-733-1342,7189 Pitts Lock,Oakville,ON,C5V 3V3,2022-01-31,Active
1463,Troy,Simpson,F,1999-01-02,27,amber21@example.net,1 (417) 507-9631,0496 Cindy Manor,Kitchener,ON,C3R8R2,2022-12-21,Active
1464,Veronica,Stewart,M,1981-10-09,44,bmaxwell@example.org,(278) 577-1712,917 Griffith Neck,St. Catharines,ON,V3A 3A8,2024-06-23,Active
1465,Eugene,Hill,M,1978-08-20,47,isaac84@example.org,703-987-8064,491 Daniels Street Suite 987,Niagara Falls,ON,J4H3A3,2023-06-25,Active
1466,Richard,Ruiz,M,2001-04-04,24,thomaswatson@example.net,785-457-6530 x924,08132 Glen Mount Suite 041,Whitby,ON,H5S 4R6,2025-03-31,Active
1467,Juan,Bullock,F,1956-10-01,69,tammy73@example.org,1-792-662-2477,82807 Bruce Divide,Sudbury,ON,N7X5X2,2024-09-26,Active
1468,John,Morrison,F,1990-08-31,35,msalazar@example.org,(993) 383-3876,689 Michael Crossing,Kitchener,ON,J9Y2S7,2023-05-02,Active
1469,John,Johnson,F,1995-03-20,30,timothyproctor@example.org,1 (721) 998-0684,334 Brooke Villages,Hamilton,ON,B8Y3R3,2023-08-20,Active
1470,Jacob,Davis,F,1989-05-31,36,colescott@example.net,886-739-7181 x905,8993 Antonio Forge Suite 406,Richmond Hill,ON,L2G 1R4,2022-10-19,Active
1471,Angela,Kennedy,F,1971-02-19,54,perryrodriguez@example.net,1-591-986-6132,3572 Mcdonald Vista,Ajax,ON,Y3P 7V9,2023-03-16,Active
1472,Donald,Mcfarland,F,1957-03-06,68,megan85@example.net,509-998-6692,051 Jensen Inlet Suite 359,Markham,ON,P5L6K4,2026-07-20,Active
1473,Christine,Myers,F,2000-04-25,25,freemanjennifer@example.net,172-222-6461 x533,70275 Melissa Mountains,Markham,ON,V9S1K6,2022-02-17,Active
1474,Monica,Bennett,M,1975-03-24,50,wilsonryan@example.org,207 500 0699,8593 Michelle Way Suite 455,Niagara Falls,ON,N3H3J2,2023-02-09,Active
1475,Valerie,Parker,F,2007-03-02,18,lopezlaurie@example.net,1 (917) 699-3303,6959 Timothy Keys,Sudbury,ON,P7C4A7,2026-02-09,Active
1476,Bryce,Taylor,M,1990-06-07,35,tcarter@example.net,317.306.9938,5287 Taylor Ports,Cambridge,ON,A5H 1Y6,2022-04-25,Active
1477,Brandon,Reyes,F,1982-09-20,43,castrojames@example.org,626.048.5896,818 Nelson Bridge Apt. 865,Richmond Hill,ON,T8C1H6,2022-11-10,Active
1478,Alyssa,Johnson,M,1980-05-17,45,ojames@example.org,156-094-4615,35066 Heath Meadows,Markham,ON,P1A 9P6,2024-10-23,Active
1479,Ronnie,Washington,M,1992-10-17,33,margaretalvarez@example.net,(191) 947-4372,2196 Brittany Burg,Richmond Hill,ON,T8S 2L5,2022-07-12,Active
1480,Jeremy,Miller,M,1991-09-21,34,libeverly@example.org,+1 (462) 377-3813,831 Wood Estates,Kingston,ON,V4Y 5A7,2022-09-04,Active
1481,Nicole,Robertson,F,1966-10-16,59,cynthia56@example.com,+1 (186) 680-5800,953 Mark Village Suite 015,Waterloo,ON,K8Y9N2,2024-05-22,Active
1482,Timothy,Oliver,M,1959-02-27,66,christine14@example.net,(215) 144-6619 x954,00656 Renee Lock Suite 885,Hamilton,ON,N7N4K8,2026-04-01,Active
1483,Ryan,Munoz,M,1982-05-26,43,christine02@example.net,(744) 238-1622,8491 Davis Lights Apt. 883,Sudbury,ON,J1N6Y4,2022-08-05,Active
1484,Christopher,Gonzalez,F,1990-10-27,35,michaelwilson@example.org,802-784-7344 x793,239 Timothy Light,Ajax,ON,S3Y 6H9,2024-04-28,Active
1485,Alexandra,Meza,M,1991-03-28,34,doris13@example.net,1 (874) 087-4740,729 Garcia Oval,Guelph,ON,S8N1T7,2022-03-19,Active
1486,Joyce,Baker,F,2003-04-19,22,david80@example.net,1 (345) 519-2415,48401 Kirk Corners Suite 064,Niagara Falls,ON,M4M 4N8,2025-01-13,Active
1487,Harold,Davis,M,1974-10-08,51,patrick14@example.com,964.157.3376,91341 Hunter Bridge Apt. 719,Guelph,ON,V6E2M5,2024-07-03,Active
1488,Brandi,Vaughn,M,1961-09-21,64,mark38@example.com,(968) 072-9661,438 Patrick Plains,Milton,ON,X3G4T1,2025-09-15,Active
1489,Stanley,Smith,M,1988-01-03,38,jennifer64@example.com,1 (103) 006-0451,733 Anthony Park,Whitby,ON,K3G3T4,2025-07-03,Active
1490,Ronald,Vincent,F,1968-02-19,57,greenjared@example.net,+1 (605) 904-7353,65493 Tammy Via,Milton,ON,J5T6J2,2022-07-25,Active
1491,Lisa,Matthews,M,1990-11-02,35,dustin06@example.org,298-972-7405,316 Davis Cliff Apt. 365,London,ON,M6B5H3,2023-09-24,Active
1492,David,Goodwin,F,1958-10-14,67,garymeyer@example.org,1 (679) 938-9594,51747 Thompson Groves,Kingston,ON,T6P6R2,2022-05-27,Active
1493,Lisa,Nunez,M,2000-08-01,25,wanda38@example.org,+1 (276) 657-0310,13387 Hartman Row,Markham,ON,H5C9M4,2025-09-18,Active
1494,Erica,Chang,M,1974-01-20,51,groberts@example.net,(596) 838-2525,93535 Tamara Knoll,Sudbury,ON,V7J 7M1,2026-04-17,Active
1495,Amanda,Berry,M,1979-02-01,46,teresascott@example.org,1 (475) 610-8010,21239 Woodward Coves,Milton,ON,E4S 3X4,2022-05-11,Active
1496,Jordan,Green,F,1975-01-21,50,selenaortiz@example.org,662 144 5371,5196 Stephens Mill,Kitchener,ON,Y2X2B6,2025-05-26,Active
1497,Gregory,Herrera,F,1961-10-25,64,jamesthompson@example.net,+1 (735) 546-9033,05719 Wright Flats,Whitby,ON,P6M 3N8,2026-06-05,Active
1498,Jessica,Kim,F,2005-06-07,20,crystalsmith@example.org,(956) 409-3099,919 Smith Square Suite 796,Guelph,ON,X5E 9E8,2022-12-15,Active
1499,Jimmy,Hopkins,F,1962-09-18,63,johnsonkeith@example.com,1 (417) 586-3735,70289 Ortiz Mews,Guelph,ON,Y5P4Y2,2022-01-13,Active
1500,Carl,Joseph,M,1964-12-29,61,wgomez@example.org,1-294-739-6543,5771 Sarah Springs,Milton,ON,G7T 1N9,2026-03-13,Active
1501,Belinda,Rivera,M,1984-12-21,41,mbishop@example.org,1 (584) 342-3149,12586 Roger Row Apt. 981,Brampton,ON,L6B 2E5,2025-04-26,Active
1502,Michael,Brown,M,1971-10-08,54,alexis13@example.net,1-374-296-3641,4725 Norris Squares,St. Catharines,ON,M7N 1J5,2022-03-23,Active
1503,Stephanie,Chavez,M,1957-12-14,68,devon39@example.net,+1 (285) 276-8209,24661 Stephenson Tunnel,Barrie,ON,V1A 8H1,2024-08-17,Active
1504,Michael,Sloan,M,1991-08-24,34,cindy17@example.com,(831) 702-5337,604 Taylor Neck,Oshawa,ON,Y6T4H8,2022-01-08,Active
1505,Gail,Morris,F,1963-10-15,62,jeremysmith@example.org,1 (269) 647-4133,1968 Chelsey Plains,Whitby,ON,H7G4S2,2023-06-07,Active
1506,Andres,Gilmore,F,2002-07-11,23,sheadawn@example.net,1-791-315-6536,36463 Miller Hollow Suite 228,Windsor,ON,J4G 5N9,2024-11-21,Active
1507,Madison,Larson,F,1994-04-20,31,jennifercarlson@example.com,1 (877) 583-3521,640 Roberts Divide,Niagara Falls,ON,C1N 3L5,2022-11-24,Active
1508,James,Stephenson,M,1980-07-10,45,awu@example.org,+1 (232) 703-4914,526 Harris Loop,Whitby,ON,H2T3G7,2026-04-30,Active
1509,Lawrence,Mitchell,M,1970-03-11,55,gtucker@example.net,196-746-7269 x863,333 Tracy Trail,Niagara Falls,ON,E3T 7A8,2022-03-12,Active
1510,Chad,Gates,F,1986-01-22,39,cindy85@example.org,1-675-616-0384,0682 Tara Mount,Oshawa,ON,R2C1M7,2023-07-03,Active
1511,Miguel,Jackson,M,1991-07-23,34,ericrogers@example.com,(590) 885-0690 x303,112 Derrick Forest Apt. 238,Whitby,ON,N3E1G8,2022-05-09,Active
1512,Kristine,Sanchez,F,1966-11-02,59,jeffreyjohnston@example.net,1 (911) 139-9773,278 Price Mill Apt. 360,St. Catharines,ON,H7G6R2,2023-02-11,Active
1513,Laura,Bennett,M,1992-04-12,33,bnelson@example.com,206 814 8499,02981 Jason Trace Apt. 843,Whitby,ON,E9M 2C2,2025-02-04,Active
1514,Brittany,Wright,M,1989-07-04,36,andrewmorgan@example.org,949-504-4327 x192,84416 Emily Ramp,Guelph,ON,S1H 9L9,2025-06-04,Active
1515,Danny,Vance,M,2007-08-23,18,phall@example.net,837.057.4103,26594 Jennifer Crossroad Suite 838,Burlington,ON,C6S8K9,2021-12-15,Active
1516,Robert,Cobb,M,1998-02-19,27,jennifer68@example.com,613-290-1029 x158,85811 Clayton Lights,Barrie,ON,G4J 6P7,2024-02-20,Active
1517,Alexis,Mueller,F,1983-02-15,42,medinamelinda@example.net,(356) 316-7660,68927 Pitts Passage Suite 181,Cambridge,ON,Y8K 8M1,2023-05-01,Active
1518,Deborah,Hines,M,1961-03-16,64,thomas08@example.org,582 131 1482,430 Wolf Inlet,Sudbury,ON,T3Y6M7,2022-09-11,Active
1519,Mary,Smith,M,1986-09-25,39,spearsbrittany@example.com,(293) 345-0041 x951,030 Parsons Walks,Cambridge,ON,C7V2A7,2025-01-07,Active
1520,Jessica,Bond,M,1977-06-29,48,laura82@example.net,298-728-4818,692 Kimberly Glens Suite 055,St. Catharines,ON,G8M3V2,2025-07-18,Active
1521,Robert,Gonzalez,F,1997-03-06,28,thernandez@example.net,260.494.1723,70668 Sanchez Mill,Kitchener,ON,E9Y 4P6,2024-02-28,Active
1522,Jennifer,Christensen,F,1969-08-08,56,romankevin@example.org,1 (271) 265-6564,6667 Matthew Trail Apt. 112,Oakville,ON,V9A 1E6,2024-09-20,Active
1523,James,Richardson,M,1996-07-12,29,lhenry@example.org,+1 (125) 525-7615,59848 Mary Mall,Windsor,ON,X4S 1X5,2022-08-11,Active
1524,Eugene,Morrison,M,2006-03-09,19,nfernandez@example.org,101.339.8930,03765 Bass Shoals Apt. 140,Kitchener,ON,S3N6A8,2024-05-01,Active
1525,Jodi,Owen,F,1958-07-13,67,bishopcheryl@example.org,999-046-3691 x991,648 Omar Lodge,Mississauga,ON,C7S8J8,2026-01-07,Active
1526,Jenna,Flores,F,1980-04-10,45,rbaldwin@example.net,1-926-915-4897,412 Murphy Estates,Whitby,ON,V1B9P8,2023-04-13,Active
1527,Marc,Martin,M,1974-03-02,51,megan81@example.net,(486) 789-5013 x919,74142 Craig Harbor Suite 382,Markham,ON,M7A 3M5,2023-12-19,Active
1528,Jessica,Pope,F,1979-05-05,46,lmcintosh@example.org,+1 (527) 330-8903,4684 Tamara Fall Apt. 095,Kingston,ON,R2Y8S8,2025-08-08,Active
1529,Brian,Orr,F,1991-03-10,34,berrycharles@example.net,(146) 761-7099 x511,562 Olson Locks,Barrie,ON,C3B 9B1,2023-04-28,Active
1530,Michelle,Dickson,M,1996-01-05,30,nathaniel00@example.com,1-341-566-3057,6220 Daniel Island Apt. 839,Ajax,ON,N1J 2T4,2024-10-20,Active
1531,Jacqueline,Johnson,F,1993-06-14,32,qlopez@example.org,748 932 3775,9466 Harris Ferry Suite 148,London,ON,G9S9Y1,2026-01-11,Active
1532,Thomas,Schultz,F,1979-07-17,46,samuel58@example.com,485-645-1924 x279,8298 Davis Key Apt. 287,Mississauga,ON,N9E 8C8,2024-03-29,Active
1533,Victoria,Jones,M,1969-02-06,56,anita77@example.com,1-976-397-1031,77960 Contreras Parkways Suite 742,Vaughan,ON,N8A 9N5,2023-08-11,Active
1534,Chad,Clark,M,1964-02-04,61,irivera@example.net,+1 (451) 531-2141,987 Amanda Village,Oakville,ON,X2S5N7,2025-10-13,Active
1535,Krista,Garcia,M,1998-08-06,27,marshjoann@example.net,(796) 701-5522,24655 Haley Street Suite 787,Waterloo,ON,N9E 4R3,2021-08-14,Active
1536,Erik,Stephenson,F,1999-01-13,26,millerdenise@example.net,502-149-8008,555 Cohen Gateway Suite 328,Oakville,ON,K3C 2J9,2025-07-21,Active
1537,Robert,Carpenter,F,1989-08-03,36,cindy35@example.net,(908) 469-8732 x975,6271 Steven Road Apt. 446,Waterloo,ON,P1Y7A7,2026-03-30,Active
1538,Kenneth,Warren,M,1958-01-20,67,velasquezdylan@example.com,1-565-889-9872,6312 Hogan Spur Apt. 927,Milton,ON,K2B2X3,2022-04-13,Active
1539,Karen,Peterson,F,1966-01-15,60,huertadeanna@example.net,1 (713) 684-0541,37008 Jimenez Landing Apt. 900,Niagara Falls,ON,H1H 8S4,2023-01-10,Active
1540,William,Mitchell,F,2001-12-15,24,ronaldfriedman@example.net,1-964-310-3233,3767 Brian Knolls Suite 821,Vaughan,ON,L9N3S3,2022-12-12,Active
1541,Derek,Ortega,F,1961-06-09,64,hernandezstephanie@example.com,(289) 839-2307 x814,7067 Stephen Village,Peterborough,ON,M5L 8N6,2024-11-11,Active
1542,Chad,Hall,M,2006-09-15,19,brookskaren@example.com,(473) 102-4264 x596,8458 Jeanne Valley Apt. 903,Brampton,ON,Y8P3X7,2022-07-17,Active
1543,Leah,Bell,F,1966-05-04,59,travisjones@example.org,+1 (942) 102-3872,3664 Williams Run,Peterborough,ON,A5E4R4,2023-04-27,Active
1544,Bianca,Kramer,F,1964-01-22,61,charlesjones@example.org,(370) 000-8222 x053,89395 Odom Causeway,Oakville,ON,M2S 8R2,2025-10-08,Active
1545,Christopher,Harrison,F,1957-05-26,68,josephowens@example.com,717.390.6650,6027 David Brooks Apt. 502,Cambridge,ON,N4A3R8,2025-07-07,Active
1546,Sarah,Neal,M,2006-01-20,19,eric41@example.net,+1 (894) 564-6866,469 Joshua Station Suite 000,Kingston,ON,E5J 4T8,2024-02-22,Active
1547,Connor,Chang,M,1982-01-10,44,williamthompson@example.org,458 337 6223,0154 Thomas Lodge Suite 786,St. Catharines,ON,C1B1B6,2024-08-01,Active
1548,David,Merritt,F,2000-12-01,25,dawnadams@example.net,(393) 348-9140,631 Cordova Key Suite 800,Burlington,ON,P8V6N2,2026-04-30,Active
1549,William,Farmer,F,1967-08-14,58,sharonhenry@example.net,(944) 468-5013 x813,418 Thompson Fork Apt. 645,Vaughan,ON,B8C4V4,2025-10-18,Active
1550,Benjamin,Williams,F,1981-12-04,44,james05@example.com,812-793-1082 x627,9990 Neal Hills Apt. 869,Brampton,ON,A7P2R2,2025-09-09,Active
1551,Jacob,Ray,F,2001-04-19,24,mccarthyvalerie@example.com,(764) 358-3097 x533,49289 Hinton Court,Kitchener,ON,E7V9N7,2022-09-06,Active
1552,Donna,Lindsey,F,2003-06-18,22,qmayer@example.net,420 699 2558,35808 Richardson Road,Kitchener,ON,L1M 9E9,2023-05-01,Active
1553,Tina,Melendez,F,1968-09-06,57,samanthaenglish@example.org,227-783-4079 x328,7177 David Fork,Oshawa,ON,B8H4B7,2021-12-02,Active
1554,Spencer,Gamble,F,1972-10-04,53,wellschristina@example.net,1-180-000-0133,148 Jonathan Branch,Barrie,ON,C2K 6H9,2025-11-30,Active
1555,Betty,Owens,M,2002-05-06,23,rcrosby@example.com,(976) 456-1846,8336 Oliver Mills,Whitby,ON,V5B9E8,2025-04-20,Active
1556,Carrie,Terry,F,1992-05-07,33,glennkristina@example.org,(326) 561-9789 x681,6991 Blair Ports Apt. 770,Niagara Falls,ON,R5P9T7,2023-06-13,Active
1557,Scott,Ashley,M,1987-08-23,38,ehenry@example.org,(400) 750-6823 x373,7412 Jimenez Parkway,Kingston,ON,N8T4B9,2026-02-11,Active
1558,Mary,Smith,M,1975-09-25,50,eric73@example.org,933.058.7892,29557 Montgomery Forge,Mississauga,ON,X4X 8Y1,2023-10-14,Active
1559,Jessica,Wall,F,1994-08-26,31,butlerjacob@example.net,554.344.9197,84867 Daniel Mill Apt. 498,Vaughan,ON,R4K7L6,2025-09-29,Active
1560,Michele,Booker,M,2007-03-28,18,damon26@example.com,240 896 2870,15667 Bryan Way,Toronto,ON,X8T 2E1,2022-12-06,Active
1561,Chelsea,Pham,F,1973-12-09,52,jenniferwilliams@example.org,(698) 022-1318 x960,46117 Kenneth Orchard,Windsor,ON,C6L6S5,2023-03-25,Active
1562,Isaac,Wright,M,1998-07-14,27,sarahpeterson@example.net,464.915.6630,38648 Cook Center Suite 443,Cambridge,ON,H2N2A7,2023-06-03,Active
1563,Steven,Roman,M,1977-04-08,48,zaustin@example.net,778-134-1452 x448,153 Lowery Ports Apt. 435,Guelph,ON,X7L 4B3,2024-08-06,Active
1564,Jessica,Cox,M,1969-12-25,56,duanebryant@example.org,549-912-6438,098 Barbara Estate Apt. 509,Oakville,ON,R3J 4K7,2022-03-24,Active
1565,Jeffrey,Pitts,F,1986-11-19,39,vward@example.org,192.491.2830,38183 Joseph Crescent Suite 791,Vaughan,ON,T7R1E8,2024-09-10,Active
1566,Thomas,Austin,F,1961-01-12,65,joelbautista@example.net,1 (691) 335-3153,87245 Kelsey Stravenue Apt. 941,Windsor,ON,T7V9C3,2024-04-01,Active
1567,Glen,Herrera,F,1988-04-22,37,kellyhughes@example.org,763.629.7038,732 Jeff Dam Apt. 426,Brampton,ON,T7Y 9J2,2022-05-20,Active
1568,Kelly,Kidd,M,1969-08-31,56,ipugh@example.com,559-044-7417 x643,05794 Paul Islands Apt. 532,Oshawa,ON,G5L 9M4,2022-12-24,Active
1569,Barbara,Matthews,M,1976-01-19,49,samantha89@example.com,654-728-1570 x662,62204 Donna Mission,Sudbury,ON,E9L8M3,2022-12-31,Active
1570,Tammy,Jordan,F,1969-08-11,56,george83@example.org,1 (868) 208-0820,882 Whitney Prairie,Mississauga,ON,P1H 5E3,2022-07-27,Active
1571,Jonathon,Cunningham,F,1974-07-23,51,brandonmoore@example.net,399 025 1002,825 Armstrong Turnpike Apt. 594,Vaughan,ON,H4S 3B3,2023-02-02,Active
1572,Melissa,Mcdonald,M,1985-03-29,40,smithtimothy@example.net,771.506.8524,889 Underwood Estates,Burlington,ON,Y6N 2E3,2022-04-17,Active
1573,Robert,Reyes,M,2001-04-26,24,smithashley@example.net,549-411-7159 x036,72590 Dustin Rapids Suite 848,Guelph,ON,L8K 9G7,2024-09-25,Active
1574,Larry,Ayers,M,1960-06-18,65,lisadennis@example.net,1 (199) 571-9477,1910 Michael Forges,Oakville,ON,K2P8G3,2022-08-08,Active
1575,Matthew,Welch,M,1957-03-02,68,luke86@example.com,(614) 387-0611,11889 Carr Ranch Apt. 926,Toronto,ON,N4E4V7,2024-11-11,Active
1576,Ana,Ramirez,M,1978-08-04,47,robinsonshannon@example.com,401-980-1106,44326 Mejia Port,Milton,ON,C2X8X9,2024-11-10,Active
1577,Mark,Ewing,M,1973-10-08,52,reedmonique@example.com,(503) 459-4893 x049,091 Stephanie Mall,London,ON,R9Y4C4,2026-04-07,Active
1578,James,Sanders,F,2008-03-01,17,pedrocruz@example.org,(707) 505-9990,81067 Brian Cove Suite 965,Ajax,ON,A1N 9H7,2023-03-26,Active
1579,Keith,Nelson,M,1994-04-04,31,jennifer39@example.org,885.665.4934,68881 Taylor Union,Toronto,ON,K2H8B1,2024-09-24,Active
1580,Tracy,Frank,F,1967-12-05,58,marshallrodney@example.org,855 881 1912,1518 Shannon Parkway Suite 424,Oakville,ON,T1S5A3,2025-08-12,Active
1581,Scott,Jenkins,F,1974-07-18,51,vdavis@example.com,1-258-479-5196,901 Johnson Wells Apt. 544,Hamilton,ON,S3H2P7,2023-05-04,Active
1582,Mandy,Bryant,M,1985-04-12,40,lauracherry@example.net,376-667-5244,15799 Smith Key,Oakville,ON,E6G 1L8,2023-10-12,Active
1583,Jeffrey,Williams,M,1968-10-01,57,dmoss@example.org,627 166 2393,0177 Michele Junctions,Milton,ON,X3C7J2,2022-07-16,Active
1584,Jordan,Taylor,F,1990-09-08,35,aknapp@example.org,(823) 320-0253 x046,71853 Daniel Club Suite 648,Waterloo,ON,N9S 8H6,2022-07-23,Active
1585,William,Daniels,M,1962-02-17,63,johnroberts@example.org,752.964.5871,93032 Cody Trace Apt. 701,Brampton,ON,C8N 5N2,2026-01-30,Active
1586,Karen,Garcia,F,2005-11-18,20,gardnerjames@example.net,(640) 179-1944,6696 Maurice Loop Suite 117,Hamilton,ON,G5B 6K8,2025-01-19,Active
1587,Tiffany,Wallace,F,1962-12-11,63,zcooper@example.net,830 022 4223,6433 Jill Walk,Sudbury,ON,C2T2H2,2023-03-05,Active
1588,Christina,Ramos,F,2006-06-09,19,robersonteresa@example.net,(806) 764-2011,01091 Stephanie Trafficway,London,ON,R6B3B1,2023-02-23,Active
1589,Paul,Butler,M,1974-04-18,51,fmckinney@example.org,(489) 537-2278,902 Mccormick Falls,St. Catharines,ON,L9X1Y8,2025-06-16,Active
1590,Lisa,Page,M,1977-11-14,48,steven65@example.com,(495) 928-9146,45347 Perkins Springs,Vaughan,ON,C9R 5B8,2024-04-24,Active
1591,Angela,Thomas,M,2005-11-30,20,dawnadams@example.com,1-547-484-8569,1421 Ford River Apt. 426,Brampton,ON,V4C 2K5,2022-10-06,Active
1592,Scott,Floyd,M,1984-06-01,41,xwilson@example.org,(495) 545-2591,06773 Sherry Springs Suite 803,Markham,ON,L7R 3Y1,2025-03-01,Active
1593,Stacey,Lewis,F,1974-06-18,51,montoyachristopher@example.net,(882) 891-8350,848 Morgan Lake,Cambridge,ON,R6X 2E2,2022-12-01,Active
1594,Tanya,Cook,M,1963-07-08,62,emartin@example.net,+1 (627) 243-8144,1499 Cooper Run Apt. 144,Burlington,ON,J5K6Y6,2023-01-04,Active
1595,Christopher,Rios,M,1998-03-06,27,charleswilliamson@example.net,(984) 813-1205 x930,92220 Jennifer Inlet,Vaughan,ON,V8S 1S7,2025-12-11,Active
1596,Amy,Tran,F,1967-01-23,58,czimmerman@example.com,700-977-3549,9590 Donald Forge,Guelph,ON,N2J3B6,2022-09-13,Active
1597,James,Daniel,M,1992-03-10,33,ojordan@example.com,567-564-4031,11945 White Wall,Kitchener,ON,P3N2K7,2025-08-23,Active
1598,Jo,Escobar,M,2005-04-26,20,natasha55@example.org,169 450 5836,28849 Susan Prairie Apt. 886,Hamilton,ON,X2X1A7,2024-10-02,Active
1599,Kayla,Clay,M,1974-04-20,51,alyssamitchell@example.com,(405) 236-1416,72742 Brandon Shoals Suite 029,St. Catharines,ON,A8T8K9,2024-02-26,Active
1600,Sarah,Romero,F,1960-12-04,65,mayskelsey@example.org,1 (242) 487-8404,1408 Freeman Ports Suite 156,Niagara Falls,ON,G8E 1J2,2023-08-01,Active
1601,Emily,Parker,F,1983-10-25,42,sbradford@example.org,(609) 947-9141,427 Henry Ville,Sudbury,ON,L6E4S8,2022-12-28,Active
1602,Nicholas,Estes,M,1977-10-25,48,margaret37@example.org,+1 (643) 611-1685,1716 Turner Plaza,Kingston,ON,N5S 4K3,2023-03-20,Active
1603,Melissa,Johnson,F,1957-02-12,68,heatherglover@example.net,541.011.2017,8157 Davis Radial Suite 238,Waterloo,ON,H5C 6H9,2022-05-12,Active
1604,Timothy,Smith,M,2001-02-04,24,currybradley@example.org,885-743-6425 x424,69154 Sullivan Rest,Vaughan,ON,A8V 3H3,2025-07-05,Active
1605,Jaclyn,Cortez,F,1996-10-29,29,gbray@example.com,(934) 453-9750,038 Price Walks,Waterloo,ON,G5Y 1M3,2023-11-05,Active
1606,Heather,Hopkins,M,1967-01-01,59,christine41@example.net,1-479-044-7515,926 Mary Meadows Apt. 823,St. Catharines,ON,A3A 8A9,2021-08-19,Active
1607,Jessica,Tran,F,1989-10-05,36,robert53@example.org,122 212 8816,8322 Garrett Divide,Richmond Hill,ON,M5L 2G7,2025-11-03,Active
1608,Angela,Villa,M,1983-05-31,42,kingamy@example.net,1-782-233-2284,99971 William Court Suite 321,Kitchener,ON,K3T 2N5,2023-04-25,Active
1609,Kevin,Griffin,F,1975-03-02,50,timothyklein@example.com,(499) 744-2259 x730,8508 Krista Mill Suite 320,Burlington,ON,R4A 1Y8,2024-01-11,Active
1610,Julie,Reyes,M,2006-03-31,19,stephanie59@example.net,171-573-3353 x837,89405 Wheeler Highway,Barrie,ON,R8E9H2,2022-05-11,Active
1611,Bradley,Jacobs,F,1991-10-09,34,imoore@example.org,1 (422) 427-5617,01701 Sean Route Suite 567,Waterloo,ON,M6V2K1,2026-01-15,Active
1612,Kevin,Phillips,M,1980-03-01,45,floydtravis@example.org,+1 (377) 880-3024,008 Jeffrey Crest,Peterborough,ON,E1N4N4,2021-11-12,Active
1613,William,Chase,F,2000-04-12,25,leemike@example.org,937.312.9504,875 Perez Square,Waterloo,ON,G1V 3X9,2022-10-07,Active
1614,Elizabeth,Anthony,M,1998-04-06,27,kclark@example.org,162-046-7863,169 Robin Throughway,Vaughan,ON,Y1R8V7,2025-01-31,Active
1615,Kara,Bradford,M,2005-12-08,20,joseph49@example.org,385.101.5427,7301 Alicia Dale Suite 842,Ajax,ON,A8G 3H8,2025-01-17,Active
1616,Eric,Mcdaniel,F,1999-10-28,26,tonymoyer@example.net,431 143 4166,7759 Anderson Mill,Sudbury,ON,E7X1L6,2022-07-14,Active
1617,Stephanie,Sellers,F,2004-09-06,21,danielle74@example.org,+1 (783) 486-9871,2929 Kathryn Neck Apt. 605,London,ON,A2Y 1C1,2021-10-01,Active
1618,Thomas,Young,F,2000-10-09,25,braunapril@example.org,+1 (337) 419-8703,0819 Jerry Spring,Niagara Falls,ON,H5V 6L5,2024-11-21,Active
1619,Tammy,Mack,M,1974-10-17,51,cvalentine@example.net,992-447-7174 x066,9942 Erin Lane Apt. 376,Sudbury,ON,J2T 9R3,2023-03-06,Active
1620,Melissa,Franco,F,1994-01-22,31,rhondastephens@example.net,690-912-8121 x263,6710 Susan Loaf,St. Catharines,ON,H4N 4E6,2023-09-09,Active
1621,Kendra,Grimes,M,1998-01-13,27,jerry28@example.org,(240) 125-2004 x320,124 Rocha Locks,St. Catharines,ON,S4T1X4,2026-06-13,Active
1622,Candice,Adams,M,1982-01-30,43,nancyalvarez@example.org,(776) 848-1419,918 Li Cliff Apt. 084,Toronto,ON,P6K2X5,2021-10-14,Active
1623,Amber,Molina,F,2005-04-08,20,cynthia93@example.net,1-801-075-2879,57502 Matthew Gateway,Toronto,ON,H3H 6V5,2025-12-29,Active
1624,Ashley,Diaz,M,1991-10-27,34,colleen30@example.com,1 (782) 546-7723,783 Susan Island Apt. 638,Kitchener,ON,R7S 8H5,2021-08-27,Active
1625,Mary,Chung,F,1992-09-15,33,uclark@example.org,291 764 8036,544 Erika Falls Apt. 956,Mississauga,ON,A5N9X5,2021-12-11,Active
1626,Ashley,Morton,F,1989-10-30,36,marymarquez@example.org,729 351 1748,9380 Ryan Lock,Ajax,ON,V4A 6L2,2024-01-10,Active
1627,Christopher,Martin,F,1988-02-12,37,beardarthur@example.net,1-356-314-7961,0889 Ward Isle Suite 379,Vaughan,ON,Y7X7C9,2024-10-07,Active
1628,Mark,Garcia,F,1989-01-12,36,tmitchell@example.net,832-177-8545 x747,0855 Larry Turnpike,Guelph,ON,S3M8K6,2023-02-18,Active
1629,Chad,Holloway,M,2007-03-31,18,ecox@example.com,215-626-6998,2792 Brandon Islands,Brampton,ON,R7K5E7,2021-10-14,Active
1630,Richard,Parker,M,2007-04-25,18,michelleallen@example.com,1 (483) 883-3314,4859 Walter Roads,Oshawa,ON,A7R 6S4,2022-11-19,Active
1631,Sabrina,Mack,M,1988-05-04,37,bradleyandrew@example.net,800.032.6661,864 Benson Squares,Barrie,ON,R8G 7V6,2021-08-10,Active
1632,Chelsea,Phillips,M,2001-07-01,24,michaelchang@example.org,391 535 3759,97661 Jackson Dale Apt. 380,Ajax,ON,B2V 8B8,2025-05-13,Active
1633,Kyle,Smith,F,2003-09-25,22,kennethhansen@example.com,1-391-750-7831,15349 Bennett Cove,London,ON,M4C8A6,2022-02-11,Active
1634,Joshua,Oconnor,M,1962-02-16,63,hneal@example.net,(523) 973-2786 x028,55501 Carl Rapid Apt. 499,Peterborough,ON,G6N6J4,2026-04-24,Active
1635,Ashley,Diaz,F,1960-12-17,65,ybrown@example.net,1-145-991-4521,38870 Jones Villages,Barrie,ON,A2M3G2,2025-08-12,Active
1636,Justin,Weaver,M,1956-11-29,69,fgomez@example.org,784-865-4255,22905 Campbell Court Suite 105,Burlington,ON,V4J7G1,2023-12-02,Active
1637,Noah,Frazier,M,1957-01-26,68,pthomas@example.com,(138) 951-7520 x477,8307 Anderson Wells,Mississauga,ON,H4P 9N3,2023-11-22,Active
1638,Jason,Young,F,1994-07-17,31,kfarmer@example.org,1 (406) 348-3732,46467 Pennington Burgs,Brampton,ON,X5B 2N9,2023-03-03,Active
1639,Jason,Simpson,F,1965-03-13,60,cervantesdavid@example.org,1-443-305-0980,96008 Wiley Lodge Suite 865,Hamilton,ON,X3M6G3,2025-11-03,Active
1640,Alexandra,Mcdonald,M,1979-06-19,46,heather44@example.org,377 501 9325,4942 Kathryn Extensions Apt. 660,Markham,ON,H2J5X9,2023-11-04,Active
1641,Hunter,Johnson,M,1992-06-03,33,elizabethbryant@example.com,793-124-0493 x863,17553 Jessica Flats,Barrie,ON,V4T1S7,2023-03-12,Active
1642,William,Gibson,M,1984-06-24,41,tesparza@example.net,+1 (499) 158-9730,581 Caldwell Springs Suite 298,Hamilton,ON,S7Y 2T1,2023-11-22,Active
1643,Randy,Garcia,M,1957-10-26,68,stacey55@example.org,774-981-8869,58890 Tony Street,Oakville,ON,G2T3A7,2024-02-16,Active
1644,Michael,Sullivan,M,1989-12-17,36,jacob60@example.com,416.976.9054,68219 Page Corner Apt. 232,Oakville,ON,E4B3V6,2026-05-05,Active
1645,Marie,Martinez,F,1975-08-06,50,johnjohnson@example.org,1-889-905-6431,04631 Alicia Lights,Windsor,ON,A8C9Y4,2023-05-05,Active
1646,Kevin,Phillips,F,1992-02-01,33,danielrodriguez@example.org,254 709 9734,0540 Villanueva Loop,Sudbury,ON,V7E3Y5,2022-07-20,Active
1647,Daniel,Davis,F,1985-02-07,40,rebecca39@example.com,(507) 207-8458 x458,22776 David Plaza,Windsor,ON,S3S 6V3,2023-11-01,Active
1648,Jessica,Roth,F,1966-07-29,59,rachel51@example.net,167-742-1083,44371 Felicia Path Suite 257,London,ON,L8H4K6,2022-08-24,Active
1649,Melissa,Martinez,M,1970-01-05,56,valerie68@example.net,(732) 253-5022 x774,38471 Sarah Branch,Burlington,ON,X6V3V3,2022-07-03,Active
1650,Felicia,Sims,M,1960-11-18,65,tiffanysolomon@example.org,1-802-342-0338,453 Houston Underpass,St. Catharines,ON,G7E 4N9,2022-08-01,Active
1651,Ariel,Bowman,F,1976-03-23,49,richardmorgan@example.com,1-591-997-8513,5329 Jimenez Field Suite 594,Kingston,ON,Y9J 9C9,2024-11-16,Active
1652,Stephanie,Ross,M,1962-04-02,63,lisalopez@example.net,591-154-1682,0549 Chad Spring Suite 065,Oshawa,ON,V2R3P7,2024-01-02,Active
1653,Deborah,Hill,M,1989-11-24,36,ellislinda@example.com,438.345.6293,956 Rodriguez Square Apt. 230,Oshawa,ON,V6R7B8,2023-08-19,Active
1654,Michael,Farmer,F,1995-01-18,30,jacksonanne@example.net,(434) 414-6796,2914 Sara Forest,Milton,ON,H4B2X2,2025-02-06,Active
1655,Xavier,West,F,1992-05-22,33,nina47@example.net,+1 (287) 320-7181,441 Phillip Rapids Suite 187,Ajax,ON,E9N 8K5,2026-05-09,Active
1656,Karen,Jones,F,1957-09-06,68,aguilarmelissa@example.net,1-298-511-7426,27404 Miller Expressway Apt. 858,Mississauga,ON,T2A 1Y4,2023-04-27,Active
1657,Jeffrey,Miller,M,1992-02-18,33,johnsonlarry@example.net,846 012 8549,3150 Alan Mews,Niagara Falls,ON,T3B6L8,2024-08-01,Active
1658,Marco,Lambert,M,2007-03-02,18,vnelson@example.net,(923) 598-4887 x691,8412 Edgar Haven Suite 059,Sudbury,ON,V3B 8R3,2022-09-20,Active
1659,Joseph,Stuart,M,1963-11-01,62,patrickrodriguez@example.net,(570) 571-6298 x475,09646 Joseph Ports Suite 838,Oshawa,ON,R7B7E9,2023-04-14,Active
1660,Robert,Petty,M,2004-04-29,21,vrose@example.org,749 753 9303,993 Nicholas Brooks,Niagara Falls,ON,Y6R 8E5,2026-07-07,Active
1661,Mary,Singh,M,2001-09-11,24,cnichols@example.net,(803) 717-1865 x880,1204 Morgan Islands Suite 566,Waterloo,ON,R4J 9R2,2022-08-20,Active
1662,Laura,Cochran,M,1988-10-12,37,jasonbrown@example.com,510 379 9820,370 Greg Flats Suite 793,Mississauga,ON,V2P3A3,2024-07-16,Active
1663,David,Moore,M,1991-12-16,34,jonesjason@example.org,1-257-408-5074,92823 Riley Summit,Waterloo,ON,K7Y9G4,2022-01-10,Active
1664,Gwendolyn,Klein,F,1985-02-17,40,sheilahart@example.org,+1 (273) 614-0476,6158 William Rue Apt. 069,Milton,ON,G4H2H8,2025-04-22,Active
1665,Rhonda,Cooper,M,1986-09-21,39,dawnthomas@example.org,389-810-7232,7830 Colleen Trace Suite 410,Peterborough,ON,M3L 6L4,2024-01-08,Active
1666,Carly,Evans,M,1963-10-21,62,jmason@example.com,670-239-2831 x091,91043 Hammond Squares Apt. 341,Windsor,ON,G6M 1G6,2024-08-16,Active
1667,Daniel,Stark,F,1976-11-15,49,rodneycastro@example.com,787.768.9617,296 Jennifer Brooks Suite 297,Whitby,ON,Y2C5B2,2021-10-28,Active
1668,Jessica,Hernandez,F,1958-02-07,67,jasonhughes@example.org,976.825.1528,49605 Barnes Burg,Waterloo,ON,B6X2M8,2025-05-01,Active
1669,Jonathon,Aguirre,F,1957-05-04,68,timothy08@example.com,(487) 526-3228 x441,358 Michelle Springs,Waterloo,ON,B8J 1V1,2022-04-20,Active
1670,Louis,Taylor,F,1999-07-06,26,linda06@example.org,541-570-8832 x860,1435 Robinson Station,Burlington,ON,E5X6G6,2023-11-08,Active
1671,Robert,Phillips,M,1971-06-26,54,jameshall@example.com,630-581-8158,0629 Michael Villages,Oshawa,ON,L4C 8L4,2022-10-13,Active
1672,Lisa,Davenport,F,1960-02-02,65,heidijames@example.com,1 (668) 502-2080,479 Shannon Land,Niagara Falls,ON,J7H 6L2,2024-04-27,Active
1673,Natalie,Wheeler,M,1992-02-14,33,ryan20@example.org,1-807-983-4007,601 Anna Unions,Hamilton,ON,E5T 7K4,2022-06-19,Active
1674,Jeffrey,Juarez,M,1975-09-25,50,ushields@example.org,175.286.1224,25937 Gates Corner,Windsor,ON,N3B 3B9,2023-12-16,Active
1675,Alexander,Lambert,M,1995-05-27,30,pwatson@example.com,(542) 351-8026 x421,841 Bowen Station,Ajax,ON,M3V8T7,2024-08-26,Active
1676,Julia,Gonzalez,M,2000-03-28,25,adamwood@example.org,1 (570) 453-3043,159 Hannah Path Suite 443,Peterborough,ON,V5J 1E3,2024-08-21,Active
1677,Andrew,Gardner,F,1968-05-30,57,walkerchristopher@example.org,1-207-559-7862,48443 Matthew Hollow Suite 755,Cambridge,ON,X9G 3K9,2024-10-07,Active
1678,Sandra,Miller,F,1985-08-16,40,ldelgado@example.com,(580) 732-7146 x355,468 Lewis Roads,St. Catharines,ON,H3B4J9,2022-09-15,Active
1679,David,Brown,M,1964-08-25,61,john27@example.net,1-502-655-8592,023 David Parkways Apt. 854,Kingston,ON,N4C 9L9,2025-02-21,Active
1680,Tony,Schroeder,F,1981-03-24,44,rebecca09@example.net,1-747-181-3240,46133 Green Field,Whitby,ON,V6B 6H6,2025-05-14,Active
1681,Peter,Carter,F,1995-08-07,30,valenzueladanny@example.net,1 (377) 180-7492,665 Amanda Lakes,Toronto,ON,L9E 3A8,2022-12-25,Active
1682,Joshua,Jenkins,F,1990-10-16,35,wendysmith@example.com,(237) 364-3537,46307 Deborah Centers,Kitchener,ON,X5J3A9,2026-03-17,Active
1683,Edward,Jones,F,1977-01-02,49,richardwatts@example.com,1-674-493-6673,60834 Gary Village,Niagara Falls,ON,L4A5J7,2022-12-27,Active
1684,Carol,Gonzalez,M,1998-06-17,27,christinestokes@example.com,+1 (221) 542-6267,7013 Jones Course,Burlington,ON,R3T3K2,2025-02-06,Active
1685,Debra,Sloan,F,1990-01-08,36,brittany14@example.com,272-045-3376 x979,76243 Barrett Causeway Suite 300,Cambridge,ON,X4H9J2,2023-12-17,Active
1686,James,Burton,F,1982-02-08,43,lwalker@example.org,887.816.2698,51059 Lewis Hills Suite 850,Niagara Falls,ON,M8T 3L4,2025-11-09,Active
1687,Virginia,Allison,M,1977-04-28,48,hughesrobert@example.org,787-929-6863,6396 Hall Landing Apt. 736,St. Catharines,ON,A6T 1P5,2021-08-20,Active
1688,Danny,Gonzalez,M,1985-08-27,40,kimberlyberry@example.org,875.282.0790,988 Martinez Path Apt. 561,Burlington,ON,S3L9B1,2022-03-31,Active
1689,Anthony,Jackson,M,2004-08-01,21,erinphillips@example.com,+1 (716) 517-5866,5704 Amy Pines,London,ON,J9H 5J1,2024-09-14,Active
1690,Jacob,Foster,M,1993-08-10,32,gibsonkatie@example.net,(857) 742-7359 x840,547 Brandon River,Guelph,ON,S6L 3R7,2023-11-21,Active
1691,John,Ruiz,F,1987-06-26,38,milesrobert@example.org,131-001-7977 x660,00364 Jeff Expressway,Waterloo,ON,K3N 3N1,2024-08-08,Active
1692,Victoria,Bonilla,M,1961-11-13,64,olopez@example.org,402 540 9411,4525 Davis Trail Suite 569,Vaughan,ON,S1M 3N7,2022-04-30,Active
1693,Lisa,Wood,M,2004-10-30,21,uhernandez@example.net,(914) 306-1432,994 Williams Shoals Apt. 699,Kingston,ON,Y8G 2K1,2022-11-18,Active
1694,Troy,Sandoval,F,1986-09-03,39,donnaking@example.net,268-878-5803,779 Matthew Skyway,St. Catharines,ON,N6C4X5,2026-05-25,Active
1695,Barbara,Davidson,F,2008-01-24,17,halljulie@example.com,533-800-4143 x269,04232 Arthur Square Suite 586,Burlington,ON,J9K 8L9,2021-12-04,Active
1696,Michele,Merritt,M,1968-07-02,57,nolansamuel@example.com,+1 (675) 732-5141,73124 Edward Stream Suite 924,Hamilton,ON,R5E1T4,2023-03-25,Active
1697,Jasmine,Williams,M,1993-08-15,32,renee84@example.org,327-340-6975 x413,01508 David Parkways Apt. 092,Ajax,ON,C8K 1J5,2024-12-05,Active
1698,Bob,Wong,F,1997-07-27,28,fbonilla@example.org,1-230-628-7345,519 Craig Drive,Guelph,ON,N8Y4R2,2023-06-28,Active
1699,Deanna,Moore,M,2002-02-01,23,ugonzalez@example.net,1-787-656-1280,2110 Lewis Locks Apt. 566,Mississauga,ON,Y2N4T5,2021-12-14,Active
1700,Maria,Lawson,F,2008-06-15,17,smithgary@example.org,(652) 479-6554 x508,8859 Paul Causeway Suite 398,Oakville,ON,X5X9Y5,2025-06-06,Active
1701,Randall,Thomas,M,2000-07-10,25,criley@example.net,1 (194) 052-1989,77730 Mark Brooks,Brampton,ON,K7J 8J8,2021-11-22,Active
1702,Trevor,Taylor,F,1963-12-06,62,ambergarcia@example.org,591-325-3325 x888,1627 Thompson Court,Waterloo,ON,E5C 5N5,2024-10-29,Active
1703,Michael,Thomas,F,1983-05-03,42,katherine10@example.net,868.107.1377,95146 Sean Way,Oakville,ON,H1B4M3,2026-04-18,Active
1704,Albert,Turner,M,1997-08-08,28,garciacharles@example.net,1 (163) 436-1455,90431 Allison Mews,Cambridge,ON,S6T7T5,2023-08-03,Active
1705,Lisa,Mason,M,1988-04-28,37,patrickclark@example.org,194-816-8531,14618 Andrade Centers Apt. 739,Niagara Falls,ON,L9R 4T2,2023-02-11,Active
1706,Paul,Moore,M,1992-06-18,33,romerozachary@example.org,(824) 396-9647,37249 Cassandra Run,Ajax,ON,K5K 1G7,2021-12-13,Active
1707,Christina,Roberts,F,1977-07-17,48,howardbrianna@example.org,245-056-9582 x616,3812 Castro Causeway,Vaughan,ON,N2R 8H5,2023-12-20,Active
1708,Jessica,Brown,M,1959-01-24,66,josephroberts@example.net,+1 (556) 261-6046,07247 Barry Spurs,Brampton,ON,P4J 8C9,2022-08-22,Active
1709,Nicholas,Mcguire,M,1971-05-10,54,trevorluna@example.org,1-824-278-4128,28261 Joshua Station Suite 799,Guelph,ON,X1C7M9,2022-03-14,Active
1710,Michael,Stuart,F,2000-08-18,25,phillipsbenjamin@example.com,532-586-8481 x062,65693 Stafford Cliff Apt. 054,Waterloo,ON,P1G 8X9,2023-09-12,Active
1711,Steven,Webb,F,1995-08-22,30,fisherbonnie@example.org,423-362-7065,78956 Sharon Islands,Oshawa,ON,K3P1C5,2023-05-22,Active
1712,Lisa,Robinson,F,1998-03-07,27,mary52@example.com,750-045-1066,8809 Carroll Row,Peterborough,ON,J6X9C9,2022-10-27,Active
1713,Nicholas,Burns,F,1964-08-31,61,danieljenkins@example.net,+1 (960) 289-2814,6917 Stephanie Lakes Suite 836,Kingston,ON,C9N 4K4,2026-05-02,Active
1714,Danielle,Ayala,M,1976-10-19,49,brittany47@example.net,1-630-342-6784,1155 Hart Club Suite 096,Oshawa,ON,B9P8T7,2023-09-05,Active
1715,Jessica,Jones,M,1996-03-27,29,ericadean@example.org,1-873-074-8027,3019 Weber Ways,Brampton,ON,R2P8G5,2025-12-19,Active
1716,Leonard,Perkins,M,1990-07-08,35,james86@example.net,1-643-806-8414,557 Angela Circles Suite 679,London,ON,G6X7C2,2022-07-13,Active
1717,Veronica,Burton,M,1957-09-14,68,kristasalas@example.com,(891) 694-9739,765 Phillips Walks Suite 181,London,ON,P1K7L2,2026-07-09,Active
1718,Danielle,Alexander,F,1986-06-15,39,daniel75@example.com,(244) 060-2109,69696 Martin Trail Suite 833,Windsor,ON,H8R 4J2,2024-05-31,Active
1719,Grant,Lee,F,1998-01-07,28,websterpaige@example.org,+1 (778) 972-6715,470 Eric Views,Cambridge,ON,L2P 7M5,2023-07-11,Active
1720,Daniel,Williams,M,1981-12-10,44,rbowman@example.com,1 (828) 530-0455,592 Edward Crossroad Apt. 065,Guelph,ON,T5M5E3,2024-10-13,Active
1721,Dominique,Smith,F,1960-11-27,65,sierra06@example.net,(272) 170-4668 x708,621 Stephanie Orchard Apt. 230,Whitby,ON,R4N7X6,2024-08-11,Active
1722,Julie,Craig,M,1984-08-21,41,russellrobert@example.net,236.622.2086,13050 Greer Rapids,St. Catharines,ON,V5Y9J9,2021-12-13,Active
1723,Adam,Powers,F,1970-06-06,55,jordanwallace@example.org,294-344-4175 x666,13239 Christine Branch Apt. 976,Cambridge,ON,B2J 7G6,2025-11-06,Active
1724,Adam,Hawkins,F,1982-09-17,43,nicholasalvarez@example.org,1 (111) 938-8309,8167 Carolyn Corner Apt. 042,Cambridge,ON,C1Y 6P3,2023-12-25,Active
1725,Kathy,Gonzales,M,1962-05-15,63,abell@example.com,924 128 6503,01959 Erik Greens Apt. 444,Hamilton,ON,R6S 3C3,2022-04-06,Active
1726,Travis,Cruz,F,2002-02-16,23,lori61@example.net,(282) 559-1432,724 Bennett Circle,Windsor,ON,C1X9H1,2024-05-09,Active
1727,Stephanie,Case,M,1962-07-07,63,foxsamantha@example.org,1 (638) 473-2420,36595 Leslie Burg Suite 279,Oakville,ON,A9L 2S2,2025-03-26,Active
1728,Christopher,Hinton,F,1964-01-19,61,swilliams@example.com,367.167.2702,02621 Amanda Bridge Apt. 209,Kitchener,ON,M4K 9E5,2025-10-22,Active
1729,Laurie,Wright,M,1997-04-04,28,byrdjasmine@example.net,930 731 3972,87713 Kevin Walk Apt. 876,London,ON,A8A 7V5,2022-05-18,Active
1730,Stephen,Johnson,M,1980-07-17,45,xmoreno@example.org,1 (439) 913-8541,744 Stokes Crossing,Oakville,ON,L4L4H5,2022-11-13,Active
1731,Jennifer,Delgado,F,1965-09-14,60,laura10@example.net,(292) 171-0874 x853,964 Wolfe Points Suite 254,Sudbury,ON,V4V9N9,2022-03-08,Active
1732,Ryan,Walker,M,1979-12-28,46,davidruiz@example.org,501.621.9897,9316 Lindsay Well Suite 164,Ajax,ON,A5V 5B6,2022-03-03,Active
1733,Keith,Johnston,F,1992-07-10,33,johnjohnson@example.net,+1 (619) 017-4842,6719 Bryan Station,Richmond Hill,ON,V9J8A6,2022-07-21,Active
1734,Anne,Harris,M,1984-05-01,41,tamara59@example.net,1 (413) 331-6954,24693 Kelly Manor,Oshawa,ON,Y8X8J8,2025-07-29,Active
1735,Kyle,Bradshaw,F,1996-02-12,29,gchase@example.net,(442) 716-9656 x455,403 Tucker Rapid,Toronto,ON,M5P1L7,2023-07-23,Active
1736,Brittany,Evans,M,2006-04-08,19,jay83@example.com,(408) 011-8721,020 Lisa Meadow,Cambridge,ON,T9H7J2,2023-08-19,Active
1737,Amy,Jordan,F,1959-01-27,66,hensonjohn@example.net,+1 (940) 695-8051,47735 Joe Crest Suite 974,Hamilton,ON,R3K 9H6,2023-05-13,Active
1738,Rhonda,Underwood,M,2001-03-03,24,robertpetersen@example.net,223-521-7921,913 Lisa Islands,Hamilton,ON,A2G 1T6,2026-02-03,Active
1739,Joseph,Murillo,M,1983-09-06,42,tcontreras@example.com,+1 (723) 309-4797,434 Lindsey Village Suite 582,Hamilton,ON,L8R4J4,2022-09-09,Active
1740,Jeffrey,Smith,M,1957-02-08,68,qgarcia@example.com,234 253 0128,01129 Anderson Oval Apt. 874,Mississauga,ON,M7R 7P4,2023-11-05,Active
1741,Crystal,Wang,M,1982-04-05,43,daniellewells@example.com,1 (314) 353-5546,84766 Brian Oval,London,ON,A7C2G4,2023-06-17,Active
1742,Craig,Davis,F,1961-09-12,64,cindy40@example.org,1-689-656-0846,495 Garner Port Suite 755,Peterborough,ON,C5H1K1,2026-07-06,Active
1743,Mark,White,M,1995-11-04,30,khananthony@example.org,1 (307) 629-4201,2209 Walker Extensions,Richmond Hill,ON,A5X 2G9,2024-11-10,Active
1744,Jessica,Wells,F,1980-09-05,45,daniel37@example.org,(907) 357-1361,4978 Clark Way Suite 258,Niagara Falls,ON,K6N2N6,2022-12-10,Active
1745,John,Noble,M,2007-01-01,19,john72@example.com,(208) 848-6064,2509 Riley Gateway Suite 579,Brampton,ON,E1N 9P9,2021-08-05,Active
1746,Ashley,Meyer,M,1978-11-07,47,joseph05@example.net,996 537 0476,856 Renee Center,Brampton,ON,E5X5K1,2022-07-02,Active
1747,Jose,Henry,F,1975-06-09,50,martinezjoshua@example.net,1 (503) 369-3683,11045 Goodwin Pike,Vaughan,ON,M7R 6A4,2026-02-15,Active
1748,Jason,Oliver,M,1989-08-06,36,mcamacho@example.com,166.055.7739,5436 Linda Fields Apt. 931,London,ON,C2B 2Y1,2022-09-04,Active
1749,James,Acosta,M,1982-01-09,44,beasleystacey@example.net,989-819-6870 x666,31650 Jeffrey Place Apt. 272,Kingston,ON,B1E6L5,2022-08-03,Active
1750,Joshua,Mccarty,F,1987-07-31,38,timothy38@example.com,(695) 372-5801,584 Hernandez Brook,Mississauga,ON,J1H 3K1,2022-02-23,Active
1751,Derek,Douglas,M,1994-01-21,31,hbrown@example.com,(985) 555-5051,761 Moore Turnpike,Mississauga,ON,G4M7M8,2023-12-24,Active
1752,Margaret,Soto,F,1993-04-28,32,millerwalter@example.org,964 913 5974,4252 Morgan Forest Apt. 779,Niagara Falls,ON,A8P 3K6,2023-08-23,Active
1753,Patricia,Crawford,F,1976-08-10,49,james48@example.net,290.000.2420,7606 Ewing Dale,Burlington,ON,P8V5Y5,2022-02-23,Active
1754,Wesley,Mason,M,1963-04-27,62,clarencekaufman@example.org,742-194-0478 x913,61684 Cynthia Lights Apt. 827,Milton,ON,C6M1P8,2022-10-15,Active
1755,James,Williams,F,1996-05-16,29,gwilliams@example.org,1-829-852-7049,4463 Reyes Orchard,Peterborough,ON,S4N2E2,2021-08-30,Active
1756,Nathan,Monroe,F,2005-12-08,20,irwincolleen@example.org,1 (995) 881-2368,0882 Eddie Landing Apt. 139,Windsor,ON,H5H5N6,2023-11-03,Active
1757,Terry,Gardner,M,1967-06-18,58,brownmarissa@example.org,(524) 707-3081,2375 Dodson Station,Kitchener,ON,L8P4E4,2021-08-13,Active
1758,Heidi,Baker,F,1977-09-23,48,cmyers@example.net,359.166.5517,2136 Pamela Neck Apt. 472,Oshawa,ON,G4M 2N7,2025-02-14,Active
1759,Patrick,Sparks,M,1973-02-04,52,kelleyalexis@example.com,1-300-853-8094,9619 Michelle Ridges,Cambridge,ON,Y2S4N2,2022-02-12,Active
1760,Andrew,Mathis,M,2002-08-02,23,estone@example.com,949-167-1656 x709,7885 Jessica Plaza Apt. 038,Mississauga,ON,G8X5P1,2021-12-02,Active
1761,Stacy,Roberts,F,2001-05-18,24,estradashelby@example.com,(898) 511-8811 x678,8085 Heidi Ridges,Vaughan,ON,S8T2P7,2024-06-12,Active
1762,Donald,Davis,F,1971-09-11,54,kathleenmitchell@example.org,+1 (483) 969-9571,0016 Bailey Road Apt. 240,Milton,ON,K9X 4T1,2022-08-09,Active
1763,Kenneth,Marshall,F,1962-08-03,63,hillaudrey@example.net,862 922 5953,10985 Howard Mills Apt. 720,Whitby,ON,R5T1P6,2026-04-13,Active
1764,Sylvia,Allen,M,1982-06-23,43,elizabeth74@example.com,988-306-8294,0496 Hernandez Hills,Mississauga,ON,T7C 4C8,2025-01-22,Active
1765,Sheila,Johnson,F,1983-10-16,42,kthomas@example.net,(188) 239-7970 x877,2424 Wright Cape,Oshawa,ON,J1G 4E7,2023-12-13,Active
1766,Lisa,Johnson,F,2000-12-19,25,yolandapeterson@example.net,1-927-098-3181,43071 Morrow Tunnel,London,ON,B6N 1M9,2022-04-02,Active
1767,Michael,Beasley,M,1982-04-14,43,jstone@example.org,948-846-7482 x232,2504 Ramirez Mountain Apt. 742,Kitchener,ON,P5Y1Y7,2023-10-08,Active
1768,Edward,Cooper,M,1961-01-02,65,joneselizabeth@example.org,341 811 6076,96926 Christopher Points,Vaughan,ON,V3H1A7,2022-07-26,Active
1769,Carlos,Johnson,F,1997-05-06,28,juanlewis@example.net,1 (740) 568-6429,724 Solomon Dam,Peterborough,ON,J9C8X1,2023-10-06,Active
1770,Joseph,Thomas,F,1959-01-25,66,scottvelazquez@example.net,1 (371) 991-6734,2114 Steven Point,Milton,ON,K5S 3R1,2024-01-24,Active
1771,Lisa,Allison,F,1966-07-23,59,gerald13@example.net,1-324-706-4922,716 Williams Burgs Suite 895,Sudbury,ON,L4E 5L6,2023-09-26,Active
1772,Ralph,Munoz,F,1977-10-27,48,cervantesbobby@example.org,806 335 7599,756 Kelly Harbors Suite 676,Peterborough,ON,T4L5C9,2022-02-08,Active
1773,Kathy,Mueller,M,2004-04-08,21,regina32@example.com,321 645 3244,6100 Armstrong Fields,Windsor,ON,B9B2N9,2022-07-20,Active
1774,Kathryn,Ross,M,1975-08-11,50,morriselizabeth@example.net,(676) 539-7900,341 Amy Parks Suite 095,Kingston,ON,J6N 2L4,2026-02-22,Active
1775,Benjamin,Swanson,F,2007-05-27,18,gregory20@example.net,(659) 503-1215 x595,1971 Myers Islands,Toronto,ON,R9B 2E2,2024-10-27,Active
1776,James,Kelley,F,1996-06-25,29,edwardkelly@example.net,(261) 449-1792,1481 Cory Wall Suite 687,Mississauga,ON,R8E 4E8,2021-08-30,Active
1777,Jason,Wall,F,1962-12-11,63,michael35@example.com,+1 (373) 131-2131,46662 Susan Square Suite 215,Ajax,ON,L7L 1A2,2025-10-15,Active
1778,Jessica,Dominguez,M,1971-10-01,54,coopertricia@example.com,(944) 753-9360 x074,35333 Kerr Harbor,St. Catharines,ON,T9P 1E1,2023-11-01,Active
1779,Michael,Thomas,M,1974-10-14,51,jose38@example.com,(461) 235-8790 x507,907 Ariel Springs,Windsor,ON,R7K7R8,2022-07-24,Active
1780,Jason,Guzman,M,2004-01-21,21,sgoodman@example.net,+1 (233) 897-5470,14359 Paula Forks,Waterloo,ON,H9T3H9,2026-01-10,Active
1781,Michael,Butler,M,1962-11-08,63,dsmith@example.org,(674) 477-0648 x133,299 Joseph Summit Suite 235,Oshawa,ON,R5Y 4X4,2024-07-17,Active
1782,Maria,Mayer,M,1968-03-08,57,sjohnson@example.org,+1 (538) 239-1929,874 Tyler Unions Suite 603,St. Catharines,ON,Y7S 6X3,2023-12-19,Active
1783,Natalie,Howe,F,1999-07-23,26,weissgregory@example.net,+1 (645) 482-7719,199 Rodriguez Stream,Niagara Falls,ON,R8M 8M3,2024-06-25,Active
1784,Wayne,Campbell,M,1962-10-19,63,bradley14@example.com,682-319-6172,844 Stephanie Crest,Sudbury,ON,L2P 3N9,2025-12-05,Active
1785,Nathan,Martin,M,1988-03-14,37,worr@example.net,1-875-636-5183,7023 Gallagher Shoal,Windsor,ON,P9A 3R2,2025-04-03,Active
1786,Sarah,Robinson,F,1963-09-25,62,wyatt39@example.net,695-196-2452 x405,35919 Rowe Knolls Apt. 292,Niagara Falls,ON,V6B9H5,2023-05-14,Active
1787,Robin,Wilkinson,F,1998-08-25,27,ericjohnson@example.com,(672) 912-9896 x733,0632 Brett Road,Burlington,ON,T6C 8P7,2022-07-15,Active
1788,Neil,Greer,M,1987-07-22,38,inash@example.org,1 (167) 486-3747,036 Sanchez Walks,Niagara Falls,ON,B9G8R2,2024-12-29,Active
1789,Wayne,Velez,F,1973-12-09,52,cooktammy@example.org,(886) 585-2288 x761,4600 Natalie Course,Oakville,ON,P3Y 9Y8,2021-09-24,Active
1790,Christopher,Miller,M,1968-11-04,57,emily97@example.com,1 (800) 970-6440,253 Donaldson Coves,Niagara Falls,ON,N3N 5N1,2025-07-19,Active
1791,Ann,Frazier,M,2005-11-13,20,briancox@example.org,730.839.5311,152 Nicole Way Apt. 450,Niagara Falls,ON,A4V8C7,2023-07-04,Active
1792,Diane,Castro,F,1980-11-26,45,cruzalejandro@example.org,1 (306) 405-1183,14407 Joshua Path Apt. 531,Milton,ON,J7G2M6,2026-02-07,Active
1793,Eric,Curtis,F,1975-03-23,50,jonessarah@example.org,1-981-268-9265,2738 Melissa Stream,Windsor,ON,X7Y1N7,2026-06-09,Active
1794,Joseph,Campos,M,2008-03-28,17,scott93@example.org,1 (579) 965-9123,949 Adam Run Suite 578,Mississauga,ON,L4B1H8,2025-09-03,Active
1795,Natalie,Mueller,M,1981-04-03,44,rholloway@example.org,286 011 8376,189 Heather Throughway,Mississauga,ON,V2X 2B1,2023-01-06,Active
1796,Diamond,Adams,M,1956-10-06,69,jonathan32@example.com,+1 (572) 119-5110,265 Chad Junctions Suite 146,Markham,ON,A9A 9A9,2025-05-02,Active
1797,Samantha,May,F,1990-07-14,35,julie14@example.org,472-228-5569 x314,8810 Harris Mountain Suite 199,Toronto,ON,K8T 4V2,2022-01-28,Active
1798,Lisa,Flores,F,1997-10-30,28,kimberlyterrell@example.com,(535) 851-5149,074 Pitts Mountains,Toronto,ON,K9T 2X2,2024-03-19,Active
1799,Cole,Frederick,M,1982-11-05,43,gonzalesmelissa@example.net,659-558-7042,776 Mendoza Gateway,Markham,ON,P7L 1R8,2025-07-07,Active
1800,Cynthia,Lewis,F,1965-09-29,60,ncombs@example.net,757-121-6629,273 Jackson Port Apt. 426,London,ON,M1M7R9,2024-03-24,Active
1801,William,Jacobs,M,1973-11-05,52,traceyjones@example.org,(430) 442-1795,856 Berg Summit Apt. 446,Oakville,ON,L5A 2M7,2026-04-02,Active
1802,Jenny,Moran,M,1961-05-13,64,state@example.org,200-033-7904 x742,066 Nicholas Spring,Kingston,ON,Y1N 3S9,2024-12-03,Active
1803,Tyler,Mason,M,1961-08-17,64,gonzalesdonald@example.org,775-308-7722,7349 Wu Pike Suite 015,Toronto,ON,B9X 6P5,2024-06-20,Active
1804,Hannah,Bell,M,1993-08-11,32,ymosley@example.net,812 719 5261,670 Wagner Walks,Niagara Falls,ON,G7A5C9,2024-11-07,Active
1805,Jordan,Miller,M,1972-12-20,53,dennisnguyen@example.org,+1 (734) 813-0043,6915 Stephanie Row,St. Catharines,ON,A2N 9Y8,2025-01-20,Active
1806,Julian,Campbell,F,1965-03-10,60,bgray@example.org,461-958-1618,865 Whitney Lights,Ajax,ON,M2P 9A2,2024-05-25,Active
1807,Nancy,Yu,F,1985-08-31,40,tturner@example.org,+1 (212) 514-2618,1521 Christopher Shoal,Brampton,ON,J4Y 1T1,2025-01-02,Active
1808,Jimmy,Moore,F,1958-08-14,67,sguzman@example.com,337-756-4108 x945,2594 James Lights,Oakville,ON,M4C1J9,2025-11-30,Active
1809,Jessica,Ward,M,2007-04-13,18,mackenziemorris@example.net,1-422-851-4136,5861 Jason Field,Niagara Falls,ON,A2P 4S2,2021-12-24,Active
1810,Holly,Vasquez,F,1991-06-28,34,heatheroneill@example.com,290-821-3522 x111,830 Richards Forest,Kingston,ON,J4B 9C2,2024-09-28,Active
1811,Shelly,Cain,M,1988-03-05,37,martinmichele@example.net,489 681 8143,862 Nicole Land Apt. 588,Kingston,ON,V1S8X7,2024-05-16,Active
1812,Gregory,Campbell,F,1986-03-04,39,joshua35@example.net,(864) 840-9270 x290,2248 Christopher Mountain Suite 898,Windsor,ON,R6J 7E6,2025-05-31,Active
1813,Erica,Le,F,1976-02-07,49,nelsonkimberly@example.com,(445) 453-6793 x263,7081 Sandra Knolls Suite 614,Vaughan,ON,S9R5P1,2024-03-19,Active
1814,Sara,Bell,F,1988-02-19,37,williamsbradley@example.org,740.223.5960,552 Pamela Radial Suite 094,Vaughan,ON,J5S9A9,2025-08-26,Active
1815,Diane,Reeves,F,1971-07-22,54,ecortez@example.net,774.575.7682,9008 Hahn Fort,Windsor,ON,K1S 8P8,2022-12-19,Active
1816,Stephanie,Lewis,M,1979-05-07,46,sarah97@example.org,1 (255) 013-3343,274 Dominguez Court Suite 340,Waterloo,ON,R2E 6B9,2025-10-24,Active
1817,Edwin,Clark,F,2006-11-20,19,jaredmiller@example.com,(157) 788-4620 x542,86682 Martin Forks,Peterborough,ON,B9C2X5,2024-06-01,Active
1818,Scott,Scott,F,1998-09-27,27,underwoodhaley@example.org,815-131-9482 x882,343 Reynolds Landing Suite 188,Burlington,ON,Y5J8N4,2025-10-12,Active
1819,Steven,Collins,M,1971-06-11,54,qlopez@example.net,893-198-0712 x336,215 Nelson Union,London,ON,K8T 8K1,2022-12-12,Active
1820,Marilyn,Rogers,M,1961-12-13,64,zmiller@example.com,(823) 590-6328,5484 Megan Haven Apt. 109,Burlington,ON,X8X7N1,2021-12-08,Active
1821,Jennifer,Sloan,F,1986-04-20,39,kmcdaniel@example.org,178 360 7989,892 Vincent Stream Apt. 381,Oakville,ON,E3J 5R1,2024-02-16,Active
1822,Chelsea,Tyler,M,1966-07-10,59,jennifermann@example.com,+1 (174) 456-3225,6788 Mason Point Apt. 595,St. Catharines,ON,V1M1H3,2024-04-04,Active
1823,Edward,Torres,F,1986-03-31,39,dorothyglenn@example.org,1-324-388-0137,288 Serrano Tunnel Suite 965,Windsor,ON,K4X8N6,2025-10-19,Active
1824,Savannah,Smith,M,1962-04-08,63,christopherwyatt@example.net,(205) 602-2247 x032,378 Brian Plain,Markham,ON,A3S4L9,2026-05-14,Active
1825,Michael,Gonzales,M,1975-06-03,50,gregorymurillo@example.org,782-244-9130,85570 Martinez Field,Vaughan,ON,L5A2R6,2025-10-16,Active
1826,David,Taylor,M,2006-12-11,19,karlwalker@example.net,395 010 2323,99285 Justin Ferry,Milton,ON,K3N3B2,2025-02-27,Active
1827,Lindsey,Miller,M,1997-03-26,28,williamskathleen@example.net,1 (332) 105-9784,3519 Watts Crossing,Kingston,ON,Y7C4V1,2024-11-30,Active
1828,Diana,York,F,1987-07-06,38,rodriguezjoshua@example.org,967.014.1048,64562 Crystal Ridges,Waterloo,ON,H7V 6J3,2024-10-31,Active
1829,Teresa,Bishop,M,1991-05-06,34,nathaniellittle@example.net,805 656 7916,79440 Jeremy Keys,Kingston,ON,G4N3J5,2025-06-15,Active
1830,Linda,Ellis,M,1986-12-04,39,allenhawkins@example.net,(178) 619-2022 x854,26166 Flores Circle Apt. 562,Vaughan,ON,N9Y 2L1,2023-08-18,Active
1831,Maria,Goodman,F,1971-09-11,54,jasminedunn@example.com,705-649-7172 x912,3345 James Hills,Oakville,ON,A8G 9S9,2024-11-06,Active
1832,Brent,Joseph,M,1967-06-25,58,gordongrace@example.org,1 (164) 598-0344,565 Miller Via Suite 439,Cambridge,ON,B5L3M1,2024-07-22,Active
1833,Michael,Shepard,M,1971-02-26,54,whitealicia@example.org,479.494.4228,958 Fritz Hill,Oshawa,ON,T1S 5K6,2025-09-16,Active
1834,Ashley,Gibbs,M,1974-04-30,51,teresa86@example.net,1-616-388-2810,1211 James Gardens,Waterloo,ON,C6S 6R7,2022-09-14,Active
1835,Mindy,Smith,F,1989-04-18,36,lori33@example.com,515-640-7556,6735 Hannah Fields,Sudbury,ON,G8P5V2,2024-11-15,Active
1836,Lori,Henderson,M,1962-12-19,63,robert65@example.com,+1 (740) 633-6558,1106 Stevens Loaf,Hamilton,ON,H3L 4S5,2023-01-03,Active
1837,Samantha,Gordon,F,1978-08-05,47,christopher62@example.net,(737) 947-7417 x333,07867 Barton Cape,Mississauga,ON,J1M4N6,2026-03-31,Active
1838,Kimberly,Garcia,F,2000-04-01,25,samantha98@example.net,161-846-4876,6460 Melissa Wells Apt. 242,Cambridge,ON,R8H2G3,2022-01-10,Active
1839,Paul,Gould,F,1968-03-23,57,obarnes@example.net,660-727-7236,1476 Gomez Unions Suite 164,Windsor,ON,H2H 3R4,2022-11-13,Active
1840,Janice,Olsen,F,2004-03-02,21,jessica24@example.net,1-591-764-8261,99578 Tamara Gardens,Milton,ON,X1A 4V4,2025-05-02,Active
1841,Kathryn,Montes,F,1974-10-30,51,petersonmallory@example.net,785-198-3860,249 Butler Ports Apt. 103,Sudbury,ON,Y9T 7P4,2024-05-14,Active
1842,Anthony,Green,F,1990-09-13,35,kayla16@example.org,+1 (661) 306-3548,610 Glover Turnpike,Hamilton,ON,X6Y 8A5,2026-07-27,Active
1843,Alexandra,Dawson,M,1991-12-13,34,alyssa40@example.org,1-393-871-3899,354 Parks Junction Apt. 573,Niagara Falls,ON,E7N 2G5,2025-02-03,Active
1844,Sean,Holmes,F,1997-11-03,28,micheal66@example.org,+1 (830) 512-8163,17333 Foster Roads Apt. 695,Windsor,ON,B6B1E4,2022-12-11,Active
1845,Melinda,Hernandez,M,1962-10-21,63,jamesmorris@example.org,634.335.7120,9213 Smith Parkways Apt. 897,Brampton,ON,X3T 5B6,2023-08-07,Active
1846,Mark,Hines,M,1998-02-08,27,lowebrendan@example.com,870-096-0896,3593 Cox Shoal Suite 161,Barrie,ON,S7J1K7,2024-12-26,Active
1847,Karen,Chambers,F,1960-10-23,65,ginalewis@example.org,(403) 672-6847,169 James Burgs,Kingston,ON,L7G 3B9,2025-03-09,Active
1848,Alison,Smith,M,1974-06-14,51,kellyraymond@example.com,516.883.9211,678 Rice Fort,Hamilton,ON,L8R 7R7,2024-03-31,Active
1849,Brian,Johnson,M,1988-08-11,37,aclark@example.org,(677) 464-3850 x882,44554 Angela Land Suite 421,Kingston,ON,L1K 6Y5,2025-01-08,Active
1850,Laurie,Wong,M,1980-04-06,45,julie98@example.org,418-608-0753,7600 White Canyon Apt. 965,Peterborough,ON,X4M9J1,2026-03-02,Active
1851,Sarah,Jenkins,M,1975-09-08,50,scott16@example.com,(604) 780-5445 x292,9148 Angela Green,Burlington,ON,H4E2X1,2023-04-29,Active
1852,Paul,Meyer,M,2002-10-23,23,leah18@example.com,565.714.1787,56632 Strong Vista,Whitby,ON,S3J6B8,2024-04-21,Active
1853,Melanie,Rogers,F,1978-02-24,47,dbarnes@example.org,+1 (703) 211-2458,4799 Nolan Spurs,Kingston,ON,Y7P 9C4,2025-01-16,Active
1854,Robert,Thomas,M,1981-08-06,44,dixonruth@example.com,905.960.2339,7327 David Field,Oakville,ON,N2Y7E3,2023-04-24,Active
1855,Julie,Franco,M,1976-11-25,49,gpugh@example.com,614.777.1631,096 Debra Mountain,Guelph,ON,E2C3X9,2022-09-29,Active
1856,Kendra,Everett,F,1993-10-07,32,benjamin26@example.net,683-588-9743,85842 Kevin Trace Suite 492,Markham,ON,R7T8N6,2022-09-23,Active
1857,Robert,Black,M,1983-09-02,42,tara39@example.org,1-113-373-3264,444 Katrina Drive,Windsor,ON,X8M 4G6,2024-08-22,Active
1858,Stephanie,Davis,F,1962-04-08,63,gmayo@example.com,1-348-296-1205,01906 Veronica Meadow Suite 212,Hamilton,ON,P5R 5G4,2023-11-24,Active
1859,Mary,Cisneros,M,1998-03-11,27,colemansandra@example.com,1 (266) 703-7070,557 Hall Parkways,Kitchener,ON,N5T 4Y8,2022-01-20,Active
1860,Deborah,Jones,F,1961-12-09,64,melissa69@example.org,678.188.7581,623 Steven Grove,Guelph,ON,X6T 8C2,2023-04-25,Active
1861,Maria,Thompson,F,1977-07-06,48,smithbrandon@example.org,1-671-940-6568,37086 Sara Hollow,Richmond Hill,ON,J3C8B5,2022-06-16,Active
1862,Tammie,Lee,M,1981-01-28,44,ptaylor@example.org,1-370-126-0562,9236 Brett Court Apt. 421,Barrie,ON,X4V1S3,2025-02-11,Active
1863,Yvonne,Vang,M,1982-08-14,43,millerandrew@example.org,+1 (988) 535-9135,637 Griffin Pike,Hamilton,ON,M9N 8E9,2022-02-26,Active
1864,Ashley,French,F,1967-11-08,58,jamesanderson@example.net,839 275 4138,5440 Norris Oval,Peterborough,ON,P5J2H4,2023-09-12,Active
1865,Billy,Woods,M,1999-12-18,26,jennyevans@example.net,741.071.7878,3600 Bass Island Suite 579,London,ON,G4V8P4,2023-11-12,Active
1866,Randy,Blankenship,M,1965-03-27,60,james24@example.com,1-597-122-6951,9200 Kimberly Key,Sudbury,ON,K3M8B1,2024-02-18,Active
1867,Joel,Cowan,M,1986-07-15,39,bjohnson@example.net,1-901-374-8967,3769 Jose Cliff,Guelph,ON,N9K 1E5,2024-12-05,Active
1868,Chelsea,Downs,F,1996-12-25,29,benjamin51@example.com,1-190-603-5627,05009 Todd Cove Suite 372,Barrie,ON,T1V 9L9,2024-03-19,Active
1869,Scott,Douglas,M,1981-03-18,44,bowersjennifer@example.com,1-951-643-3982,7009 King Cove,Kitchener,ON,Y8G6Y8,2026-03-25,Active
1870,Yolanda,Payne,M,1987-02-23,38,cynthiajennings@example.org,155-786-1658 x413,932 Andrew Highway,Toronto,ON,H7A8S3,2024-09-02,Active
1871,Robert,Miller,F,1982-08-28,43,jennifer02@example.net,396 380 2649,15122 Stewart Tunnel,Windsor,ON,T3T 6H8,2024-03-31,Active
1872,Tiffany,Schmidt,F,1978-08-26,47,jeffreynguyen@example.org,352 600 1181,73888 Sarah Club,Brampton,ON,H5C 4G7,2023-05-05,Active
1873,Madison,Brown,F,1963-03-26,62,ramosdanielle@example.com,805 009 9119,8085 Christopher Square,Hamilton,ON,N2A 3M3,2025-03-21,Active
1874,Mary,Wilson,F,1974-06-17,51,rebeccabryant@example.com,882-670-3909,079 Justin Garden,Peterborough,ON,E5C6B2,2023-02-08,Active
1875,Janet,Shaw,F,1969-11-23,56,frenchlouis@example.com,209.583.4835,5362 Mclean Mountains,Milton,ON,P4H 5K8,2023-04-12,Active
1876,Katherine,Ray,F,1998-06-16,27,englishandrea@example.com,+1 (236) 405-8588,557 Miller Brooks,Brampton,ON,T7P7V3,2026-07-11,Active
1877,Brian,Cain,F,1980-08-11,45,cgarcia@example.com,903 073 5386,159 Herrera Branch,Windsor,ON,Y7R1E1,2025-09-12,Active
1878,Jorge,Owens,F,1973-02-09,52,bruce74@example.net,344.439.4469,2639 Davis Square Apt. 383,Peterborough,ON,L6M 6C3,2024-06-17,Active
1879,Christina,Murray,F,2000-06-29,25,dchaney@example.org,(258) 996-1600,13787 Lauren Plains,Windsor,ON,T4X1H1,2026-03-16,Active
1880,Thomas,Fuentes,F,1980-01-11,46,brandon09@example.net,162-509-4666,68902 Figueroa Street Apt. 889,Mississauga,ON,J5T1Y8,2024-11-19,Active
1881,Darin,Johnson,F,1970-04-10,55,lynn61@example.com,123-797-3090 x533,925 Melanie Pine,Cambridge,ON,M5T9A6,2025-04-18,Active
1882,George,Miller,M,1973-02-07,52,wcordova@example.net,1-247-156-5037,007 Peters Forges Apt. 682,Oshawa,ON,C3G 2B6,2025-08-17,Active
1883,Melissa,Williams,M,1977-08-17,48,kjennings@example.com,857-186-9725 x006,5879 Lawrence Drive,Oshawa,ON,E2P 1E9,2021-12-25,Active
1884,James,Ferrell,M,1982-04-03,43,megan19@example.org,(966) 176-5881,6061 Jones Knoll,London,ON,B9T5P4,2024-08-21,Active
1885,Timothy,Nichols,F,1998-05-03,27,dadams@example.net,(644) 434-0288,910 Chavez Overpass Suite 663,Brampton,ON,V9A2J9,2023-09-17,Active
1886,Evan,Smith,F,1983-08-16,42,angelacohen@example.com,1-337-011-2699,224 Russell Ridge Apt. 487,Whitby,ON,R4B2E1,2025-02-27,Active
1887,Ronald,Green,M,1984-04-27,41,christophermartinez@example.com,518-265-2271 x068,6565 Johnson Ferry Apt. 037,St. Catharines,ON,T5J6S7,2024-01-26,Active
1888,Madeline,Park,M,1960-06-04,65,cathy76@example.net,1-215-572-1319,683 Gary Union,Whitby,ON,T3S 3V1,2024-01-25,Active
1889,Kayla,Day,F,2006-02-27,19,staceyjohnson@example.net,(336) 689-4949,367 Ramirez Overpass Apt. 245,Peterborough,ON,E5N7P9,2022-11-09,Active
1890,Stephen,Morales,F,1964-10-09,61,cesar28@example.org,471-716-9944 x428,24700 Jackson Springs Suite 547,Whitby,ON,H8B 4B2,2023-07-04,Active
1891,Bradley,Conner,M,1958-10-23,67,josephsanchez@example.net,276-753-2999 x839,599 Michael Pines Suite 194,Niagara Falls,ON,L2S 2M9,2024-03-14,Active
1892,Jessica,Morales,F,2000-04-28,25,parkroberto@example.com,(884) 738-1063,721 Johnson Crossroad,Milton,ON,R4C 5R1,2023-04-23,Active
1893,Cheryl,Dudley,F,1976-11-10,49,camposthomas@example.org,1-400-175-5049,8141 Susan Oval Apt. 153,Brampton,ON,X9V 4G3,2024-07-24,Active
1894,Madison,Shaw,M,2003-10-29,22,grosschristopher@example.net,340-074-3262 x843,760 Luis Mountains,Oakville,ON,L5L 8G3,2025-11-18,Active
1895,Rodney,Randolph,M,1964-10-08,61,walterwright@example.org,(843) 260-3222,1758 Kevin Groves Apt. 730,Ajax,ON,X5C 3G5,2022-02-19,Active
1896,Carol,Zavala,F,2000-10-09,25,lisa75@example.org,588 320 9397,92936 Gonzales Land,Hamilton,ON,L5P 5N5,2022-12-16,Active
1897,Kristen,Burke,M,1972-07-01,53,fmorse@example.org,+1 (883) 233-4833,7378 Davis Ranch Apt. 116,Windsor,ON,J7E5G6,2026-04-13,Active
1898,Christina,Wallace,M,1992-09-18,33,mary05@example.com,471.591.8333,2550 Jamie Track Suite 103,Kitchener,ON,C8C4K3,2021-09-16,Active
1899,Diana,Anderson,M,1991-01-03,35,cherryspencer@example.net,426 068 6866,0996 Stephens Plains,London,ON,K6X7T9,2026-04-29,Active
1900,Colleen,Juarez,M,1986-07-21,39,millerandrew@example.net,(449) 383-5093 x275,694 Lee Spur,Guelph,ON,B1C 7K6,2025-06-29,Active
1901,Joel,Vazquez,F,1967-01-28,58,mmcintyre@example.org,586.641.1516,5923 Waters Ranch Suite 826,Richmond Hill,ON,B1X 5A8,2021-08-09,Active
1902,Robert,Newton,M,1966-05-02,59,michele39@example.org,(949) 731-0538,29044 Wesley Village,Kitchener,ON,K7S 1E2,2021-09-11,Active
1903,Rebecca,Hernandez,F,2007-01-01,19,jenniferjackson@example.org,901.510.6097,704 Holly Prairie Suite 766,Markham,ON,E5B 6B4,2021-12-22,Active
1904,Kristy,Fletcher,M,1994-05-30,31,donald36@example.com,(727) 147-2507,32750 Solomon Viaduct,Kingston,ON,X8K5C4,2026-07-22,Active
1905,Veronica,Sanders,F,1957-01-24,68,eespinoza@example.net,+1 (630) 737-2257,363 Scott Bypass Apt. 389,Brampton,ON,A8G 9N9,2022-03-23,Active
1906,Jason,Jarvis,F,2008-01-13,17,alyssa23@example.com,223 422 6410,423 Michael View Suite 577,Whitby,ON,A3R6E2,2024-01-08,Active
1907,Gerald,Johnson,F,1968-12-21,57,jimmy98@example.net,(790) 316-9646,68748 Rodriguez Road,Whitby,ON,T2S 3S5,2024-01-19,Active
1908,Gabrielle,Morse,F,1998-04-08,27,kristen97@example.com,+1 (946) 926-5902,7469 Holder Plains,Oshawa,ON,N8M 7N4,2023-01-23,Active
1909,Elizabeth,Osborn,F,1998-10-14,27,williamsjames@example.net,+1 (583) 528-1372,46535 Carl Park,Toronto,ON,N7V 8G8,2024-06-14,Active
1910,Bradley,Jefferson,F,1966-08-16,59,jenniferwilliams@example.org,1-333-077-9001,3238 Brown Port,Hamilton,ON,P7N3A8,2022-03-16,Active
1911,Patrick,Jones,M,1963-01-05,63,justin80@example.com,+1 (276) 462-9065,1265 Sloan Ville Apt. 704,London,ON,C6M 3E4,2024-05-13,Active
1912,Laurie,Rice,M,1979-05-25,46,wangadam@example.net,1 (445) 069-3576,123 Guerra Rue,Niagara Falls,ON,J7S 3B1,2022-08-16,Active
1913,Brian,Little,M,2007-05-28,18,sotoantonio@example.org,836-680-3169 x760,6600 Rogers Trace,Hamilton,ON,C5L 5J2,2024-11-09,Active
1914,Michael,Williams,F,1976-10-22,49,jlynch@example.org,+1 (522) 555-7419,089 Ryan Burg Apt. 634,Barrie,ON,C7R 4C2,2022-10-26,Active
1915,James,Gray,F,2003-04-10,22,marcus28@example.org,1-233-264-4458,9461 Liu Roads Suite 815,Guelph,ON,P5S 1T8,2025-01-17,Active
1916,Ashley,Gonzales,F,1987-02-24,38,hendersonelizabeth@example.net,325.706.0298,8971 Alvarez Lodge,Peterborough,ON,P1R1N1,2022-07-03,Active
1917,Ashley,Hayes,F,1962-06-24,63,whull@example.net,+1 (647) 048-6016,24662 Gutierrez Prairie Suite 125,Niagara Falls,ON,S1G 3X7,2026-02-16,Active
1918,Lisa,Hill,M,1997-07-02,28,lisamorse@example.net,1-774-697-8513,480 Adams Lane,Mississauga,ON,N1Y 3B8,2026-05-14,Active
1919,Clayton,Garcia,F,1963-09-20,62,garciadaniel@example.org,358-884-1936,313 Richards Manors Apt. 781,Oshawa,ON,N4G 9E6,2022-05-30,Active
1920,Christina,Martinez,F,1965-03-26,60,collinsjacob@example.org,915.479.7049,20605 Brandi Well,London,ON,K5H6X2,2026-03-28,Active
1921,Elizabeth,Elliott,F,1999-12-15,26,ghorton@example.com,(710) 749-1487,73009 Brett Terrace Apt. 887,Mississauga,ON,S3Y 3J5,2021-11-14,Active
1922,Gerald,Hicks,M,1962-07-30,63,millerrobert@example.org,932-819-7507 x721,6505 Ward Land,Kingston,ON,L3A 7B8,2022-01-01,Active
1923,Dennis,Ellis,F,1960-03-01,65,jim99@example.com,1-231-611-8698,218 Ray Port Apt. 004,Mississauga,ON,G7H9L8,2023-08-06,Active
1924,Lynn,Parsons,F,1961-11-23,64,nicholssteven@example.net,710-920-7378,5719 Galloway Isle Suite 290,Oshawa,ON,L9C 7K6,2021-12-13,Active
1925,Tyler,Gregory,F,1976-08-07,49,deborahhernandez@example.com,359 063 5931,510 Catherine Rapids,Toronto,ON,H5X 9H7,2022-01-22,Active
1926,Collin,Lee,F,1992-03-01,33,rebekah07@example.com,909.120.4593,596 Aimee Hollow Suite 354,Barrie,ON,Y7E3S4,2026-01-18,Active
1927,Brandon,Lee,F,1994-02-28,31,mhall@example.com,1 (870) 815-1807,68261 Schwartz Station,Oshawa,ON,R6L8P6,2026-01-20,Active
1928,Pamela,Peck,M,1960-01-20,65,jcline@example.net,642-757-1489 x125,165 Kimberly Viaduct,Oakville,ON,L5L1T2,2024-12-04,Active
1929,Matthew,Lucas,M,1994-01-23,31,sfox@example.net,572 545 2832,30891 Fernando Summit,Waterloo,ON,J6T1E2,2021-10-30,Active
1930,Emily,Duncan,F,2000-03-09,25,parkerdavid@example.net,209-401-7749,324 Meyers Creek,Barrie,ON,S3T 5A2,2021-12-15,Active
1931,Michelle,Walker,F,1978-02-15,47,jennifer87@example.com,+1 (829) 746-7930,78219 Timothy Turnpike,St. Catharines,ON,B5R 7X5,2022-06-24,Active
1932,John,Diaz,F,1982-07-28,43,mcantu@example.net,1 (387) 311-1354,674 Russell Highway Suite 313,Oshawa,ON,Y7E 2P4,2023-09-10,Active
1933,Natalie,Spence,M,1966-03-31,59,cindyjohnson@example.com,+1 (508) 467-4072,187 Garcia Oval,Markham,ON,Y2L 6Y3,2024-01-16,Active
1934,Charles,Navarro,F,1992-10-20,33,trevorpark@example.com,(361) 320-4063,62819 Hart Way,Kitchener,ON,E1C 8J4,2026-07-19,Active
1935,Lauren,Hampton,F,1976-09-29,49,hellis@example.net,596-978-1626 x671,8265 Williams Mills,Kitchener,ON,H8E 2G3,2022-01-06,Active
1936,Kendra,Mcbride,F,1975-01-07,51,lawsonrichard@example.org,731-673-4992 x842,617 Smith Hills Suite 120,Burlington,ON,E9G8R4,2023-12-10,Active
1937,Joseph,Byrd,F,1962-02-15,63,swebb@example.net,1 (989) 278-1259,99197 Robert Manor,St. Catharines,ON,H2E2N3,2025-02-15,Active
1938,Virginia,Matthews,M,1976-11-30,49,cummingsallison@example.org,475-653-9983 x767,4266 Ramos Burgs,Mississauga,ON,L6G 3J8,2024-12-19,Active
1939,John,Johnson,F,1991-08-21,34,vjones@example.net,+1 (727) 664-7848,564 Jerome Station,Brampton,ON,R1R 3R8,2022-04-23,Active
1940,David,Jarvis,F,1972-05-20,53,monica09@example.net,614-806-8106,036 Evelyn Drive Suite 237,Oakville,ON,A4N3M3,2025-03-11,Active
1941,Eric,Castro,M,1957-02-12,68,lraymond@example.com,868-375-9458,30710 Bennett Canyon,London,ON,S2T 6M9,2023-07-08,Active
1942,Emily,Mitchell,M,1988-05-02,37,schultztyler@example.com,755.075.7644,214 Ashley Inlet,Windsor,ON,L4B 7M6,2023-01-17,Active
1943,Brittany,Jones,M,1973-05-28,52,owilliams@example.org,726 567 9926,3417 Melinda Pike,Kitchener,ON,Y9R 7P2,2023-01-31,Active
1944,Diane,Rasmussen,M,1988-06-19,37,holtmelanie@example.org,+1 (887) 574-1228,0444 Pratt Plain Suite 941,Waterloo,ON,B9L 1B9,2026-03-04,Active
1945,Jessica,Wolf,M,1963-11-26,62,logangraves@example.net,314-270-9319 x121,953 Lewis Dale Suite 126,Cambridge,ON,R7H9B6,2023-07-21,Active
1946,Samantha,Williams,M,1997-04-06,28,ericksonzachary@example.com,1-311-112-0150,55427 Lambert Course Suite 104,Sudbury,ON,G8X7Y5,2025-03-31,Active
1947,William,Drake,F,1982-12-15,43,zimmermanjohnny@example.net,1 (526) 051-8546,72811 Gary Club,Oshawa,ON,L7Y4Y7,2023-09-16,Active
1948,Charlene,Richardson,F,1958-04-26,67,karina99@example.com,1 (926) 570-0562,3290 Jasmin Meadow Apt. 962,Cambridge,ON,N4S 7C2,2023-03-19,Active
1949,Raven,Smith,M,1961-11-29,64,oscott@example.net,112 096 9860,5715 Hartman Isle Suite 239,Vaughan,ON,V7S2M5,2025-10-07,Active
1950,Laura,Harvey,M,1980-05-02,45,rileydavid@example.net,(709) 599-0560 x326,510 Collin Walk,Richmond Hill,ON,A1X 4T4,2021-08-05,Active
1951,Joshua,Webb,F,2005-12-10,20,nbarnes@example.net,+1 (188) 706-4108,72996 Jackson Haven,Waterloo,ON,P8E1N4,2022-11-18,Active
1952,Laura,Davis,F,2007-12-24,18,beckbrian@example.net,1 (470) 583-3494,7506 Richard Point Suite 399,Milton,ON,X7R 4J5,2026-07-04,Active
1953,Caleb,Cox,F,1960-10-02,65,robert16@example.com,764-330-5406,48268 Stephen Junction Suite 393,Windsor,ON,B5G 2G2,2023-12-18,Active
1954,Michael,Lee,F,1962-09-28,63,tallen@example.com,1-421-152-1926,99707 Michelle River Suite 513,Niagara Falls,ON,A7K 9Y9,2026-04-14,Active
1955,Mason,Phillips,M,1978-12-07,47,jeffreypowers@example.com,1 (767) 453-7709,25638 Jones Burgs Apt. 121,Sudbury,ON,M4L 9G2,2023-02-24,Active
1956,Brian,Taylor,M,2000-04-27,25,curtis46@example.com,325 592 2719,4411 Craig Lights,Oshawa,ON,V3X 9J5,2023-03-17,Active
1957,Katherine,Gallagher,M,1983-09-03,42,bullockryan@example.org,1-100-989-3687,2151 Lucas Mountain,Barrie,ON,L1B6B5,2025-01-10,Active
1958,Christopher,Sosa,M,1969-08-02,56,davidmarquez@example.com,1-192-327-2445,934 Coleman Harbors,Peterborough,ON,H6J4G8,2023-12-20,Active
1959,Henry,Davidson,M,1971-12-26,54,sbrown@example.net,1-135-145-4626,3855 Weaver Junction Apt. 890,Windsor,ON,L5V 5T6,2025-07-09,Active
1960,Matthew,Padilla,M,2006-12-25,19,martinezmichelle@example.org,(808) 321-2161,51973 Danielle Drive Apt. 312,Waterloo,ON,N2G1X1,2026-02-08,Active
1961,Melissa,Baxter,M,1971-05-01,54,ajones@example.com,1-784-043-8008,5815 Christy Lane Apt. 233,Richmond Hill,ON,R6L 5S5,2023-09-30,Active
1962,Sarah,Hart,F,1975-04-19,50,alexisturner@example.net,(150) 732-5791 x629,2692 Lopez Curve Apt. 996,Oshawa,ON,G6T1G8,2021-08-24,Active
1963,Benjamin,Castaneda,M,1963-08-18,62,brandon58@example.net,422 724 8599,8587 Harris Center,Ajax,ON,K8Y7R8,2023-11-14,Active
1964,Jacob,Castillo,M,1957-03-24,68,scottmontoya@example.com,580 367 1999,501 James Junction Suite 822,St. Catharines,ON,L9T 4B5,2021-11-01,Active
1965,Donald,Richardson,M,1964-06-25,61,randyparker@example.com,(777) 745-9941 x883,988 Brenda Fields,Milton,ON,A5T 5R9,2025-06-02,Active
1966,Marie,Tapia,M,1959-12-23,66,susan53@example.net,925.525.0030,76027 Brown Flat Apt. 215,Vaughan,ON,R4J 3B9,2025-09-18,Active
1967,Michelle,Marshall,M,1983-11-18,42,jeffrey60@example.com,(798) 833-6281 x750,947 Amanda Pass,Markham,ON,R4P 2C2,2026-01-08,Active
1968,Annette,West,F,1970-12-02,55,kimberlygriffin@example.com,(863) 864-6107 x812,491 Coleman Vista Suite 898,Waterloo,ON,K3C 8S1,2023-01-22,Active
1969,Stephanie,Wilson,F,1961-10-31,64,robert23@example.org,(483) 167-2900,47094 Jessica Knolls Apt. 307,Markham,ON,N1P1G4,2023-05-06,Active
1970,Danielle,Huber,F,2001-09-22,24,clucas@example.net,(992) 263-0307,716 Hernandez Rest,Oakville,ON,R6E8G9,2024-11-28,Active
1971,Heather,Lopez,F,1962-12-24,63,cohentiffany@example.org,589-925-6311,15308 Lindsey Centers,Guelph,ON,T8S 8C9,2026-04-22,Active
1972,Hannah,Hunt,F,1965-05-14,60,johnrobinson@example.com,1-322-317-7816,427 Cox Meadows,Sudbury,ON,T7A3V2,2025-01-13,Active
1973,Ricky,Hancock,M,2002-06-18,23,gregorycaleb@example.org,606.114.1064,200 Avila Square Apt. 445,Oshawa,ON,R7E 6M4,2025-07-04,Active
1974,Edwin,Mcgee,F,1956-09-20,69,hfranklin@example.org,632 367 7098,2517 David Valleys,Cambridge,ON,X3Y2C6,2023-06-18,Active
1975,Michael,Taylor,F,1996-02-10,29,michellegolden@example.net,313-016-1880 x411,261 Brittany Square,Richmond Hill,ON,S3E 7B8,2022-12-05,Active
1976,Janet,Harrison,M,1978-05-08,47,leeashley@example.org,863.934.8355,085 Evans Oval Apt. 771,Niagara Falls,ON,N9S7M5,2022-10-08,Active
1977,Jose,Myers,F,1964-06-12,61,zhall@example.net,358.996.0993,43092 Moore Via Suite 824,Toronto,ON,E2P 8G4,2024-04-15,Active
1978,Donna,Wilkins,F,1959-03-26,66,nallen@example.net,747 152 5899,90316 Strickland Villages Apt. 885,Whitby,ON,B5T4K2,2024-06-13,Active
1979,Kristin,Dunn,M,2003-12-20,22,rgraves@example.com,(867) 589-7015 x422,557 Wiley Valleys,Barrie,ON,B4B 7N9,2025-08-23,Active
1980,Caitlin,Spencer,M,1994-01-22,31,uhill@example.net,(282) 018-7767,441 Mitchell Roads,Milton,ON,E1G 8V4,2026-01-25,Active
1981,Brett,Church,F,1977-05-26,48,tylergreen@example.com,409-967-4507 x162,2655 Holt Mills,Kingston,ON,T2S2X3,2025-10-13,Active
1982,Barry,Howard,F,2000-02-04,25,gina53@example.org,1-807-439-3872,5933 Harvey Via,Vaughan,ON,M9H 5J5,2024-05-12,Active
1983,John,Hernandez,F,2007-12-06,18,davisthomas@example.org,+1 (437) 811-8689,543 Burton Trail,Oshawa,ON,C5G1Y4,2025-05-19,Active
1984,Bryan,Richardson,F,1970-04-06,55,qlogan@example.net,693.187.3233,509 Maynard Field,Vaughan,ON,M6L 4A9,2025-04-02,Active
1985,John,Gonzalez,M,1984-11-17,41,ffrazier@example.org,(658) 058-2998,8805 Jones Junctions,Kitchener,ON,V5L3R3,2023-11-27,Active
1986,Robert,Myers,M,1959-04-25,66,zjohnson@example.net,504-280-4891 x929,6337 Barton Ports Apt. 804,Ajax,ON,B1E4K8,2023-09-28,Active
1987,Joseph,Rodriguez,F,1957-02-28,68,mclaughlinbrooke@example.com,357-973-1080,136 Lori Falls Suite 578,Mississauga,ON,C3A3K3,2021-12-17,Active
1988,Heidi,Romero,F,1968-01-21,57,petersryan@example.org,609-419-5724 x168,3698 Connie Keys Apt. 405,Richmond Hill,ON,M3V 4M1,2025-01-10,Active
1989,Brent,Hardy,M,1960-01-10,66,josephsullivan@example.org,(490) 726-7453,59991 Pitts Ville Apt. 271,Richmond Hill,ON,H4G8T3,2025-03-30,Active
1990,James,Gill,M,2003-12-14,22,drodriguez@example.org,+1 (981) 383-5817,52450 Lee Row,Burlington,ON,P2M 2H4,2025-12-30,Active
1991,Crystal,Wells,F,1990-06-23,35,qdavis@example.com,405-799-7984,2279 Daniel Springs,Vaughan,ON,M6S1P7,2023-06-10,Active
1992,Alec,Pena,F,1999-08-15,26,johnsonamanda@example.com,1 (323) 204-2042,0428 Mason Island Apt. 136,Barrie,ON,G1M9N4,2022-04-18,Active
1993,Andrew,Stewart,F,1959-05-16,66,emorris@example.net,(126) 944-6431,120 Graham Junctions,Guelph,ON,P8V 9E7,2022-04-09,Active
1994,Brooke,Bryant,M,1983-09-05,42,qjensen@example.net,(929) 480-7426,75017 Bailey Mission,Peterborough,ON,B7K9C2,2023-05-19,Active
1995,Ross,Barber,M,1966-07-16,59,hcastro@example.org,503-908-1970,5954 Woodard Points Suite 037,Niagara Falls,ON,C5J 2A9,2025-07-13,Active
1996,Kenneth,Anderson,M,1983-08-19,42,tsmith@example.com,+1 (320) 873-8432,6343 Fisher Parkway,Kingston,ON,P9G 2K6,2025-06-04,Active
1997,Robyn,Padilla,F,1981-03-15,44,susan75@example.com,(183) 506-5413,443 Ashley Port Apt. 022,Richmond Hill,ON,E8G 1K4,2022-05-16,Active
1998,Heather,Fox,F,1998-12-17,27,rpope@example.org,+1 (500) 520-6108,69777 Lopez Dam,Richmond Hill,ON,Y8R 8J4,2026-03-19,Active
1999,Dustin,Ramos,F,1994-08-12,31,jennifer72@example.org,(904) 369-1742 x380,191 Ashley Plain Apt. 745,Ajax,ON,G4T8N1,2026-01-14,Active
2000,Daniel,Johnson,M,1969-08-30,56,jeffreyhughes@example.org,(464) 116-9277 x038,364 Linda Meadows,Windsor,ON,T9C9S8,2022-04-30,Active
2001,Charles,Johnson,M,1990-06-03,35,mcintyreamy@example.com,1-905-744-8703,717 Webb Rapid,Barrie,ON,V3H 9K6,2022-08-09,Active
2002,John,Thomas,M,2002-11-23,23,schwartzkathleen@example.com,607 266 9318,18625 Carolyn Loaf Apt. 948,Milton,ON,M5H4G5,2024-07-08,Active
2003,Stephanie,Harris,F,1987-04-11,38,douglas92@example.com,(644) 483-0410,8960 Caitlin Route Suite 728,Burlington,ON,V7N9S1,2025-07-16,Active
2004,Matthew,Barker,M,1966-09-18,59,bcollier@example.com,578.065.5026,23146 Tyler Cape Apt. 076,Burlington,ON,V8S6R9,2021-12-29,Active
2005,Jeremy,Phillips,F,1967-05-04,58,steven76@example.net,236 966 3786,45977 Olson Stravenue,Richmond Hill,ON,B1L7P3,2023-05-03,Active
2006,Sheri,Pace,M,1961-01-06,65,millerdonna@example.com,1 (529) 278-1362,467 Calhoun Forges,Vaughan,ON,Y1K 3N8,2024-05-23,Active
2007,Stephanie,Leonard,F,2006-07-24,19,rharris@example.org,1-213-503-9785,20119 Paul Oval Apt. 685,Waterloo,ON,K8T 7M2,2022-03-03,Active
2008,Jessica,Silva,F,1974-05-23,51,gtate@example.com,508-110-5212,766 Mills Squares,Waterloo,ON,Y5R 6R4,2022-10-22,Active
2009,Jeremy,Martinez,F,1966-12-18,59,tcarson@example.com,+1 (403) 107-7735,641 Mckee Course,Guelph,ON,V9P 9V1,2022-06-20,Active
2010,Brian,Lynch,F,1995-10-12,30,markbarrera@example.org,109 875 5467,7587 Lori Courts,Sudbury,ON,X8A 1Y4,2022-12-18,Active
2011,Nichole,Myers,F,2004-10-28,21,fjones@example.org,(730) 153-5278 x005,863 Miller Lights,Niagara Falls,ON,Y5M 5E8,2022-12-31,Active
2012,Jennifer,Simpson,M,1988-11-07,37,johnbates@example.org,(639) 576-8538 x933,41951 Mckee Point Suite 318,Cambridge,ON,T9X 6R7,2024-02-26,Active
2013,Ashley,Tanner,M,1994-03-03,31,dmiles@example.net,1 (668) 808-5966,63487 Curry Way,Milton,ON,E2B 2N9,2023-01-05,Active
2014,Doris,Brock,M,2004-09-22,21,david02@example.org,158-359-5788,2627 Stephanie Shores,Vaughan,ON,T7R 8A1,2023-08-01,Active
2015,Adam,Montgomery,M,1975-08-20,50,nblair@example.org,+1 (711) 980-9560,232 Ryan Square,Milton,ON,R1N 2L8,2022-08-30,Active
2016,Kayla,Johnson,M,1960-03-21,65,monicajackson@example.org,+1 (331) 741-9938,34095 Sanchez Highway Suite 923,Ajax,ON,R5S 3G7,2026-06-25,Active
2017,Lori,Garza,F,2007-02-13,18,qramirez@example.com,+1 (133) 891-2280,70609 Charles Circles,Richmond Hill,ON,K2K3R4,2024-07-14,Active
2018,Christopher,Garza,F,1967-02-02,58,whitney49@example.com,1 (315) 238-5897,67132 Michelle Trace Apt. 709,Ajax,ON,K5E 7K5,2023-01-18,Active
2019,Alejandro,Miller,M,1968-06-02,57,jeffreyorozco@example.net,(932) 650-9012,489 Dana Hills,Guelph,ON,B1K7B8,2026-03-28,Active
2020,Barbara,Jones,M,2005-06-27,20,justinhansen@example.org,+1 (806) 561-2174,7234 Tina Plains,London,ON,V6G4V9,2023-09-06,Active
2021,Hannah,Zimmerman,F,1985-02-28,40,uclark@example.com,918 089 3169,79953 Anderson Roads,Kitchener,ON,N9S 1R8,2022-09-17,Active
2022,Margaret,Foster,F,1975-03-26,50,susan52@example.net,(605) 303-6100 x460,01995 Brandon Unions,Guelph,ON,H7R3L8,2022-02-05,Active
2023,Michael,Anderson,F,2003-07-19,22,wardjohn@example.net,1 (341) 572-3974,4258 Claudia Prairie Suite 974,London,ON,N5C7Y6,2023-06-26,Active
2024,Daniel,Foster,M,2004-01-12,21,jackcastro@example.net,(494) 897-8941 x726,88280 Michelle Court Suite 302,Oakville,ON,G3B9A1,2023-01-15,Active
2025,Audrey,Kelley,M,1991-06-12,34,udaniels@example.org,1-767-099-7850,1312 Stephen Pines,St. Catharines,ON,S7H 7R9,2023-12-22,Active
2026,Donald,Suarez,F,1995-11-29,30,samanthamoreno@example.com,1-646-117-9549,17049 Schneider Inlet Apt. 536,Milton,ON,L9N 4C2,2026-03-01,Active
2027,Cody,Cohen,M,1968-07-06,57,lyonsleah@example.org,1-791-561-0072,6851 Wiley Highway,Vaughan,ON,S1M 6B9,2025-05-31,Active
2028,Jennifer,Huber,M,1995-04-12,30,dakota28@example.org,829-428-9811 x664,483 Leslie Rapid,Kingston,ON,V6M2Y4,2022-08-15,Active
2029,Bianca,Ingram,F,1982-07-22,43,jonathancobb@example.org,(788) 187-1694,6892 Kyle Union Suite 680,Toronto,ON,G8N6V2,2022-07-16,Active
2030,Joshua,Lopez,M,1973-06-05,52,jrios@example.org,(860) 629-4944,2455 Price Radial,Oshawa,ON,N5C9E4,2024-12-18,Active
2031,Raymond,Beasley,M,1993-11-27,32,christinavelasquez@example.com,814-471-5997,445 Barajas Ridges,St. Catharines,ON,C8L8B5,2022-01-04,Active
2032,Dakota,Mosley,M,1983-01-08,43,bking@example.com,(852) 932-2769,057 David Meadows,Niagara Falls,ON,N7K2G7,2024-09-06,Active
2033,Lisa,Armstrong,M,1980-12-18,45,daniellebishop@example.com,827 918 0554,68873 Colleen Valleys,Milton,ON,G7A4P4,2026-03-11,Active
2034,Brandon,Lane,F,2001-02-27,24,ithomas@example.org,812-882-6310 x968,4077 Ryan Vista,London,ON,S1X 5G4,2022-05-29,Active
2035,Derek,Murray,F,1983-07-29,42,danielgibson@example.com,1-827-894-3788,2758 Joshua Square,Vaughan,ON,N9B1N6,2022-08-30,Active
2036,Kenneth,Williams,F,1978-10-30,47,andrea87@example.com,(940) 732-8456,28171 Amy Divide,Peterborough,ON,L4B 5J8,2023-11-17,Active
2037,Crystal,Sparks,F,2007-11-22,18,jasonramos@example.net,(758) 845-4908,813 Karen Spurs Apt. 196,Milton,ON,R6L9T4,2026-01-12,Active
2038,Nicolas,Stone,M,1975-02-10,50,rebeccamartin@example.com,569-777-7308,850 Rivas Camp,Toronto,ON,J2S 1Y5,2025-12-09,Active
2039,Paul,Sanchez,M,1997-05-17,28,millerselena@example.com,+1 (712) 149-1228,19419 Olsen Drive Suite 511,Whitby,ON,X1B3H4,2022-01-19,Active
2040,Debbie,Garcia,F,1989-05-25,36,hudsonrobert@example.org,1-892-018-4359,98065 Thomas Field,Burlington,ON,E9S 5N6,2023-09-07,Active
2041,John,Reed,F,1966-01-27,59,rojasjeremy@example.org,+1 (656) 815-4098,77296 Sarah Prairie,Toronto,ON,K8M 2S9,2023-02-04,Active
2042,Diane,Lopez,M,1978-04-10,47,bevans@example.net,666-740-0184 x766,9607 Dustin Vista,St. Catharines,ON,Y7L 6V3,2025-12-25,Active
2043,Michael,Thompson,M,1996-06-20,29,kathleen18@example.org,(688) 143-7104,0960 Jessica Island,Toronto,ON,T3T 3N2,2023-11-14,Active
2044,Robert,Wallace,M,1957-01-21,68,melissa18@example.net,(401) 636-8426,1891 Levi Ranch,Vaughan,ON,P8T3H9,2024-01-20,Active
2045,Diane,Gordon,F,1985-04-21,40,emily47@example.com,738 026 7094,677 Natasha Lodge,Waterloo,ON,C5X7E1,2022-11-13,Active
2046,Barbara,Miller,M,1991-01-06,35,rubengonzalez@example.org,480 297 9801,2096 Odonnell Plain Suite 675,Barrie,ON,S8P 7J8,2026-07-22,Active
2047,Claire,Griffith,F,1969-03-12,56,timothyoliver@example.net,443.839.7505,336 Rebecca Hill,Hamilton,ON,V2E2P9,2024-12-22,Active
2048,Patricia,White,F,1983-06-09,42,kwilliams@example.net,848 913 6043,5766 Ashley Hollow Apt. 819,Ajax,ON,V5N 9X3,2024-01-13,Active
2049,Kevin,Gallegos,M,1975-10-10,50,melissamarshall@example.org,792.467.5957,71193 Wilson Mountain,Windsor,ON,Y7T 6E1,2024-03-26,Active
2050,Taylor,Harris,F,2007-01-30,18,nfoster@example.com,942 816 9453,5427 Joshua Route Suite 539,Mississauga,ON,G5B9C3,2026-07-28,Active
2051,James,Webb,F,1988-05-30,37,michaelarmstrong@example.net,+1 (786) 506-6011,8651 Michael Burgs Apt. 555,Barrie,ON,Y7B 7B1,2023-05-15,Active
2052,Yesenia,Webb,F,2000-09-22,25,daniellelopez@example.com,408-438-0063,236 Alexander Springs Suite 872,Burlington,ON,E1R 2J7,2023-03-30,Active
2053,Bobby,Nelson,M,1978-05-19,47,uwhite@example.org,1 (870) 093-5871,00555 Denise Coves,Guelph,ON,X6A3B5,2022-04-25,Active
2054,Michael,Baker,F,1963-05-30,62,debbiescott@example.org,(421) 243-0258,036 John Dam,Kingston,ON,S8A5L5,2024-01-28,Active
2055,Jerry,Jacobs,M,1990-08-16,35,martinezanthony@example.net,580-876-6784 x533,357 Robinson Canyon,Sudbury,ON,C4X 4B7,2025-12-06,Active
2056,Jason,Thornton,F,1967-03-26,58,andrew05@example.org,(635) 116-3784,362 Barron Garden Apt. 342,Windsor,ON,A4H3T3,2023-08-07,Active
2057,David,Hutchinson,M,1988-09-03,37,danamarshall@example.org,194 009 7511,394 Bailey Turnpike,Toronto,ON,P9S6T7,2022-12-18,Active
2058,Catherine,Craig,M,1995-02-02,30,blakescott@example.org,232-928-4422,433 Clarence Gardens,Waterloo,ON,B5B 3B6,2023-06-20,Active
2059,Karen,Carlson,M,1966-06-20,59,perkinsmonica@example.com,602 075 2002,9318 Smith Squares Apt. 314,Kitchener,ON,X5V 4M8,2025-11-06,Active
2060,Jeremy,Bell,M,1956-12-15,69,fanderson@example.com,(800) 976-3252,767 Dunn Corners,Niagara Falls,ON,E1L 4G8,2023-05-28,Active
2061,Sonia,Brown,F,1977-01-10,49,john40@example.org,(498) 878-4295,718 Barron Terrace,Hamilton,ON,Y9M 9A9,2023-06-05,Active
2062,Walter,White,M,1991-08-05,34,edgar20@example.org,1-716-485-1559,703 Sarah Path Suite 039,Oakville,ON,B9Y9Y5,2022-05-31,Active
2063,Melissa,Williamson,F,1968-08-23,57,taylorlauren@example.com,(506) 813-5636 x224,65561 Wade Shoals Suite 235,Peterborough,ON,C8V5G9,2023-01-27,Active
2064,Evelyn,Mcdonald,M,2004-11-08,21,beth44@example.com,573.536.0684,067 Smith Streets Apt. 260,St. Catharines,ON,X1T 8B2,2022-02-16,Active
2065,Kenneth,Brown,M,1978-11-24,47,kimberlythomas@example.com,(969) 980-0881 x484,5411 Joshua Stravenue Apt. 296,Markham,ON,S9C 3K2,2023-12-18,Active
2066,Kiara,Edwards,M,1964-11-01,61,gracehansen@example.com,582-396-7567 x659,78785 Lawrence Mills Apt. 189,Richmond Hill,ON,G2M9X8,2021-09-06,Active
2067,Jeff,Soto,M,1979-02-18,46,cgreen@example.org,+1 (673) 268-1361,4076 Brandon Roads,Vaughan,ON,Y8G 5A6,2025-02-21,Active
2068,Joyce,Ramirez,M,1977-11-04,48,sandrathomas@example.com,923.141.4215,4514 Kevin Plains,Mississauga,ON,P9B 7B3,2026-06-25,Active
2069,Brian,King,F,1974-09-21,51,wardkevin@example.net,383 494 2835,60771 Burke Neck Suite 423,Guelph,ON,E4V3B5,2022-06-16,Active
2070,Chad,Stevens,M,1968-05-19,57,tmatthews@example.org,717.005.2459,012 Jefferson Orchard,Peterborough,ON,B1Y 3M8,2025-06-20,Active
2071,Bailey,Gonzalez,F,1990-01-10,36,belldave@example.net,917-862-5615 x636,6504 Bennett Loaf Apt. 628,Whitby,ON,K5R3V9,2024-09-26,Active
2072,Whitney,Mccarty,M,1960-02-01,65,cochrancharles@example.net,(263) 543-1331,706 Flores Neck,Milton,ON,A2L 1V4,2021-10-16,Active
2073,Maria,Matthews,M,1967-07-02,58,sullivanteresa@example.com,129-767-0644,57761 Rivers Lights,Kitchener,ON,R6A 5B3,2024-05-19,Active
2074,Vanessa,Campbell,F,1967-10-08,58,daniel44@example.com,1-613-882-5823,63733 Veronica Lights Apt. 779,Barrie,ON,M2J 1Y1,2023-07-29,Active
2075,Leslie,Carlson,M,1962-03-11,63,anthony61@example.com,848-687-1690,82109 Brian Road,Richmond Hill,ON,E3L 2X7,2024-05-13,Active
2076,Audrey,Berger,F,2002-05-15,23,steven39@example.net,(764) 690-6109,38223 Ian Landing,Richmond Hill,ON,T8N 3N8,2025-01-19,Active
2077,David,Little,M,1973-12-02,52,curtisstacy@example.net,(972) 069-6577 x677,30848 Carrie Curve Apt. 066,Markham,ON,G9N 9S7,2023-05-12,Active
2078,Sheri,Willis,M,1972-09-19,53,richardbond@example.net,261-975-0038,043 Christopher Vista Apt. 150,Guelph,ON,P6Y 4J5,2025-01-11,Active
2079,Patricia,Carter,M,1973-04-10,52,marksanders@example.com,478.437.6018,7981 Carlson Square,Ajax,ON,P7G 4L7,2021-11-06,Active
2080,Isaiah,Armstrong,M,1996-02-07,29,scottleah@example.net,919-395-8981,24457 Serrano Inlet Apt. 595,Barrie,ON,H7G 6Y3,2024-07-06,Active
2081,Nancy,Barber,F,1993-07-31,32,dakotawilliams@example.org,(268) 521-0073 x590,57044 Laura Pass,Hamilton,ON,G1L 3J6,2024-08-30,Active
2082,Angela,Beard,M,1982-10-25,43,rachel39@example.org,242-608-5502 x625,353 Valentine Unions Suite 691,Kitchener,ON,H1A4V7,2025-02-07,Active
2083,Lori,Gordon,F,1988-09-28,37,thomasprice@example.org,252.773.7481,8789 Michael Ports Apt. 844,St. Catharines,ON,A6B 6H9,2023-11-16,Active
2084,Michelle,Gonzalez,M,1964-07-10,61,mercerandrew@example.org,537-354-0533,64785 Lori Mall,Ajax,ON,K2J 9V7,2023-05-11,Active
2085,Chad,Anderson,F,2004-06-23,21,likeith@example.com,1-681-932-2061,501 Samuel Rapids,Sudbury,ON,N8A1M1,2025-11-24,Active
2086,Donald,Olsen,M,1977-05-31,48,jonesshannon@example.com,1 (491) 748-9092,0447 Steven Stream,Barrie,ON,S6S 8B7,2026-01-26,Active
2087,Jamie,Bradford,F,1963-04-01,62,tammysimon@example.org,1 (198) 221-8987,2444 Jones Rest,Mississauga,ON,C1J4V5,2021-09-27,Active
2088,Juan,Wells,F,1984-09-25,41,jeffrey50@example.org,543-939-1916 x545,2095 Joan Park,Kitchener,ON,X8R3B6,2021-11-22,Active
2089,Brooke,Lee,M,2001-05-07,24,kristinasmith@example.org,+1 (382) 205-3845,49785 Noble Way,Kingston,ON,K7G 2R1,2022-08-22,Active
2090,David,Gutierrez,M,1964-09-04,61,duranlaura@example.org,355 130 9996,64977 Thomas Forge Suite 562,Toronto,ON,P3P 8N5,2022-05-10,Active
2091,Reginald,Mclean,M,2000-12-07,25,katherine59@example.com,590.454.9065,292 Brown Ridges Suite 661,Richmond Hill,ON,X1T 8B5,2024-08-27,Active
2092,Catherine,Smith,F,1996-03-12,29,cdavis@example.org,231-556-7752,59244 Booker Knoll Apt. 765,Hamilton,ON,T2X6X6,2024-09-16,Active
2093,Brenda,Henry,M,1988-12-22,37,sherri14@example.org,1 (480) 742-2120,360 Daniel Islands Apt. 323,London,ON,E1M 5G2,2024-01-11,Active
2094,Ashley,Robinson,M,1967-08-17,58,james71@example.net,(446) 609-0351 x490,13936 Rebecca Knolls,St. Catharines,ON,G4B2T2,2023-05-25,Active
2095,Jennifer,Burns,M,1991-07-21,34,psutton@example.net,+1 (958) 263-0161,03879 Moore Forest,Burlington,ON,A8P6M6,2021-12-14,Active
2096,Eileen,Howell,M,2000-03-16,25,yeseniamoore@example.net,881.280.9191,019 Mary Mountain Apt. 795,Oshawa,ON,V9X8N7,2023-10-11,Active
2097,Jennifer,Burns,F,1964-08-18,61,victoria44@example.org,1 (365) 743-7598,132 William Bridge Apt. 295,Cambridge,ON,X6L8L4,2023-03-20,Active
2098,Austin,West,F,1976-11-24,49,melissa91@example.org,604.652.7404,5431 Bailey Freeway Apt. 651,Oshawa,ON,L3T 7H4,2022-07-26,Active
2099,Diamond,Spears,M,1958-04-15,67,david39@example.org,622 761 5842,87422 David Isle,Mississauga,ON,C8J 6H8,2021-09-20,Active
2100,Pamela,Dean,M,1971-09-29,54,danielmichelle@example.org,1-285-436-2748,17852 Reynolds Estates Suite 685,Windsor,ON,G8R 6C9,2025-08-29,Active
2101,Caroline,Hayes,F,1977-04-30,48,eugene90@example.net,239-161-0281,70404 Stephens Shoals,Barrie,ON,K9V1M6,2022-04-08,Active
2102,Steven,Smith,F,1994-04-27,31,porterjohn@example.com,216-316-2958,7196 Hamilton Ways,Richmond Hill,ON,C1R7R5,2024-05-01,Active
2103,Tiffany,Weiss,M,2002-01-13,23,kristie44@example.net,645 049 8864,684 Rodriguez Mall,Guelph,ON,H7V8S4,2026-05-02,Active
2104,George,Massey,M,1974-06-07,51,nealmaria@example.org,611 268 1868,3458 Butler Spurs,Hamilton,ON,V5C6A7,2024-02-12,Active
2105,Nicole,White,M,2000-02-14,25,kevinmontoya@example.org,(359) 288-7005,36272 Ferguson Well Suite 182,Toronto,ON,C9L 5A9,2023-12-05,Active
2106,Daniel,Chen,M,1964-08-25,61,taylor21@example.net,+1 (727) 573-3200,93689 Villa Ridges,Richmond Hill,ON,M3Y4A4,2024-10-07,Active
2107,John,Lin,F,1975-03-31,50,erin96@example.org,(238) 460-7491 x698,5613 Mullins Center Suite 751,Kingston,ON,M3H 6L9,2022-11-21,Active
2108,Stacey,Perkins,F,1976-01-21,49,johnlloyd@example.com,576.853.8499,477 Taylor Mission,Cambridge,ON,X8A 8G2,2023-01-28,Active
2109,Stacy,Sutton,M,2008-02-15,17,dleblanc@example.net,398-173-6188 x575,2164 Deborah Square Apt. 180,Burlington,ON,N6L 3Y2,2025-04-02,Active
2110,Debra,Rodriguez,F,2004-03-12,21,barbara46@example.org,(738) 179-8427,77069 Hannah Isle,Sudbury,ON,J2T 4B7,2022-09-23,Active
2111,Cheryl,Drake,M,1996-06-21,29,enavarro@example.com,(564) 629-6905,19092 Wells Ferry Suite 840,Windsor,ON,V9S4B1,2023-10-12,Active
2112,Joshua,Williams,F,1973-09-28,52,tperkins@example.com,676-856-4492,334 Bradley Inlet Suite 800,Peterborough,ON,H7A 5T7,2023-05-29,Active
2113,Jessica,Roach,F,1960-03-04,65,hailey95@example.net,+1 (927) 423-3412,3703 Peterson Lock,Cambridge,ON,X6P4V2,2023-07-04,Active
2114,Jacob,Baker,F,1988-04-01,37,joewashington@example.com,363.984.8117,1257 Holmes Wall,Peterborough,ON,J7H1M7,2025-11-14,Active
2115,Daniel,Warren,M,1988-01-26,37,michael20@example.com,599-396-0078,0617 White Ford,Guelph,ON,B2T 2P4,2023-02-03,Active
2116,Matthew,Hayes,M,1996-11-20,29,jmccarthy@example.org,432-022-4017,159 Chang Inlet,Hamilton,ON,C7G 8L5,2021-08-21,Active
2117,Christine,Smith,M,1956-10-24,69,john81@example.com,419.587.3606,51300 Ford Fort Suite 327,Oakville,ON,X4H 2K7,2024-01-09,Active
2118,Derrick,Koch,M,1978-05-12,47,vcantrell@example.net,(317) 548-1442 x335,6023 Kevin Valleys,Windsor,ON,M8R3X8,2022-01-07,Active
2119,Jillian,Hall,F,1974-10-19,51,clarkmichael@example.net,897-808-7841 x786,369 Ashley Street,Guelph,ON,V3H1A4,2026-01-24,Active
2120,Bryan,Fernandez,F,1965-02-03,60,wilsonlori@example.com,(313) 893-3138 x634,2493 Adkins Creek,Niagara Falls,ON,L7E 3T9,2026-03-08,Active
2121,Patricia,Holden,F,2000-02-25,25,wrightadam@example.org,+1 (240) 403-9762,806 Joshua Ville,Windsor,ON,E3M 2X2,2022-06-09,Active
2122,Lisa,King,F,1976-02-18,49,bryce50@example.org,+1 (664) 150-9957,113 Walker Junction Apt. 293,St. Catharines,ON,L9K 3G3,2022-08-18,Active
2123,Melissa,Allen,M,1993-03-16,32,kmckenzie@example.com,347 193 9165,730 Miles Spring Suite 036,Markham,ON,X3B6A5,2021-08-20,Active
2124,Rachel,Paul,M,1993-06-25,32,dcaldwell@example.com,1 (217) 277-5329,65564 Rodriguez Radial,Richmond Hill,ON,A6A 1C4,2026-03-26,Active
2125,Stacy,Young,F,1966-01-29,59,devinnunez@example.org,1-136-445-6630,9580 Ayala Groves Apt. 664,Milton,ON,S6P8C2,2024-01-07,Active
2126,Heather,Haas,F,1986-08-18,39,merceralicia@example.org,1-592-844-5507,828 James Oval,Hamilton,ON,L1A2B1,2026-01-05,Active
2127,Alyssa,Berger,M,1973-09-12,52,dwells@example.org,+1 (749) 644-2216,869 Silva Motorway,Cambridge,ON,M7X 4N6,2023-12-17,Active
2128,Patricia,Gonzalez,F,1963-04-12,62,stewartkiara@example.net,+1 (605) 794-8157,01544 Ward Fall,Brampton,ON,P8V9K5,2024-02-23,Active
2129,Brian,Lang,F,1958-07-26,67,garycantrell@example.com,378-961-7832,091 Cortez Lake Suite 322,Vaughan,ON,H7K 1G2,2023-11-10,Active
2130,Douglas,Hanson,M,1975-04-04,50,garymcintyre@example.net,724.234.8390,845 Dominguez Orchard,Toronto,ON,T8X 4P1,2022-04-05,Active
2131,Jason,Garner,F,2005-04-17,20,angela77@example.org,1-467-339-0921,18327 Smith Unions Apt. 169,Richmond Hill,ON,V5L2K9,2024-03-30,Active
2132,Karen,Oneill,M,2006-06-23,19,rpearson@example.com,950.218.6459,94151 Russell Gardens,Ajax,ON,C9Y6A5,2026-03-11,Active
2133,Jeffrey,Brown,M,1989-05-22,36,tiffanywalker@example.com,1 (799) 539-7205,64209 Melissa Vista,Guelph,ON,V8K1S8,2025-08-10,Active
2134,Christopher,Price,F,2001-03-22,24,zunigajulia@example.org,(403) 223-2354,745 Loretta Squares,Milton,ON,R7B8G5,2026-01-01,Active
2135,Christopher,Foster,F,2000-12-30,25,johnsilva@example.com,723 972 4843,960 Aguilar Prairie,Richmond Hill,ON,A6P 1E8,2021-12-09,Active
2136,Sharon,Schmidt,M,2001-06-24,24,gutierrezmargaret@example.com,(359) 851-5320,534 Debra Route,London,ON,A3C9N1,2021-11-08,Active
2137,Jose,Rose,M,1998-10-30,27,omartinez@example.com,979-932-4696 x492,89996 Dale Station Suite 699,Toronto,ON,B5B 8N7,2022-12-27,Active
2138,Gary,Roberts,F,2003-08-06,22,kurt82@example.net,283.255.1266,827 Catherine Wall Apt. 136,Ajax,ON,Y1R 3S3,2024-07-09,Active
2139,Robert,Kirk,M,1968-06-29,57,josephjoshua@example.org,1-203-417-6097,7793 Evans Greens,Milton,ON,A1L9G7,2025-08-06,Active
2140,Tristan,Schmidt,F,1994-01-31,31,michaelwatkins@example.com,(401) 226-9415,3187 Debbie Rue Suite 098,Brampton,ON,G3C 6S4,2022-06-17,Active
2141,Alan,Deleon,M,1965-12-30,60,cynthia74@example.net,(383) 416-2325,4029 Stacy Fords Apt. 276,Kingston,ON,J2H 7E6,2024-02-04,Active
2142,Jonathan,Lewis,F,1958-07-24,67,kristy12@example.net,(766) 318-0583 x097,463 Johnson Mountains,Kingston,ON,E6Y 4Y8,2023-11-21,Active
2143,Michael,Caldwell,M,1969-01-26,56,dana95@example.net,(932) 433-5069,3389 Ethan Grove Suite 127,Mississauga,ON,R5R 9L6,2026-07-17,Active
2144,Lisa,Conner,F,2006-12-08,19,krobertson@example.com,(755) 127-0118 x360,705 Parker Lodge,Whitby,ON,E2N5L3,2026-03-14,Active
2145,Amanda,Jones,M,1992-11-27,33,leslie94@example.org,(182) 258-1401,190 Johnson Hollow,Peterborough,ON,H7Y5E6,2024-02-10,Active
2146,Austin,Adkins,F,1993-12-27,32,johnsonjessica@example.net,(555) 197-2634,6582 Snyder Point Apt. 584,Brampton,ON,V1G6G1,2022-03-13,Active
2147,Andrew,Bright,F,1961-01-20,64,rstone@example.net,+1 (877) 761-9202,77555 Dean Hills Apt. 193,Cambridge,ON,R2T7C3,2025-08-20,Active
2148,Harold,Haas,F,1967-02-21,58,teresahansen@example.org,387.937.5937,1315 Thomas Brooks Suite 138,Brampton,ON,V6T5Y1,2023-10-24,Active
2149,Michael,Gilbert,F,1970-02-13,55,christopher23@example.com,1-362-850-6967,4740 Wood Brook,Cambridge,ON,V2N 7A1,2023-03-16,Active
2150,Bradley,York,F,1982-01-13,43,ibarnett@example.org,728-735-7685 x642,99909 Campbell Common Suite 741,Hamilton,ON,X5S5V9,2024-06-01,Active
2151,Hannah,Randolph,M,1977-02-07,48,sandovalryan@example.org,(804) 435-8351 x006,760 Rebecca Spur,Burlington,ON,P1K8A4,2022-12-29,Active
2152,Timothy,Sherman,F,1975-04-18,50,joyzhang@example.net,933.094.3801,753 Dudley Coves,Hamilton,ON,S3A 7A8,2022-12-03,Active
2153,William,Jones,M,1992-02-21,33,david06@example.org,1-688-782-0282,5522 Lee Valleys,Guelph,ON,X1B3K6,2022-02-07,Active
2154,Darrell,Clayton,M,1980-10-29,45,guzmanjennifer@example.com,223-904-4185 x071,351 Graham Lake,Whitby,ON,T9R5P9,2025-01-23,Active
2155,Kimberly,Morris,F,1994-11-09,31,kelli76@example.org,169-348-6737,97617 Gonzalez Turnpike,Brampton,ON,M3C3V6,2023-05-28,Active
2156,Angela,Mccall,M,1971-10-26,54,andrew82@example.net,191-010-2639,199 Shane Fort,Ajax,ON,Y5Y1K4,2024-08-05,Active
2157,Aaron,Douglas,F,1978-08-12,47,conwaysharon@example.com,997 034 5058,024 Knox Skyway,Vaughan,ON,J3V3M6,2024-01-16,Active
2158,Jessica,Walker,F,1987-06-15,38,melissa21@example.com,1 (238) 233-2130,682 Ray Extensions,Kingston,ON,N2S 5E4,2023-08-24,Active
2159,Lisa,Hughes,M,1971-04-20,54,jgrant@example.org,1 (153) 184-4469,835 Gonzalez Haven Suite 168,Mississauga,ON,E2V 1T9,2025-04-11,Active
2160,Philip,Green,F,2008-01-21,17,bcox@example.org,235 641 4077,10543 Paul Via Apt. 371,Cambridge,ON,L3V 2G1,2025-03-08,Active
2161,Brad,Griffin,F,1985-01-10,41,pamela85@example.net,792.892.1769,83478 Hernandez Harbor,Whitby,ON,C6R1E2,2024-04-02,Active
2162,Alexander,Murphy,F,1957-09-17,68,stephensonnancy@example.net,878-611-4076,47008 Randall Field,Oakville,ON,M7S3M3,2024-11-26,Active
2163,Darlene,Green,F,1974-08-29,51,kjackson@example.net,(583) 593-0168,71992 Webb Crest Apt. 714,Oakville,ON,A3J9M8,2023-03-10,Active
2164,Scott,Whitehead,M,1989-06-15,36,crosskatie@example.org,166-027-9126 x154,9103 Kenneth Crossing Apt. 033,Hamilton,ON,N2J8J5,2025-03-13,Active
2165,Ryan,Mcpherson,M,1964-02-08,61,millerjill@example.com,336.789.5379,3968 Jose Club,St. Catharines,ON,H4V2E2,2024-12-29,Active
2166,Lisa,Murphy,F,1995-04-01,30,lauren42@example.org,521.828.8291,7054 Jason Course Apt. 595,Toronto,ON,J5G4L3,2022-06-17,Active
2167,Wyatt,Curtis,F,2008-01-13,17,montoyamark@example.org,(798) 940-8167 x233,1073 Brown Valleys,Sudbury,ON,M7J 8P5,2021-12-12,Active
2168,Emily,Preston,F,1971-07-22,54,robert74@example.com,1 (663) 780-1871,00634 Brittany Union,Whitby,ON,H3H 4R7,2022-02-21,Active
2169,Michael,Watkins,M,1996-07-21,29,srussell@example.org,(878) 850-7904,2303 Heather Island Apt. 123,Oakville,ON,A2B 3E5,2024-08-30,Active
2170,Crystal,Gomez,M,1971-02-28,54,donglenn@example.org,1 (611) 088-0989,6593 Foster Court,Mississauga,ON,B2A5Y6,2022-03-27,Active
2171,Tina,Arnold,M,1990-01-02,36,powellbrittany@example.org,544-707-4952 x249,3916 Brandon Locks Suite 165,Milton,ON,A3C6P1,2025-05-18,Active
2172,Katherine,Rogers,F,1978-04-21,47,waltersvictoria@example.net,+1 (878) 530-4456,981 Sanchez Dale Suite 335,Oakville,ON,Y2P 3C8,2022-11-21,Active
2173,Debra,Garcia,F,1983-03-25,42,robertcasey@example.net,1 (420) 566-0599,197 Morales Lock,Hamilton,ON,X7G 1P3,2025-06-16,Active
2174,Phillip,Roman,M,1979-09-03,46,airwin@example.net,538.910.2087,89936 Newman Brook,Markham,ON,K9C 6A8,2024-05-16,Active
2175,Erik,Mills,M,2001-03-12,24,jackhunt@example.net,+1 (352) 077-4860,3781 Marie Shore Suite 909,Kitchener,ON,G3T9K6,2023-06-15,Active
2176,Kari,Lawrence,M,1996-11-16,29,qadams@example.net,385-228-6198,60657 Hicks Trafficway Suite 728,Peterborough,ON,M9E 7T9,2026-03-15,Active
2177,Alison,Burns,M,1970-04-11,55,markhudson@example.com,324-195-4157 x176,672 Michael Meadow Suite 551,Cambridge,ON,S4P2X5,2022-08-04,Active
2178,Sandy,Ponce,F,1959-07-17,66,ericweaver@example.org,453.058.6548,880 Porter Rapids,Oakville,ON,V6M 2H9,2025-11-19,Active
2179,Steven,Murphy,F,1978-10-02,47,egray@example.org,452-409-7586 x139,4950 Kenneth Wall Apt. 850,Hamilton,ON,S1B 8J9,2023-02-16,Active
2180,Jesse,Hill,M,1995-11-29,30,umiller@example.com,1 (788) 793-4048,413 Smith Pike,Mississauga,ON,A1K2J5,2021-12-02,Active
2181,Renee,Welch,F,1982-12-03,43,xsteele@example.com,(521) 797-6467 x057,50080 Susan Circles,St. Catharines,ON,S3A 1R2,2022-03-14,Active
2182,Lacey,Wall,M,1987-12-18,38,vandrade@example.net,590-423-2663,4504 Jade Ramp Suite 259,Cambridge,ON,G2A 4H6,2025-07-04,Active
2183,Lori,Valenzuela,M,1957-12-11,68,matthewrobinson@example.com,+1 (518) 370-1577,66214 Acosta Passage Suite 847,Milton,ON,S2K 8S6,2023-06-21,Active
2184,Emily,Fields,M,2007-11-19,18,kochjonathan@example.org,1 (150) 145-7004,3375 Dakota Extension,Ajax,ON,C9K9E4,2024-08-23,Active
2185,Barry,Fisher,F,1973-09-19,52,simmonsdonna@example.net,1 (894) 253-5253,420 Howard Village,Whitby,ON,L9L1A6,2024-05-22,Active
2186,Elizabeth,Taylor,F,1964-09-08,61,newmanlaura@example.net,+1 (230) 839-7725,89534 Veronica Fall,Niagara Falls,ON,K5Y4S6,2023-01-24,Active
2187,Deborah,Smith,M,1987-06-10,38,michelle45@example.org,(682) 234-0917 x089,3826 Rice Points Apt. 759,Ajax,ON,R8X9B2,2021-10-25,Active
2188,Heather,Rodriguez,M,1975-02-08,50,kaguilar@example.net,(438) 634-5872,62858 Shannon Underpass Apt. 145,Oakville,ON,P4X9T7,2026-04-15,Active
2189,Michael,Schwartz,M,1983-12-10,42,lawrence15@example.org,1-171-871-0003,52751 Reid Pines,Burlington,ON,K5G9L8,2025-12-24,Active
2190,Veronica,Huang,F,1992-11-06,33,cmcintyre@example.net,229-845-5828,1727 Christopher Port Apt. 388,Hamilton,ON,G3E9V4,2023-08-09,Active
2191,Norman,Allison,F,1979-02-21,46,kimberly87@example.net,1-793-173-3220,8072 Mitchell Isle,Richmond Hill,ON,R9J8G5,2026-05-15,Active
2192,Tiffany,Roberts,F,1969-05-15,56,sanfordmark@example.org,1-109-050-8345,3509 Nicole Run,Ajax,ON,H7N2H8,2023-06-13,Active
2193,Jonathan,Mills,M,1975-08-26,50,nicolethompson@example.net,(370) 021-3613 x999,39874 Murphy Walks,Guelph,ON,G1T 8S9,2023-09-08,Active
2194,Sergio,Wolfe,F,1956-12-25,69,keith20@example.com,477-135-9923,89985 Christopher Streets,Oshawa,ON,A3P4L2,2025-12-24,Active
2195,Nicholas,Taylor,F,1990-08-22,35,gnelson@example.net,1-866-746-5505,194 Jonathan Junction Suite 825,Kingston,ON,Y2P 6C5,2025-07-23,Active
2196,Shannon,Greer,M,2004-04-29,21,michelle04@example.com,1 (134) 254-2288,260 Ashley Rue,Cambridge,ON,Y8A7N9,2023-11-03,Active
2197,Sarah,Blake,F,1999-04-01,26,barrystone@example.net,761-109-7630 x286,58189 Weiss Mountain Apt. 721,London,ON,X9R3Y4,2024-05-16,Active
2198,Michael,Caldwell,F,1997-09-22,28,johnsonelizabeth@example.net,(546) 673-0880,127 Melinda Square,Markham,ON,S2A2B2,2023-06-03,Active
2199,Meagan,Young,F,2004-07-28,21,mccannlaura@example.org,(548) 557-9393 x812,47669 Hill Greens,Oakville,ON,C1N2E5,2023-03-11,Active
2200,Sarah,Douglas,M,2004-05-25,21,bryantjames@example.org,1-431-138-7509,061 Perez Squares,Oakville,ON,V8E8V3,2025-11-27,Active
2201,Tiffany,Brown,M,1978-11-21,47,aguirreteresa@example.com,1 (134) 547-9728,2595 Rodriguez Stravenue,Kitchener,ON,V2N 5A9,2026-03-23,Active
2202,Brandon,Mooney,F,1995-10-16,30,rjohnson@example.org,+1 (846) 576-1052,75435 Kennedy Point,Markham,ON,E7N 1H8,2023-01-28,Active
2203,Jennifer,Lewis,F,1976-08-09,49,ashleyball@example.com,491-665-9144 x450,312 Walters Row,Richmond Hill,ON,L5H 3V6,2024-02-13,Active
2204,Kristen,James,M,1961-12-10,64,mark82@example.com,(572) 041-6893,1850 Warren Way,Richmond Hill,ON,A7R 8A1,2025-11-15,Active
2205,Vanessa,Krause,M,1993-05-17,32,anthony28@example.org,(300) 927-3385,7026 Moore Plains,Oakville,ON,P6V 8C8,2022-10-02,Active
2206,Timothy,Allen,F,1962-12-27,63,cperez@example.net,+1 (790) 361-8439,98336 Brenda Mill,Ajax,ON,V1Y 1J4,2021-09-24,Active
2207,Kyle,Miller,M,1975-09-25,50,rkelley@example.com,1-982-875-8331,902 Mark Overpass,Oakville,ON,G4A 7Y2,2025-11-12,Active
2208,Jack,Gordon,F,1976-03-22,49,thomas11@example.org,(920) 481-6113 x362,0158 Kennedy Port Suite 526,St. Catharines,ON,A7H 9S1,2025-07-20,Active
2209,Emma,Cortez,F,1963-10-21,62,annaoconnor@example.net,+1 (566) 290-9137,83917 Contreras Lane,Whitby,ON,J9N3B3,2025-01-22,Active
2210,Jennifer,Snyder,F,1957-02-09,68,andrewwatkins@example.com,474-882-4183,7207 Linda Radial Apt. 147,Niagara Falls,ON,L3G 3T1,2024-03-03,Active
2211,Amanda,Smith,F,1998-09-29,27,douglasmichael@example.org,448-986-2206 x867,3894 Kayla Estates Apt. 598,Richmond Hill,ON,B2G 7B7,2023-06-08,Active
2212,Chad,Baker,M,1962-01-29,63,wrasmussen@example.org,(543) 666-4798,0335 Joseph Parkways Apt. 152,Guelph,ON,R7P1B4,2021-10-10,Active
2213,Michael,Benson,M,1999-07-09,26,ricky39@example.net,+1 (832) 299-1945,43399 Jones Gardens Suite 306,Ajax,ON,K1T 7T2,2024-08-29,Active
2214,Molly,Luna,F,2000-05-25,25,dunnleah@example.org,+1 (769) 934-1055,242 Cochran Curve Apt. 784,Toronto,ON,T2E 4T8,2025-10-24,Active
2215,Ricardo,Torres,M,2002-05-22,23,vbryan@example.org,1-636-489-3617,870 Michelle Land,London,ON,X9Y 2H7,2021-10-25,Active
2216,Rhonda,Young,M,1995-09-08,30,cesar10@example.org,301 392 1609,937 Judith Ranch,Richmond Hill,ON,H4S3K4,2026-03-02,Active
2217,Rachel,Winters,F,1968-02-17,57,hernandezjames@example.net,1 (521) 240-0622,4860 Richard Union,Kitchener,ON,L1T 3S1,2025-11-30,Active
2218,Richard,Zimmerman,M,1965-09-08,60,wilcoxlori@example.com,382-026-9278,53983 Roberts Fork Suite 401,St. Catharines,ON,R1Y 9L6,2023-09-03,Active
2219,Deborah,Jenkins,F,1966-11-26,59,sue31@example.org,1-583-827-9065,3485 Wilson Villages Apt. 366,Barrie,ON,S3H 4P1,2026-04-19,Active
2220,Emily,Jones,M,1996-06-24,29,vrobinson@example.org,1-394-520-4524,2673 Deanna Trafficway,London,ON,E9K8E7,2022-09-25,Active
2221,Lisa,Morgan,F,1997-09-22,28,johnsontonya@example.org,202 678 8695,0570 Timothy Roads,Oakville,ON,K1X 1H1,2024-12-10,Active
2222,Alexander,Davis,M,1967-12-04,58,hansenbrent@example.org,(221) 038-8781 x514,926 Mitchell Centers Apt. 624,Kitchener,ON,P4P 9P8,2021-11-02,Active
2223,Bianca,Stewart,F,1981-06-17,44,erik20@example.com,(732) 837-1587 x544,42466 Larry Falls,Sudbury,ON,X3L1G1,2021-08-30,Active
2224,Jeffrey,Duke,M,1995-05-18,30,richmondryan@example.org,606-704-3024 x193,054 Jamie Trail,Hamilton,ON,V6M2C9,2025-05-20,Active
2225,David,Young,F,2007-04-15,18,stephanie88@example.org,1 (814) 739-9053,557 Andrea Orchard,Burlington,ON,Y9M2E7,2022-03-24,Active
2226,Paul,Stokes,F,1985-06-19,40,melissathomas@example.org,1-319-173-9593,4055 Maxwell Lights Apt. 218,Waterloo,ON,T7A 3A7,2024-05-11,Active
2227,Mary,Grant,M,1978-07-08,47,kenneth76@example.org,479-898-9628 x674,98985 Luke Underpass,Oakville,ON,M6R 3H6,2026-08-02,Active
2228,Angela,Marks,F,1973-04-29,52,muellerjeffrey@example.net,1 (931) 313-5214,751 Adams Trail Apt. 926,Peterborough,ON,C2T 5K6,2023-11-07,Active
2229,Michael,Lopez,F,1978-10-27,47,amclaughlin@example.org,1-561-160-8107,54861 Williams Pines Suite 511,Guelph,ON,Y1A 7J2,2023-04-29,Active
2230,Bruce,Flores,M,1981-06-21,44,dmccarty@example.org,713-119-4271 x003,0632 Harvey Point Apt. 594,Whitby,ON,S6B6R2,2023-03-30,Active
2231,Joseph,Wells,F,1995-10-01,30,elizabeth90@example.org,+1 (315) 364-4316,03004 Parsons Extension,Toronto,ON,X6H 1J7,2024-02-27,Active
2232,William,Buck,F,2006-03-31,19,carlroberts@example.com,(386) 768-4441,170 Hernandez Divide,Kitchener,ON,V3Y 7M1,2022-07-29,Active
2233,Kari,Vance,F,1957-05-06,68,mooremonique@example.com,1-225-942-8398,10597 Rachel Corner,Waterloo,ON,L4L 7G1,2025-02-01,Active
2234,Tracy,Rollins,M,1973-03-08,52,heidicarlson@example.com,423.209.5540,68869 Joshua Centers Apt. 066,St. Catharines,ON,R1J1A4,2024-02-18,Active
2235,Danielle,Perry,M,1981-08-08,44,fcruz@example.org,1-528-233-4430,42720 Miller Viaduct Apt. 954,St. Catharines,ON,M2E 2S2,2022-05-04,Active
2236,Lucas,Richard,F,1969-11-15,56,mmay@example.com,832 686 2513,76905 Howard Branch Suite 831,Barrie,ON,J7L 5M4,2021-11-16,Active
2237,Sharon,Crosby,M,1980-01-11,46,brandonsweeney@example.com,+1 (281) 278-8890,69951 Megan Manor,Windsor,ON,M1M 6G3,2026-01-28,Active
2238,Benjamin,Fitzgerald,M,1999-03-19,26,gpreston@example.org,(175) 334-8080 x136,474 David Fall Suite 482,Windsor,ON,E1Y5Y6,2023-11-19,Active
2239,Harold,Cunningham,M,1977-01-30,48,michaelhoffman@example.com,607-217-6999 x590,44319 Evans Centers,Burlington,ON,K8P1B1,2024-09-17,Active
2240,Bryan,Suarez,M,2005-01-30,20,ashleyfreeman@example.com,909.093.3186,985 Michelle Spurs,Peterborough,ON,K7R4R2,2024-12-24,Active
2241,Bobby,Wilson,F,1986-06-22,39,beasleyjimmy@example.org,589.514.1973,71775 Diaz Tunnel Apt. 756,Guelph,ON,Y8A8M1,2025-06-30,Active
2242,Lisa,Mccoy,F,1959-08-04,66,barbara87@example.org,539.211.7059,9614 Riley Motorway Apt. 892,Whitby,ON,L4X4C6,2026-05-13,Active
2243,Michael,Garrison,M,1987-04-03,38,crystal05@example.net,1-753-042-1431,1899 Johnson Locks Suite 029,London,ON,S9X 4V4,2022-07-10,Active
2244,Andrew,Perez,F,1964-10-22,61,william47@example.org,755.152.1983,08172 Smith Orchard,Niagara Falls,ON,C3G1L5,2022-11-18,Active
2245,Amy,Taylor,F,1973-11-23,52,yateseric@example.net,1-399-401-8989,2936 King Parkways Suite 560,Toronto,ON,H8H 1N4,2023-01-31,Active
2246,James,Burgess,M,2003-02-02,22,josephalvarez@example.org,698-767-9936 x891,98463 Vasquez Mountain,Cambridge,ON,E7P4M4,2023-02-07,Active
2247,Jennifer,Salazar,M,1972-01-23,53,thompsonanthony@example.org,143.942.0748,5972 Michael Island,Mississauga,ON,H3T 7C9,2021-09-06,Active
2248,Austin,Brown,M,1975-12-09,50,gellis@example.org,(988) 806-9733,789 Gina Mills,Kingston,ON,J9N 9H2,2023-05-15,Active
2249,James,Carlson,F,2001-02-07,24,williamgarcia@example.net,202-397-7043,5516 Alyssa Viaduct,St. Catharines,ON,H2X 1T6,2023-11-28,Active
2250,Christina,Patrick,F,1970-05-24,55,jonesamanda@example.net,(216) 608-9891 x128,1438 Compton Coves Apt. 540,Milton,ON,J1N 1S8,2021-10-14,Active
2251,Alvin,Patterson,F,1972-11-30,53,jessicagriffin@example.org,(769) 868-3017 x762,492 Gregory Land,Brampton,ON,V7P 9R3,2023-07-28,Active
2252,Brian,Powell,M,2004-09-19,21,anningram@example.com,679.588.3033,37660 Hector Path,Ajax,ON,N9B5J8,2025-06-24,Active
2253,Theresa,Black,M,1960-10-10,65,elee@example.com,(567) 231-0109,751 Anthony Expressway Apt. 730,Windsor,ON,R9J 2M2,2021-09-11,Active
2254,Dennis,Ford,M,1974-03-23,51,stephanielang@example.com,872-619-5843 x612,8582 Lee Pine,Ajax,ON,G9X 6A8,2023-06-30,Active
2255,Dorothy,Clark,F,2005-04-21,20,joelmiller@example.net,635.024.8552,708 Philip Village Apt. 572,Guelph,ON,B2P 4M8,2026-04-01,Active
2256,George,Payne,F,1994-11-20,31,thompsonchristopher@example.com,(516) 958-0068,160 Crystal Wall,Brampton,ON,H3G 6E9,2026-07-04,Active
2257,Kristi,Henry,M,1997-04-27,28,joelmurray@example.com,(248) 936-9802 x250,7813 Horton Falls,Waterloo,ON,M8C 1N6,2022-04-02,Active
2258,Katelyn,Powell,F,1962-12-17,63,cooperamanda@example.net,561 104 4761,40501 Lisa Trail Suite 819,Richmond Hill,ON,P5T6N3,2022-09-10,Active
2259,William,Owens,F,1975-11-04,50,michael55@example.org,1-311-087-1540,346 Jackson Mission,Kingston,ON,P4M 6Y5,2025-07-25,Active
2260,Brittany,Gibson,M,1993-10-30,32,hclark@example.net,1 (750) 023-0972,286 Miller Parkways Apt. 859,Barrie,ON,L3B 1S5,2026-07-29,Active
2261,Justin,Smith,F,1967-12-24,58,margaretrobbins@example.org,930.113.2633,496 Butler Lodge Suite 348,St. Catharines,ON,P3K 3C2,2024-08-03,Active
2262,Holly,Townsend,M,1969-10-21,56,ujohnson@example.com,543-644-4694,110 Ramos Ridges,Whitby,ON,P4J 3B7,2025-06-18,Active
2263,Christopher,Morgan,F,1997-09-03,28,qgarcia@example.org,1-346-463-8989,401 Chandler Street,Hamilton,ON,B4N6V9,2021-11-25,Active
2264,Susan,Rodriguez,M,2005-12-18,20,danielguzman@example.org,650-069-2153 x900,674 Kim Via,Cambridge,ON,Y4B1J4,2026-01-01,Active
2265,Michael,Davidson,M,1968-10-24,57,parsonsjacqueline@example.net,621.709.9449,81341 Jack Ranch Apt. 616,Vaughan,ON,Y7N 2J1,2023-08-30,Active
2266,Tiffany,Savage,F,1958-01-24,67,acastillo@example.org,1 (389) 127-1773,578 Bruce Key Apt. 894,Mississauga,ON,S4Y 2S9,2026-05-25,Active
2267,David,Stewart,M,1975-01-29,50,fgray@example.net,490-541-1669 x115,52426 Stanley Prairie Suite 976,Peterborough,ON,A9B3T9,2025-08-15,Active
2268,Lydia,Smith,F,1962-10-15,63,hinestyler@example.net,+1 (540) 497-0383,31115 Washington Route,Peterborough,ON,B4C1Y8,2024-02-17,Active
2269,Andrew,White,F,1988-06-09,37,victoria60@example.net,1-432-013-0223,0357 Jesse Flat Suite 472,Whitby,ON,Y2C7G6,2026-07-08,Active
2270,Jacqueline,Hall,F,1999-10-23,26,robin54@example.net,+1 (206) 607-6647,3468 Jose Islands,Toronto,ON,T6N8E9,2025-10-09,Active
2271,Megan,Hall,F,1957-11-19,68,edavidson@example.net,(360) 630-1798,095 Victor Gardens,Ajax,ON,H7Y 9N4,2026-01-22,Active
2272,Charles,Bruce,M,1973-02-21,52,hortontina@example.com,1 (315) 138-2226,5883 Ball Ridges,Milton,ON,B1N5G9,2024-04-25,Active
2273,Dustin,Cardenas,M,2002-10-06,23,emaldonado@example.net,(188) 515-8694,718 Caitlin Common Suite 807,Barrie,ON,S5E6P9,2025-04-11,Active
2274,Stephanie,Simmons,M,2007-10-26,18,fwilliams@example.org,+1 (851) 220-1635,136 Brewer Falls Suite 985,Kingston,ON,Y2L3H3,2024-02-25,Active
2275,Alyssa,Clark,M,2006-04-15,19,lisa14@example.org,319-426-7363,53104 Andrew Burgs Suite 531,Hamilton,ON,B1H 5N8,2023-06-14,Active
2276,Timothy,Harper,M,1993-01-03,33,orodriguez@example.com,1 (518) 469-1728,27199 Tracy Turnpike Suite 198,St. Catharines,ON,Y4J4K1,2023-09-16,Active
2277,Diana,Nielsen,M,1974-07-24,51,ewise@example.org,1 (252) 202-2796,0012 Andrea Tunnel Suite 172,Vaughan,ON,Y4Y4Y2,2022-01-18,Active
2278,Ryan,Sanchez,M,1983-02-23,42,arthur25@example.net,+1 (140) 605-6432,895 Linda Cliff,Kitchener,ON,V6H1V7,2025-02-08,Active
2279,Robert,Hernandez,F,2003-09-04,22,michellemartin@example.org,1 (938) 653-1235,420 Davis Groves Suite 462,Richmond Hill,ON,L6H 8M8,2022-07-11,Active
2280,Christopher,Allen,M,1966-08-02,59,margaretmiller@example.net,(808) 293-8074 x385,032 Donna Isle,Hamilton,ON,N8P 4S4,2023-10-14,Active
2281,Shawn,Taylor,F,1960-05-21,65,umcdonald@example.net,665-973-2460 x570,11925 Jennifer Land,Whitby,ON,R6X 2H8,2025-06-10,Active
2282,Joshua,Santos,M,1989-10-06,36,diana52@example.com,846-934-4322 x283,30273 David Burgs,Vaughan,ON,M1Y1M1,2022-12-16,Active
2283,Keith,Long,M,1967-11-13,58,loriporter@example.net,581 727 2433,2048 Mitchell View Suite 628,Burlington,ON,N9P 5M9,2022-05-28,Active
2284,Tyler,Ray,F,1997-08-21,28,micheal87@example.com,1-313-008-7106,9169 Kathy Parkways,Toronto,ON,L5L 6R7,2026-01-02,Active
2285,Elizabeth,Cook,F,1976-07-12,49,qsmith@example.org,462-451-3096 x127,857 Mooney Hills Apt. 844,Oakville,ON,S6N 4L8,2026-04-07,Active
2286,Natalie,Bell,M,1975-09-26,50,christopher87@example.com,1-291-502-2295,897 Robertson Club Suite 550,Mississauga,ON,M8B 7X2,2025-08-24,Active
2287,Angela,Mcmahon,M,1980-10-12,45,turnerwilliam@example.com,180-267-8224,2749 Spence Hill,Brampton,ON,N9H2H6,2023-04-12,Active
2288,Jacob,Walsh,F,1973-01-14,53,joditaylor@example.net,1 (320) 430-1604,75997 Terri Parkways Suite 685,Windsor,ON,T6S1A6,2023-12-10,Active
2289,Rachel,Ruiz,M,1987-07-30,38,jillbird@example.net,588.194.0548,529 Jacqueline Place Apt. 580,Whitby,ON,Y8J7B9,2022-04-10,Active
2290,Rebecca,King,M,1999-04-03,26,raymondthomas@example.com,1-321-173-8496,3684 Johnson Brooks Apt. 342,Niagara Falls,ON,K1N 5N5,2026-07-18,Active
2291,Nathan,Griffith,F,1995-02-25,30,chungmadison@example.net,+1 (520) 802-0110,58860 Harper Lock,Oshawa,ON,G1H 3N1,2022-03-18,Active
2292,Wayne,Rogers,F,1988-08-14,37,imiller@example.net,870 261 2592,0402 Rodriguez Way Apt. 010,Peterborough,ON,X3L 6P5,2021-10-14,Active
2293,Jillian,Diaz,F,1957-01-15,69,wisejessica@example.net,(845) 764-9478,9116 Robert Shores,Vaughan,ON,R4R3R7,2023-09-29,Active
2294,Jill,Palmer,F,1991-04-05,34,candacealexander@example.net,368-245-8485 x166,57548 Rivera Hills Apt. 541,Guelph,ON,Y2J5J3,2022-02-28,Active
2295,Kyle,Thompson,F,1993-12-04,32,laurenjohnson@example.org,570 554 4027,43205 Anthony Summit,Toronto,ON,A7L7G2,2024-12-25,Active
2296,Debra,Perry,M,1969-04-25,56,kurtshannon@example.com,385 295 8031,32796 Richardson Port,Richmond Hill,ON,N2H8C8,2025-12-17,Active
2297,Andre,Jackson,M,1985-04-03,40,grimesluke@example.net,(190) 306-4167,149 Linda Road,Whitby,ON,T5X 1J2,2021-09-08,Active
2298,Dean,Rhodes,M,1980-06-20,45,davidwilliams@example.net,1 (393) 060-8438,53941 William Trafficway,Vaughan,ON,G3T4L4,2025-07-30,Active
2299,Ryan,Jones,M,1980-10-11,45,hrollins@example.org,1 (996) 955-4917,855 Long Greens,St. Catharines,ON,S4H 2P7,2022-12-02,Active
2300,Helen,Hayes,M,1990-04-08,35,susanbrown@example.com,1 (874) 129-8603,054 Luis Forges Apt. 702,Oakville,ON,T2V8H9,2024-05-27,Active
2301,Travis,Moore,M,2003-06-10,22,jromero@example.com,1 (400) 312-3548,2539 Henry Plaza Apt. 239,Sudbury,ON,J2A6G6,2024-06-09,Active
2302,Jason,Davila,F,1966-04-08,59,sharonmorgan@example.net,305.185.0797,108 Angela Parkways,Barrie,ON,A6X1Y1,2026-03-06,Active
2303,Amy,Mccoy,M,1968-01-26,57,garciavictoria@example.org,536-096-0337,26907 Kylie Parkway Apt. 793,Markham,ON,M1S2R1,2022-05-16,Active
2304,Kathryn,Ramos,F,1960-09-19,65,nelsonmercedes@example.org,379-194-9235,73049 Moreno Bypass,Barrie,ON,N5B5E4,2021-08-10,Active
2305,Carl,Rich,F,1962-01-08,64,wjohnson@example.org,310 753 5354,5375 Patel Rest,Peterborough,ON,G7Y 5H3,2023-02-12,Active
2306,Kimberly,Cook,M,1960-11-02,65,nwilson@example.com,+1 (458) 547-3989,61279 Kenneth Lane,Richmond Hill,ON,X6C 1C8,2022-03-11,Active
2307,Madison,Moyer,M,1984-03-26,41,kimwilson@example.com,814.675.3015,5701 Sanchez Shoals,Milton,ON,G8T 2R9,2022-03-24,Active
2308,Joshua,Ramirez,M,1996-07-12,29,jenniferperez@example.com,300 954 1084,676 Taylor Gateway Apt. 313,Whitby,ON,P2S 3H8,2022-12-18,Active
2309,Jessica,Collins,F,2003-01-31,22,miguel62@example.net,272-916-1693 x496,6487 Brian Vista Suite 207,London,ON,V7A5L9,2024-12-22,Active
2310,Rita,Phelps,F,2002-07-10,23,roachjason@example.org,(876) 317-4816,12182 Hernandez Port Suite 734,Whitby,ON,N8J9E5,2026-07-31,Active
2311,Teresa,Coleman,M,2000-08-09,25,steven56@example.org,257.541.5796,82342 Brian Mill Suite 223,Vaughan,ON,K3L2H4,2026-02-05,Active
2312,Angela,Livingston,F,1964-09-12,61,qsteele@example.com,(425) 989-6099,5859 Kevin Garden Apt. 801,Barrie,ON,A2M8P8,2024-07-20,Active
2313,Tracy,Reed,M,1992-12-14,33,lisa94@example.net,1 (705) 362-3607,3740 Shaw Stravenue,Toronto,ON,S6L3S2,2023-03-27,Active
2314,Dwayne,Medina,M,1981-10-03,44,oscar65@example.com,+1 (143) 989-9793,04666 Jennifer Ville Suite 226,Hamilton,ON,G2M 4V1,2023-03-30,Active
2315,Joseph,Johnson,F,1956-10-15,69,harveychristian@example.com,166-935-4891,114 Natasha Corners,Toronto,ON,N7Y8E4,2024-03-16,Active
2316,Haley,Valenzuela,M,1968-08-27,57,combskelly@example.net,(256) 327-7036,88752 Mcdonald Ways,Whitby,ON,P5H4R8,2026-03-21,Active
2317,Samantha,Bowers,M,1991-12-08,34,igross@example.com,1-621-719-1684,634 Delgado Island,Barrie,ON,N6J 5T1,2022-12-20,Active
2318,Janet,Farmer,F,1989-06-17,36,daniel01@example.org,(498) 726-9059 x471,92666 Wang Spur Apt. 837,Burlington,ON,J4L 2V3,2025-05-07,Active
2319,Margaret,Dean,F,1989-02-19,36,wwilliams@example.org,1-797-674-0028,1607 Kathleen Prairie Suite 047,Kitchener,ON,N7P 2R3,2025-12-28,Active
2320,Gabriel,Daugherty,M,1989-04-17,36,larseneduardo@example.net,527-406-4708 x870,160 Miles Brook Apt. 758,Vaughan,ON,L1J6G1,2021-09-28,Active
2321,Kayla,Moody,M,1958-08-13,67,elizabeth65@example.net,+1 (407) 545-4223,69434 Anderson Springs Suite 932,Windsor,ON,N7G 2P8,2024-09-21,Active
2322,Alexandra,Olsen,F,2005-07-26,20,castrodillon@example.com,794-125-4724,03458 Decker Radial,Waterloo,ON,J5B4X7,2025-11-28,Active
2323,Kenneth,Valencia,M,1978-06-11,47,cookgina@example.org,+1 (213) 069-5707,80287 Moore Square,Kitchener,ON,L7M 6A4,2025-12-20,Active
2324,Charles,Miller,M,2003-07-23,22,clineangela@example.org,313 172 3613,01959 Frost Pike,Windsor,ON,L4P4A5,2023-08-28,Active
2325,Stephen,Cole,F,1958-02-08,67,hsantiago@example.com,522-695-6209,618 Edgar Pass Apt. 398,St. Catharines,ON,J3V2V2,2024-02-24,Active
2326,Debbie,Peters,M,1989-06-15,36,pamela75@example.net,(209) 720-4868,41292 Williams Mall,Vaughan,ON,H5C 6L7,2025-11-09,Active
2327,Angela,Hubbard,M,2006-09-05,19,christopherortiz@example.net,304-115-1669 x553,112 Decker Glen,Barrie,ON,T1Y 8Y1,2025-07-24,Active
2328,Andrew,Hoffman,M,1982-03-16,43,christinereilly@example.org,582 102 1523,71932 Mark Course Suite 791,Oshawa,ON,B2R8M8,2022-09-19,Active
2329,Randall,Dyer,F,1957-11-05,68,rivasbelinda@example.net,203-784-4576 x763,31929 Jacob Street Apt. 947,Kitchener,ON,B1B 7P8,2022-03-02,Active
2330,Dominique,Clark,F,1999-10-24,26,russell80@example.org,199-973-4829,0573 Joanna Roads Suite 305,Kingston,ON,G3P3T4,2023-12-23,Active
2331,Clinton,Adams,M,1986-10-04,39,elizabethherrera@example.com,1 (283) 160-4960,07726 Caitlin Parkways,London,ON,P6B4M3,2026-01-28,Active
2332,Donald,Clayton,F,1992-09-03,33,lindsey80@example.org,1 (876) 998-5893,1089 Kim Corners,Hamilton,ON,H6Y6Y2,2026-04-02,Active
2333,Michael,Murphy,M,2006-01-07,19,michael45@example.org,(185) 214-6111,9794 George Summit Apt. 413,Markham,ON,M3H 9S9,2024-08-09,Active
2334,Lonnie,Gilbert,F,1967-08-21,58,rmorris@example.com,+1 (703) 566-1973,76570 Cole Ranch Suite 912,Kitchener,ON,B6J 9G7,2023-06-22,Active
2335,Gregory,Jenkins,F,1981-10-01,44,ejohnson@example.org,+1 (867) 173-8233,30271 Davis Well Apt. 269,Milton,ON,C4Y 7V4,2024-01-30,Active
2336,Timothy,Evans,F,1999-08-30,26,fernandezricardo@example.org,819 124 1644,824 David Roads Apt. 748,Kingston,ON,X2V6L3,2025-08-25,Active
2337,Cole,Evans,M,1997-02-02,28,terri88@example.org,+1 (517) 473-8366,83449 Reyes Hill Suite 255,Oakville,ON,S6N 7P1,2025-11-02,Active
2338,Karen,Lopez,F,2007-12-11,18,luisbarnes@example.net,930.683.1292,34135 Vincent Cape Suite 715,Niagara Falls,ON,N9H 7P3,2022-02-26,Active
2339,Melissa,Johnson,F,1982-01-09,44,gbuckley@example.org,(829) 911-1182,58273 Juarez Rapids Suite 598,Kingston,ON,B9Y 3P5,2025-05-25,Active
2340,Martin,Conner,M,1973-02-07,52,conniereynolds@example.org,673-359-9857,25376 Boyd Station,Windsor,ON,L5C 3B1,2024-11-20,Active
2341,Debbie,Miller,M,1961-05-15,64,robert39@example.org,(407) 576-4493 x229,74232 Christopher Square,Kingston,ON,M1Y 7Y5,2022-12-11,Active
2342,James,Murray,F,1977-10-09,48,barrerajason@example.com,459.282.2496,6971 Burke Common,Waterloo,ON,N2P4M4,2021-10-01,Active
2343,Erica,Jones,F,1962-03-22,63,anthonymiller@example.net,1 (389) 911-4434,415 Martinez Lake Suite 663,Oshawa,ON,T8J 6X7,2023-02-27,Active
2344,Martha,Cline,F,1978-05-17,47,larsenkimberly@example.net,1-290-401-2724,0288 Gonzalez Plaza Apt. 745,London,ON,Y3P8S6,2023-10-17,Active
2345,Elizabeth,Tran,F,2007-01-31,18,garylittle@example.net,+1 (473) 372-6568,00451 Parsons Knolls Apt. 517,Milton,ON,T6K 1K3,2022-02-27,Active
2346,Todd,Miller,F,1965-02-06,60,jeffreyhuff@example.org,142 823 4429,22302 Lewis Bridge Apt. 723,Cambridge,ON,M5Y 5L5,2021-11-22,Active
2347,James,Guerra,F,1974-03-26,51,cynthia87@example.org,1 (354) 800-5725,9309 Laura Flat Apt. 153,St. Catharines,ON,X4H 3J1,2022-01-05,Active
2348,Daniel,Arroyo,M,1978-03-12,47,ojackson@example.com,1 (260) 980-7872,84704 Ian Union,Milton,ON,V1L 1J4,2024-02-27,Active
2349,Michele,Krueger,M,1965-02-09,60,nicole36@example.net,(615) 737-0388,2603 Jacob Lane Apt. 635,Windsor,ON,R3T 4A2,2025-12-27,Active
2350,Brady,Rose,M,1996-07-15,29,floresmark@example.org,+1 (922) 965-2211,4713 Joshua Path Apt. 291,Oshawa,ON,Y7R3B6,2025-10-30,Active
2351,Laura,Jones,M,2008-04-21,17,elizabethdavis@example.net,1-187-867-7711,933 Alex Mission,Whitby,ON,H4P2V7,2024-08-11,Active
2352,Natalie,Spencer,M,1978-12-12,47,wintersvirginia@example.org,1 (782) 091-0036,8082 Hall Overpass Suite 997,Oshawa,ON,C4P 7X6,2023-12-15,Active
2353,Matthew,Sullivan,M,1989-12-21,36,amber73@example.net,457 443 3872,42939 Christopher Station Suite 862,Burlington,ON,E6K 7V5,2024-02-04,Active
2354,Gregory,Bennett,M,1980-02-07,45,mkeller@example.net,1-128-182-6954,03801 Cody Union,Toronto,ON,L4M 4R1,2022-06-10,Active
2355,Maria,Bauer,F,1979-10-11,46,brenda27@example.net,1-403-392-1328,8400 Davis Lights,Niagara Falls,ON,K4P 1E4,2024-08-19,Active
2356,Ashley,Navarro,M,1972-07-12,53,lopezkayla@example.net,934-228-9951,3256 Smith Ports,St. Catharines,ON,Y5M6S6,2023-09-12,Active
2357,Adam,Barrera,F,1987-05-02,38,ryork@example.com,(615) 743-4797,3273 Eric Prairie Suite 043,Mississauga,ON,B2S 3E2,2026-05-26,Active
2358,Albert,Gill,F,1980-03-30,45,wberry@example.com,584-337-2417,782 Jenkins Plains,Whitby,ON,V5E 3S1,2024-11-12,Active
2359,Todd,Cooley,M,1995-03-29,30,estewart@example.net,977-842-5108 x165,711 Rich Viaduct Suite 477,Vaughan,ON,J3C8R8,2021-10-21,Active
2360,Melody,Gilbert,F,1995-04-25,30,michael54@example.org,(428) 926-2475,6802 Ortiz Square Suite 554,Sudbury,ON,C6E6V6,2024-03-02,Active
2361,Elizabeth,Rose,F,2007-12-05,18,cordovascott@example.net,1 (464) 629-5672,554 Robinson Loop,Waterloo,ON,L5K8V1,2025-01-21,Active
2362,Thomas,Odonnell,F,1982-11-10,43,xweaver@example.org,(549) 169-7157 x628,3351 Thomas Lodge,London,ON,T9V1Y4,2025-02-22,Active
2363,Lauren,Reyes,M,2001-08-03,24,bryantgordon@example.net,123-193-9020,5016 Justin Hills,Ajax,ON,A4A8B3,2025-12-23,Active
2364,Evan,Hernandez,F,1972-05-12,53,jeffrey56@example.net,+1 (705) 808-2300,928 Long Prairie Suite 556,Peterborough,ON,H1G9R2,2026-04-03,Active
2365,Nathan,Burke,M,1979-11-09,46,oconnellmackenzie@example.org,280-479-4905,488 Patricia Parkways Apt. 202,Ajax,ON,H2N2X5,2022-02-13,Active
2366,Matthew,Wang,M,1983-05-05,42,cbell@example.org,832.851.5529,286 Alvarez Crescent Apt. 233,Richmond Hill,ON,Y8G9Y1,2024-04-29,Active
2367,Margaret,Stevens,M,2005-11-13,20,twalsh@example.com,905 291 7750,92776 Flynn Field Apt. 124,Markham,ON,Y5R 4A7,2023-09-03,Active
2368,Mario,Smith,M,1987-08-16,38,garciamicheal@example.com,+1 (742) 316-4219,6108 Flores Port,St. Catharines,ON,A7T4Y9,2025-08-15,Active
2369,Austin,Castillo,M,1965-04-02,60,mistyarnold@example.net,1-583-751-6061,351 Hayes Camp,Cambridge,ON,V6M 3S5,2024-03-11,Active
2370,James,Douglas,M,1972-02-26,53,claynathan@example.com,1-553-349-5692,38598 Blankenship Union,Windsor,ON,S9X1M9,2025-04-09,Active
2371,Elizabeth,Velazquez,F,1975-04-01,50,amymartin@example.net,643-236-2982 x599,14068 Goodwin Center Apt. 067,Burlington,ON,T3E1C2,2021-12-04,Active
2372,Ryan,Meadows,M,1962-03-16,63,marialopez@example.net,855-641-9903,970 Carr Extensions,Sudbury,ON,A2N 3S2,2024-07-29,Active
2373,Belinda,Benson,F,1989-08-20,36,michaelking@example.net,878-835-9944,512 Meredith Brooks,Waterloo,ON,P1N8A1,2022-02-10,Active
2374,Adam,Fuller,M,1972-04-23,53,sean63@example.com,1-415-136-1240,12782 Smith Cove Suite 602,Waterloo,ON,A4G6R7,2024-05-02,Active
2375,Brittany,Clarke,F,1984-11-12,41,eric91@example.org,962-916-9670,38782 Smith Fields,Oshawa,ON,B8B1C5,2023-10-31,Active
2376,Alexander,Valencia,M,1971-07-07,54,bennettnicholas@example.org,661 244 3374,896 Timothy Fork Suite 707,Waterloo,ON,M6S 8H9,2024-06-01,Active
2377,Robert,Wyatt,M,1984-01-01,42,mary50@example.com,228-236-0835 x233,77028 Scott Plaza Apt. 823,Richmond Hill,ON,J2C 3T4,2021-11-25,Active
2378,Jennifer,Hensley,F,1989-05-08,36,michaelwest@example.com,+1 (846) 846-7194,3951 Wilson Overpass,Ajax,ON,L4A 5N8,2023-11-04,Active
2379,Mary,Perez,F,1989-09-21,36,nicholascampbell@example.org,1-456-486-7115,730 Jason Circles Suite 046,Peterborough,ON,B6V 1B2,2025-05-29,Active
2380,Leslie,May,M,1963-11-05,62,richardrichardson@example.org,1 (470) 136-3249,571 Aguilar Throughway Suite 991,Cambridge,ON,Y1G5N7,2021-12-27,Active
2381,Timothy,Lewis,F,1977-06-06,48,rsawyer@example.com,718.563.0690,131 Danny Crossroad Suite 466,Mississauga,ON,N2E 3R4,2023-01-02,Active
2382,Jennifer,Miller,F,2002-11-30,23,philipharris@example.org,190-658-2283,463 Gaines Common,Hamilton,ON,P2N7S9,2025-01-06,Active
2383,Joseph,Gill,F,1989-07-04,36,steeleangela@example.net,712 030 8273,656 Fields Lodge,Burlington,ON,P1L6H9,2025-09-26,Active
2384,Shannon,Barron,M,1964-08-01,61,yoderkevin@example.com,1 (967) 016-2998,491 Haney Knolls Suite 914,Niagara Falls,ON,E7R1X6,2022-07-01,Active
2385,Jeffrey,Nunez,F,2000-05-30,25,alexander08@example.org,(392) 449-0091 x542,432 Emily Avenue,Peterborough,ON,L5X6T4,2022-12-04,Active
2386,Dana,Martinez,M,1991-01-25,34,kbanks@example.net,125-735-9728,6746 Jacobs Gateway Apt. 516,Sudbury,ON,X3V8L1,2026-01-20,Active
2387,Christina,Stevenson,F,1992-12-29,33,monicaolsen@example.net,1 (687) 980-6665,8853 John Meadow,Ajax,ON,T5J1A1,2021-11-06,Active
2388,Nicholas,Carson,M,1975-11-21,50,fharrison@example.org,568 761 2884,2533 Smith Extension,Peterborough,ON,A8Y8X6,2026-06-13,Active
2389,Troy,Odom,F,2004-09-15,21,sheilawheeler@example.com,1-563-428-5357,06652 Perez Station Suite 552,Ajax,ON,B7C 7V7,2025-11-23,Active
2390,Jenna,Martinez,F,1989-04-28,36,mpowers@example.org,159-257-9776 x680,73137 Kathy Terrace,Sudbury,ON,C6G9N6,2023-12-09,Active
2391,Natalie,Melendez,F,1986-09-03,39,josephsoto@example.org,819.906.4369,944 Keller Mountain Suite 920,Milton,ON,B9J3E8,2025-12-03,Active
2392,Katelyn,Barnett,M,1976-03-20,49,danielsingh@example.net,+1 (877) 108-6694,028 Bridget Mountain,Markham,ON,V3X 8P9,2023-10-04,Active
2393,Aaron,Gonzalez,M,2005-10-08,20,collinscole@example.net,999-167-1613 x701,07355 Megan Passage,Ajax,ON,P8E2G1,2023-06-11,Active
2394,Jeffery,Mason,M,1990-11-08,35,kylemendez@example.net,978-941-5679 x780,476 Matthew Street Suite 723,Cambridge,ON,M8R 9C2,2025-12-22,Active
2395,Brian,Shelton,M,1981-05-18,44,brucewashington@example.com,1-811-894-7471,868 Ferguson Plain,Waterloo,ON,K5Y7H9,2023-10-26,Active
2396,Amanda,Cannon,F,1989-04-29,36,oneilljeffrey@example.org,773-152-8159 x043,291 Neal Springs,Ajax,ON,J2M3N9,2023-04-14,Active
2397,Wendy,Lee,M,1983-07-07,42,shawpatricia@example.net,(417) 911-5987 x248,06741 Mayer Crescent Apt. 398,Kitchener,ON,J9V 9R8,2024-02-25,Active
2398,Kimberly,Cobb,M,1988-02-08,37,margaretmartinez@example.net,(267) 523-5637,897 James Junctions,Windsor,ON,C9J6A3,2023-01-18,Active
2399,Neil,Perez,M,1960-08-08,65,bradleymcgee@example.com,921-871-6345 x784,974 Jason Fort,Sudbury,ON,G7J 3L8,2025-12-19,Active
2400,Jeremy,Chan,M,1999-12-13,26,andersontheresa@example.org,310-383-3311,744 Thompson View Suite 966,Richmond Hill,ON,M3G 4X8,2023-10-08,Active
2401,William,Rodgers,F,1967-12-24,58,walkerlisa@example.com,+1 (571) 237-8689,83645 Miles Plains,Guelph,ON,T5K 9P2,2023-08-31,Active
2402,Anna,Leach,M,1961-06-25,64,johnsonjody@example.org,+1 (582) 924-5909,15563 Melissa Square Suite 258,Burlington,ON,X3G5C1,2022-04-22,Active
2403,Danny,Johnson,F,1967-08-28,58,christine09@example.net,431-331-2568 x096,936 Johnston Highway Suite 570,Milton,ON,T9H 6V4,2026-07-06,Active
2404,Pamela,Rice,M,1986-06-14,39,ygreen@example.com,936-414-9286 x401,12900 Jessica Summit,Milton,ON,A4T 7S7,2024-08-17,Active
2405,Adam,Davis,M,2007-10-09,18,jackrice@example.org,925.285.5202,52833 Amy Junction,Niagara Falls,ON,V8Y7S4,2025-03-28,Active
2406,Jerry,Pratt,F,1964-11-18,61,dsmith@example.org,146-835-2415,5233 Webb Stravenue Apt. 916,Vaughan,ON,B1G7X6,2026-04-06,Active
2407,Dennis,Forbes,M,1961-09-13,64,davisedwin@example.com,1-501-296-7642,7671 Lisa Dam Suite 782,Toronto,ON,E6K 9G9,2025-06-23,Active
2408,Richard,Becker,M,2000-09-03,25,monicasmith@example.net,1 (836) 612-1123,148 Eric Trace,Mississauga,ON,N5X 8T5,2025-05-21,Active
2409,David,Roberts,M,1962-12-26,63,john42@example.net,(583) 351-1582 x702,85923 Campbell Unions Apt. 321,Niagara Falls,ON,C1L 2V2,2024-01-25,Active
2410,Rebecca,Mosley,M,1964-04-15,61,owalker@example.org,610-762-3785,1230 Ryan Inlet Apt. 021,London,ON,A4S 3R7,2023-11-07,Active
2411,Nathan,Blevins,M,1968-09-29,57,william28@example.net,+1 (646) 412-6630,328 Jim Circles Suite 773,Niagara Falls,ON,M6K5J7,2024-05-05,Active
2412,Jennifer,Bryan,M,1981-03-14,44,thomas95@example.net,180-668-6609 x685,6638 Hardy Fork Apt. 884,Mississauga,ON,B6C 9T1,2026-04-13,Active
2413,Patricia,Wood,M,1970-10-27,55,ubrown@example.com,238 025 5578,463 Elizabeth Key Apt. 467,Oshawa,ON,T4B8G6,2026-05-04,Active
2414,Emma,Rodriguez,F,1977-06-28,48,ferrellisaiah@example.com,+1 (924) 167-4974,396 Kristin Parkways Apt. 182,Ajax,ON,E5Y 9E6,2021-10-01,Active
2415,Melissa,Kim,M,1978-08-10,47,qwright@example.com,360-882-4792,783 Connie Station,Markham,ON,T4H 9H1,2025-04-27,Active
2416,Kristina,Reed,F,1983-03-22,42,fernandocrawford@example.com,505-503-7181 x962,6590 Berg Vista Apt. 497,Burlington,ON,T6L2M1,2022-02-16,Active
2417,Ashley,King,M,1991-09-08,34,michael56@example.org,(721) 791-4018,57161 Smith Drive Suite 272,Brampton,ON,G6L 5P7,2024-06-22,Active
2418,Ryan,Baker,F,1981-01-03,45,kyle39@example.com,275.723.0896,694 Huerta Keys,Cambridge,ON,C8T3J4,2023-01-05,Active
2419,Wendy,Thomas,M,1991-09-02,34,matthewpeterson@example.com,+1 (363) 768-2874,437 Julie Port Apt. 815,Milton,ON,X8L 7L7,2024-09-23,Active
2420,Amy,Anderson,F,1981-09-22,44,qlee@example.net,721 693 3753,3269 Robinson Walks,Waterloo,ON,X5Y1G2,2024-08-10,Active
2421,Courtney,Wilson,M,2006-07-30,19,micheleperkins@example.net,1-370-348-9931,499 Angela Ports Apt. 174,Markham,ON,L7P8X4,2025-11-04,Active
2422,Colton,Taylor,M,1963-02-05,62,djones@example.org,301-029-2718,909 Baker Summit,Niagara Falls,ON,P6A1V5,2023-08-11,Active
2423,Dennis,Craig,F,1960-04-24,65,travis41@example.org,+1 (773) 964-5067,6117 James Stream,Markham,ON,J1C9E9,2022-07-28,Active
2424,Melissa,Kane,F,1989-03-19,36,ashleymoore@example.org,+1 (874) 130-4504,424 Alice Ways Suite 390,Windsor,ON,V7E 6J2,2024-09-24,Active
2425,Brian,Reynolds,M,2006-06-29,19,martinreed@example.net,+1 (494) 471-0792,551 Shawn Isle Suite 570,Cambridge,ON,V3Y 2H5,2023-11-14,Active
2426,April,Stanley,F,1963-05-05,62,gwendolynthompson@example.org,(310) 846-1759,9938 Bowman Pass Suite 882,Waterloo,ON,X7Y 8R3,2026-01-09,Active
2427,Shelley,Nguyen,M,1962-06-05,63,ortegaregina@example.net,846.358.0805,3392 Cheryl Course,Peterborough,ON,X5R 4H9,2021-09-12,Active
2428,Cody,Klein,M,2003-05-14,22,dawsonjennifer@example.net,(265) 030-6665 x575,238 Kristopher Brooks Apt. 666,Hamilton,ON,G9G 2P7,2021-08-12,Active
2429,Shirley,Clark,F,2005-01-14,20,lpage@example.net,1-550-549-5222,9422 Michael Parkways Suite 927,Kitchener,ON,P1E4K8,2026-05-17,Active
2430,Lisa,Kennedy,M,1964-06-30,61,arieldavis@example.com,422-680-8146,0666 Campbell Valleys Suite 913,London,ON,A2N2V4,2025-09-13,Active
2431,Debra,Lowe,F,2001-06-18,24,lucascoleman@example.com,557 832 1684,5520 James Extension Apt. 573,Windsor,ON,E3L1B8,2022-02-24,Active
2432,Michelle,Crawford,M,1981-08-01,44,howellbrian@example.com,1-860-828-2192,5755 Chelsea Route,Markham,ON,V4S 4V1,2022-05-30,Active
2433,James,Smith,M,1965-09-24,60,sharon51@example.net,516.088.6216,02781 Jacob Extensions Suite 485,Whitby,ON,E7V 9H3,2026-05-13,Active
2434,Michael,Vazquez,F,1997-06-15,28,robert19@example.org,612-484-4171,3961 Tracy Plains Apt. 152,Brampton,ON,L3J 7V6,2022-01-31,Active
2435,Diane,Arroyo,M,2000-07-27,25,jacobhurley@example.com,(753) 748-5804 x827,33693 Mary Creek Suite 720,Richmond Hill,ON,Y3B 6C8,2022-09-24,Active
2436,Geoffrey,Williams,M,1989-08-16,36,ystevens@example.net,(838) 066-5256,5343 Sanchez Locks,Markham,ON,B8G2S6,2022-10-20,Active
2437,Leon,Castillo,F,1970-11-26,55,adam49@example.net,971 108 3790,804 Elaine Path Suite 567,St. Catharines,ON,Y5P 9S9,2021-11-15,Active
2438,David,Taylor,F,1957-11-10,68,cherylfinley@example.com,(121) 596-3604,5171 Hudson Valleys,Ajax,ON,G2X6K4,2026-01-05,Active
2439,Robert,Garcia,M,1982-09-16,43,brooksandrea@example.org,453-495-8756 x744,22503 Hannah Highway Suite 778,Sudbury,ON,V3K 7G6,2023-12-22,Active
2440,Kenneth,Robertson,F,2007-02-16,18,mackenziegoodman@example.net,477-842-6597 x984,01711 Nancy Ferry Apt. 081,Oakville,ON,T1G 4R5,2023-08-04,Active
2441,Kimberly,Delacruz,F,1966-10-24,59,chavezchristina@example.org,(767) 396-3699,787 Andre Mount,Waterloo,ON,N9J4Y3,2022-05-08,Active
2442,Thomas,Parker,F,1961-06-02,64,williamthomas@example.org,+1 (243) 035-9018,21050 Luke Gateway,St. Catharines,ON,H5A 7M8,2025-08-24,Active
2443,Mary,Schultz,M,1987-12-02,38,heatherhorton@example.com,1 (645) 521-8085,8634 Brown Forges Apt. 950,Sudbury,ON,A1Y9E5,2025-09-07,Active
2444,Gregory,Bright,M,2001-07-15,24,mperry@example.net,(380) 242-7434 x184,50481 Stephens Fort Suite 831,Guelph,ON,H5L8K4,2026-02-27,Active
2445,Luis,Raymond,F,1981-12-03,44,bgonzalez@example.org,(655) 619-0806 x342,772 White Row Suite 622,Oshawa,ON,X9H2L9,2022-04-12,Active
2446,Sherry,Benjamin,M,1972-03-16,53,jenniferhuffman@example.com,642 009 2996,070 Acosta Ville,St. Catharines,ON,C2X6X9,2023-03-02,Active
2447,Jennifer,Hernandez,F,1993-06-07,32,nmatthews@example.com,+1 (525) 591-6543,0973 Crystal Court Apt. 281,Brampton,ON,A1E 2Y4,2025-10-31,Active
2448,Darlene,Williams,F,1991-08-10,34,alexislee@example.com,343 440 4890,7207 Trevino Orchard,Markham,ON,G5V 4S2,2022-02-23,Active
2449,Ann,Wang,M,1965-12-23,60,lnguyen@example.net,487 048 5959,726 Charlene Turnpike Suite 971,Oshawa,ON,X6T5V2,2022-01-07,Active
2450,Lacey,Sanders,M,1971-11-27,54,krios@example.com,191-617-1027 x630,573 Kenneth Drive,Toronto,ON,C5E 4J8,2023-02-27,Active
2451,Todd,Ortiz,M,2005-09-09,20,ygreer@example.com,1-120-986-6645,73181 Adams Estates Apt. 020,Niagara Falls,ON,C5R 5V4,2023-06-30,Active
2452,Jeffrey,Gonzalez,M,1961-04-01,64,william24@example.org,+1 (685) 889-3813,6247 Jacob Springs,Ajax,ON,T6B4G9,2026-07-30,Active
2453,Erin,Underwood,M,1992-12-28,33,lschroeder@example.org,699-220-8969,517 Howell Grove,Peterborough,ON,P4H5P7,2021-08-21,Active
2454,Susan,Stanley,F,1984-09-26,41,beardleon@example.org,+1 (613) 775-3424,53685 Cohen Valleys,Oakville,ON,J5E 6E4,2024-06-22,Active
2455,Gina,Wang,F,1963-12-25,62,hmendoza@example.org,1 (940) 635-1609,145 Blackburn Field Apt. 386,Guelph,ON,S2N 3P9,2022-03-06,Active
2456,Veronica,Nelson,M,1960-03-11,65,fprice@example.org,749-078-2433,0630 Michael Via,Hamilton,ON,R3R 5Y1,2023-07-10,Active
2457,Jason,Holmes,F,1996-05-10,29,mariabarber@example.com,817.495.3876,644 Jerry Squares Apt. 547,Guelph,ON,R1A1Y8,2024-09-05,Active
2458,Randy,White,F,1991-12-21,34,parkercolleen@example.net,(610) 250-7853 x733,06723 Samantha Pines,Oshawa,ON,L8S 7R8,2021-12-28,Active
2459,John,Sanders,F,1986-02-11,39,pmeyer@example.net,538-129-4657 x602,46902 Burke Light,Niagara Falls,ON,S1S 2M8,2022-12-04,Active
2460,Samantha,Lyons,F,1987-02-05,38,pageandrew@example.org,(178) 332-0671 x467,28691 Julie Crossing,Markham,ON,V6N3H9,2023-02-07,Active
2461,Amanda,Lee,F,1968-05-13,57,michelethomas@example.org,570.507.5780,941 Kimberly Grove Apt. 887,Richmond Hill,ON,B3P7K9,2025-06-12,Active
2462,Steven,Brown,M,1976-08-07,49,sblack@example.com,581.476.2221,119 Anderson Turnpike Suite 533,St. Catharines,ON,R4T 6T5,2022-11-16,Active
2463,Michael,Henderson,F,1995-04-24,30,nicoleyork@example.com,877 185 5168,01848 Howard Hill Apt. 356,Guelph,ON,S6E7C5,2025-12-26,Active
2464,Travis,Collins,F,1973-01-26,52,heatherhoward@example.org,(361) 817-3143 x090,8183 Morrison Curve,Windsor,ON,X4T8E4,2024-05-25,Active
2465,Heather,Wright,F,1995-05-09,30,avilakristi@example.org,1-232-405-0491,081 Jesse Mountains,Whitby,ON,G8L5C3,2026-04-17,Active
2466,Robert,Andrade,F,1991-02-16,34,johnny85@example.org,810-211-3340,2663 Sandra Island,Oshawa,ON,L6X 6V4,2026-05-14,Active
2467,Pamela,English,F,1991-02-14,34,uwelch@example.net,+1 (832) 386-6429,224 Davis Stravenue Suite 539,Niagara Falls,ON,V4T7P3,2025-11-16,Active
2468,Donald,Mcintyre,F,1995-09-05,30,juliearnold@example.org,179-024-7567,702 Jose Via Suite 550,St. Catharines,ON,L4Y 5G8,2025-05-31,Active
2469,David,Adams,M,1985-12-02,40,elizabeth75@example.com,(717) 067-8367,696 Andrews Stravenue,Burlington,ON,X1R 9K3,2023-03-15,Active
2470,Susan,Lucas,M,1999-09-16,26,smithjoseph@example.org,+1 (570) 404-9222,666 Kimberly View,Richmond Hill,ON,L5B7R3,2023-12-03,Active
2471,Karen,Coleman,M,1985-06-05,40,zacharysmith@example.org,737.587.8077,5831 Emily Roads Apt. 297,Burlington,ON,N5G9S4,2024-07-15,Active
2472,Grace,Garrett,M,1982-11-08,43,tmayo@example.org,(295) 543-4054,255 Kristin Passage Apt. 786,Cambridge,ON,V9G8Y4,2023-10-02,Active
2473,Kelsey,Smith,M,1975-07-09,50,michaellewis@example.net,(799) 525-8000,80098 Sanchez Stream,Hamilton,ON,R4R 8P4,2025-08-03,Active
2474,Christopher,Roach,F,1973-02-05,52,smithcody@example.net,1 (287) 301-9244,48222 Murray Keys,Ajax,ON,E6N3C9,2025-12-08,Active
2475,Kathryn,Pollard,M,1971-05-13,54,fbarber@example.net,+1 (290) 213-8686,839 Sharp Parks,Kingston,ON,G3V1E5,2022-05-19,Active
2476,Mariah,Jimenez,F,1957-06-21,68,hgarcia@example.org,+1 (144) 337-3090,2991 Chelsea Green,Windsor,ON,A7L 4B4,2022-02-26,Active
2477,Preston,Harris,M,1980-11-04,45,ledale@example.com,+1 (719) 158-5308,6319 Cooper Drives Apt. 621,Vaughan,ON,J7S 6C5,2022-09-17,Active
2478,David,Holland,M,1971-12-27,54,pperez@example.net,+1 (323) 763-4596,53522 Warner Greens Apt. 766,Brampton,ON,B5S6N3,2024-10-10,Active
2479,Joseph,Johnston,F,1989-02-20,36,chavezryan@example.org,1-893-273-8488,00594 Stephanie Mountains Apt. 690,Milton,ON,E8J3C9,2023-04-26,Active
2480,Edwin,Pham,M,2004-10-09,21,brandonwise@example.net,+1 (646) 028-8368,601 Cardenas Pike Apt. 439,Brampton,ON,Y9Y 7C7,2023-12-10,Active
2481,Kenneth,Fisher,M,1999-03-29,26,cynthia30@example.com,120-780-2827 x398,77476 Anthony Tunnel Suite 105,Oshawa,ON,V9Y 7M1,2021-11-23,Active
2482,Robin,Taylor,M,1976-02-03,49,morenoryan@example.net,655-077-8843,918 Keith Street,Sudbury,ON,N7B 6H3,2026-01-01,Active
2483,Ashley,Hatfield,M,2001-11-21,24,tina73@example.org,677-810-8813 x057,00316 Forbes Club Apt. 923,Markham,ON,R5P 3C5,2022-08-26,Active
2484,Susan,Mcmahon,F,1988-01-23,37,alexandrarowe@example.org,+1 (845) 338-4524,97357 Amanda Vista Apt. 853,Burlington,ON,G6J 2E3,2022-01-30,Active
2485,Joseph,Shaffer,F,1992-09-26,33,mweaver@example.com,787-467-4090,3563 Vanessa Burg,Peterborough,ON,K2H 2C6,2021-09-01,Active
2486,Kayla,Mercado,M,2007-12-21,18,erin86@example.net,914.163.5557,45747 Maurice Points Suite 857,Oakville,ON,V4C5R5,2024-02-02,Active
2487,Sergio,Gonzalez,M,1985-11-10,40,berrynicole@example.com,1 (830) 453-7074,14396 Megan Corner,St. Catharines,ON,X4H 1T8,2024-12-04,Active
2488,Scott,Owens,F,1958-12-12,67,normandanielle@example.com,641.745.0115,85719 Flores Corners,Vaughan,ON,L9L6T9,2024-06-14,Active
2489,Sarah,Salazar,M,1994-05-31,31,fmoore@example.net,989-748-5420,813 Rodriguez Rest Apt. 477,Cambridge,ON,X4S 1V9,2023-05-21,Active
2490,Paul,Gray,F,2007-09-01,18,christinawhite@example.org,1 (213) 401-7497,641 Manuel Streets,Kitchener,ON,E1X9N2,2024-12-27,Active
2491,Angela,Holt,M,1977-04-29,48,mharris@example.com,(565) 179-3852 x527,46571 Walker Vista Suite 715,Kitchener,ON,Y4T1H7,2021-08-12,Active
2492,Laura,Duncan,M,1998-09-21,27,austinandre@example.org,(929) 635-5325 x878,22124 Lang Vista Suite 161,Markham,ON,R5L9N4,2025-05-19,Active
2493,Joshua,Lewis,M,1958-02-13,67,vaughngloria@example.com,328 974 3476,17139 Williams Plaza Apt. 892,Markham,ON,S3S 5G2,2026-06-12,Active
2494,Richard,Wells,M,1976-05-27,49,atran@example.com,+1 (710) 621-7562,38331 Kevin Manor,Richmond Hill,ON,R4V8V9,2024-05-11,Active
2495,Kristin,Ortega,M,1987-05-14,38,jenna38@example.com,(351) 596-9813 x221,543 Brandy Burg Apt. 253,Sudbury,ON,E4M9L1,2023-04-25,Active
2496,Stephanie,Watkins,M,2003-08-16,22,shaneblack@example.org,1-904-665-0463,823 Robert Plain,Vaughan,ON,Y4R 2R6,2022-05-20,Active
2497,Mackenzie,Ramos,M,1981-11-14,44,yroberts@example.org,835-660-9446,0047 Camacho Lodge Apt. 578,Windsor,ON,S9E3R7,2024-05-24,Active
2498,Dorothy,Grant,F,2001-08-15,24,mosesrachel@example.org,(610) 871-7682 x156,022 Perez Mountains Apt. 411,Oshawa,ON,R8K 8C7,2022-06-29,Active
2499,Adam,Dorsey,F,1999-05-14,26,michaelalvarez@example.net,1-117-087-0145,8046 Gallegos Mountains Suite 552,Sudbury,ON,S5S2R6,2025-12-15,Active
2500,Stephen,Buchanan,M,2005-05-20,20,williamsonmary@example.com,(145) 174-3881 x804,563 Drake Station,Peterborough,ON,K2G8H9,2022-11-19,Active
2501,Christopher,Bentley,M,1961-03-22,64,gsavage@example.com,1 (796) 313-6439,97640 Cassidy Vista,Ajax,ON,G8T 6G2,2023-01-04,Active
2502,Cody,King,M,1994-01-30,31,scott16@example.net,+1 (755) 208-6207,421 Johnson Skyway Apt. 188,Burlington,ON,T9P7T3,2021-11-27,Active
2503,Diana,Rice,F,2001-07-10,24,zallen@example.org,509 628 6860,99975 Hobbs Circle Suite 185,Brampton,ON,R7X 3X1,2023-02-17,Active
2504,Shaun,Robertson,F,2007-11-09,18,lloydlaurie@example.net,641.088.2652,6907 James Summit Suite 480,Burlington,ON,X5V1J6,2025-10-19,Active
2505,Tiffany,Marshall,F,2002-04-10,23,spencer39@example.com,+1 (634) 315-2082,298 Mark Trail,Sudbury,ON,H7Y8C3,2025-04-19,Active
2506,Sherry,Buchanan,M,1979-09-24,46,chad00@example.org,283 449 2073,370 Matthew Fords,Waterloo,ON,V2Y7N6,2022-05-09,Active
2507,Mark,Morse,F,1971-11-27,54,nhill@example.com,968-979-9032 x384,500 Corey Lakes,Cambridge,ON,J2P9L4,2022-06-19,Active
2508,Carol,Blankenship,M,1958-10-10,67,ronaldmorris@example.com,1 (823) 662-6437,7899 Tyler Cape,Niagara Falls,ON,X7V 3G2,2023-12-03,Active
2509,Gary,Case,M,1983-08-25,42,phamjoseph@example.net,594-769-3257 x260,092 Craig Tunnel Apt. 803,Oshawa,ON,Y3Y 6A4,2026-03-05,Active
2510,Tracie,Hickman,M,1964-01-28,61,scott12@example.com,1-797-787-2685,0528 Young Branch Suite 434,Guelph,ON,L6S 3L3,2021-10-15,Active
2511,Ann,Mullen,M,1988-06-08,37,kristawright@example.net,(954) 378-2625 x945,521 Munoz Motorway,Whitby,ON,V7R1V3,2025-06-10,Active
2512,Juan,York,F,1996-12-02,29,rodriguezkathleen@example.org,205 488 0372,878 Phillips Summit Suite 056,Ajax,ON,Y8R 5B9,2023-04-02,Active
2513,William,Stevens,M,1966-05-03,59,matthew22@example.net,(639) 247-2081 x727,58939 Thompson Ports Suite 237,Kingston,ON,E3C2E4,2024-06-04,Active
2514,Daryl,Morales,F,2001-01-12,24,scottbartlett@example.net,462-202-1544 x238,758 Petersen Mountain Suite 027,Ajax,ON,R3G 3A8,2023-04-11,Active
2515,Cindy,Daniel,F,1975-06-04,50,edward30@example.com,1 (214) 246-9637,996 Marsh Expressway,Whitby,ON,P9R2Y2,2022-03-16,Active
2516,Betty,Garza,F,1997-02-14,28,monique69@example.com,411.723.4660,013 Troy Pike,Oakville,ON,C4X7B4,2025-08-14,Active
2517,Joseph,Obrien,F,1968-04-11,57,carrilloashley@example.org,787 171 8560,48981 Meadows Squares Apt. 201,Peterborough,ON,V6K 9P4,2025-12-16,Active
2518,Lisa,Graham,M,1960-08-07,65,martinlisa@example.net,669.404.9636,829 Jamie Crescent,St. Catharines,ON,A7B7E7,2023-10-05,Active
2519,Danielle,Wilkinson,F,2003-01-23,22,richard24@example.com,1 (953) 810-9042,5851 Nicole Wall Suite 275,St. Catharines,ON,P5X4C1,2026-03-14,Active
2520,Katie,Bender,F,1964-03-05,61,michael99@example.org,746-621-6785 x557,8789 Shawn Forest,St. Catharines,ON,G1R 9L3,2022-01-23,Active
2521,Ashley,Delgado,F,1971-02-20,54,powellmary@example.com,+1 (931) 887-1879,51960 Hunter Circle,Richmond Hill,ON,A9N2P5,2024-11-26,Active
2522,Erin,Moore,M,1986-08-29,39,danny75@example.org,(209) 158-8490 x289,1109 Lynch Turnpike,Niagara Falls,ON,J6R 9H5,2026-01-24,Active
2523,Jennifer,Smith,M,2006-08-31,19,mariefarrell@example.org,460 808 2872,5665 Lowe Manors Apt. 026,Milton,ON,R1N 1X1,2024-10-19,Active
2524,Donna,Clayton,M,1969-09-25,56,wgrant@example.net,1-416-511-6399,733 Morgan Station,Oshawa,ON,X8K8V1,2023-02-02,Active
2525,Jennifer,Herman,M,1966-04-24,59,carrollmatthew@example.net,830-695-6945,145 Allison Forge Suite 515,Peterborough,ON,M6K3M1,2022-05-12,Active
2526,Daniel,Carter,M,1993-10-03,32,brianramirez@example.org,(683) 280-2873,941 Scott Track,Richmond Hill,ON,C5T6Y9,2024-01-16,Active
2527,Patrick,Thompson,F,1974-06-11,51,thomas43@example.org,616.478.9610,607 Mann Freeway,Kingston,ON,A1T 5P4,2025-03-25,Active
2528,Julia,Herring,M,1961-08-18,64,zsmith@example.org,(715) 933-6883 x011,4166 Elizabeth Gateway,Sudbury,ON,V2S2K8,2025-07-10,Active
2529,Susan,Wilson,F,1965-06-10,60,taramiller@example.com,888-745-3518,85847 Fletcher Track Suite 795,Oakville,ON,J9N 9P1,2024-10-22,Active
2530,Francisco,Cook,F,1967-12-13,58,chelsea74@example.net,(676) 970-4220 x244,37024 Dustin Green,Waterloo,ON,X8V 9Y6,2024-07-15,Active
2531,Rebecca,Warren,F,2000-01-24,25,bgrant@example.com,649.169.6801,01184 Michael Ferry Suite 405,Brampton,ON,V3N 2X2,2024-09-30,Active
2532,Michael,Sellers,F,1975-08-25,50,roberta20@example.net,159-177-6640 x072,25857 Jennifer Estate,Richmond Hill,ON,V2E6G8,2024-03-31,Active
2533,Danielle,Rose,M,1975-12-02,50,robertschristina@example.com,1 (809) 421-6921,7977 Samantha Isle Apt. 006,Brampton,ON,T5V 5Y5,2023-06-08,Active
2534,Elizabeth,Whitaker,F,2000-09-21,25,cayala@example.org,636-873-3911,01313 Andersen Neck Suite 227,Milton,ON,J5N2G5,2022-09-24,Active
2535,Joseph,Wilson,M,1983-10-25,42,sara88@example.org,944-880-1927 x637,82509 Taylor Stream Apt. 452,Sudbury,ON,L1J 5A1,2023-08-18,Active
2536,Jennifer,Butler,F,2001-03-23,24,scott95@example.org,(165) 614-0354 x406,3258 Massey Plain,Niagara Falls,ON,V2C1H7,2024-09-16,Active
2537,Martha,Wood,M,1994-08-31,31,csanchez@example.net,(841) 270-8345,71102 Gross Drive,Windsor,ON,N9T8K4,2026-06-23,Active
2538,Stacy,Jones,M,1991-08-24,34,rreese@example.org,750-465-7846,71312 Williams Forks Apt. 653,Milton,ON,K9K6T1,2022-10-31,Active
2539,Michael,Allen,M,1979-06-06,46,nathan49@example.net,408 675 0193,3659 Kari Forges Apt. 763,Waterloo,ON,S2X5P3,2026-03-21,Active
2540,Brian,Paul,M,1981-09-09,44,mitchell31@example.net,(984) 366-1135,7750 Crystal Motorway Suite 998,Oshawa,ON,B2C 9E2,2024-06-13,Active
2541,Michael,Weaver,M,2000-07-15,25,jenniferwilliams@example.org,907.910.8779,745 Sanchez Mountains,Waterloo,ON,T4H 1Y1,2024-06-16,Active
2542,Robert,Hall,F,1995-10-22,30,gstout@example.com,322-274-2178,1050 Janet Point Apt. 255,Waterloo,ON,G9C 4J1,2024-02-17,Active
2543,Pamela,Lewis,M,1968-04-15,57,ryan26@example.com,240 017 4259,473 Katie Way Apt. 670,London,ON,S1H6X7,2021-09-07,Active
2544,Lori,Oconnell,M,1963-09-14,62,alec47@example.com,700.275.7898,781 Ryan River Apt. 248,Hamilton,ON,X6S 4R7,2026-02-06,Active
2545,Teresa,Wiley,F,1981-02-24,44,brandonmartin@example.net,427-573-1829 x131,607 Lisa Oval,Richmond Hill,ON,R3G3H6,2022-12-09,Active
2546,Leah,Nicholson,M,1976-02-10,49,mbrennan@example.net,466 919 7696,24159 Velasquez Radial,Markham,ON,T5L8Y2,2026-01-18,Active
2547,Tyler,Adkins,M,2000-09-12,25,kathryn56@example.com,(730) 988-9081 x550,33562 Huber Trail Suite 085,St. Catharines,ON,N6C8M3,2026-07-10,Active
2548,Anna,Gray,F,1992-03-30,33,fitzgeraldmark@example.com,952-671-6977,767 David Plaza,Milton,ON,G6L 7V1,2023-03-19,Active
2549,Hayley,Cameron,F,2001-04-14,24,emcintosh@example.com,420-241-9053 x626,85690 Newman Lane Apt. 566,Markham,ON,M1X2E2,2023-12-26,Active
2550,Thomas,Winters,F,1997-06-13,28,maystara@example.com,1-539-960-6752,507 Greg Mission Apt. 588,Milton,ON,E3K9G8,2023-05-11,Active
2551,Denise,Walter,M,2008-03-16,17,johnsonrandall@example.com,582.943.0504,173 Andrew Lock,Milton,ON,V8Y1T5,2022-01-27,Active
2552,Jon,Anderson,F,1973-01-08,53,teresa21@example.com,+1 (468) 292-7307,0734 Floyd Manor,St. Catharines,ON,N1Y1M8,2022-11-16,Active
2553,Scott,West,M,1987-04-29,38,travisbrown@example.net,1 (553) 166-5043,466 Cynthia Mills Suite 162,Peterborough,ON,B9H 3L9,2025-07-28,Active
2554,Christopher,Barker,M,2000-07-07,25,bradleymoran@example.org,1 (975) 226-2554,52293 Monica Creek,St. Catharines,ON,V6R 2Y5,2023-05-04,Active
2555,Michelle,Howard,F,1959-09-21,66,taylorlisa@example.net,(866) 800-1563 x143,14389 Jennifer Stravenue Suite 463,Mississauga,ON,Y2N2G1,2022-03-15,Active
2556,Carolyn,Willis,M,2000-10-13,25,brianmendoza@example.com,472-975-3335 x657,460 Traci Street,Milton,ON,N4H4R9,2024-08-29,Active
2557,Hector,Simmons,F,1982-07-09,43,twilliams@example.org,690-873-3381 x697,8388 Bond Key,Ajax,ON,Y6E5J7,2025-02-14,Active
2558,Rita,Taylor,M,1990-01-29,35,owalls@example.net,(696) 886-0102,982 Holt Summit Suite 146,Peterborough,ON,J8G6T5,2026-04-12,Active
2559,Miguel,Barry,M,2001-09-27,24,karenfrost@example.com,536-289-9554,9289 Smith Expressway Suite 898,Cambridge,ON,G9C 6E9,2025-12-01,Active
2560,Lisa,Guzman,F,1973-12-03,52,meganwood@example.net,(165) 095-2563 x080,38107 Mckee Extensions,Oakville,ON,B1A4C2,2022-04-14,Active
2561,Elizabeth,Thomas,M,1959-01-04,67,lindsey47@example.com,+1 (422) 696-4076,18634 Higgins Island Suite 706,Kingston,ON,V6X 5B1,2023-10-20,Active
2562,Brittany,Mills,M,2005-07-07,20,gknight@example.org,462-158-8731 x450,52352 Gonzalez Falls,Toronto,ON,B3Y 8C5,2024-08-15,Active
2563,Christian,Burke,M,1969-02-19,56,rojaskendra@example.org,528.401.7234,779 Martin Locks Apt. 826,Peterborough,ON,N4L 9G3,2024-07-02,Active
2564,Charlotte,Romero,F,1987-05-12,38,lyonsbecky@example.net,298.170.0159,0744 Stephanie Shores Suite 782,Kingston,ON,T2J 5Y6,2023-06-03,Active
2565,Danielle,Collins,F,1974-12-14,51,allenramirez@example.com,1-328-595-2529,09042 Patel Station Suite 329,Markham,ON,J1V 8Y8,2022-04-06,Active
2566,Daniel,Daugherty,F,1970-11-28,55,mbarry@example.org,988-459-3050 x699,8525 Choi Groves Apt. 598,Windsor,ON,S1L7A7,2022-11-15,Active
2567,Daniel,Tyler,F,1988-07-06,37,joshua23@example.net,601-415-5105 x177,612 Lori Village Suite 662,Waterloo,ON,B7C4C3,2022-10-04,Active
2568,Eric,Lopez,F,1996-09-22,29,clewis@example.org,431.688.9780,231 Torres Junction,Milton,ON,L1C6V9,2025-07-19,Active
2569,Sara,Webb,M,1967-10-12,58,sharpnancy@example.com,510-995-8724,13973 Rhonda Turnpike,Sudbury,ON,C2B 7P9,2022-01-04,Active
2570,Monica,Todd,F,1972-10-01,53,smithsamantha@example.com,1-932-631-4243,244 Audrey Isle,Milton,ON,P5K 2Y1,2025-06-28,Active
2571,Anthony,Castillo,F,1965-10-09,60,victoriafoster@example.net,+1 (765) 431-1309,7401 Thompson Estates,Kitchener,ON,G5H4B4,2025-02-17,Active
2572,Paul,Thompson,F,1989-09-18,36,benderanthony@example.com,382-773-4573 x465,4998 Robin Junction Apt. 991,Oakville,ON,T7K7T1,2023-09-25,Active
2573,Jamie,Ellis,F,1975-10-12,50,justincole@example.com,1-115-396-6086,994 Dana Points Suite 149,Sudbury,ON,Y7T9J5,2023-03-05,Active
2574,Catherine,Rowland,F,1961-02-09,64,mcgeejimmy@example.net,(416) 755-0310,563 Williamson Mountains,Oshawa,ON,R9V 9X1,2026-04-03,Active
2575,Robert,Martin,M,1987-01-19,38,codyanderson@example.org,125.340.4444,11125 Stafford Locks Suite 956,Windsor,ON,E6J 4J1,2021-12-10,Active
2576,Richard,Potts,M,1967-11-11,58,bethgarza@example.com,578-977-6127 x651,1009 Munoz Brook,Niagara Falls,ON,C4X7C7,2025-12-11,Active
2577,Paul,Simmons,F,1958-06-04,67,mathiskatherine@example.org,874.518.8934,10110 Williams Fort Apt. 859,Hamilton,ON,K7V2B3,2025-10-14,Active
2578,Michael,Riley,F,1973-08-17,52,walkerkristie@example.net,222 665 0980,056 George Street Apt. 457,Waterloo,ON,V4E6L2,2022-06-20,Active
2579,Michele,Cooper,M,1959-01-09,67,stewartgregory@example.net,1-836-568-5869,3027 Christian Stream Suite 561,Peterborough,ON,C6H5A1,2022-12-06,Active
2580,Larry,Bowman,M,1966-11-17,59,wcoleman@example.net,854 132 1460,184 Stephanie Spurs Apt. 957,London,ON,T1S6P5,2024-02-03,Active
2581,Laurie,Pearson,M,1982-05-16,43,christophermcintyre@example.net,+1 (378) 236-2784,4051 Thornton Cliffs,Milton,ON,P3V3K9,2022-07-22,Active
2582,Abigail,Parker,F,1962-04-24,63,sheltonbrian@example.net,334-036-2756 x295,429 Dustin Mount,Windsor,ON,N9G3B7,2024-12-23,Active
2583,Michael,Bruce,M,1957-11-30,68,griffindenise@example.org,460.124.0360,82781 Pope Mills Suite 849,Milton,ON,P9P2H1,2024-11-16,Active
2584,Jason,Mendez,F,1993-07-27,32,williammorales@example.com,1 (723) 133-5862,38504 Roman Walk Suite 010,Vaughan,ON,R1J 1G1,2023-02-24,Active
2585,Damon,Willis,F,1996-05-30,29,rebekahhughes@example.net,573-312-5661,62140 Joseph Ramp,Milton,ON,M8G 2E2,2023-03-12,Active
2586,David,Medina,M,1964-06-18,61,christopher52@example.com,865-592-5324 x254,576 Kevin Prairie Apt. 989,Oshawa,ON,E6X3T9,2024-05-25,Active
2587,Hector,Martinez,M,2002-05-13,23,martinronald@example.com,1 (385) 224-3167,388 Norris Meadow,Peterborough,ON,A3X 3S7,2025-08-04,Active
2588,Chelsea,Greene,M,1999-12-23,26,loganrobert@example.com,1-625-055-6297,338 Wilson Square Suite 219,Oakville,ON,E4N9P9,2023-01-12,Active
2589,Diana,Bailey,M,1979-01-16,46,alexamarshall@example.org,+1 (259) 276-6113,1586 Fitzgerald Alley Suite 870,Mississauga,ON,H1X2M1,2026-07-26,Active
2590,Jane,Hill,F,1980-12-15,45,donna05@example.com,720-187-3285,090 Rowe Road Apt. 805,Oshawa,ON,L1S 4N3,2023-01-20,Active
2591,Melissa,Clark,M,1957-10-31,68,sriddle@example.org,988-542-3489,6389 Chen Causeway,Vaughan,ON,J5R8N8,2022-11-04,Active
2592,Christopher,Miller,F,1995-06-04,30,hansennancy@example.net,716-358-7514,25300 Skinner Roads,Cambridge,ON,B5K2L6,2025-03-26,Active
2593,Jonathan,Wilson,F,1993-08-22,32,nmurray@example.com,635-449-2530,55126 Smith Points,Oshawa,ON,Y6T 9P7,2026-04-11,Active
2594,Philip,Sullivan,F,2000-06-06,25,james67@example.org,(575) 027-8736 x218,7455 Barrera Street,Sudbury,ON,C2S 8R4,2024-11-03,Active
2595,Trevor,Thompson,M,1993-01-16,32,carpenterchad@example.org,150.970.7102,349 Michael Ridge,Sudbury,ON,C1Y4K9,2026-04-17,Active
2596,Bonnie,Wilson,M,1965-08-18,60,erikmelendez@example.org,578-269-3132,100 David Key,Guelph,ON,S5K 6J4,2025-05-01,Active
2597,Danielle,Smith,M,1972-02-12,53,amber91@example.org,(231) 030-5270 x344,0438 Tyler Knoll Suite 405,Sudbury,ON,N5Y5R6,2022-04-23,Active
2598,Michael,Wells,M,1971-06-07,54,christopherbarnett@example.com,491.628.8448,5314 Alicia Causeway Apt. 623,Niagara Falls,ON,J2G 4S1,2021-08-20,Active
2599,Chloe,Hughes,F,1958-10-23,67,sean95@example.net,(300) 817-4411 x707,89466 Moore Passage,St. Catharines,ON,T4X 6X9,2024-10-16,Active
2600,Joshua,Davis,F,1970-11-12,55,vhamilton@example.org,(260) 291-9305,1981 Sarah Trail,Sudbury,ON,L3S5N9,2024-05-22,Active
2601,Dennis,Ramirez,F,1978-10-08,47,parkerpaul@example.org,652 956 9103,1544 Oliver Squares,Richmond Hill,ON,X6C1Y2,2022-05-29,Active
2602,Jamie,Ray,F,1957-08-13,68,coreyjones@example.org,1-970-165-4183,93631 Alvarado Rue Apt. 973,St. Catharines,ON,E2M 2C1,2025-09-01,Active
2603,Emily,Wheeler,F,2006-07-29,19,estradarobert@example.net,(158) 649-0796 x184,11633 Stanley Crossing Suite 633,Brampton,ON,K8J 4K7,2021-12-20,Active
2604,Amy,Green,F,2007-02-19,18,nathanconway@example.com,1-285-312-4175,8970 Reynolds Trail Suite 001,Markham,ON,C8J1K5,2023-12-03,Active
2605,Gabriel,Foster,M,2002-11-24,23,camachomargaret@example.org,1 (677) 615-7435,64930 Tanya Lights,Cambridge,ON,P8G3S5,2024-10-05,Active
2606,Tracy,Camacho,F,1971-08-28,54,collinsgeorge@example.net,102.697.4289,9046 Marilyn Mews Suite 304,Windsor,ON,T8S2V6,2023-10-18,Active
2607,Tracy,Keller,F,1958-12-16,67,goodwinsarah@example.org,(300) 243-1810 x098,334 Ricardo Ways Suite 702,Guelph,ON,S7H 6K6,2023-09-20,Active
2608,Ashley,Mendoza,M,1992-11-21,33,jeanne68@example.net,1 (674) 945-2882,336 Holmes Shore,Brampton,ON,H6T 6J9,2023-11-11,Active
2609,Dustin,Harvey,F,1981-01-26,44,ahernandez@example.net,(174) 686-3984,3728 Fox Port Apt. 134,Windsor,ON,K8R 4B8,2023-11-24,Active
2610,Brandon,Jones,F,1974-05-19,51,waterssandra@example.com,402-880-7338,0479 Rodgers Corners,Waterloo,ON,E7G6K3,2024-04-15,Active
2611,Chloe,Perez,F,1966-11-21,59,travis74@example.com,1 (382) 574-2377,3934 Clark Fork,Kingston,ON,E9L8R9,2026-01-27,Active
2612,Vicki,Jensen,F,1992-05-22,33,sancheznatalie@example.net,1 (443) 366-5819,096 Gibson Rue,Oakville,ON,E6S 7H9,2026-04-07,Active
2613,Amanda,Clark,F,1979-11-01,46,wmurphy@example.org,(508) 610-5726 x528,159 Flores Forks Apt. 051,Markham,ON,S9P 9S7,2026-03-15,Active
2614,Scott,Boyd,F,2004-01-12,21,garycook@example.net,(431) 299-3152,051 Clarke Roads,Oshawa,ON,G4J2M5,2023-06-23,Active
2615,Spencer,Lester,F,1995-03-19,30,barneskelly@example.net,1-162-431-4356,1146 Michael Ports,St. Catharines,ON,L9E1G5,2025-07-27,Active
2616,Matthew,Mullins,F,1966-10-27,59,joshuabrown@example.org,1-667-480-4114,3395 Michael Motorway Suite 606,Burlington,ON,X4A2Y3,2022-11-15,Active
2617,Diana,Gonzalez,M,2004-11-07,21,tuckerkristina@example.net,499 552 1572,8897 Diaz Walks,Guelph,ON,S2X4L9,2024-06-06,Active
2618,Melissa,Payne,M,1963-05-07,62,lrogers@example.net,685-692-0283,767 James Meadows,Windsor,ON,J9E5P2,2023-12-03,Active
2619,Lauren,Mendez,M,2000-07-16,25,umoyer@example.org,176-515-2035,8606 Pugh Pine,London,ON,M2S2L4,2023-06-05,Active
2620,Amanda,Reid,F,2002-03-05,23,natashadouglas@example.net,106-982-1929,5076 Kelly Lodge,Richmond Hill,ON,L6Y6E2,2024-10-10,Active
2621,Joseph,Mitchell,M,1980-05-15,45,christophervasquez@example.org,906 348 3234,41521 Angela Manor Suite 417,Burlington,ON,L6M 1X8,2021-12-03,Active
2622,John,Owen,M,2008-06-13,17,michael61@example.com,148 438 8933,9818 Houston Creek Apt. 386,Kitchener,ON,K1T1R9,2023-09-06,Active
2623,Tommy,Johnson,M,1956-08-10,69,robinsonfrancisco@example.net,+1 (931) 251-7769,671 Barbara Plaza,Peterborough,ON,B5X3N5,2021-10-21,Active
2624,Kimberly,Thompson,M,2001-07-31,24,christophercarter@example.org,358 870 6570,5209 Kenneth Crescent Suite 480,Hamilton,ON,A6B2X7,2024-02-07,Active
2625,Dillon,Roy,M,1957-05-22,68,martinscott@example.org,637-208-8225 x746,480 Gonzalez Shoal Suite 468,Milton,ON,H1K 8M1,2022-06-29,Active
2626,Rebecca,Kim,F,2004-11-28,21,kathleenpatterson@example.org,(880) 381-4590 x970,8149 Campbell Cliffs,Toronto,ON,R5L 5S9,2024-06-26,Active
2627,Stephanie,Williams,M,2001-01-19,24,khiggins@example.com,1 (445) 900-0807,15348 Taylor Tunnel Apt. 489,Ajax,ON,X1K1A8,2022-02-28,Active
2628,Carolyn,Thompson,F,1958-05-04,67,colondanny@example.org,978 091 1914,7356 Jones Hill,Hamilton,ON,N3S2Y1,2023-08-26,Active
2629,Amber,Blackwell,M,1959-04-22,66,gonzaleztroy@example.com,(859) 662-3546,83779 Jillian Isle Suite 405,Markham,ON,J1T3R9,2024-04-20,Active
2630,Donald,Farmer,F,1975-09-16,50,williamspamela@example.com,+1 (914) 122-5804,511 Michael Prairie Suite 728,Brampton,ON,Y9L6C7,2023-11-26,Active
2631,Amanda,Sullivan,M,1992-02-03,33,grantrodriguez@example.org,(492) 657-2444,7442 Kelly Isle,Barrie,ON,M8T 7L5,2023-02-17,Active
2632,Maria,Terry,F,1961-09-15,64,vwilliamson@example.net,1 (232) 662-5287,444 Debra Glens Suite 963,Waterloo,ON,V7X2M2,2025-05-19,Active
2633,Jordan,Savage,M,1966-12-04,59,pamelabernard@example.org,199 903 0372,2505 Galvan Roads Apt. 149,Cambridge,ON,L1G7C7,2022-12-26,Active
2634,Jim,Guerra,M,1980-11-25,45,sellerstaylor@example.org,+1 (994) 202-2258,38416 Elliott Mission Suite 740,London,ON,Y7B 9V2,2026-04-19,Active
2635,Kara,Choi,M,1957-08-10,68,hallpaul@example.org,1-894-923-6116,7731 Danielle Grove Apt. 170,Toronto,ON,T6G 6K8,2022-10-21,Active
2636,William,Sanders,F,1996-12-20,29,pbrown@example.com,1 (102) 483-9912,155 Sarah Pine Apt. 775,Richmond Hill,ON,G7J 6P6,2021-12-30,Active
2637,Kimberly,Cunningham,F,1973-01-09,53,xschneider@example.net,1-410-675-8588,2580 Rodriguez Trafficway Apt. 116,Kingston,ON,H3X 6E6,2022-12-06,Active
2638,Joseph,Sanchez,F,1975-04-21,50,dennis20@example.com,614-890-8049 x479,3306 Henderson Canyon,Cambridge,ON,N7G3K4,2026-02-17,Active
2639,Frank,Villarreal,F,1964-12-28,61,alexander58@example.org,889 468 3053,98668 Cassandra Loaf Suite 864,Whitby,ON,S6N3J4,2024-03-15,Active
2640,Cory,Martin,M,1981-09-03,44,wendyestrada@example.org,419.235.7373,0192 Thomas Court,London,ON,V2A1K6,2025-07-12,Active
2641,David,Rice,F,1994-02-10,31,andrewedwards@example.org,(577) 531-2847,15216 Scott Glen,Niagara Falls,ON,N5A3T2,2023-12-23,Active
2642,Jessica,Johnson,F,1982-07-10,43,regina52@example.com,258-364-9289 x668,3007 Colin Walk,Vaughan,ON,R6P 4K9,2022-05-25,Active
2643,Daniel,Stephens,F,2004-04-20,21,sblake@example.org,1-532-147-4935,09758 Blair Trail Suite 698,Ajax,ON,R8A1Y4,2023-06-05,Active
2644,Shaun,Coleman,F,1993-01-03,33,carolynmiller@example.net,707-723-0966 x941,31591 Mathis Flat,Sudbury,ON,M6J 7A2,2023-07-10,Active
2645,Anthony,Maldonado,M,2002-10-15,23,martingallagher@example.org,(960) 400-8198 x222,80065 Cruz Expressway,Whitby,ON,N8X3C4,2024-05-30,Active
2646,Dustin,Jackson,F,1961-11-23,64,debbiethompson@example.org,+1 (573) 366-0538,2490 Callahan Stravenue Apt. 323,Brampton,ON,C6P8K6,2022-09-28,Active
2647,Jessica,Rogers,F,1992-10-18,33,cassandra28@example.net,251.547.3653,66520 Luis Groves,Barrie,ON,C1G6X5,2025-10-09,Active
2648,Craig,Serrano,F,1986-07-04,39,ericfuller@example.com,401-014-5478,3748 Emily Dale Apt. 298,Guelph,ON,E2Y9X7,2022-07-30,Active
2649,Kimberly,Jones,F,1996-06-19,29,samuel43@example.org,540 214 0991,41710 Carolyn Turnpike,London,ON,M3B5H9,2025-03-29,Active
2650,Glenn,Collins,M,1978-03-01,47,qlee@example.org,802-683-9700,9538 Albert Gardens,Toronto,ON,C1C7P5,2023-10-24,Active
2651,Judy,Foster,M,1975-01-19,50,cherylbutler@example.org,276-473-4036,61485 Hamilton Vista Apt. 081,Ajax,ON,X6M 1R4,2026-03-25,Active
2652,Natalie,Christensen,F,2006-01-08,19,lfreeman@example.com,856.849.3314,463 Kelly Manor Apt. 018,Sudbury,ON,M3N6A3,2024-05-26,Active
2653,Edwin,Horn,M,1968-02-10,57,joseph13@example.net,135-294-7239,7282 Jackson Heights,Milton,ON,H2J2K4,2022-07-12,Active
2654,Jason,Taylor,F,2003-02-28,22,lhamilton@example.com,909-984-5220 x597,554 Jacqueline Stream Apt. 058,Oakville,ON,S9K 2A9,2025-08-16,Active
2655,Alexandra,Kelly,F,1965-11-07,60,stephen67@example.com,(879) 876-0591 x279,824 Gonzalez Point,St. Catharines,ON,J1G9C6,2026-05-15,Active
2656,Lisa,Price,M,1976-09-25,49,wilsonamanda@example.net,268 898 5155,7816 Katie Drive Apt. 140,Barrie,ON,E6N5K9,2022-02-02,Active
2657,Herbert,Blankenship,F,1981-01-08,45,brianguerra@example.com,(720) 935-7441 x814,071 Jones Landing Apt. 465,St. Catharines,ON,G9C8E3,2024-02-10,Active
2658,Jordan,Colon,M,1995-08-15,30,qharvey@example.org,(756) 511-6998,7840 Daniel Burgs,Barrie,ON,N6K1H9,2024-12-16,Active
2659,Jose,Taylor,F,1983-09-25,42,lthomas@example.com,+1 (382) 494-7469,769 John Run Suite 840,Toronto,ON,N3G 2S3,2021-11-15,Active
2660,Andrea,Adams,F,1957-03-22,68,brodriguez@example.org,153.912.0408,76315 Mccann Ranch Apt. 451,Kitchener,ON,H2J 4E8,2022-02-11,Active
2661,Justin,Guerrero,F,1992-02-05,33,dixonomar@example.org,301-267-7079 x414,8831 Hill Meadow,Whitby,ON,B2L 9A1,2024-11-19,Active
2662,Shawna,Hicks,M,1988-06-14,37,walshmichael@example.com,(747) 957-6513,31321 Todd Bridge,Peterborough,ON,H3M 8T2,2025-07-23,Active
2663,Sarah,Turner,F,1989-11-01,36,lynngarza@example.com,(941) 849-8693 x502,14689 Kim Forge Suite 368,Windsor,ON,R2S8S1,2022-07-01,Active
2664,Melissa,Wise,M,1981-03-20,44,julia11@example.org,824-835-1670 x103,6586 Chapman Vista Suite 673,Peterborough,ON,H8H7E7,2025-08-22,Active
2665,Lori,Phelps,M,1995-08-25,30,wmiller@example.org,+1 (645) 700-2462,8051 Whitney Roads Suite 725,Oshawa,ON,X7T2V3,2023-10-04,Active
2666,Matthew,Jones,M,2005-03-14,20,stephensonkayla@example.org,837 673 6051,64459 John Glens,Guelph,ON,Y3P5C7,2021-12-06,Active
2667,Julie,Cooper,F,2005-04-04,20,jacqueline92@example.org,683.142.5603,837 John Cove,Ajax,ON,X7S2A6,2024-10-22,Active
2668,Michael,Palmer,F,1970-11-30,55,mercedes90@example.org,708 914 0964,2494 Amy Walk Suite 543,Barrie,ON,T2E 8M5,2024-02-02,Active
2669,Michael,Hill,M,1962-02-07,63,dyang@example.org,(166) 117-6147,9404 Jones Cove,Guelph,ON,H9L2T5,2024-11-30,Active
2670,Jillian,Hardin,M,1974-10-25,51,cameronmarilyn@example.org,1-600-120-2989,481 Thompson Neck Apt. 129,Brampton,ON,M8B 3L2,2021-12-14,Active
2671,Cynthia,Rios,F,1969-09-21,56,jlara@example.net,+1 (471) 406-2096,8648 Davis Vista,London,ON,K1S1S9,2023-07-17,Active
2672,Emily,Johnson,F,1984-06-30,41,pattonjohn@example.org,(949) 025-7510,390 Ellen Inlet,Hamilton,ON,N7R 6H6,2022-02-05,Active
2673,Jamie,Livingston,F,1982-01-05,44,teresa76@example.net,694-158-6319,57906 Elizabeth Grove,Markham,ON,K3G 9L8,2022-03-25,Active
2674,Marc,Odom,F,1982-02-24,43,stevensonaustin@example.org,873-106-5267,6391 Miranda Burgs Suite 341,Oshawa,ON,R7G 5X8,2024-09-25,Active
2675,Christopher,Kaiser,F,1965-11-17,60,rmiller@example.org,1-778-824-4815,64396 Galvan Rapid Apt. 511,Kitchener,ON,C5K9E8,2025-01-24,Active
2676,Ashley,Cook,M,2004-05-07,21,bakerhector@example.org,737.189.3276,68530 Haney Hill Suite 014,Toronto,ON,R5S 7L1,2022-05-26,Active
2677,Ricardo,Case,M,1989-05-15,36,courtney02@example.net,318-933-1947 x235,807 Cheryl Skyway Suite 314,Mississauga,ON,C2X 7N9,2023-07-08,Active
2678,Mary,Horne,M,1962-05-26,63,jeremy08@example.org,1 (297) 324-8319,429 Payne Haven Suite 729,Windsor,ON,H8R2A9,2024-01-21,Active
2679,Lindsey,Shaffer,F,1995-07-01,30,derek85@example.org,(929) 097-1373,583 Allen Points Suite 972,Barrie,ON,T5C6J1,2024-06-24,Active
2680,John,Hughes,F,1999-08-04,26,qwoods@example.com,+1 (887) 946-8576,340 Valentine Divide Apt. 970,London,ON,S3X3J8,2022-08-25,Active
2681,Brandy,Mitchell,M,1995-11-24,30,parkermichael@example.com,(540) 109-9866,907 Taylor Square Suite 434,Burlington,ON,P3B9A1,2026-07-30,Active
2682,Mark,Morgan,M,1987-10-30,38,mitchelljennifer@example.net,+1 (185) 163-5772,188 Robert Meadows Suite 569,Waterloo,ON,Y7G 2C2,2026-03-10,Active
2683,Olivia,Ray,M,2004-09-09,21,joshuaterry@example.com,(510) 830-0075 x371,76903 Jackson Valley,London,ON,L3K8K9,2025-07-21,Active
2684,Michael,Scott,M,1983-09-24,42,madisoncarney@example.org,177-302-3603 x165,5173 Dawn Terrace Suite 177,Milton,ON,X8Y 5Y5,2022-11-21,Active
2685,Javier,Mahoney,F,1993-10-25,32,jonesbrian@example.net,831-919-7568 x326,5698 Wiggins Forest,Kingston,ON,X5R8N3,2022-04-02,Active
2686,James,Webster,F,2003-04-22,22,sharon38@example.net,305-676-8020 x347,12278 William Common,Barrie,ON,Y8Y 1X4,2023-02-16,Active
2687,Cynthia,Williams,F,1972-10-06,53,mmckee@example.net,(945) 365-3596,683 Michael Island Apt. 686,Sudbury,ON,V7R5P1,2023-08-03,Active
2688,Stephanie,Bradley,M,1957-03-06,68,sanchezkyle@example.org,163-924-9484,33837 Nelson Plaza,Oakville,ON,H2X8N8,2025-12-26,Active
2689,Raymond,Rivera,M,1978-11-16,47,robert18@example.org,+1 (554) 636-8052,9517 Nicholas Heights Suite 276,Kingston,ON,R4P 3P3,2024-10-03,Active
2690,Jon,Simmons,M,1977-08-08,48,chad97@example.com,112 663 5057,178 Ortiz Road Apt. 428,St. Catharines,ON,J9G 4J6,2023-10-10,Active
2691,Jenna,Harrison,F,1981-11-28,44,carrollmargaret@example.net,906 045 4096,01134 Robert Street,Mississauga,ON,C8G9Y4,2025-12-11,Active
2692,Chad,Andrews,F,1983-01-12,43,thomas46@example.org,609-035-5297 x096,77273 Allison Ford,St. Catharines,ON,V2S 4E2,2024-03-19,Active
2693,Jeremy,Bell,F,1984-08-12,41,samantha27@example.net,(281) 645-3766,80137 Branch Lake Suite 116,Brampton,ON,E3M8G6,2023-02-02,Active
2694,Lonnie,Jensen,M,1959-03-12,66,robert54@example.org,466-712-4944,542 Jennifer Summit Suite 097,Windsor,ON,X4J3X5,2022-05-17,Active
2695,Zachary,Jones,F,1990-08-28,35,diamondburton@example.org,(482) 887-7787,50357 Wright Prairie,Oshawa,ON,A9J9T7,2022-09-21,Active
2696,Nancy,Ford,M,2005-11-30,20,wheelervincent@example.net,+1 (463) 183-6746,034 Hughes Trail,Toronto,ON,G9V 1R7,2023-12-08,Active
2697,Brandon,Nichols,M,1970-04-10,55,marcia30@example.com,135-564-1672,9122 Ann Pine,St. Catharines,ON,J4G 2S1,2022-01-05,Active
2698,John,Ballard,F,2002-12-27,23,castroricky@example.net,+1 (362) 923-1912,7555 Sarah Fields Suite 357,Peterborough,ON,K9M4R2,2024-05-08,Active
2699,Patricia,Taylor,M,2000-09-04,25,monique95@example.net,(686) 938-3038,2895 Patton Crest Apt. 458,Waterloo,ON,R9E1V5,2025-12-31,Active
2700,Angelica,Garcia,F,1998-09-22,27,moorebenjamin@example.net,981.407.2948,81007 Nichole Lake,Kitchener,ON,K4V4V9,2025-09-24,Active
2701,Michelle,Watkins,M,1961-10-05,64,hjones@example.com,(922) 032-5440,72776 Cory Court,Burlington,ON,C7K6S2,2025-07-03,Active
2702,Andrew,Kennedy,M,1994-12-08,31,cainjeremy@example.com,(346) 318-4761,62937 Jennings Hill Apt. 477,Ajax,ON,K9H3B9,2025-01-17,Active
2703,Cynthia,Hickman,F,1962-01-06,64,natalie95@example.net,1-971-368-6436,81173 Patricia Island,Milton,ON,C3N 8S9,2025-04-15,Active
2704,David,Burnett,F,1960-04-09,65,christinawilkins@example.net,164 769 6503,507 Lopez River,Richmond Hill,ON,N2V5T4,2024-09-25,Active
2705,Deanna,Steele,M,2007-10-31,18,weekscarlos@example.net,820.464.4462,39746 Mendez Turnpike Apt. 464,Kingston,ON,P3T 1N8,2026-01-21,Active
2706,Angela,Dudley,M,1996-01-12,29,danielodonnell@example.org,1-133-813-2016,2650 Edwards Union Apt. 368,Vaughan,ON,A3R3T6,2024-12-25,Active
2707,Danielle,Martinez,M,1966-04-25,59,hayeskaren@example.com,872 516 0964,65354 Lauren Mews Suite 805,Burlington,ON,C9X8C9,2026-03-21,Active
2708,Stephen,Johnson,F,2000-02-05,25,llong@example.net,437 323 5142,4324 Aimee Locks Apt. 283,Oshawa,ON,S7Y 9G9,2026-05-12,Active
2709,Gregory,Ingram,F,1995-02-09,30,pblankenship@example.com,921-360-8060,174 Laurie Green,Vaughan,ON,X2Y7Y9,2025-01-19,Active
2710,Kevin,Dickerson,F,1968-11-05,57,gary62@example.net,1 (804) 118-5565,08288 Jonathon Port Apt. 906,Kitchener,ON,N7L4P4,2023-03-11,Active
2711,Ian,Jones,M,1973-07-16,52,parkernielsen@example.net,456-250-6680,26516 Logan Ford Suite 323,Mississauga,ON,H1B5A8,2023-09-10,Active
2712,Christina,Scott,M,1977-05-17,48,carrie26@example.net,487-309-0952,3145 Chen Corner,Hamilton,ON,H6H6P2,2025-10-28,Active
2713,Tyler,Burns,F,1990-07-13,35,rmiller@example.net,(404) 210-0062 x182,636 Jessica Plains Suite 893,Vaughan,ON,L5X 5B6,2026-05-09,Active
2714,Susan,Allison,M,1977-12-16,48,tanner26@example.net,848.040.5412,45056 Michael Trail,Kingston,ON,V4S7H3,2022-05-11,Active
2715,Rebekah,Williamson,F,1983-04-07,42,marshalljerry@example.com,+1 (269) 943-5695,475 Hall Ridge,Windsor,ON,T8T4Y8,2021-12-04,Active
2716,Wendy,Porter,M,1975-07-09,50,traceypearson@example.org,+1 (727) 727-1135,1267 Robert Centers Suite 331,Niagara Falls,ON,A1V1L7,2024-02-12,Active
2717,Ryan,Williams,M,1991-06-21,34,elizabethsharp@example.org,(909) 086-1208,306 Long Vista Apt. 353,Peterborough,ON,X1P3J5,2021-12-22,Active
2718,Ryan,Stewart,M,1992-12-06,33,wendyreynolds@example.org,(806) 750-9919,5490 Burns Trail Suite 390,Toronto,ON,S6P3G7,2022-07-26,Active
2719,Joshua,Stark,F,1987-07-04,38,yvonnemarshall@example.com,766-130-3060 x195,3188 Thomas Divide Suite 789,Niagara Falls,ON,B1R 6G6,2023-01-22,Active
2720,Chad,Hoffman,M,1967-02-09,58,heather29@example.com,(480) 024-1260,2585 Dixon Underpass Apt. 132,Oakville,ON,L4M9V5,2023-12-30,Active
2721,Theodore,Mitchell,M,1989-01-30,36,xsoto@example.org,728.552.7993,54801 Jeremy Corner Suite 487,Sudbury,ON,M8C 8X9,2025-11-11,Active
2722,Kristina,Gibson,M,2007-02-20,18,millspatrick@example.net,233-814-3597 x335,5241 Daniel Mission,Waterloo,ON,N4Y 1N3,2022-05-28,Active
2723,Nicolas,Tapia,M,2005-06-26,20,karachen@example.org,(214) 493-2895 x579,3378 Wong Vista,Milton,ON,G4H 6P7,2022-12-13,Active
2724,Marilyn,Hamilton,F,1959-10-11,66,pettychristopher@example.org,1-588-689-6571,472 Walker Plains Apt. 219,Richmond Hill,ON,T2K3V7,2022-08-25,Active
2725,Samuel,Castillo,M,2003-02-25,22,burnettcurtis@example.org,(750) 708-5176 x751,27798 Allen Road,St. Catharines,ON,C2J1X8,2024-05-03,Active
2726,William,Gutierrez,F,1964-01-10,62,hgraves@example.org,279-597-0932,81843 Norris Center Apt. 740,Mississauga,ON,T4H 5H3,2024-11-29,Active
2727,Lindsay,Turner,M,1961-05-07,64,smithstephen@example.net,736 579 8914,4922 Huff Glen Apt. 172,Vaughan,ON,L5B9E7,2022-02-01,Active
2728,Clifford,Young,M,1964-04-19,61,riverarobert@example.com,177.135.3899,959 Schneider Lock Suite 292,Oakville,ON,A1N8Y4,2025-12-26,Active
2729,Melissa,Long,F,2004-04-24,21,palmermelissa@example.net,1-407-499-1155,59973 Villarreal Forks,London,ON,A2V3B6,2021-08-09,Active
2730,Billy,Stone,F,1974-12-31,51,mmiller@example.org,+1 (150) 493-9805,2185 Susan Center Apt. 626,Waterloo,ON,K6J7R5,2022-10-22,Active
2731,Dawn,Smith,F,1986-01-17,39,swood@example.org,1 (652) 349-3241,807 Andrea Meadows Apt. 073,Whitby,ON,A1E6Y2,2026-07-25,Active
2732,Mitchell,Dominguez,M,1996-01-15,29,duncanlisa@example.org,345.041.1582,8577 Gary Point,Cambridge,ON,T7E 1P6,2026-03-27,Active
2733,Mary,Frederick,F,1963-06-20,62,uthomas@example.net,(313) 666-1880 x097,9552 Rhonda Vista Apt. 155,Toronto,ON,J5E1L5,2023-03-18,Active
2734,Linda,Baker,M,1979-04-14,46,dmacias@example.com,+1 (826) 914-2292,69767 Dennis Junction,Sudbury,ON,E9C 2B3,2022-07-21,Active
2735,Carrie,Nicholson,M,2004-06-26,21,peterlittle@example.org,986.598.1760,9466 Jeremiah Flats,Oshawa,ON,K3P 3R2,2022-07-16,Active
2736,Sydney,Baker,F,1974-03-27,51,emilykeller@example.net,1 (187) 601-2133,1519 Bishop Flats Suite 251,Milton,ON,K4Y 8S6,2023-01-13,Active
2737,Holly,Hunter,F,1985-01-05,41,igonzalez@example.com,633-405-3399 x026,6509 Maria Flats,Whitby,ON,B4E 9S9,2026-07-17,Active
2738,David,Donaldson,F,1981-04-04,44,romanchristopher@example.net,(828) 311-1039,2956 Michael Shoal Suite 713,Whitby,ON,T7G 2A1,2022-07-01,Active
2739,Joshua,Patterson,M,1997-11-29,28,mcguireconnie@example.net,964.831.2306,58781 Emily Underpass,Kitchener,ON,N1H 7V2,2022-04-16,Active
2740,Barry,Barnes,F,1976-11-25,49,robertsglen@example.com,(364) 145-8231 x384,33077 Steven Land Apt. 474,Whitby,ON,L1R3M4,2026-04-26,Active
2741,Tanya,Holland,F,1975-01-03,51,andersoneric@example.org,(435) 946-1060 x140,7691 Jeffrey Spring,Kingston,ON,E4A4A2,2023-07-31,Active
2742,Kimberly,Woodard,M,1980-02-16,45,fosterarthur@example.org,(667) 951-4316 x585,754 Shepard Crossing Suite 071,Oshawa,ON,H7C7P4,2024-07-14,Active
2743,Stanley,Barr,M,1978-11-04,47,diana30@example.com,564-871-0270,964 Craig Mountains,Brampton,ON,M2L4B7,2022-01-06,Active
2744,Steven,Elliott,F,2000-03-22,25,garciastephanie@example.org,312-837-0256,83562 Kenneth Station,Cambridge,ON,B5B2N4,2026-04-23,Active
2745,Alicia,Espinoza,F,1976-10-23,49,hernandezmichael@example.org,123 271 3209,6129 Clayton Club Apt. 569,Oshawa,ON,E7V3C7,2024-02-01,Active
2746,Rebecca,Kline,M,1985-08-04,40,nelsondebra@example.com,1-275-026-1586,34717 Burton Shoals Apt. 798,Cambridge,ON,T6M8L4,2023-10-19,Active
2747,Gary,Bell,F,1978-09-26,47,mathewstimothy@example.net,+1 (939) 117-9238,0258 Martin Forest,St. Catharines,ON,X8R 4H3,2022-02-28,Active
2748,Alicia,Allen,M,1991-10-23,34,lcobb@example.net,1-543-564-8078,2793 Maria Mountain,Burlington,ON,M9K8Y4,2022-08-18,Active
2749,Eugene,Mitchell,F,1993-07-03,32,iramirez@example.net,522-313-0400 x512,350 Lawson Flat Suite 403,Toronto,ON,H4T3B1,2022-08-04,Active
2750,Wendy,Travis,M,2008-03-02,17,walkermary@example.com,(398) 384-2481,89541 Nathan Divide,St. Catharines,ON,G9H2X1,2024-05-01,Active
2751,Stephanie,Johnson,M,1958-10-22,67,lunasarah@example.com,1 (879) 410-5031,17087 Eric Fort,Kingston,ON,N7M9V5,2023-11-29,Active
2752,Lawrence,Proctor,F,1976-05-04,49,rknapp@example.com,509-444-2740 x766,1061 Brandon Passage Suite 122,Richmond Hill,ON,B8K 7Y8,2022-08-18,Active
2753,Kevin,Silva,F,1984-05-22,41,hicksmichelle@example.org,523 918 2451,653 Williams River,Kitchener,ON,R4R 2V7,2023-11-08,Active
2754,Michael,Parker,M,1999-03-12,26,whutchinson@example.com,1-831-975-4239,018 Johnson Junction,St. Catharines,ON,X4L 2P2,2023-05-17,Active
2755,Brad,Greene,F,1984-02-08,41,andrea13@example.net,(429) 810-8604 x415,98181 Richards Square Suite 453,Markham,ON,T8E 5N4,2022-09-27,Active
2756,Laura,Jones,F,1972-02-04,53,vickieyang@example.com,948.640.2294,22048 Jackson Mission,Kingston,ON,K6M9J7,2025-10-30,Active
2757,John,Martinez,F,1963-08-11,62,christopher80@example.net,517-809-8865 x985,3234 Matthew Flat,Vaughan,ON,E6T7N6,2021-11-30,Active
2758,Sarah,Dean,M,1967-03-18,58,sarah62@example.net,161-943-4852,470 Mitchell Summit Apt. 244,Hamilton,ON,X4Y1M1,2026-08-03,Active
2759,Elizabeth,Rogers,M,1997-11-15,28,marshalllauren@example.com,(653) 244-4929,786 Dennis Trace Suite 003,Ajax,ON,G6H7H3,2025-09-18,Active
2760,Richard,Swanson,M,2004-11-19,21,zmorris@example.com,+1 (330) 317-2116,421 Moss Ports Suite 176,Mississauga,ON,A1A 9M4,2025-06-11,Active
2761,James,Gregory,M,2002-12-25,23,wcruz@example.org,+1 (208) 955-8837,55845 Stephanie Parks,Windsor,ON,K8M5E1,2022-11-07,Active
2762,Michael,Larson,M,1960-12-04,65,taylordavid@example.net,1 (188) 704-3208,8990 Lisa Way Suite 567,Kitchener,ON,J9L 5P1,2025-04-26,Active
2763,Kimberly,Ford,M,1981-09-08,44,kennethle@example.com,(689) 502-0052,2624 Payne Crescent Apt. 476,Milton,ON,N1M 2A3,2024-02-04,Active
2764,Christopher,Allen,M,1983-04-12,42,nicholsglenn@example.com,(488) 067-7224,069 Gross Inlet,Hamilton,ON,H1K 2E3,2026-03-14,Active
2765,Bryan,Pierce,F,1995-07-19,30,thomassmith@example.com,403-022-4279,6324 Stephanie Brook,Niagara Falls,ON,L5V 2Y6,2022-04-12,Active
2766,Amy,Hardy,F,1975-03-19,50,baldwinmartha@example.org,424.387.0176,0278 Lynch Stravenue,Richmond Hill,ON,G8J 3J8,2023-02-03,Active
2767,Jermaine,Reed,F,1991-11-06,34,lthomas@example.com,304 763 3011,1449 Anderson Park,Ajax,ON,T2C3A8,2025-05-25,Active
2768,Amanda,Jenkins,F,1986-04-18,39,mary67@example.net,(650) 518-0970 x131,806 Julia Mission,Mississauga,ON,V3M 8C9,2022-05-08,Active
2769,James,Villa,M,1966-04-04,59,gabrielbenson@example.org,801-268-2133 x423,362 James Radial Apt. 700,Waterloo,ON,S4G8L3,2025-12-28,Active
2770,Samuel,Lopez,M,1963-08-28,62,jessica29@example.org,452-277-5888 x714,3934 Guzman Center Apt. 288,Toronto,ON,B7L6M7,2023-04-19,Active
2771,Amber,Allen,F,1992-12-20,33,enewton@example.net,108 945 6121,7918 Roger Springs Apt. 701,Vaughan,ON,S4K 1P1,2026-04-27,Active
2772,Ryan,Parks,F,1990-01-08,36,wendylawson@example.net,380 753 5948,68213 Amy Court Suite 631,Brampton,ON,Y2K4M5,2023-06-12,Active
2773,Mary,Williams,M,2003-01-22,22,parrishthomas@example.net,(643) 374-7994,09527 Garcia Garden Apt. 056,Vaughan,ON,L4T 9L3,2024-05-18,Active
2774,Mason,Lawson,F,1982-08-14,43,kevin55@example.org,1-715-879-0480,7924 Munoz Square,Sudbury,ON,G9J 3C1,2023-03-28,Active
2775,Brett,Hurley,M,2000-12-27,25,madison89@example.com,894-347-4797,8624 Mora Path,Sudbury,ON,C2M 8B2,2022-12-10,Active
2776,Austin,Young,F,1965-09-07,60,bridgetbaker@example.net,(135) 336-2296 x775,79325 Baker Cape Suite 184,Markham,ON,X4R2H4,2024-09-10,Active
2777,Kyle,Scott,M,1982-04-05,43,weissdebra@example.com,117-016-4527 x352,34369 Clay Heights,Ajax,ON,M1L1P5,2021-09-27,Active
2778,Lynn,Mcmahon,M,1979-11-12,46,ihess@example.org,334-994-1152,4084 Andrew Stravenue Suite 724,Burlington,ON,J5A 7N6,2025-12-29,Active
2779,Natasha,Alexander,M,1991-01-18,34,dawn76@example.net,1 (819) 329-8632,12982 William Track,Barrie,ON,E8S7J8,2021-08-12,Active
2780,Frank,Kelly,M,1979-01-12,47,rrivera@example.net,(519) 743-6271,722 Veronica Garden,Kitchener,ON,M8X 9S3,2025-12-28,Active
2781,Jason,Burton,M,1982-09-16,43,allisonpotter@example.com,+1 (723) 402-1646,93429 Martinez Place Apt. 922,Hamilton,ON,K8G2H2,2023-03-09,Active
2782,Patricia,Reed,F,1963-04-13,62,sstone@example.net,380.205.4058,991 Smith Crescent Suite 905,Whitby,ON,K5X1A1,2023-02-12,Active
2783,Maria,Sellers,M,1975-07-31,50,yedwards@example.org,+1 (579) 268-8833,096 Allen Ports Suite 675,Kitchener,ON,B7J5T8,2024-02-28,Active
2784,Jeremy,Hall,M,2005-08-08,20,smithkevin@example.org,(869) 110-5068 x358,6316 Diane Plaza Suite 405,Ajax,ON,V1S 5T2,2023-03-11,Active
2785,Christopher,Thompson,M,1957-02-11,68,douglas06@example.org,1 (979) 934-1214,45795 Williams Manor Apt. 737,Niagara Falls,ON,C9E3X5,2025-12-24,Active
2786,Melanie,Drake,F,2008-07-07,17,whitejasmine@example.org,206 194 1737,421 Whitaker Estate Apt. 921,Whitby,ON,G5X 9K7,2022-07-13,Active
2787,Victoria,Stewart,M,2001-03-16,24,xclayton@example.net,254-372-9541 x252,169 Baldwin Field,Burlington,ON,R1P9L1,2021-10-21,Active
2788,James,Foster,F,2003-10-24,22,isaac84@example.org,(960) 539-0090 x584,69565 Cooper Lodge,St. Catharines,ON,R1K9J1,2022-05-30,Active
2789,Jason,Clark,F,1973-11-05,52,nwest@example.net,551-464-6062 x510,017 Bailey Meadows,Richmond Hill,ON,R5H9S8,2022-08-03,Active
2790,Daniel,Clark,F,1990-02-21,35,wilcoxchristina@example.net,1 (466) 269-7955,64962 Kimberly Orchard Suite 588,Oakville,ON,A3Y6E2,2024-10-17,Active
2791,Jeffery,Montgomery,M,1960-11-21,65,walvarez@example.com,694-168-4061,363 Gutierrez Via Apt. 628,Hamilton,ON,R7A 6B2,2022-02-18,Active
2792,Alex,Griffith,F,1982-10-27,43,greenchristopher@example.org,959-261-2640 x407,063 Cody Shore,Windsor,ON,S7V 5H3,2021-08-25,Active
2793,Gregg,Garcia,F,1979-11-19,46,tammygarrett@example.net,912-708-3971 x534,34083 Kent Shoal Suite 134,Ajax,ON,P6G8G7,2026-04-07,Active
2794,Mark,Andrade,M,2000-03-25,25,foleysteven@example.com,642.234.7190,1793 Sandra Rue Suite 440,Richmond Hill,ON,L3E7X2,2024-08-17,Active
2795,Adam,Pennington,F,1983-01-21,42,suzanneberry@example.net,748.871.0695,1465 Erin Ways,Whitby,ON,K8C8T2,2024-03-14,Active
2796,Julie,Martinez,F,1968-09-10,57,thompsonwilliam@example.com,831 966 0058,994 Browning Courts Apt. 029,Sudbury,ON,J9R 5R1,2025-08-10,Active
2797,David,Reilly,F,1981-08-01,44,williambriggs@example.com,(218) 798-7811,78582 Antonio Manors,Whitby,ON,S7C 3G5,2021-09-10,Active
2798,Mary,Maldonado,F,1991-06-30,34,hernandezkristi@example.net,+1 (924) 987-2495,9530 Brandon Forge,Sudbury,ON,C2N 4M4,2024-02-26,Active
2799,Jason,Bradley,F,1958-03-19,67,leekevin@example.net,657.514.0444,6006 Ellis Village,St. Catharines,ON,J7A 6R6,2023-09-11,Active
2800,Christopher,James,F,1999-10-05,26,stevenfoster@example.org,(124) 873-5700,16917 Garcia Mill Suite 148,Burlington,ON,J7C1M2,2021-11-02,Active
2801,Tony,Diaz,M,1979-09-08,46,yatesdawn@example.org,671.106.5838,7282 Kramer Junctions,Markham,ON,N3E5G5,2024-08-20,Active
2802,Hailey,Henry,M,2005-03-23,20,juanjarvis@example.com,1-784-690-9363,05704 Shannon Mission Suite 112,Niagara Falls,ON,X2C4R2,2023-07-09,Active
2803,Angela,Hoover,F,1984-07-26,41,caitlinelliott@example.org,385-566-5720 x071,133 Justin Viaduct,Peterborough,ON,N1M 2S4,2022-10-16,Active
2804,Karla,Ingram,F,1972-08-13,53,petergarcia@example.org,(277) 674-9671 x947,0937 Lauren Rapids,Sudbury,ON,C6E 4S8,2023-12-25,Active
2805,Robert,Thompson,F,1973-09-12,52,yolanda61@example.com,(328) 396-7757,0714 Angela Springs Apt. 621,Cambridge,ON,G3K4X2,2023-02-24,Active
2806,Victoria,Roberts,M,1959-12-05,66,gweaver@example.com,+1 (612) 206-6715,5046 Reyes Viaduct Suite 056,Toronto,ON,N4T 7G5,2026-05-17,Active
2807,John,Salazar,M,1972-06-28,53,castillorobert@example.org,1-362-351-1822,845 Brooke Island Apt. 771,Barrie,ON,K2C 8P7,2024-01-02,Active
2808,Edgar,Rowe,M,2005-12-02,20,chris53@example.org,159-235-1994 x038,785 Diane Shore Suite 388,Ajax,ON,H9X7J7,2022-11-05,Active
2809,Dana,Romero,M,1980-08-20,45,dallen@example.net,1-333-959-5642,44908 Steven Dam,Barrie,ON,X8B3J8,2024-02-06,Active
2810,Patricia,White,M,1988-04-25,37,kroth@example.com,+1 (491) 757-8401,2206 James Union Apt. 660,Barrie,ON,V6N 5L3,2023-05-07,Active
2811,Danielle,Underwood,F,1994-08-10,31,jcarpenter@example.org,1 (830) 816-9578,07445 Brandon Keys,Kitchener,ON,G7H 4A9,2023-10-13,Active
2812,Amanda,Reed,F,1980-02-08,45,christianwilson@example.net,975-257-4641 x574,663 Ryan Heights,Toronto,ON,K7N2K1,2022-10-27,Active
2813,Andrea,Garcia,M,1979-08-02,46,kenneth69@example.org,100 533 1640,658 Kelly Mission Suite 519,Whitby,ON,E4V 9L4,2023-11-27,Active
2814,Maxwell,Vega,M,1979-11-16,46,timothy79@example.com,400-425-2769 x595,107 Torres Center Apt. 208,Hamilton,ON,L9A 5C2,2026-07-07,Active
2815,Rachael,Lopez,F,1977-06-25,48,sandymatthews@example.com,653-962-4897,294 Wilson Mall Apt. 426,Cambridge,ON,G8L2J5,2021-09-29,Active
2816,Angela,Russell,M,1966-04-27,59,fsanchez@example.net,190 154 4014,2503 Stephanie Spring,London,ON,R5L 2R8,2025-11-02,Active
2817,Emily,Cooper,F,1997-11-01,28,georgestephanie@example.net,1 (567) 268-1110,5174 Robert Tunnel,Oshawa,ON,J2P5C1,2022-01-25,Active
2818,Marilyn,Hutchinson,M,1959-04-05,66,jason31@example.org,(495) 571-7943 x655,27337 Alyssa Falls,Niagara Falls,ON,B7G7G6,2022-04-19,Active
2819,Kimberly,Lara,F,1990-06-02,35,michelle13@example.net,622.430.4968,441 David Extensions Apt. 710,Waterloo,ON,G6P9R3,2026-06-20,Active
2820,Wesley,Stone,M,1971-04-09,54,richardmichael@example.org,+1 (719) 292-2142,476 Jones Wall Apt. 141,Barrie,ON,X9X 4V5,2023-08-13,Active
2821,William,Bell,F,1961-09-09,64,john52@example.com,(868) 017-0838,04085 Henry Streets Suite 575,Niagara Falls,ON,M5R 7P1,2024-01-27,Active
2822,Amanda,Gonzalez,M,1990-07-01,35,kim76@example.org,902.251.4464,32697 Timothy Shoals Apt. 285,Niagara Falls,ON,L2H6V8,2025-10-25,Active
2823,Denise,Jacobs,M,1962-05-05,63,jeffrey66@example.com,912.274.7319,0621 Anderson Parks Apt. 818,Burlington,ON,N5R6N8,2025-03-16,Active
2824,Michael,Ross,F,1996-08-13,29,michelle20@example.com,(527) 307-2207 x053,26349 Montoya Overpass,Burlington,ON,X5N 2E3,2022-01-09,Active
2825,Mary,Lara,M,1958-08-05,67,edwardsjared@example.org,361.539.0830,77964 Cobb Flats,Milton,ON,H4A 8G2,2024-01-08,Active
2826,Michael,Robertson,M,1959-01-15,67,ljones@example.net,(619) 640-7601,43852 Willis Greens,Milton,ON,J1G 5V4,2025-05-25,Active
2827,Samuel,Spencer,F,1987-09-18,38,benjaminlopez@example.org,310.938.7881,5635 Hernandez Forest Apt. 236,Markham,ON,V9N 9S7,2023-01-05,Active
2828,Dana,Lucas,F,1995-07-25,30,cassie46@example.net,537 601 7943,78048 Seth Underpass,Mississauga,ON,J3E 9G7,2024-05-19,Active
2829,Laura,Cervantes,M,1972-12-14,53,morgan25@example.com,(144) 312-1690,396 Nicole Square Apt. 870,Brampton,ON,V6R 7H3,2026-02-05,Active
2830,Henry,Leblanc,F,1971-02-22,54,frank19@example.com,(467) 568-3633 x319,82466 Nicole Stravenue,St. Catharines,ON,V9K 3G1,2024-11-22,Active
2831,Louis,Bell,F,2002-11-21,23,kimmichael@example.org,718-603-2144,4998 Watkins Spurs Suite 522,Sudbury,ON,H4B9M2,2026-05-20,Active
2832,Carl,Nielsen,M,1961-03-19,64,matthew64@example.com,1 (977) 200-8050,5895 Hernandez Isle,Guelph,ON,J9C 9N4,2024-12-16,Active
2833,Michelle,Pierce,M,1964-01-27,61,yclark@example.com,+1 (116) 010-7945,9915 Gilbert Knolls Suite 195,St. Catharines,ON,H9E5V1,2025-06-18,Active
2834,Heather,Alvarado,M,1993-04-18,32,ucohen@example.com,(588) 538-0533,65882 Ortiz Place,Burlington,ON,P9A 6Y1,2025-11-13,Active
2835,Carol,Archer,F,1965-04-03,60,zamorasean@example.com,(328) 072-7358 x674,588 Bradley Isle,Vaughan,ON,J4A 8C2,2025-04-06,Active
2836,John,Franklin,F,1965-04-27,60,smithtracy@example.org,+1 (237) 935-8944,72598 Perkins Trail Apt. 922,Mississauga,ON,Y3N 8B5,2025-04-02,Active
2837,Jose,Gutierrez,M,1987-07-26,38,longmaureen@example.net,(770) 393-9687,22373 Robyn Camp Apt. 075,Ajax,ON,P3V 7B7,2021-10-17,Active
2838,Anne,Farley,M,2002-08-01,23,murraypamela@example.org,760.490.1892,03991 James Flat Suite 347,Kingston,ON,E2J 4N6,2025-12-04,Active
2839,Catherine,Poole,M,2008-05-14,17,patrick16@example.org,226-883-7157,69247 Daniel Gateway Suite 173,Kingston,ON,N5V5G4,2026-08-04,Active
2840,Debbie,Lee,M,1980-04-30,45,bowenchristian@example.net,1 (656) 049-9176,941 Ruiz Land Apt. 316,London,ON,Y8S1L3,2023-09-26,Active
2841,Ryan,Williams,F,1960-12-26,65,thomas43@example.com,1-268-054-6354,05386 Summer Mountain Apt. 539,Richmond Hill,ON,C7M 9S6,2021-12-23,Active
2842,Kim,Perez,M,2000-05-30,25,crossmelinda@example.com,1-338-374-0255,003 Robinson Divide Suite 457,Cambridge,ON,X4Y6K2,2023-07-19,Active
2843,Timothy,Boyd,F,1958-08-06,67,dyoder@example.org,188-686-7197 x132,26772 Timothy Locks,Waterloo,ON,G4K3H1,2023-11-24,Active
2844,Ryan,Wilson,F,1991-08-19,34,carrollmarco@example.com,344-769-6190 x169,98309 Keith Knolls,Barrie,ON,A9M 8R1,2024-03-14,Active
2845,Haley,Long,M,1968-07-05,57,franciscocole@example.net,502-616-6953,95064 Johnson Valleys,London,ON,P7P 7E1,2023-12-18,Active
2846,Ashley,Herrera,M,1984-08-07,41,onguyen@example.org,(836) 641-6507 x656,575 Ruth Corners,Kingston,ON,P5H2H5,2025-04-30,Active
2847,Deanna,Brown,M,1987-04-03,38,fullermorgan@example.net,840-044-4181,350 Janet Roads Apt. 065,Milton,ON,X4H8J3,2021-09-04,Active
2848,Anthony,Patrick,F,1967-01-05,59,fweber@example.org,406-438-4282,91638 Smith Curve Suite 683,Whitby,ON,K9N7L7,2026-07-22,Active
2849,Justin,Anderson,M,1986-04-19,39,kyle55@example.com,685 338 7657,0834 Michael Square,Oshawa,ON,Y7J7J1,2023-04-01,Active
2850,Cynthia,Alexander,F,1975-10-14,50,sabrinapollard@example.org,1 (695) 071-6278,4290 Woods Villages Suite 842,Peterborough,ON,H8M3S7,2024-07-09,Active
2851,Crystal,Clayton,M,1961-03-25,64,leahgardner@example.com,683-350-4258,868 Tonya Crossing,St. Catharines,ON,B4J 8P6,2023-08-07,Active
2852,Michael,Price,M,1983-04-09,42,john19@example.net,(955) 642-9277,68131 Sanchez Curve,St. Catharines,ON,L4H 8M7,2024-03-24,Active
2853,Pamela,Nicholson,M,2003-10-31,22,cheryl00@example.com,232-296-9893,6625 Marissa Extensions Suite 164,Milton,ON,N2K4A9,2026-06-13,Active
2854,Anthony,Spears,F,1991-09-03,34,ufletcher@example.com,1 (615) 256-6288,3021 Olson Place,Milton,ON,M8T 8S9,2024-11-02,Active
2855,Christopher,Clark,M,1988-03-25,37,julia03@example.net,610-349-0225,618 Chase Crossroad,Vaughan,ON,P4K 4B7,2023-12-29,Active
2856,George,Chambers,M,1985-01-26,40,hugheskaren@example.org,+1 (981) 182-4932,55744 Rogers Manor,Whitby,ON,P6Y 5K2,2021-11-22,Active
2857,Jessica,Ford,M,1966-11-16,59,myork@example.com,+1 (211) 301-4444,8689 Ronald Mount,Waterloo,ON,R5C9L1,2023-07-17,Active
2858,Shawn,Dean,F,1986-10-07,39,brownnina@example.net,205.716.9943,8674 West Isle Suite 218,Oshawa,ON,N7M6A8,2021-08-16,Active
2859,Eric,Rogers,M,1964-06-11,61,eric71@example.org,659-761-8015,34123 Michael Springs,Kingston,ON,K8V 5V8,2026-01-04,Active
2860,Robin,Graham,F,1972-01-19,53,joycelawson@example.net,800-320-6631,22804 Martinez Ville Apt. 660,Hamilton,ON,H6X4P5,2023-03-27,Active
2861,Alyssa,Norton,F,1974-08-26,51,madison22@example.com,589-348-4333 x362,01909 Angela Valley,Guelph,ON,C4M4T3,2026-07-27,Active
2862,Bruce,Ross,M,1993-01-10,32,danabradshaw@example.net,1 (134) 103-4555,5307 Tina Center,Sudbury,ON,H1G 8A8,2022-10-20,Active
2863,Lauren,Murphy,F,1990-11-20,35,barry44@example.net,+1 (822) 036-9995,80299 Jennifer Wall Apt. 028,Kingston,ON,H3C 7K5,2025-02-09,Active
2864,Daniel,Randolph,M,1960-10-03,65,williehampton@example.com,(708) 155-5078,308 Palmer Summit,Markham,ON,A8B7E3,2026-03-29,Active
2865,Brandy,Shepherd,F,1992-09-22,33,fordrachel@example.com,(909) 085-2594 x630,6962 Charles Track Suite 134,St. Catharines,ON,N6P 6M3,2024-05-26,Active
2866,Eric,Jordan,F,1988-08-30,37,staylor@example.net,(740) 287-9573,759 Robinson Groves,Windsor,ON,R8Y7R2,2025-12-07,Active
2867,Stephen,Russell,F,1977-09-27,48,drogers@example.net,(456) 874-2912,3113 Natalie Course,Markham,ON,C1P 1P2,2023-12-16,Active
2868,Michelle,Taylor,M,1997-02-20,28,rgutierrez@example.org,(974) 294-8806 x406,069 Young Hills Suite 979,Markham,ON,X3H5K8,2026-07-18,Active
2869,Joseph,Martinez,M,1961-05-29,64,awells@example.net,279-483-5538,6612 Michelle Harbor,Cambridge,ON,K7H 4A6,2024-04-23,Active
2870,Kathryn,Hanna,M,1999-02-04,26,marissathomas@example.com,160.399.8989,215 Nathan Wells Suite 419,Waterloo,ON,G4C 5N7,2022-01-06,Active
2871,Laura,Larsen,F,1961-02-17,64,vbarrera@example.net,173 562 3261,70314 Brady Key,Richmond Hill,ON,B1E 1C1,2025-12-17,Active
2872,Rebecca,Williams,M,1967-05-07,58,qlowe@example.org,529-288-3229 x837,22070 Harris Road Suite 175,London,ON,R4H8X7,2024-01-25,Active
2873,Patrick,Robinson,M,2004-07-19,21,vfoster@example.com,(235) 472-4018,910 Perry Summit Suite 155,Hamilton,ON,J4N6C3,2025-12-18,Active
2874,Randy,Freeman,M,1959-09-10,66,iromero@example.com,1 (784) 662-3449,78761 Smith Neck,Waterloo,ON,X2E 4B5,2025-07-16,Active
2875,Douglas,Barnes,M,1998-08-08,27,jason21@example.net,(151) 821-6420 x009,869 Moore Union Apt. 995,Barrie,ON,X2E1A4,2026-07-13,Active
2876,Bryan,Fox,M,1969-06-30,56,fortiz@example.net,(897) 164-7990,23502 James Road Apt. 023,Kingston,ON,C8M 4S4,2026-05-12,Active
2877,Andrew,Short,F,1958-09-30,67,xmoore@example.net,1-780-586-9195,386 Rodriguez Bypass,Barrie,ON,Y3R1E7,2023-03-29,Active
2878,Amanda,Weaver,M,2005-05-30,20,garciajeffrey@example.net,561.365.7059,929 Chavez Fields,Milton,ON,A4E4S4,2026-06-10,Active
2879,Craig,Cunningham,M,1990-04-14,35,bwhite@example.net,716-256-2665 x781,4580 Wesley Curve Suite 021,Kingston,ON,C8H 1J3,2026-01-31,Active
2880,Ashley,Garcia,M,2006-03-10,19,diazgary@example.com,413 652 4394,8400 Duran Underpass Suite 861,Burlington,ON,X6L9K2,2023-02-16,Active
2881,Christine,Brown,F,2005-08-10,20,kellygillespie@example.net,258-006-6227 x712,07432 Brian Meadows,Kitchener,ON,E7T 5E6,2022-12-14,Active
2882,Jennifer,Cordova,F,1962-09-28,63,chad38@example.net,1-217-502-2783,9523 Oconnor Rapids,Whitby,ON,H1H 4B3,2025-10-31,Active
2883,Anthony,Martin,M,1959-10-29,66,andersonapril@example.com,(554) 270-2094 x557,99043 Daniel Manors Apt. 077,Markham,ON,H4T3N1,2023-07-20,Active
2884,James,Larsen,M,1961-10-04,64,janetrodriguez@example.org,845-021-4531 x159,786 Blevins Flat Apt. 326,Oakville,ON,M1P 3N6,2022-12-22,Active
2885,Alicia,Hall,M,2007-09-21,18,charles91@example.net,1 (387) 095-2636,2258 Lewis Mall Apt. 502,Peterborough,ON,N1N 9V8,2026-02-23,Active
2886,Robert,Murphy,M,1970-04-11,55,aliciapeters@example.net,(943) 247-6114 x343,50689 Leonard Harbors,Oshawa,ON,L8S2Y8,2022-12-21,Active
2887,Emily,Nguyen,F,1956-12-27,69,eric80@example.com,279.653.2170,7864 Collins Light,Mississauga,ON,X3X2M5,2024-01-25,Active
2888,Scott,Blevins,F,1984-08-09,41,anthony92@example.com,1-336-902-5855,61295 Johnson Mission Suite 598,Kitchener,ON,L1J 3V5,2025-12-02,Active
2889,Gary,Solomon,F,1958-12-01,67,christie33@example.org,837-417-2714,096 Jacob Well Apt. 158,Mississauga,ON,H1X 5V8,2026-05-19,Active
2890,Erica,Anderson,M,1986-08-17,39,yorkjessica@example.org,+1 (736) 326-1847,9371 Curtis Forges,Vaughan,ON,J2Y3L8,2022-09-10,Active
2891,Julie,Hoffman,F,1957-12-20,68,cannondavid@example.org,1-196-377-0270,00580 Yolanda Summit,Brampton,ON,S7S 9N1,2025-11-28,Active
2892,Amy,Smith,F,2003-05-10,22,michelle36@example.com,676.534.7383,141 Laura Views,Richmond Hill,ON,T9E4X1,2026-05-15,Active
2893,Haley,Johnson,F,1968-09-10,57,normanmarissa@example.com,1-870-540-9856,2154 Long Street,Richmond Hill,ON,V2T9R6,2023-12-27,Active
2894,William,Graham,M,1971-10-11,54,michaeljackson@example.net,1-351-818-5381,83114 Adam Rapid Suite 782,Hamilton,ON,C6V4R1,2024-11-16,Active
2895,Victoria,Gibson,F,1970-03-03,55,christopherbailey@example.org,+1 (880) 116-8218,64922 Shannon Turnpike Suite 562,Barrie,ON,G5G 6L2,2022-07-23,Active
2896,Carol,Daniels,F,1960-04-16,65,elizabeth84@example.com,171-730-2156,99476 Lynch Harbors,Waterloo,ON,T2R1H6,2022-05-20,Active
2897,Amanda,Chase,M,1958-03-11,67,alawrence@example.org,(187) 343-5711,347 Watts Harbors,Ajax,ON,G4B9H9,2025-09-29,Active
2898,Jay,Rosario,F,1961-08-16,64,seancunningham@example.net,(518) 763-2210 x814,306 Gardner Turnpike,Kingston,ON,G9C5L7,2022-10-17,Active
2899,Shannon,Alvarez,M,1977-04-10,48,kimberly25@example.com,+1 (633) 072-7312,661 Clements Rest Suite 614,Markham,ON,R6S 4B4,2025-04-24,Active
2900,Alan,Robinson,M,1965-06-07,60,smithamanda@example.net,(993) 961-5744 x342,184 Underwood Square,Windsor,ON,X2H 1A8,2022-03-21,Active
2901,Steven,Curry,F,1990-11-26,35,downsjustin@example.net,(478) 983-3732 x025,96540 Holly Place Suite 560,Ajax,ON,L9C9S2,2024-10-02,Active
2902,Justin,Ortiz,M,1968-07-18,57,christopher85@example.com,(689) 317-5009,148 Tiffany Club Apt. 943,Whitby,ON,K2X4V5,2023-02-01,Active
2903,Matthew,Frank,M,1985-12-17,40,deborahortiz@example.com,(759) 464-5752,33879 Smith Branch,Mississauga,ON,E9N4N1,2022-02-24,Active
2904,Colin,Glover,F,1987-11-03,38,wphillips@example.com,(112) 128-3310,295 Donald Route Suite 909,Ajax,ON,C1X 1B2,2022-10-25,Active
2905,Tanya,Jones,F,1963-04-29,62,hernandezbrianna@example.org,1-272-700-3185,50530 Jonathan Junction,Kingston,ON,P3P5A4,2025-04-06,Active
2906,Curtis,Hoover,M,1958-04-27,67,scottcaldwell@example.org,(960) 045-1266 x497,3761 Beverly Drive Suite 944,Peterborough,ON,H2Y5T9,2024-03-06,Active
2907,Natasha,Clark,F,1990-12-30,35,brooksjessica@example.org,891 268 4716,00798 Jones Ports,Toronto,ON,E5Y 4B7,2024-07-03,Active
2908,Lisa,Griffin,F,1989-06-11,36,jonathanrodriguez@example.com,1 (523) 035-2602,663 Strong Flat Suite 623,Richmond Hill,ON,C3R 5X2,2024-07-05,Active
2909,Jason,Taylor,F,1973-09-19,52,antonio39@example.net,1-723-503-3365,81623 Sandy Expressway Suite 078,Sudbury,ON,Y1C9B8,2022-05-23,Active
2910,Jonathan,Anderson,F,1996-01-31,29,maciaslinda@example.org,+1 (277) 392-3251,8331 Owen Haven,Waterloo,ON,B2C 2V1,2023-08-17,Active
2911,Heidi,Blair,F,1959-12-09,66,matthew80@example.net,441-649-2730 x559,426 Cynthia Cove,Mississauga,ON,H9P 6T9,2024-08-29,Active
2912,Felicia,Fisher,M,1956-11-19,69,rubioscott@example.net,1 (562) 381-2778,68897 Gina Mission,Peterborough,ON,Y2P4R7,2023-07-07,Active
2913,Anna,Lopez,F,1977-12-31,48,amber62@example.org,(721) 121-7859 x012,53248 Smith Prairie,Whitby,ON,L3V 7A6,2021-11-13,Active
2914,Amber,Barry,M,1970-12-26,55,emilyjacobs@example.org,(557) 826-1832,16866 Annette Wall,Waterloo,ON,C1S5X1,2023-04-24,Active
2915,Christie,Erickson,F,2007-02-07,18,krosario@example.net,+1 (163) 453-0047,94164 Green Fields,Kingston,ON,N3Y 5M7,2023-10-17,Active
2916,Krista,Winters,M,1959-08-12,66,alexander37@example.org,912-569-8110 x474,18246 Brown Mount Apt. 354,Richmond Hill,ON,G2C 3Y7,2023-01-17,Active
2917,Patricia,Salazar,F,1974-08-24,51,wburns@example.com,369-120-1358 x342,9619 Valencia Road,Brampton,ON,N9L 8P3,2024-02-17,Active
2918,David,Thomas,M,1966-08-10,59,kowens@example.com,754-133-1794,83636 Matthew Oval,Ajax,ON,C2M 3L1,2023-01-18,Active
2919,John,Rivera,M,1972-02-07,53,tracey66@example.org,416 038 0807,511 James Mount Suite 497,Guelph,ON,B9E3M2,2025-05-01,Active
2920,Heather,Logan,M,1984-05-08,41,osalazar@example.org,1-337-357-4001,3300 Carrie Stream,Niagara Falls,ON,Y3X 9B9,2025-01-16,Active
2921,Benjamin,David,F,1999-10-22,26,andrew56@example.net,487.594.6261,16828 Susan Points,Guelph,ON,R8H 4E1,2021-08-10,Active
2922,Lisa,Mitchell,F,1980-03-10,45,vanderson@example.org,(744) 366-5204 x102,30769 Williams Points,Markham,ON,H6K2J8,2024-04-08,Active
2923,Andrew,Brown,M,1990-04-19,35,chasethompson@example.net,328 819 8264,262 Hill Tunnel Suite 398,Cambridge,ON,V7E6N2,2021-11-25,Active
2924,Nichole,Wilson,M,2000-01-24,25,tatesarah@example.com,+1 (972) 152-4093,2756 Shannon Shoals,Kitchener,ON,T3R 8V8,2021-08-30,Active
2925,Penny,Mcdowell,M,1970-07-19,55,qmoore@example.net,181-993-5725 x637,251 James Underpass,Niagara Falls,ON,R4H 4S7,2023-05-07,Active
2926,Jason,Meyer,F,1994-01-10,31,todd73@example.org,+1 (723) 425-2896,4753 Michael Knolls,London,ON,J5Y1G8,2024-07-17,Active
2927,Laura,Cook,M,1992-11-02,33,teresa50@example.com,206 337 0679,2855 Jensen Point,Oakville,ON,J7G3E9,2022-06-25,Active
2928,Amanda,Estrada,M,1958-02-12,67,michaeljensen@example.net,114-219-2364 x666,589 Cook Valley Apt. 843,Guelph,ON,T5X8X2,2023-06-15,Active
2929,Daniel,Franklin,M,1996-03-26,29,banksmichelle@example.com,634.530.4533,5726 Melissa Knoll Suite 265,Vaughan,ON,R7G1N9,2022-01-15,Active
2930,Scott,Pope,M,1985-10-29,40,smithmichael@example.net,(589) 341-9961 x764,90765 John Station,Kingston,ON,Y8X5V9,2025-07-02,Active
2931,Amanda,Brown,M,1969-11-25,56,ysantiago@example.org,1-546-494-5992,106 Susan Shore Apt. 433,Whitby,ON,R3V9E9,2025-08-13,Active
2932,Sharon,Jennings,F,1960-09-10,65,evillarreal@example.org,(648) 241-7946 x522,2952 Karen Spurs Suite 305,Windsor,ON,K1H 9V8,2025-09-24,Active
2933,Gabrielle,Pineda,M,1973-06-18,52,omoore@example.org,(486) 158-9250 x713,597 Anderson Forge,London,ON,T4R2P5,2024-08-08,Active
2934,Steven,Murray,F,1995-06-28,30,deborah40@example.net,(860) 242-0119,56236 Williams Street,St. Catharines,ON,X7S 1J6,2024-01-02,Active
2935,Billy,Cervantes,F,1981-03-30,44,dchurch@example.org,700.511.1277,86729 Dana Shoal,Guelph,ON,P6Y 6S9,2025-02-13,Active
2936,David,Romero,F,1997-08-22,28,jennifer05@example.com,(553) 067-8738,07342 Casey Lane,Barrie,ON,C2C4V4,2024-04-24,Active
2937,Brian,Barton,F,1967-10-11,58,wesley59@example.org,(428) 122-8161 x823,419 Cantrell Villages,Burlington,ON,A6V 2Y9,2025-05-18,Active
2938,Mark,Gibson,M,2001-09-12,24,rward@example.org,790.507.8312,39668 Lambert Prairie,London,ON,S8K 9E7,2026-04-22,Active
2939,Diane,Werner,M,1959-07-23,66,debrafranco@example.org,352-238-9241,3747 Monroe Meadows Suite 184,Hamilton,ON,V8B 4Y8,2021-12-05,Active
2940,Tracy,Wilson,M,1976-06-16,49,heather27@example.org,887-803-2409,2834 Morgan Place,Windsor,ON,A5G 7C8,2022-06-01,Active
2941,Amber,Fisher,F,2006-03-30,19,conleyanthony@example.org,138 970 8952,149 Morgan Cape,St. Catharines,ON,Y1T 2C3,2024-10-03,Active
2942,Scott,Jones,M,1994-08-12,31,hawkinsgabriel@example.net,(110) 319-3981,7412 Bryan Shoals,Markham,ON,T4A4V1,2021-12-19,Active
2943,Christine,Arnold,M,2007-11-18,18,imccoy@example.net,931.031.6309,086 Billy Squares Apt. 645,Markham,ON,S5J1L8,2024-02-10,Active
2944,Robert,Rodriguez,M,1973-07-09,52,laurafry@example.org,(519) 826-3035,123 Davis Manors,Waterloo,ON,B4J8K1,2025-06-08,Active
2945,Emily,Mason,M,2007-06-12,18,burnettmadison@example.com,1 (631) 234-1577,44169 Benjamin Walks,Sudbury,ON,V4C3H2,2022-06-05,Active
2946,Maria,Huffman,F,1975-05-13,50,pamelanelson@example.com,(173) 722-7701 x559,537 Wong Forks,Oakville,ON,Y8E 8S3,2026-06-11,Active
2947,Angel,Gordon,F,1992-12-18,33,knelson@example.net,616-729-6913 x609,349 Jason Lock,London,ON,M4S4T2,2023-07-18,Active
2948,Danielle,Brandt,F,2001-07-24,24,preston61@example.org,(892) 628-9183,64925 Wood Falls Suite 241,Oakville,ON,C4R9R8,2022-07-05,Active
2949,Michael,Miller,F,1968-10-24,57,lucas18@example.com,(413) 267-3344 x168,926 Mitchell Rapids Suite 279,Windsor,ON,E1J4H2,2022-09-16,Active
2950,Aaron,Clark,F,1968-09-14,57,jenniferhall@example.com,891.343.1691,98832 Morris Courts,Milton,ON,Y9P 8G8,2026-06-04,Active
2951,Walter,Rivera,M,1991-07-15,34,harrisonsteven@example.net,+1 (201) 326-8431,060 Gray Union Apt. 236,London,ON,A7P2K1,2023-04-09,Active
2952,Cynthia,Davis,M,1990-01-12,35,joserichmond@example.com,782 551 4690,3399 Nolan Fields,Kitchener,ON,E6T 4H4,2024-08-26,Active
2953,Anna,Holloway,F,1989-11-14,36,hernandezsandy@example.org,(133) 484-6006,08638 Green Roads,Mississauga,ON,V3G 9L9,2022-02-06,Active
2954,Gina,Mckenzie,M,1975-11-20,50,parrishamy@example.net,1-342-069-2565,305 Webb Isle,St. Catharines,ON,L7T 8H9,2025-03-02,Active
2955,Jonathan,Hernandez,F,1959-07-01,66,oliverkatie@example.net,(448) 190-3317 x180,164 Scott Walks Suite 339,Oshawa,ON,R8A 4J2,2021-08-29,Active
2956,Diana,Miller,M,2005-10-27,20,uosborne@example.org,577-124-9208 x555,504 Ann Cape Suite 543,Waterloo,ON,A8X9J4,2022-05-14,Active
2957,Amber,Smith,M,1986-07-30,39,scottromero@example.net,133-837-1327,322 Becker Forest,St. Catharines,ON,M1C 9B2,2023-01-13,Active
2958,Michael,Ho,M,2000-11-05,25,sonyacooke@example.net,(360) 642-7725 x947,1270 Lisa Road,Brampton,ON,P9T 7G6,2023-04-07,Active
2959,Victoria,Thornton,F,1957-12-25,68,howen@example.net,+1 (885) 808-4891,645 Miller Path,Cambridge,ON,M4J 4C3,2025-06-11,Active
2960,Christopher,Gross,F,1964-09-10,61,simschad@example.com,(205) 554-1398,46421 Chelsea Trail Suite 245,Oakville,ON,G8T 4B5,2022-07-31,Active
2961,Gregory,Gregory,M,1999-03-13,26,davidjohnson@example.org,287-672-5449,228 Jason Summit Apt. 458,Cambridge,ON,G6M8T5,2021-09-20,Active
2962,Kristine,Butler,F,1999-10-20,26,clopez@example.net,256-434-6820 x725,3468 Howard Underpass,Guelph,ON,A3A8M5,2024-09-08,Active
2963,Christopher,Walsh,M,1985-07-07,40,jjohnson@example.net,440-450-6736,420 Ryan Mission,St. Catharines,ON,L1X 2G7,2024-10-26,Active
2964,Robert,Salinas,F,1973-09-27,52,sandra77@example.com,(281) 341-6427,7193 Linda Shores Suite 438,Markham,ON,T7Y 9P4,2021-12-12,Active
2965,Amy,Simpson,F,1981-02-06,44,hutchinsonbrian@example.com,(220) 225-0789 x565,66342 Murphy Fields Suite 170,Burlington,ON,H4X1V2,2026-04-05,Active
2966,Patrick,Martin,M,1970-08-19,55,justinpearson@example.org,309 317 3880,78692 Cassandra Forks,Peterborough,ON,B2K 1E3,2023-09-20,Active
2967,Michael,Martinez,M,1990-05-25,35,parker61@example.com,1-372-953-9384,0088 Cohen Ridge Apt. 742,Ajax,ON,V6P 7H4,2026-02-14,Active
2968,Alyssa,Smith,F,1966-12-09,59,sherrismith@example.org,130.996.6229,47013 Young Keys Apt. 776,Cambridge,ON,H4S1L8,2021-12-02,Active
2969,Carrie,Cardenas,M,1968-04-11,57,tmorgan@example.org,(557) 361-0508,68443 Davis Point Suite 838,Mississauga,ON,Y3P1E7,2023-05-10,Active
2970,Matthew,Walsh,F,1958-11-16,67,angela28@example.net,+1 (460) 956-2598,995 Barnes Wells Suite 372,Ajax,ON,K6Y9B1,2024-10-23,Active
2971,Robert,Richardson,M,1966-07-25,59,pittmanwilliam@example.net,1-134-838-3483,1258 Schwartz Ville,Burlington,ON,K8C5J3,2026-03-28,Active
2972,David,Bruce,F,1997-12-06,28,williamgrimes@example.net,388-438-3213,19107 Lopez Orchard,Whitby,ON,G5X8Y9,2024-12-30,Active
2973,Regina,Ho,M,1992-11-29,33,mpeters@example.com,617 260 8213,92310 Chase Heights,Ajax,ON,S2N8R2,2024-04-14,Active
2974,Sydney,Simpson,F,1965-01-23,60,dianaodom@example.net,641-397-3177 x067,49048 Gardner Lakes Apt. 112,Kitchener,ON,L5J1P1,2023-10-10,Active
2975,Dana,Neal,F,1993-04-13,32,katherine81@example.net,696-076-0456,63857 Casey Road,Cambridge,ON,Y1M9T2,2022-12-12,Active
2976,Benjamin,Koch,F,2007-07-28,18,veronicarobinson@example.com,(938) 526-3532 x565,173 Brittany Club,Barrie,ON,K9M 1S1,2024-12-27,Active
2977,Stephanie,Cox,M,1978-02-10,47,lisa60@example.org,+1 (476) 151-8193,043 Ellis Loaf,Cambridge,ON,C7J4C9,2025-11-03,Active
2978,Amy,Ho,F,1965-11-08,60,xnixon@example.com,(909) 248-9854 x574,3880 Michael Green Suite 086,Guelph,ON,V6T 6P7,2025-05-13,Active
2979,Catherine,Taylor,M,1996-01-31,29,ashley09@example.org,1 (694) 444-0565,97171 Jeremy Street Apt. 300,Markham,ON,Y3E8P8,2024-11-19,Active
2980,Todd,Williams,M,1998-11-26,27,nicholasbarber@example.net,(354) 027-7234 x890,218 Selena Trail Apt. 407,Oakville,ON,Y4S9N7,2024-10-19,Active
2981,Kyle,Nichols,F,2001-05-05,24,savannah49@example.net,+1 (871) 608-9064,2213 Regina Island,Cambridge,ON,A4B1H8,2026-04-17,Active
2982,Veronica,Smith,M,1995-02-08,30,hannah16@example.net,1-626-040-8997,65989 Torres Gardens,Brampton,ON,H2M 8B4,2023-06-23,Active
2983,Kendra,Marshall,M,1974-02-06,51,brian06@example.org,382 382 6646,99944 Brown Summit,Windsor,ON,A6G2R8,2026-02-20,Active
2984,David,Davis,F,1960-10-16,65,bruceglover@example.net,(306) 686-2381,5843 Sara Pike Apt. 414,Peterborough,ON,K8S 1X5,2023-05-27,Active
2985,Kelly,Lee,F,1972-07-04,53,allisonbarker@example.net,667.474.2768,46124 Morton Knoll Apt. 868,Kingston,ON,E4R 6E3,2025-07-26,Active
2986,Kyle,Macdonald,M,1976-08-16,49,cookjanice@example.com,(139) 748-0877,9184 Kenneth Junction,Toronto,ON,V9H 8S8,2025-03-08,Active
2987,Amy,Cisneros,M,1986-01-03,40,jonathon76@example.com,377 286 4093,49268 Kristin Divide,Cambridge,ON,L9C 9E4,2022-04-20,Active
2988,Donald,Price,M,1974-04-15,51,hroman@example.com,788-764-7494,593 Brandon Underpass Suite 887,Cambridge,ON,J2X 2E9,2023-01-19,Active
2989,Heather,Jackson,F,2004-02-25,21,roygaines@example.net,781-534-1301,50739 Charles Pike Apt. 651,Oshawa,ON,S9G8J1,2025-01-12,Active
2990,Adam,Harris,M,1991-05-04,34,sophialowe@example.com,1-672-865-0188,3545 Michael Ford,Oakville,ON,H1H4Y8,2023-06-01,Active
2991,Colin,Smith,M,1960-11-26,65,rmartin@example.org,774-338-9265,19399 Julie Cliff,Oakville,ON,B3L2C6,2021-09-13,Active
2992,Amy,Manning,M,2001-11-23,24,heatherreeves@example.net,749.512.9422,198 Jackson Loop Suite 059,Brampton,ON,X6H 6S1,2026-07-14,Active
2993,Diane,Middleton,F,2002-04-08,23,traciramirez@example.net,871 846 7072,744 Melissa Extensions,Oakville,ON,S7C 1A7,2023-04-21,Active
2994,Erin,Dixon,F,1984-06-15,41,sandra69@example.net,1-622-181-3410,88123 Lopez Trail Suite 527,Vaughan,ON,C6A1R9,2024-01-21,Active
2995,Natalie,Smith,F,1983-08-12,42,brittanynavarro@example.org,1-647-299-9233,4386 Lisa Squares,Brampton,ON,H7H 5N9,2026-03-07,Active
2996,Alyssa,Robinson,M,1967-03-27,58,norriskeith@example.com,829.451.0551,575 Lisa Knoll Apt. 565,Burlington,ON,C3X3G9,2022-02-05,Active
2997,James,Crawford,F,1981-10-17,44,jacobjones@example.org,146 271 8110,79170 Mendez Summit Apt. 687,Peterborough,ON,G8X 8Y8,2024-08-11,Active
2998,Richard,Cox,M,2006-11-02,19,josephronald@example.com,1 (739) 527-4503,532 Harris Green,Mississauga,ON,T7E4E8,2024-11-02,Active
2999,Deborah,Conner,M,1959-06-24,66,autumnbailey@example.net,(924) 923-6790,12729 Ashley Crest,Kingston,ON,R7G1T3,2024-05-09,Active
3000,Kevin,Estes,M,1956-08-13,69,wallerjo@example.org,(917) 781-7031 x451,8679 Henry Streets,Windsor,ON,G3P 3R9,2024-07-10,Active
3001,Doris,Brown,M,1963-07-16,62,longjeffrey@example.net,1-892-583-9180,09980 Miller Glen,Windsor,ON,S7S2A3,2022-12-12,Active
3002,Richard,Owens,F,1958-03-02,67,austinthomas@example.org,(806) 546-3960,55214 Julie Motorway Suite 125,Guelph,ON,B1V 8E3,2024-02-22,Active
3003,Troy,Reyes,F,1969-12-08,56,morganerin@example.net,643 800 4607,96861 Blevins Mall Suite 043,Barrie,ON,J7G 8M7,2025-10-01,Active
3004,Laura,Owens,M,1982-12-21,43,vincent95@example.com,1 (248) 792-5314,47887 Ray Pine,Barrie,ON,T8G9J2,2022-01-28,Active
3005,Karen,Davis,M,1960-01-05,66,robertsonjoshua@example.com,(750) 878-6878,55570 Zuniga Track Apt. 393,Hamilton,ON,J7S 1T8,2024-04-17,Active
3006,Ryan,Dunn,M,1995-09-06,30,christinatorres@example.org,+1 (483) 469-1627,312 Kimberly Trafficway,Kitchener,ON,V6C3L8,2026-07-22,Active
3007,Robert,Mcbride,F,1963-05-22,62,christian23@example.com,(348) 345-2706,336 Young Forge Apt. 902,Markham,ON,P7C3M2,2022-09-20,Active
3008,Lisa,Rodriguez,F,1968-07-11,57,khodges@example.com,(555) 639-0334 x826,40057 Isabella Overpass Apt. 795,Toronto,ON,T6A 2T6,2022-06-03,Active
3009,Gabriella,Berry,F,1980-10-10,45,crystalallen@example.net,677-358-4677,0188 Santiago Park Apt. 651,Milton,ON,A4P6X1,2024-06-26,Active
3010,Jeffrey,Marshall,M,1989-07-28,36,rodriguezkristin@example.com,566-845-4277 x221,3874 Morgan Roads Apt. 625,Whitby,ON,T4E3G9,2024-09-05,Active
3011,Debbie,Collins,F,1987-06-15,38,hannah92@example.com,219-604-1768 x415,00696 Ronald Junctions Suite 084,Markham,ON,C7A8E3,2025-10-04,Active
3012,Kristen,Anderson,M,1998-06-27,27,shamilton@example.net,586-465-8159 x668,0562 Luke Hills,Waterloo,ON,B9T4P6,2026-06-18,Active
3013,Steven,Lawrence,F,2000-01-28,25,zfisher@example.org,1 (795) 821-4308,341 Hill Throughway Apt. 797,Niagara Falls,ON,P7E 3Y8,2024-05-15,Active
3014,Brenda,Wilcox,F,2002-01-17,23,patricia81@example.com,245-737-4427 x513,01007 Robert Common,Cambridge,ON,C6E 7J8,2023-11-20,Active
3015,Charles,Mayer,M,1981-02-12,44,vanessaanderson@example.org,1-428-703-9663,6205 Michael Drives,Cambridge,ON,R6N 4C8,2022-04-19,Active
3016,Denise,Bell,M,1959-09-15,66,cruzroberto@example.org,385 502 9406,0425 Kirk Oval,Markham,ON,S8J6L4,2023-03-26,Active
3017,Ashley,Rivera,F,1980-05-13,45,nathananthony@example.net,1 (260) 884-7071,3366 Angela Run Apt. 515,Waterloo,ON,V5G2Y3,2024-06-10,Active
3018,Rachel,Cox,M,1973-03-31,52,andrewjones@example.net,(563) 760-0589,1609 Christopher Squares Suite 938,Markham,ON,J8H 2Y6,2024-08-16,Active
3019,Michael,Webb,M,1995-01-06,31,tcooper@example.net,101-978-8110 x909,37061 Weaver Ferry Apt. 174,Mississauga,ON,V7K8K7,2022-01-11,Active
3020,Brenda,Barnes,M,1991-11-19,34,cthornton@example.com,+1 (371) 571-8718,78837 Kelley Islands,London,ON,N1R3C3,2024-01-24,Active
3021,Kenneth,Coleman,F,1987-09-24,38,abigail85@example.org,(785) 136-3621 x379,17735 Reed Manor,Vaughan,ON,R8J 5L5,2021-11-02,Active
3022,John,Dyer,M,1966-09-11,59,jacksoncurtis@example.org,361-035-2331 x907,10338 Kelley Freeway Suite 361,Mississauga,ON,C2Y 7B3,2022-05-15,Active
3023,Emily,Brady,F,2002-12-07,23,milesmatthew@example.net,(451) 867-6674 x951,985 Stephen Walks Apt. 237,Mississauga,ON,S3Y7K9,2024-05-06,Active
3024,David,Johnston,M,1977-07-01,48,paul10@example.com,1 (808) 257-2696,5658 Potter Gateway Apt. 563,Kingston,ON,Y6J3T4,2022-07-22,Active
3025,Catherine,Arias,M,1987-05-16,38,griffinjuan@example.org,(235) 717-7266,6220 Fuller Ville Apt. 599,Mississauga,ON,K3V 4P1,2025-02-25,Active
3026,Christine,Coffey,M,1989-05-08,36,davisdustin@example.net,1-331-795-8252,911 Bauer Avenue,Guelph,ON,P8G 5B4,2025-04-26,Active
3027,Yolanda,Nichols,F,1979-03-12,46,gordonjessica@example.com,956 379 9738,2850 Bailey Plains,Windsor,ON,N1E3Y5,2023-10-19,Active
3028,Jeffrey,Martin,M,1965-05-22,60,aprilclayton@example.com,+1 (293) 998-0682,55170 Michael Skyway,Markham,ON,C4R 8M9,2021-11-21,Active
3029,Terrance,Donovan,F,1975-03-10,50,morenobrenda@example.com,957.221.9693,021 Frank Corners,Cambridge,ON,X8H2K9,2025-08-26,Active
3030,Suzanne,Stevens,M,1985-09-17,40,hector72@example.org,698-250-7532 x081,734 David Vista,Mississauga,ON,K5P 7T6,2022-08-19,Active
3031,Rebecca,Davenport,F,2005-04-29,20,jeanklein@example.net,(890) 504-5804,288 Brandon Prairie,St. Catharines,ON,P2N3P2,2025-06-18,Active
3032,Richard,Barnett,F,2002-07-24,23,laurawilliams@example.org,1 (942) 003-1507,56164 Jamie Shoals,Kingston,ON,X3B9J3,2022-03-18,Active
3033,Tiffany,Pruitt,M,1994-10-22,31,iwashington@example.org,984-684-2516,108 Tapia Key,Peterborough,ON,L3H5J6,2026-02-08,Active
3034,Melissa,Miller,F,2004-06-30,21,clarkmatthew@example.com,1 (342) 272-6183,893 Knight Run Suite 101,St. Catharines,ON,V5C7E8,2022-04-19,Active
3035,Leonard,Chandler,M,1977-03-11,48,victordodson@example.net,587.735.9508,4669 Johnson Neck,Whitby,ON,A7R3R3,2022-11-02,Active
3036,David,Fitzgerald,F,2005-10-11,20,vlarson@example.org,1-130-917-7886,391 Martinez Plains,Barrie,ON,E5B6S5,2022-12-11,Active
3037,Jacob,Chung,M,1978-11-03,47,delacruzdennis@example.net,542-140-8017,361 Heather Crest,London,ON,G9T 1M8,2022-09-06,Active
3038,Justin,Perry,F,1992-02-05,33,stephaniemendoza@example.com,1 (134) 357-6054,0353 Mathews Summit,Oakville,ON,J2X 5L6,2026-05-02,Active
3039,Tracy,Dunn,F,1967-10-07,58,xcampbell@example.org,1 (998) 657-3179,47621 Gregory Loaf Suite 516,Kingston,ON,S2S 4B1,2025-01-27,Active
3040,Alexis,Williams,M,1968-10-31,57,calvinsmith@example.org,+1 (689) 918-9277,060 Jenny Brook Apt. 521,Ajax,ON,N7R1L3,2022-10-08,Active
3041,Nicole,White,M,1972-11-07,53,hectorjames@example.com,641.839.4669,418 Lucas Fork,Oakville,ON,B4R9M1,2024-07-28,Active
3042,Samuel,Edwards,M,1998-11-20,27,angel34@example.org,930-830-0409,2589 Baker Hills Suite 531,Markham,ON,P2P 9Y9,2023-05-17,Active
3043,Kyle,Velasquez,M,2000-11-17,25,anna59@example.org,772-749-5916,841 Curtis Hills,Hamilton,ON,B1V6M3,2025-12-20,Active
3044,Morgan,Howard,F,1975-03-06,50,harmonjohn@example.org,603-752-9945,5326 Jeffrey Roads,Milton,ON,C6H2T4,2023-10-01,Active
3045,Heather,Braun,F,1975-03-27,50,unorman@example.net,+1 (179) 561-5109,22848 Pope Ridges,Guelph,ON,A9V 4L8,2024-12-08,Active
3046,Patrick,Ballard,F,1980-03-12,45,allenmichelle@example.com,317-356-5860 x882,1670 Michael Mill,Oshawa,ON,K6M9V2,2023-08-01,Active
3047,Carolyn,Martin,F,1994-09-23,31,gbeasley@example.org,(252) 809-8769,9706 Thompson Well Suite 961,London,ON,L1H 4G3,2026-03-19,Active
3048,Elizabeth,Miller,F,1959-07-05,66,keydavid@example.com,1-152-763-0965,0116 Bell Court,Ajax,ON,T3X5G2,2022-12-19,Active
3049,Kimberly,Robbins,M,1978-08-13,47,crystalnelson@example.org,1-213-038-9773,5007 Phillips Mall,Milton,ON,E6G 6G6,2026-05-15,Active
3050,Rebecca,Marshall,M,1961-08-13,64,clewis@example.net,872 065 5194,636 Janice Estate,Markham,ON,E7J8Y3,2026-03-30,Active
3051,Donna,Hebert,F,1973-06-09,52,oconnorsean@example.net,845-037-4034,34759 Friedman Ranch Apt. 331,Oakville,ON,S4P9A3,2024-11-22,Active
3052,Tyler,Poole,M,1973-01-27,52,browningbradley@example.com,264-369-4882 x595,106 Daniel Springs,Kitchener,ON,K9B4V1,2022-02-18,Active
3053,William,Murphy,M,1965-09-08,60,tcastillo@example.net,(307) 558-4859,38704 Nathan Crossing,Hamilton,ON,Y8V9B8,2022-03-31,Active
3054,Jason,Hunter,M,1964-08-22,61,robertsbrandon@example.org,+1 (251) 192-0453,703 Natalie Prairie Apt. 046,Cambridge,ON,N9S8V6,2023-01-21,Active
3055,Jay,Sandoval,M,1972-02-03,53,susanbrandt@example.net,976 639 7599,20689 Cole Canyon Suite 058,Burlington,ON,T5J6T2,2022-06-19,Active
3056,Laura,Davis,F,1990-10-30,35,ramirezcharles@example.com,(575) 749-2220 x084,8645 Henson Shoal,Markham,ON,S2V6H6,2022-12-28,Active
3057,Jennifer,Franklin,M,1981-05-26,44,lorettawade@example.com,(175) 679-8475,6216 Soto Bypass,Guelph,ON,Y2J 9E4,2022-07-02,Active
3058,John,Jones,F,1965-06-29,60,wcook@example.net,534.827.6769,0709 Mcmillan Ramp,Kingston,ON,S8L9A3,2024-12-17,Active
3059,Megan,Myers,M,2007-01-31,18,eford@example.org,1-809-502-6418,89696 Jones Rapid,Whitby,ON,A3S 4M3,2025-07-23,Active
3060,Andrea,Holland,M,1985-07-21,40,brightroger@example.net,396-486-0393,49727 William Stravenue,Toronto,ON,L9V 1B5,2025-07-23,Active
3061,Patrick,Williams,F,1988-05-14,37,hoodmelissa@example.net,(242) 330-5682,23103 Vincent Rue,Oakville,ON,C5J2S4,2026-05-08,Active
3062,Oscar,Torres,M,1966-08-09,59,fernandohunter@example.com,691-002-6231 x267,2487 Romero Locks,Oshawa,ON,H5Y 2T8,2025-11-28,Active
3063,Ryan,Lee,F,2002-07-14,23,jonathan01@example.org,938-992-1461 x191,134 Michelle Wall,Barrie,ON,E1N 7J2,2021-08-08,Active
3064,Julie,Rowe,F,1970-07-12,55,johnatkinson@example.org,701 487 3544,9740 Heather Cove,Ajax,ON,E6M7J3,2024-02-05,Active
3065,Carl,Underwood,M,1974-08-02,51,castromatthew@example.org,714-516-4987,6847 Richard Trail Apt. 514,St. Catharines,ON,J9A5C9,2024-03-02,Active
3066,Cameron,Rodgers,F,1969-12-17,56,ipetty@example.net,(636) 195-6336 x454,243 Kyle Summit,Hamilton,ON,Y6S 2L7,2022-07-10,Active
3067,Jose,Moore,F,1960-01-10,66,tmcknight@example.org,1-240-221-1081,215 Antonio Bridge,Kingston,ON,S9P 6S5,2025-09-05,Active
3068,James,Hill,M,1994-09-13,31,vpalmer@example.net,912-776-7271 x067,76836 Paul Parkways Suite 622,Burlington,ON,V8S 8J5,2023-03-10,Active
3069,Dylan,Johnson,M,1971-12-22,54,qthompson@example.com,1 (287) 846-7869,0822 Davis Ports,Windsor,ON,G4C 7C1,2021-11-18,Active
3070,Shaun,Mosley,F,1993-03-05,32,jennifercraig@example.net,1 (802) 740-9408,47659 Angela Summit,Kingston,ON,P7B 1S7,2023-01-02,Active
3071,Victor,Brennan,F,1977-07-17,48,raymondbrown@example.net,994-174-5539 x345,3374 Natalie Land,Richmond Hill,ON,G3X3E7,2022-11-27,Active
3072,Kyle,Rose,M,1983-09-30,42,jbennett@example.net,1-824-749-3882,10123 Lewis Lakes Suite 249,Milton,ON,P5G7R5,2023-09-13,Active
3073,Kristen,Porter,M,1969-06-29,56,gonzalezcurtis@example.com,935.881.6659,470 Dunlap Cliffs,Vaughan,ON,X6P 5N1,2026-01-05,Active
3074,Melanie,Marshall,M,1992-08-14,33,michellemullen@example.net,+1 (279) 183-9634,76226 Anthony Street Apt. 166,Milton,ON,X2Y 2K8,2024-10-13,Active
3075,Diane,Fowler,F,1962-03-04,63,jamesandrews@example.com,186-226-7887,08163 Johnson Wells,Vaughan,ON,P4H 9M4,2023-05-23,Active
3076,Aaron,Shaw,F,1959-01-27,66,beasleymeredith@example.net,+1 (625) 101-3215,327 Heather Mountains Apt. 714,Whitby,ON,X4G4H8,2021-10-18,Active
3077,Brittany,Greene,F,2004-05-04,21,mannamber@example.net,810-159-5591 x985,372 Deborah Stravenue,Cambridge,ON,A6X5G7,2021-08-28,Active
3078,Juan,Wilson,M,1996-01-10,29,nicolemcintyre@example.com,1 (252) 155-0277,9719 Lawson Cliffs,Burlington,ON,L1C 7K4,2022-09-02,Active
3079,Lisa,Gordon,F,1996-08-22,29,tinahowell@example.net,+1 (430) 446-1556,027 Williams Islands Apt. 815,Ajax,ON,Y2T 9S5,2023-12-21,Active
3080,Nicholas,Blair,F,1995-10-12,30,samuelsmith@example.org,(260) 936-1230,5012 Lauren Mount Suite 212,Niagara Falls,ON,G7G 5V3,2023-04-22,Active
3081,Dylan,Ramos,M,1965-09-09,60,ashleyvega@example.org,(712) 246-1746,60356 Sullivan Stream Suite 462,Whitby,ON,X2Y 5N2,2026-05-11,Active
3082,Julia,Murray,F,1965-04-23,60,oscar71@example.org,1 (787) 901-3350,642 Kimberly Walk Suite 913,Kitchener,ON,R8T8Y2,2026-05-30,Active
3083,Steven,Phelps,M,1972-05-02,53,brandonbrown@example.com,1-426-969-3445,105 James Corner Apt. 155,Sudbury,ON,R2K 6M6,2023-03-30,Active
3084,Kelsey,Martin,F,1963-04-08,62,lindamoody@example.net,+1 (742) 892-1651,0741 Smith Fall,London,ON,X3N 9M8,2023-03-24,Active
3085,Ashley,Mata,F,1982-09-23,43,jillianhuff@example.net,1-220-710-3142,5390 Caitlin Islands,Toronto,ON,R9B5K5,2023-05-06,Active
3086,Monica,Mann,M,1990-12-18,35,allison93@example.net,1 (216) 750-0456,4873 Figueroa Dale Suite 923,Peterborough,ON,P1A 1A5,2023-08-21,Active
3087,Stuart,Mcdaniel,F,1977-11-24,48,michaela78@example.net,+1 (532) 067-7150,2692 Evan Island,Niagara Falls,ON,J2X6K1,2026-05-06,Active
3088,Crystal,Bush,M,1980-12-24,45,klewis@example.org,1-726-285-7375,9625 Jennifer Circles Apt. 240,Windsor,ON,C5S4H3,2023-11-25,Active
3089,Nathan,Gonzalez,F,1961-10-23,64,armstrongrobin@example.com,+1 (260) 287-9023,951 Alvarez Square Suite 570,St. Catharines,ON,K3C 9R4,2024-12-17,Active
3090,Diana,Rodriguez,F,1988-12-12,37,melaniemorgan@example.net,1 (620) 811-9797,5808 Munoz Ranch,Oakville,ON,K9P3Y5,2024-10-16,Active
3091,Ryan,Reese,M,1990-02-13,35,perezkara@example.net,1-505-357-2257,67580 Flores Extension,Oakville,ON,L8E 6T8,2023-09-07,Active
3092,Tammy,Jones,F,2007-08-16,18,donaldsonsarah@example.com,381 946 5940,614 Lydia Station,Oshawa,ON,A6E7H6,2022-04-29,Active
3093,Ronald,Leonard,F,1972-12-06,53,ygutierrez@example.com,741-483-1578 x152,4490 Jeffrey Plaza,Brampton,ON,B5T 7M8,2024-09-04,Active
3094,Heather,Graham,F,2002-02-12,23,torrestravis@example.net,281-469-0233 x052,583 Donald Mountain Suite 748,Waterloo,ON,C8G 1P3,2023-07-11,Active
3095,Andrew,Parks,F,1975-01-06,51,jcollins@example.com,(887) 853-9806,8196 Schmidt Stravenue,Cambridge,ON,G3K 3C4,2026-07-20,Active
3096,Meghan,Howell,F,1977-09-18,48,elizabeth59@example.com,263-806-1733,833 Kevin Row,Kitchener,ON,K9S 4Y2,2022-04-29,Active
3097,Elizabeth,Rhodes,M,1982-11-10,43,ginasmith@example.com,983-447-4486,392 Peter Overpass Apt. 348,Windsor,ON,M5X 3M4,2022-11-29,Active
3098,Dylan,Drake,M,1965-03-28,60,amandaharris@example.com,603-690-4260,7251 Mason Green,Sudbury,ON,K7C9L3,2025-06-12,Active
3099,Frances,Jordan,M,1982-07-19,43,bsanchez@example.org,(174) 520-9147,8939 Erin Rapid,St. Catharines,ON,H8T 3C5,2022-11-13,Active
3100,David,Quinn,F,1963-08-23,62,maria92@example.com,660.053.3005,02385 Brenda Dale Apt. 105,Brampton,ON,T1Y7Y3,2026-01-27,Active
3101,Ashley,Romero,M,2002-01-14,23,kclark@example.org,837-703-2951,767 Bell Land,Ajax,ON,T9A4M3,2022-01-23,Active
3102,James,Whitehead,M,1989-06-17,36,tonyasanchez@example.net,726.626.9072,06815 Rivas Shores,Milton,ON,L3L4P8,2025-09-14,Active
3103,Kevin,Melendez,F,1978-12-07,47,danielgarza@example.org,551 656 5344,230 Kimberly Expressway,Kitchener,ON,A1X1J8,2021-12-29,Active
3104,Kevin,Blankenship,F,1964-04-22,61,ghull@example.com,304-586-5924 x460,93048 Christopher Fields Apt. 470,Milton,ON,V4L5Y2,2026-04-13,Active
3105,Jonathan,Cole,F,1985-06-09,40,kadams@example.org,+1 (571) 329-0898,7183 Jackson Corners,St. Catharines,ON,B9P 9Y9,2022-06-24,Active
3106,Andrea,Kennedy,M,1983-02-05,42,anna65@example.com,+1 (276) 840-9380,6018 Jose Hollow,London,ON,J2H 5P6,2024-11-05,Active
3107,Brian,Johnson,M,1958-02-05,67,julian43@example.org,870-141-2780,109 Kimberly Falls,Ajax,ON,K4H 1V7,2022-10-16,Active
3108,John,Duran,M,1996-11-04,29,pettyjoyce@example.com,(611) 129-7640 x720,8533 Natalie Island,Kitchener,ON,C7L9M9,2025-07-30,Active
3109,Barry,Smith,F,1966-11-05,59,brianrice@example.com,(399) 036-3703 x616,59366 Ashley Ports,Cambridge,ON,L1A3Y1,2024-02-18,Active
3110,Denise,Watson,M,1973-09-05,52,melissa84@example.com,272.780.2724,6225 Wells Gardens Suite 214,Oakville,ON,R5V 9V8,2022-02-07,Active
3111,Charles,Johnson,F,2005-09-13,20,balexander@example.net,(458) 243-0558 x186,4365 Richardson Avenue,Toronto,ON,P7R3G3,2023-07-12,Active
3112,Lance,Johnson,M,1985-09-09,40,gregoryfaulkner@example.org,(160) 579-7927,72953 Calderon Forge,Mississauga,ON,G8A 7L4,2024-08-24,Active
3113,Spencer,Li,F,1971-01-22,54,paulwilson@example.net,+1 (979) 679-2725,860 Vincent Keys Suite 622,Kingston,ON,T7C 8M5,2024-11-06,Active
3114,Amber,Edwards,M,1962-11-09,63,amanda89@example.org,1-662-189-4179,8118 Walker Rapids Apt. 766,Mississauga,ON,S4E 3T8,2022-02-05,Active
3115,Kristin,Clark,F,1975-03-06,50,fernandezelizabeth@example.com,(125) 145-4606,4903 Knight Cliffs Suite 499,Ajax,ON,B5T6A5,2024-05-20,Active
3116,David,Nguyen,F,1997-07-16,28,gina97@example.net,1 (299) 353-8496,555 Jacob Square,Toronto,ON,R9J8G9,2025-01-24,Active
3117,Sara,Henderson,M,2002-12-29,23,dana98@example.net,(391) 350-8323,591 Fields Shoals,Vaughan,ON,B7T 5M5,2022-08-24,Active
3118,Kimberly,Smith,M,1997-07-03,28,emartinez@example.org,1-986-578-2957,5507 Xavier Springs Apt. 255,Kingston,ON,Y3M 4K5,2022-12-14,Active
3119,Krista,Henry,F,1986-09-13,39,dawn55@example.com,107-091-6170 x846,6758 Laurie Prairie Suite 830,Kitchener,ON,J1J 8N6,2023-01-26,Active
3120,Helen,Miller,F,2001-12-26,24,ericwilson@example.net,146 406 3498,90251 Ashley Divide Suite 413,Oshawa,ON,C3S7T9,2024-11-10,Active
3121,Melissa,Cameron,F,1981-05-23,44,goodwintyler@example.net,(432) 483-5611 x617,871 Zachary Trafficway,St. Catharines,ON,X4T 4Y3,2023-10-10,Active
3122,Vanessa,Lang,M,1981-04-22,44,dmarshall@example.com,536-179-2860,3275 Alice Stream Apt. 095,Richmond Hill,ON,T6M 9A1,2024-06-05,Active
3123,Brian,Murray,M,1989-04-02,36,ibarracarol@example.org,1 (788) 345-2454,752 Alexis Falls Apt. 914,Oshawa,ON,Y1A 9H7,2024-01-01,Active
3124,Christina,Barton,F,1962-07-07,63,russellrachel@example.org,368 975 3953,0865 Taylor Stream,Windsor,ON,K7S 6V2,2024-07-18,Active
3125,David,Berry,M,1988-09-09,37,obenson@example.net,791.597.7814,973 Howard Cape Suite 007,Hamilton,ON,X6E 3V4,2025-03-29,Active
3126,Matthew,Manning,M,1969-08-08,56,probinson@example.org,948 709 7206,479 Maxwell Views,Markham,ON,H8R 4M9,2026-07-09,Active
3127,Ryan,Nielsen,F,1999-02-22,26,hoffmandavid@example.net,980.790.0774,01751 Gates Lights Apt. 426,Kitchener,ON,K2P 1C2,2026-05-01,Active
3128,Christopher,Jackson,F,2006-04-22,19,williamhernandez@example.org,+1 (557) 162-1304,8874 Larson Courts,Whitby,ON,N4C 8H7,2023-12-09,Active
3129,Jennifer,Nguyen,M,1963-08-25,62,sreed@example.org,754-837-4690,6405 Kimberly Spurs Suite 408,Oshawa,ON,J2R 6G3,2023-08-21,Active
3130,Richard,Evans,F,2001-03-22,24,hendersonjacob@example.org,1-868-438-9547,604 Michael Vista,Oakville,ON,N5Y 5X6,2022-11-30,Active
3131,Larry,Davis,M,1963-01-11,63,stephen98@example.org,229-089-2903 x188,5810 Katrina Centers,Niagara Falls,ON,K5H 3P9,2023-09-25,Active
3132,Danielle,Golden,M,1995-04-24,30,michelle94@example.com,+1 (461) 425-8579,0975 Victoria Glens Apt. 794,Windsor,ON,M3N 1B4,2021-11-24,Active
3133,Claire,Jackson,F,1961-01-30,64,amberpeterson@example.org,747 152 7636,98904 Williams Flat Suite 720,Barrie,ON,S7P9J3,2022-07-10,Active
3134,Gloria,Mcdonald,F,1984-01-15,41,kristenskinner@example.net,603-675-8813 x528,6595 Hooper Centers,Whitby,ON,P5J 8X1,2023-01-26,Active
3135,Samantha,Espinoza,M,2006-06-25,19,aaron29@example.com,191.458.9297,068 April Union,Mississauga,ON,J3R2S4,2025-02-14,Active
3136,Billy,Jones,F,1962-03-16,63,klarson@example.org,1 (360) 569-8735,090 Kevin River Suite 548,Toronto,ON,C8E6M7,2026-02-07,Active
3137,John,Knapp,M,1993-07-13,32,nchapman@example.org,(856) 991-0710,645 Raymond Ranch,Richmond Hill,ON,E2G 1G7,2026-07-14,Active
3138,Steven,Stout,F,1972-01-02,54,dtaylor@example.com,+1 (648) 782-7873,8236 Loretta Bypass Suite 277,Hamilton,ON,X4H9Y9,2022-01-31,Active
3139,Monica,Hughes,M,1987-06-21,38,corymiller@example.com,+1 (295) 022-6796,164 Guzman Plain Suite 112,Mississauga,ON,R9T7K3,2023-11-19,Active
3140,Michael,Chavez,F,1972-01-23,53,christina96@example.org,283.592.4916,26681 Jeffrey Extensions Suite 576,Guelph,ON,H1H7H8,2024-09-14,Active
3141,John,Payne,F,1995-12-11,30,wgonzalez@example.net,1-205-398-6555,1163 Morrow Grove,Windsor,ON,E3K5A4,2023-11-25,Active
3142,Stephanie,Wise,F,1963-08-29,62,lopezangela@example.net,(622) 753-2626 x120,076 Ford Shore Suite 224,Markham,ON,M7X7M4,2021-09-12,Active
3143,Jeffrey,Chambers,F,1972-06-18,53,gonzalezchristian@example.org,(134) 537-5021,44133 Laura Fall,Barrie,ON,N9V4V4,2026-03-03,Active
3144,Timothy,Ferguson,M,1987-05-14,38,williamthomas@example.net,(152) 496-7211 x132,4269 Smith Village,Kitchener,ON,S7X 9M8,2022-10-04,Active
3145,Ruben,Davis,F,1995-08-26,30,parkerholly@example.net,454-740-1405 x254,3509 Ryan Lodge,St. Catharines,ON,K1R 8Y8,2025-10-16,Active
3146,Joel,Gallagher,M,1995-09-27,30,gregorywilson@example.net,1-938-327-5070,44297 Smith Forest Suite 611,Niagara Falls,ON,K4Y6R6,2024-11-04,Active
3147,James,Moyer,F,2003-01-16,22,melissa93@example.org,1-918-610-7672,504 Shannon Cliff,Brampton,ON,B2R 5K8,2025-12-05,Active
3148,Jerry,Green,F,1960-02-08,65,jill77@example.net,1 (413) 824-4429,4626 Brandt Turnpike Suite 540,Hamilton,ON,T5H 5B1,2022-10-07,Active
3149,Andrew,Archer,F,1964-05-13,61,carrie21@example.com,406.794.3320,006 Moore Fields,Barrie,ON,C3E 4K1,2023-01-06,Active
3150,Kevin,Ball,M,2005-09-23,20,ashley71@example.com,633 939 9253,1920 Robert Point,Milton,ON,E6B3T9,2024-09-17,Active
3151,Maria,May,M,1994-10-05,31,richardolsen@example.com,932.233.1688,16327 Michael Spring Apt. 765,Waterloo,ON,R6B 1J1,2024-02-29,Active
3152,Theresa,Ray,F,1993-03-25,32,kenneth25@example.com,1 (132) 038-4354,3441 Booker Plains Apt. 071,Markham,ON,C2A 5T2,2025-05-28,Active
3153,Amy,Ball,F,1995-06-20,30,ubarrett@example.com,801 900 6954,406 Ryan Pike,Sudbury,ON,X8X 5X4,2022-02-08,Active
3154,Donna,Moore,F,1981-02-07,44,tina13@example.org,406.699.4759,7573 Michael Loaf Apt. 104,Windsor,ON,V8E3S7,2025-03-16,Active
3155,Rachel,Hampton,F,1969-03-04,56,amy72@example.org,158-683-0826,5501 Terry Islands,Kingston,ON,X2N 4J5,2024-02-22,Active
3156,Kurt,Love,M,1990-10-04,35,zhardy@example.net,(841) 721-9158,08687 Ralph Crossing,Milton,ON,E4T7M3,2026-04-14,Active
3157,Christopher,Hernandez,F,1997-05-19,28,sarahgarcia@example.com,593.227.9859,6121 Estrada Radial,Brampton,ON,B2Y 2N8,2026-06-30,Active
3158,Debra,Gentry,F,2007-12-11,18,sheila67@example.org,996.140.0456,7436 Stanton Shoals,Hamilton,ON,N4G 3X7,2023-01-05,Active
3159,Kimberly,Hernandez,F,1964-10-05,61,tsnow@example.org,491-417-6256,19019 Brittney Harbor,Milton,ON,R6V3R7,2023-08-12,Active
3160,Tracey,Greene,F,1962-02-22,63,clopez@example.com,(145) 749-4125 x173,178 Walker Roads Suite 330,Windsor,ON,A6H 1R2,2024-04-30,Active
3161,Cynthia,Brown,F,1988-10-12,37,angie95@example.net,+1 (835) 538-7214,08286 Brandy Brooks Apt. 366,St. Catharines,ON,T9L3S2,2022-04-13,Active
3162,Mary,Lawrence,M,1964-03-14,61,uhenderson@example.net,(601) 770-0934,6523 Austin Trail Apt. 256,Markham,ON,K4K 7J6,2025-07-17,Active
3163,Benjamin,Atkins,M,1979-03-24,46,amber15@example.net,739.234.1868,2459 Leroy Turnpike Suite 165,Ajax,ON,P5T 4C8,2022-11-23,Active
3164,Gregory,Welch,M,1995-08-30,30,joshua53@example.net,506-946-6670,7188 Sullivan Rapid,Peterborough,ON,S6P 2X8,2025-04-19,Active
3165,Kathleen,Morris,M,1997-09-17,28,lopezpaul@example.org,722.866.9882,02372 Thomas Skyway Apt. 273,Kingston,ON,R3L 3T4,2023-04-01,Active
3166,Julie,Munoz,F,2001-03-20,24,alexandriaferguson@example.com,1 (238) 760-3299,902 Stafford Streets Apt. 952,Barrie,ON,R9N2P4,2022-05-01,Active
3167,Jeremy,Mejia,F,1998-11-26,27,fbond@example.org,+1 (873) 032-7331,182 Smith Run Suite 913,Peterborough,ON,K9B 9J7,2023-03-29,Active
3168,Shawn,Mullins,M,1987-10-26,38,williamssally@example.org,836-460-0987,56448 Day Mission Suite 886,Waterloo,ON,K7T 5B6,2024-11-08,Active
3169,Richard,Preston,M,1970-02-08,55,hmahoney@example.com,445-156-6009 x775,389 Michael Turnpike Apt. 578,Whitby,ON,L1Y8E4,2025-06-28,Active
3170,Ricky,Hall,F,1991-04-08,34,ejohns@example.org,257-964-8344,3376 Coleman Port,Milton,ON,S3T 5G4,2024-09-01,Active
3171,Lisa,Young,F,1977-11-24,48,fgrant@example.net,515.023.8184,5334 Kenneth Centers Apt. 128,Brampton,ON,B2V5R8,2023-08-30,Active
3172,Justin,Knox,F,2000-12-18,25,elizabethcohen@example.com,978.804.1337,43555 Brianna Isle,Kitchener,ON,M6N3M6,2024-06-26,Active
3173,Jennifer,Richards,F,1976-09-18,49,joshuageorge@example.org,829 374 6648,032 Hudson Creek Suite 057,Guelph,ON,P6N2R4,2022-03-19,Active
3174,Austin,Davis,M,1999-02-28,26,jenny15@example.org,(253) 603-8467 x574,6594 Mark Parkways,Whitby,ON,G3G 1H6,2024-01-26,Active
3175,Fernando,Cole,M,1959-09-22,66,munoztravis@example.com,+1 (709) 337-7328,8629 Mullins Fall Suite 055,Windsor,ON,L3G8K3,2026-03-14,Active
3176,Isaiah,Patel,F,1981-02-03,44,hnelson@example.org,(816) 145-3874,5899 Mary Knoll,Burlington,ON,B5H3S8,2025-09-03,Active
3177,William,Baker,F,1961-04-25,64,campbelltiffany@example.org,233-686-0204 x025,5796 Stephens Pass,Hamilton,ON,E2E2L1,2026-05-31,Active
3178,Joseph,Smith,M,1961-04-27,64,moraleslindsay@example.net,750.729.1960,4948 Dustin Drives,Kingston,ON,T5P2L1,2024-06-25,Active
3179,Tamara,Warren,M,1969-01-31,56,davidramirez@example.org,+1 (247) 199-2128,1631 Jeffrey Court Apt. 339,Cambridge,ON,A2K6N6,2024-01-07,Active
3180,Jesse,Flynn,F,1997-11-27,28,joann13@example.net,591-156-9971 x508,6697 Sandra Village,Barrie,ON,X5K7T5,2026-04-20,Active
3181,Julie,Beck,M,1982-09-14,43,robinsonrobert@example.net,123-007-9154 x606,4827 Ian Brook,Brampton,ON,T9X5V9,2025-11-30,Active
3182,Teresa,George,F,1989-07-30,36,sandovalamanda@example.net,+1 (546) 752-8075,14296 Murray Radial,Richmond Hill,ON,Y2K 4L9,2022-03-06,Active
3183,Tiffany,Wilson,F,2005-03-08,20,diazlori@example.com,+1 (981) 259-4018,3882 Taylor Loop,Kingston,ON,E8Y 8N8,2024-07-19,Active
3184,Eric,Beck,M,1973-05-06,52,webbemma@example.net,(343) 398-2104 x192,506 Adams Garden Suite 168,Vaughan,ON,B2H2X7,2025-08-31,Active
3185,Crystal,Faulkner,M,1973-12-23,52,hensleydylan@example.net,846 076 2632,256 Gary Islands Apt. 933,Brampton,ON,E1K 1H9,2022-03-30,Active
3186,Jessica,Wolf,M,2003-01-20,22,amy07@example.com,(781) 360-2919,1857 Moore Park,London,ON,V2N 1Y9,2025-01-19,Active
3187,Kelly,Peterson,M,1973-09-07,52,breweranthony@example.org,108.277.3164,5634 Andre Brook Apt. 409,St. Catharines,ON,X5X9M5,2024-10-12,Active
3188,Ashley,Black,M,1968-05-03,57,uspencer@example.org,(895) 682-3711,763 Clark Drive Apt. 151,Richmond Hill,ON,B5G 7V7,2023-02-08,Active
3189,Barbara,Austin,F,1986-04-14,39,robert87@example.com,343.428.6619,29957 Dylan Fields,Cambridge,ON,N7J1J6,2022-09-08,Active
3190,Laura,Munoz,F,1989-02-20,36,sierra04@example.org,223-854-5148,7922 Rodney Alley,Peterborough,ON,B4B 8B8,2022-10-30,Active
3191,Scott,Miller,M,1957-10-07,68,roachmichael@example.org,(639) 746-9596 x237,220 Lopez Garden Suite 483,Kitchener,ON,G1M 4K1,2023-06-08,Active
3192,Douglas,Hale,F,1990-04-15,35,josephgilbert@example.org,(890) 224-8493 x707,2084 Roberts Bypass Apt. 710,Richmond Hill,ON,V2N 3T9,2022-05-11,Active
3193,Jamie,Ward,F,1981-02-03,44,michelle58@example.org,266.579.2708,4395 Garcia Stravenue,Barrie,ON,S4S 8H5,2021-11-13,Active
3194,Richard,Holland,F,1958-05-01,67,thomas71@example.com,(377) 006-9351 x741,318 Lisa Garden Suite 128,Guelph,ON,P9J 6C6,2024-02-01,Active
3195,Charles,Moss,M,2007-04-20,18,kelly38@example.net,448 435 8072,750 Zuniga Union,Brampton,ON,G5X 8B4,2024-12-27,Active
3196,Jonathan,Hernandez,F,2004-08-06,21,baileydeborah@example.com,(452) 637-3023 x553,31570 Candace Glens Apt. 509,Markham,ON,G2S 4E4,2024-01-14,Active
3197,Douglas,Garcia,F,1986-10-01,39,garciakathleen@example.com,(404) 457-6232,0917 Wendy Turnpike,London,ON,X6B 1M3,2023-06-19,Active
3198,Fred,Greer,F,2008-06-07,17,blucas@example.net,255.374.1030,359 Kristin Mountain,Mississauga,ON,P7P 7V4,2025-05-26,Active
3199,Donna,Powers,M,1973-10-13,52,richardphillips@example.net,+1 (123) 027-1431,224 Johnson Stravenue,Whitby,ON,C8H4X9,2022-12-16,Active
3200,Joseph,Fischer,F,1974-04-21,51,vanessaweaver@example.com,+1 (416) 971-2444,285 Cox Extensions,Toronto,ON,H6T9C9,2022-05-13,Active
3201,Gina,Wilson,F,1992-02-02,33,meyerandrew@example.org,570-305-4459 x406,25814 Morgan Drive Apt. 034,Hamilton,ON,M2A 4E5,2024-08-10,Active
3202,Eric,Taylor,M,1981-12-10,44,michelle68@example.net,381-054-0478 x943,285 Alicia Wells,Toronto,ON,J1V 8N8,2024-10-19,Active
3203,Brenda,Smith,F,1982-01-09,44,smithdaniel@example.com,+1 (226) 378-9200,194 Beverly Field,Guelph,ON,X4N5E9,2022-05-28,Active
3204,Brooke,Soto,F,1967-01-12,59,jorge64@example.net,(599) 449-9780,90565 Gray Mall,Vaughan,ON,C5S6S6,2024-10-21,Active
3205,Robert,Reid,F,1993-12-28,32,frodriguez@example.com,517-701-8123,665 Harry Rue Suite 197,Oakville,ON,T7R 8T9,2025-06-26,Active
3206,Elizabeth,Robles,F,2001-11-28,24,richmondmatthew@example.org,193.348.4637,4641 Allison Cliffs,Peterborough,ON,R3M2K2,2024-07-11,Active
3207,Jeffrey,Williamson,M,1961-11-15,64,hughessherry@example.com,+1 (280) 390-7561,904 Robert Mall,Guelph,ON,M5C6T6,2023-01-13,Active
3208,Krista,George,M,1983-05-10,42,valerie69@example.com,758 666 3049,180 Lauren Burgs Suite 306,Richmond Hill,ON,B9X8N5,2026-01-30,Active
3209,William,Johnson,M,1995-09-13,30,anthonyhardy@example.com,(487) 646-1132 x988,61679 Andrew Mountains,Milton,ON,C6V 9T1,2025-11-28,Active
3210,Jennifer,Nichols,F,1999-01-21,26,josephbeck@example.net,238-069-5131,6931 Arthur Coves,Kitchener,ON,A8H 4R6,2025-01-23,Active
3211,Elizabeth,West,F,1958-03-22,67,christophergregory@example.com,+1 (813) 869-0601,90629 Jonathan Islands Apt. 059,Sudbury,ON,G5P1L9,2024-10-12,Active
3212,Charles,Shaw,F,1985-07-16,40,victoria01@example.com,880-991-2503,5058 Elizabeth Centers Apt. 555,London,ON,C4L5B8,2026-02-15,Active
3213,Lisa,Alvarez,M,1985-12-29,40,zramirez@example.org,572-274-5177 x630,53114 Dennis Gardens,Richmond Hill,ON,E9V 4J7,2024-09-21,Active
3214,Mary,Fuller,M,2001-02-08,24,terri51@example.com,(106) 337-7318,328 Natalie Fork,London,ON,A4J7Y5,2022-05-25,Active
3215,Christopher,Burton,M,1990-11-19,35,hebertjoanna@example.net,157-777-4462 x060,09958 Smith Corners,Brampton,ON,N3J 8G7,2024-10-30,Active
3216,Jason,Kelley,F,1990-07-15,35,hosborn@example.net,(800) 472-4571 x267,072 Brandon Rapid,London,ON,C7P 7L9,2021-10-09,Active
3217,Shawn,Stephens,F,1995-11-25,30,crystalstewart@example.net,+1 (111) 684-7804,2458 Turner Village Apt. 964,Richmond Hill,ON,J8V4N5,2022-04-10,Active
3218,Carlos,Rasmussen,M,1976-04-01,49,tammy33@example.org,1 (639) 819-3717,711 Cole Unions,London,ON,M4M 7H7,2025-08-07,Active
3219,Loretta,Ponce,F,1993-07-09,32,evan23@example.com,578.961.4194,4453 Johnson Oval Suite 221,London,ON,B1K7H6,2023-07-06,Active
3220,Francisco,Sanchez,F,1957-12-31,68,fburnett@example.com,(912) 917-9998 x908,906 Warner Roads,Cambridge,ON,T1H7V3,2026-02-18,Active
3221,Sean,Douglas,M,1986-12-31,39,ecannon@example.org,301 450 5149,892 Joseph Lakes,Markham,ON,X6M4E2,2024-12-20,Active
3222,Timothy,Smith,F,1970-10-16,55,michelle90@example.net,1 (964) 175-0465,5142 Alex Courts Apt. 990,Cambridge,ON,N7S3E7,2023-05-24,Active
3223,Charles,Ayers,F,1980-05-16,45,carolwilliams@example.net,600-285-5823 x238,0190 Nicole Dale,Whitby,ON,C7T7R5,2025-10-09,Active
3224,Jason,Taylor,F,2006-02-23,19,anthonyburke@example.net,919.454.4880,61261 Jennifer Union Apt. 983,Peterborough,ON,P4B 7L8,2023-10-26,Active
3225,Victoria,Ware,M,1978-11-07,47,thomas26@example.org,+1 (405) 614-1892,11962 Alyssa Inlet Apt. 508,Waterloo,ON,S2K2T1,2022-10-15,Active
3226,Ashley,Ryan,M,1968-01-28,57,jimenezsarah@example.com,297.102.4519,93169 Gilmore Station Suite 627,Guelph,ON,T9B3C5,2026-07-15,Active
3227,Austin,Chavez,F,1986-08-20,39,jamie63@example.net,(701) 996-5724,6885 Jennifer Mews Apt. 614,Niagara Falls,ON,N4G 9E1,2022-06-19,Active
3228,Debra,Washington,M,1974-01-13,52,mendezjoshua@example.org,150.574.4550,91880 Lee Harbor Apt. 577,Burlington,ON,A5N7N1,2025-08-22,Active
3229,Brandi,Hicks,F,1973-02-04,52,tylerdrake@example.com,(987) 433-3565 x594,5554 John Springs Apt. 604,Oakville,ON,K3N4G1,2024-11-01,Active
3230,Heather,Montes,F,1977-08-28,48,yodergregory@example.org,673-820-2640 x765,98587 Dawn Circle,Guelph,ON,A5H 2J5,2022-08-14,Active
3231,Jason,Atkinson,M,1967-01-10,59,crystal55@example.org,1-120-338-3379,0936 Edwards Summit Suite 576,Mississauga,ON,C7N8Y7,2025-07-25,Active
3232,Courtney,Schultz,F,1962-03-15,63,rodriguezkim@example.org,(571) 694-5554 x812,22208 Hayes Key Suite 629,Niagara Falls,ON,J3M2T6,2025-07-11,Active
3233,Dylan,King,F,1984-03-01,41,churchkelsey@example.net,835-200-0633 x388,07901 Susan River,Oakville,ON,B3L1P6,2025-01-12,Active
3234,Amy,Mccoy,F,1977-12-29,48,sarah18@example.com,495.474.6847,5098 Roman Skyway,Hamilton,ON,B9M 9G4,2022-03-29,Active
3235,Taylor,Campbell,M,1965-07-17,60,jdorsey@example.org,(934) 828-9911,6972 Mary Stravenue,Oakville,ON,A1E9K5,2022-11-27,Active
3236,Jacqueline,Ray,F,1980-08-17,45,donald25@example.org,+1 (914) 768-4283,15433 Ford Island,London,ON,M6K 3L3,2023-12-11,Active
3237,Stacey,Hernandez,M,1976-10-28,49,serranowilliam@example.com,833.939.8343,3748 Kelli Tunnel Suite 834,Cambridge,ON,S1E4M9,2023-10-13,Active
3238,Brian,Murray,M,1994-04-07,31,dakotamartin@example.net,(994) 506-7550 x576,44346 King Pines Apt. 222,Ajax,ON,R7H2N5,2023-12-12,Active
3239,Xavier,Short,F,1995-12-27,30,jonathanwalton@example.net,167 753 9393,44647 Crystal Roads,Waterloo,ON,G5L8S5,2021-10-11,Active
3240,Allen,Ortiz,M,1993-09-01,32,srodriguez@example.com,1-787-070-7889,522 David Meadow,Vaughan,ON,K2L 1B5,2023-08-03,Active
3241,Amanda,Black,F,2005-08-02,20,reyesmonica@example.net,1-431-060-4869,2347 Roberts Locks Apt. 094,Richmond Hill,ON,Y2N4E7,2024-07-01,Active
3242,Robert,Smith,M,1977-07-20,48,debbielewis@example.com,(761) 237-7874,872 Danielle Ports,Markham,ON,N3Y4M9,2025-03-13,Active
3243,Victoria,Morgan,M,1967-02-03,58,ulambert@example.com,(200) 536-8545,977 Kelly Fork,Kingston,ON,J8V 6N6,2022-08-28,Active
3244,Dwayne,Lee,F,1971-03-04,54,greenvanessa@example.org,722-914-6715 x658,346 Debbie Pine Apt. 813,Milton,ON,X7K6K3,2026-01-09,Active
3245,Johnny,Kline,F,1956-09-01,69,kelly01@example.com,463 702 7311,9596 Frazier Tunnel Suite 324,Ajax,ON,P8R7V2,2024-12-23,Active
3246,Maria,Davis,F,1998-08-10,27,brian15@example.net,119 724 5671,815 Kiara Road Apt. 178,Niagara Falls,ON,T7B 1E5,2025-01-19,Active
3247,Wendy,Tucker,F,1970-12-18,55,zdavis@example.org,(328) 081-0269 x266,39820 Isaac Inlet Suite 313,Guelph,ON,B2M 4T3,2022-12-29,Active
3248,Jerry,Sanders,F,1968-07-11,57,bturner@example.net,370 604 2561,7176 Roman Burgs,Barrie,ON,K6M 5L1,2022-05-22,Active
3249,Eric,Lee,M,1967-07-03,58,ymoore@example.net,(321) 801-9428 x978,81522 Marie Harbor Suite 763,Windsor,ON,E9K 5R7,2023-06-19,Active
3250,Willie,Manning,F,1991-03-22,34,danny69@example.org,176 419 9119,137 Randy Ports Suite 305,Oakville,ON,C1M 8R9,2022-08-12,Active
3251,Melody,Stewart,F,1990-12-04,35,ashlee78@example.org,241.274.9257,305 Michelle Grove Suite 566,Burlington,ON,K8M8C1,2022-09-22,Active
3252,Donald,Davis,F,1963-05-30,62,mrivers@example.com,178.712.5801,9145 James Views,Mississauga,ON,X4L9P2,2022-02-10,Active
3253,Felicia,Tate,M,1986-10-09,39,cmoore@example.org,896.206.5098,88496 Williams Greens,Niagara Falls,ON,E7P 9A5,2025-04-12,Active
3254,Kayla,Miller,M,1971-12-14,54,qclark@example.com,(306) 274-3292,45364 Richard Cliff,Niagara Falls,ON,N7M 5J5,2024-11-08,Active
3255,Erin,Esparza,F,1971-02-27,54,kellyarnold@example.org,720-926-4497,10464 Conner Street,Richmond Hill,ON,H6A 6V2,2022-11-22,Active
3256,Stephen,Thompson,M,1986-03-02,39,michellesaunders@example.org,+1 (852) 009-0490,670 Moore Harbor Suite 056,Burlington,ON,R1R 1L3,2025-08-31,Active
3257,Samantha,Hurst,F,1990-04-26,35,lwang@example.org,+1 (745) 562-5422,063 Kevin Course Suite 728,Barrie,ON,M6N3J6,2023-08-18,Active
3258,Cory,Morton,M,1994-05-13,31,nicholasgarcia@example.net,+1 (128) 875-0865,98592 Crystal Union Suite 502,Brampton,ON,A5R 4V7,2026-04-17,Active
3259,Paul,Vasquez,M,1971-10-02,54,christopherbean@example.com,(232) 408-2181 x315,94742 Benjamin Squares Apt. 639,Ajax,ON,H3B 8C8,2025-09-06,Active
3260,Dwayne,Green,F,1996-04-03,29,gailcooper@example.com,1-151-134-3606,1313 Johnny Flats Suite 632,Oshawa,ON,S8K3K6,2025-03-30,Active
3261,Lori,Foster,F,1988-06-11,37,agomez@example.org,351.030.0767,07327 Joel Groves,London,ON,A6J 2A3,2022-12-31,Active
3262,Christopher,White,F,1998-07-27,27,jacqueline36@example.com,1-926-999-8450,3769 Vang Meadow,Oshawa,ON,H5M 1V2,2021-09-13,Active
3263,Garrett,Thomas,M,1970-11-30,55,william36@example.com,1-843-592-9653,2234 Emily Overpass Suite 397,Toronto,ON,E2S 5C4,2022-08-11,Active
3264,Desiree,Short,M,1987-07-08,38,justinlewis@example.net,(838) 853-4263 x015,409 Mark Port Suite 903,Markham,ON,C8J7A9,2022-11-02,Active
3265,Derek,Lee,M,1972-07-01,53,valdezdaniel@example.org,+1 (197) 938-0619,552 Butler Rapid,Niagara Falls,ON,S9V9M6,2022-12-03,Active
3266,Charles,Jones,F,1964-05-26,61,rwilliams@example.net,1 (436) 645-7762,0305 Brian Summit,Richmond Hill,ON,C6A 4H3,2023-05-15,Active
3267,Chelsey,Copeland,M,1961-09-30,64,craigmolina@example.com,(931) 071-4683,025 Mitchell Trafficway,Sudbury,ON,B2R 8H4,2024-11-17,Active
3268,Garrett,Thompson,M,1987-12-06,38,reynoldsnathan@example.com,992-411-7038 x486,4791 Dickson Island,Oshawa,ON,N4G 2B4,2026-06-28,Active
3269,Jennifer,Cervantes,M,1991-11-12,34,michaelholmes@example.net,(601) 764-7179 x440,9873 Santos Land,Milton,ON,G8K 5H3,2023-05-31,Active
3270,Justin,Schultz,M,2002-05-27,23,samanthaanderson@example.com,168-600-8509,018 Mccall Dam,Ajax,ON,H2X 9M6,2025-09-17,Active
3271,Zachary,Davis,M,1963-04-17,62,ntaylor@example.net,976 726 4940,9563 Thomas Creek,Kingston,ON,M9E6C7,2023-06-05,Active
3272,Heather,Wood,M,1969-01-30,56,johnroberts@example.com,(289) 633-4814,6450 Ferguson Grove Apt. 977,London,ON,T8T2L5,2025-08-26,Active
3273,Thomas,Martin,F,1965-07-20,60,rachel11@example.net,(726) 230-8136 x594,573 Craig Heights Apt. 927,Milton,ON,N2E 8L2,2023-09-24,Active
3274,Jessica,Ingram,F,1994-07-28,31,derrickcollins@example.net,569-070-0242,894 Drake Shoal Suite 063,St. Catharines,ON,P3Y 9R6,2025-02-27,Active
3275,John,Koch,F,1965-04-15,60,mcmillansarah@example.com,1-346-776-9829,65421 Paige Estates Suite 333,Waterloo,ON,J5H 3L6,2023-02-16,Active
3276,Robert,Hernandez,M,1997-12-22,28,nholmes@example.org,+1 (962) 245-8604,778 Cline Spur Suite 351,Burlington,ON,B9H 6N7,2025-06-07,Active
3277,Lori,Moore,F,1994-09-05,31,lgraves@example.net,686-600-5407,2796 Daniel Plains Suite 922,Kitchener,ON,H5A 3V3,2025-05-08,Active
3278,Angela,Fernandez,F,1981-10-30,44,dbutler@example.com,774-068-1740,552 Edwards Extensions,Mississauga,ON,E2L8E8,2024-12-27,Active
3279,Patricia,Lawrence,M,1991-07-15,34,lisabarnes@example.net,1 (662) 018-6114,672 Neal Mall,St. Catharines,ON,R4E6S1,2022-06-27,Active
3280,Jason,Green,M,1968-04-22,57,jamesevans@example.org,949.609.1447,80579 Brown Club Apt. 328,Mississauga,ON,L2Y 1M4,2025-12-02,Active
3281,Amanda,Cervantes,F,1996-12-17,29,patriciamartinez@example.net,1 (665) 453-4262,034 Hernandez Shoal Apt. 446,Cambridge,ON,Y3J2C2,2024-11-28,Active
3282,Ashley,Young,F,2005-04-27,20,sharon27@example.com,(449) 105-3421,997 Ryan Springs,Milton,ON,J9M2S5,2025-01-05,Active
3283,Matthew,Sanchez,M,2006-09-23,19,smithian@example.net,(339) 606-5181 x338,449 Jennifer Harbors,Milton,ON,H9M5C7,2026-03-22,Active
3284,Ryan,Wright,F,2007-05-10,18,robert61@example.org,436.211.7864,7728 Yu Station Suite 228,Peterborough,ON,K8R3J4,2026-03-22,Active
3285,Jeffery,Chavez,F,1994-12-16,31,angela22@example.org,1 (234) 236-4460,23502 Jason Courts,Milton,ON,M1X 3P8,2025-08-11,Active
3286,Ricky,Butler,F,1968-07-09,57,ibrock@example.net,+1 (394) 206-8028,05303 Paul Walk Apt. 933,London,ON,H2C 4S9,2025-10-15,Active
3287,Michael,Lopez,F,1990-12-20,35,romeroalejandra@example.com,794-706-7050 x068,3752 Sarah Ville,Toronto,ON,S4L 7C8,2026-06-13,Active
3288,Sarah,Lamb,F,1985-12-29,40,laurie40@example.com,(619) 409-6794,8243 Bradford Field,Cambridge,ON,X2A 4H1,2026-02-13,Active
3289,Malik,Kim,F,1986-11-26,39,gmann@example.com,1-243-860-7303,95911 Miller Hollow Apt. 327,Richmond Hill,ON,B4V 1Y1,2023-10-12,Active
3290,Lisa,Clarke,M,1975-02-03,50,michealbates@example.org,543 839 8892,111 Smith Coves,Ajax,ON,P7J6A5,2022-07-21,Active
3291,Lucas,Park,F,1994-03-14,31,rogerstyler@example.com,(150) 007-3590 x074,236 Ware Vista,Hamilton,ON,G9T3N1,2026-05-25,Active
3292,John,Barnes,F,1978-02-11,47,cjones@example.net,1-865-299-0436,61756 Mills Manor,Guelph,ON,R8T 3B5,2022-03-07,Active
3293,Jacob,Bates,F,1990-04-25,35,james76@example.org,875-562-2923 x752,758 Smith Haven Suite 913,Kingston,ON,B8G 6K6,2025-10-23,Active
3294,Kathleen,Ellis,M,1979-11-20,46,wilsonsean@example.org,398.219.8396,5768 Erin Unions,Oshawa,ON,T7P 2T2,2024-03-20,Active
3295,Erika,Middleton,F,1989-03-08,36,christina78@example.org,1 (738) 255-3461,05402 Taylor Brook Suite 579,Oshawa,ON,T2M7X4,2023-07-28,Active
3296,Tammy,James,M,1979-05-07,46,ijones@example.com,1 (349) 394-4477,35448 Choi Terrace Apt. 390,Cambridge,ON,Y6V 3X7,2024-12-08,Active
3297,Sharon,Hamilton,M,2006-05-08,19,chelseyanderson@example.net,913-403-3597 x829,75571 Nicholson Lane Apt. 029,Burlington,ON,N5Y 7K7,2023-01-22,Active
3298,Marissa,Watson,F,1997-11-08,28,annewilliams@example.net,172 860 2773,6399 Rodney Ramp Apt. 581,Ajax,ON,J8K 5V4,2021-09-14,Active
3299,John,Garcia,M,2007-04-29,18,thomasbrian@example.org,788-375-9702,3717 Edwards Cove,Richmond Hill,ON,S8J 3V5,2024-04-28,Active
3300,Brandon,Gonzales,M,1979-02-01,46,hrobinson@example.net,1-507-252-4082,9951 Hall Forks,Kingston,ON,Y8M 5M2,2022-10-25,Active
3301,Crystal,King,M,1994-01-30,31,esantos@example.com,318.428.7738,775 Sheri Burgs Apt. 071,Richmond Hill,ON,Y8C2M9,2024-09-19,Active
3302,Anthony,Ramos,M,1975-08-19,50,brittney25@example.org,+1 (127) 370-6854,444 Ward Mission Apt. 133,Brampton,ON,G2X 3L9,2025-04-28,Active
3303,Robert,Kent,M,1981-10-18,44,markporter@example.net,(247) 082-1776 x227,111 Lisa Oval Apt. 070,Guelph,ON,T7E3M9,2022-02-18,Active
3304,Nichole,Salinas,M,1991-06-26,34,kbyrd@example.com,792.085.0102,91565 Linda Pass Suite 079,Ajax,ON,V6M5X6,2025-12-17,Active
3305,Michelle,Bryant,F,2005-10-28,20,vlucas@example.net,(649) 468-2776,1830 Shah Forks Suite 512,Richmond Hill,ON,L5X5N7,2026-05-31,Active
3306,Gabriella,Kelly,M,1964-04-02,61,michaelflores@example.net,443 052 0967,3388 French Corner,Sudbury,ON,C7N 2P6,2022-08-11,Active
3307,Kellie,Ramirez,F,1970-03-09,55,schwartzjohn@example.org,430-522-2523 x481,56826 Misty Drive Apt. 070,Burlington,ON,T1H1B8,2024-05-06,Active
3308,Erin,Miller,M,1976-07-18,49,navarrodebra@example.net,(270) 295-2122,214 Nguyen Land Apt. 662,Oshawa,ON,T2A4K3,2025-07-16,Active
3309,Melissa,Taylor,M,1985-04-24,40,nancycarlson@example.com,298-514-3164,440 Burke Light,Mississauga,ON,L7E 9X7,2026-04-10,Active
3310,John,Nelson,M,1982-07-20,43,annacraig@example.com,641-247-6871 x391,762 Bennett Meadows,Markham,ON,V3G3T3,2023-08-26,Active
3311,Christina,Boyd,M,1999-07-13,26,nwoodard@example.org,(450) 672-0901 x191,4399 Jessica Passage,Mississauga,ON,A1H 9E8,2024-03-03,Active
3312,Jose,Nichols,M,1956-09-10,69,nicole96@example.net,+1 (233) 387-4699,31584 Matthew Circles,Markham,ON,G4K2Y2,2023-03-01,Active
3313,Gregory,Kennedy,M,1987-08-07,38,nguyenalicia@example.net,828-547-8941 x097,713 Jessica Station,Oakville,ON,R9S2T3,2026-03-15,Active
3314,Thomas,Jefferson,M,2000-01-01,26,ericamoore@example.com,560.877.6865,2998 Zachary Isle Apt. 692,Brampton,ON,J5K2N1,2024-07-18,Active
3315,Alice,Lambert,M,2001-07-05,24,uhenry@example.com,699-396-8330 x933,96109 Connie Shore,Peterborough,ON,P8J4J9,2025-03-02,Active
3316,Nancy,Fitzgerald,M,1992-04-10,33,banksgregory@example.com,1-312-778-1575,852 Jacob Ridge,Hamilton,ON,H7J 2G3,2023-03-17,Active
3317,Charles,Ellis,F,1958-11-04,67,danielsdavid@example.net,978-771-9858,615 Ward Camp Suite 955,Oshawa,ON,C6T 8S9,2025-01-14,Active
3318,Paul,Chambers,M,1989-07-03,36,owillis@example.org,+1 (787) 287-8874,07189 Smith Meadows Suite 647,Cambridge,ON,C6S2C4,2026-05-16,Active
3319,Jason,Carr,F,1996-07-26,29,margaret75@example.com,955 287 5287,7326 Harris Fort Suite 713,Vaughan,ON,C2N3E5,2023-08-07,Active
3320,Jerry,King,F,1974-11-04,51,sbrown@example.org,1-499-317-8001,159 Laura Burg,Oshawa,ON,S5Y9M2,2022-03-08,Active
3321,Sean,Mccormick,F,1988-06-16,37,thompsondean@example.com,1 (696) 024-5038,78126 Hall Viaduct,Oakville,ON,P6V 2B9,2024-08-21,Active
3322,Steven,Duncan,M,1973-04-17,52,marynewton@example.org,229-070-5810 x064,903 Eugene Falls Apt. 786,Oshawa,ON,A3E 2M2,2026-04-07,Active
3323,Jason,Steele,M,1981-06-13,44,judy54@example.org,(507) 152-4105 x047,107 Sellers Port Apt. 068,St. Catharines,ON,B3T8P8,2026-02-05,Active
3324,Derek,Brown,M,1989-04-24,36,solisjohn@example.com,(302) 746-4491 x876,6183 Zamora Stream Suite 376,Oshawa,ON,Y4Y2R2,2022-06-18,Active
3325,Melissa,Ewing,F,1969-12-03,56,stephen52@example.net,747-470-3242,487 Roy Trail Suite 476,Peterborough,ON,R5G 2S5,2026-06-26,Active
3326,Jordan,Griffin,M,2005-08-26,20,stacey58@example.net,(489) 902-5404,942 Samuel Canyon Suite 978,Kingston,ON,R8G 5R6,2026-01-10,Active
3327,Glenda,Price,F,1975-07-25,50,wagneremily@example.org,1 (480) 552-6114,725 Jackson Ridge,Oshawa,ON,R8A 3R6,2024-04-05,Active
3328,Sheila,Perez,F,1964-04-16,61,mary09@example.com,1 (115) 091-3182,80546 Ramirez Falls,Windsor,ON,P7T6N8,2025-11-14,Active
3329,Joshua,Stewart,F,1986-02-05,39,jonesamanda@example.org,(673) 763-7975 x873,9409 Owen Burgs,Brampton,ON,Y3J 8R6,2023-01-24,Active
3330,Laura,Wright,F,1998-05-16,27,cmcdowell@example.com,1 (588) 337-2619,781 Bennett Gateway Suite 073,Kitchener,ON,P2A 9R3,2021-08-31,Active
3331,Sara,Patel,F,1997-03-02,28,johnathanhernandez@example.com,281-173-7123 x839,046 Christine Prairie,Windsor,ON,N4B 7P7,2023-02-24,Active
3332,Tracy,Roth,M,1979-08-14,46,charlesguerra@example.net,229 957 2160,11813 Mitchell Parkway,Hamilton,ON,J1S 2J7,2022-11-05,Active
3333,Christina,Robinson,F,2000-05-18,25,gary75@example.com,(475) 406-8246,4565 Kevin Pass Apt. 988,Whitby,ON,N4X4P5,2023-01-31,Active
3334,Cody,Peterson,M,2003-10-14,22,gwilliamson@example.net,(870) 864-0259,65085 Sutton Ridge Suite 181,Kitchener,ON,N4G2V9,2022-07-06,Active
3335,James,Compton,F,1992-01-31,33,danakelly@example.com,311 644 6816,39126 Ellis Path Suite 253,Cambridge,ON,H2M 2A2,2024-01-22,Active
3336,Maria,Wagner,M,2000-08-07,25,claudiahess@example.net,+1 (918) 937-7598,2231 Karen Port Apt. 675,Hamilton,ON,T7J4E8,2024-07-13,Active
3337,Daniel,Thompson,M,1970-02-19,55,wwagner@example.org,446-795-5631,91323 Charles Extension Apt. 724,Brampton,ON,R7L 5T8,2023-12-24,Active
3338,Lisa,Chavez,F,1989-09-15,36,staffordmatthew@example.net,(211) 998-8976 x899,43138 Harrell Court Suite 771,Niagara Falls,ON,B2A2G1,2026-06-04,Active
3339,James,Grant,F,2005-09-09,20,deborah23@example.net,(896) 714-2547 x096,88680 Natalie Circles Apt. 737,St. Catharines,ON,L5C6H7,2025-01-15,Active
3340,Michelle,Jackson,F,1989-01-17,36,dmartin@example.net,1 (963) 293-9905,11492 Joshua River,Toronto,ON,C2L 3M9,2025-04-18,Active
3341,Aaron,Thomas,M,1980-08-22,45,donna51@example.net,344-463-6892 x445,8895 Perez View Apt. 342,London,ON,N1K 5H2,2024-01-10,Active
3342,Tonya,Smith,F,1983-01-01,43,kevinsmith@example.org,1-579-982-8868,8742 Daniel Glens Apt. 372,Mississauga,ON,G8B 3B2,2022-08-12,Active
3343,Kayla,Johnson,M,1983-01-03,43,davidfranklin@example.net,(916) 734-3518 x044,1865 Austin Shores Apt. 581,Oshawa,ON,G9H 9R1,2024-03-10,Active
3344,Renee,Medina,F,2008-07-17,17,careyrachel@example.org,+1 (486) 423-4892,586 Stanley Heights,Oakville,ON,J2E9M2,2024-06-22,Active
3345,Michelle,Kelley,M,2006-08-31,19,fhughes@example.com,+1 (964) 136-7726,337 Kimberly Groves,Peterborough,ON,R7N 8P3,2023-10-30,Active
3346,Christopher,Thompson,F,2003-10-26,22,brittanykelly@example.org,(609) 883-7978 x545,223 Lisa Lane,Ajax,ON,S2B 5M5,2026-07-10,Active
3347,Nicole,Russo,F,1986-09-14,39,johnsonmary@example.org,1 (373) 925-3639,628 Nichols Fork,Milton,ON,M2X4L6,2022-04-29,Active
3348,Joshua,Miller,M,1979-03-26,46,gford@example.org,(415) 686-1534 x414,93567 Daniels Harbor Apt. 371,Peterborough,ON,C8V4A5,2024-02-11,Active
3349,James,Gardner,M,1964-01-24,61,tgarrison@example.org,+1 (810) 298-2177,564 Steele Shores Apt. 970,Whitby,ON,K7P1R7,2024-11-05,Active
3350,Victoria,Rodriguez,F,2006-03-03,19,jason59@example.org,1-290-791-5425,49777 Brittany Light Apt. 313,Toronto,ON,C1B8E6,2023-06-24,Active
3351,Joseph,Mcdonald,F,1989-08-17,36,martintiffany@example.net,602-085-8279 x346,1221 Bell Fort Suite 309,Oakville,ON,V5X2N4,2024-03-09,Active
3352,Jason,Hoover,F,1981-01-29,44,victoriamccann@example.org,(991) 210-4940 x324,56256 Eric River,Hamilton,ON,J2J8H5,2021-09-24,Active
3353,Lisa,Cooper,F,2004-02-21,21,robert67@example.org,427 154 8411,33295 Gail Point,Kingston,ON,E6E 2N3,2026-03-21,Active
3354,Brittany,Roy,M,1959-04-28,66,burnsmichael@example.com,1 (817) 359-2725,00955 Jason Viaduct,Peterborough,ON,A1H6X7,2023-10-19,Active
3355,Ronald,Hopkins,M,2006-09-08,19,woodsdanielle@example.org,451.664.0641,7972 Vazquez Forge,Vaughan,ON,C2C1K7,2022-05-13,Active
3356,Megan,Hill,F,1972-09-16,53,gperez@example.com,(537) 270-4472 x101,008 Jasmine Lights,Sudbury,ON,A8S1P9,2024-03-22,Active
3357,Heather,Brewer,F,1969-10-26,56,wgarcia@example.net,228-024-0195,919 Harding Mountains Suite 506,Brampton,ON,V3Y 6P3,2025-06-14,Active
3358,Nicole,Moore,F,1976-09-28,49,mcbridephillip@example.com,1-536-247-3450,32934 Madison Fork,St. Catharines,ON,P8P 7C9,2024-01-01,Active
3359,Valerie,Vaughn,M,2002-12-06,23,youngkatherine@example.org,1 (153) 545-8771,9798 Knapp Rue Apt. 255,Vaughan,ON,J9G7B7,2024-08-08,Active
3360,Kellie,Martinez,M,1999-05-13,26,anita60@example.com,1 (745) 746-5588,787 Duncan Fields Suite 920,Windsor,ON,X1G5L4,2023-01-12,Active
3361,Kelsey,Thompson,M,1967-05-26,58,lanejorge@example.net,+1 (536) 737-7935,70900 Carlson Extensions,Peterborough,ON,E1G5X9,2024-11-12,Active
3362,Norma,Mills,F,1987-04-11,38,davidvargas@example.net,323 075 2658,806 Brennan Estates,Barrie,ON,M7J 3K3,2022-02-06,Active
3363,Sharon,Burgess,F,1988-04-21,37,hamiltonandrea@example.net,(352) 007-8687,21435 Sawyer Club,Hamilton,ON,G8C 3S7,2026-01-17,Active
3364,Edward,Flores,M,2005-12-04,20,georgejohnson@example.org,918-098-4699 x793,025 Taylor Locks,Milton,ON,K3T 7R6,2025-08-20,Active
3365,Sheila,Roberts,F,1983-11-06,42,sarahhorne@example.com,465.863.4478,2499 Kevin Glen,Vaughan,ON,B4C 9M8,2025-10-31,Active
3366,Katrina,Poole,M,1968-02-22,57,pfisher@example.net,457-445-9233,419 Catherine Motorway Apt. 305,Burlington,ON,C2B 2R3,2024-04-07,Active
3367,Chelsey,Gamble,M,2003-10-11,22,dduncan@example.net,868.647.2081,23156 Turner Flats,London,ON,Y9E 4G2,2025-09-09,Active
3368,Leslie,James,M,1970-04-26,55,douglas58@example.org,364 971 0714,1815 Bryan Trafficway,Kitchener,ON,C9Y5C8,2024-05-13,Active
3369,William,Johnson,M,1963-12-27,62,tabitha06@example.net,757 533 6588,219 Olivia Corners Apt. 427,Burlington,ON,V8S7K1,2024-11-17,Active
3370,Ashley,Holt,F,1965-10-24,60,amberali@example.net,285-744-3049,608 Thompson Oval Suite 504,Milton,ON,C6B3L5,2026-03-05,Active
3371,Shirley,Phillips,F,1964-03-08,61,knightwilliam@example.com,1 (345) 349-9729,9954 Austin Land Suite 955,Brampton,ON,H6K6H1,2024-11-09,Active
3372,Matthew,Hernandez,F,1997-09-10,28,kennethmorton@example.net,1-620-962-5773,1315 Bennett Mill,Milton,ON,S7C4S8,2025-09-21,Active
3373,William,Gordon,M,1968-04-02,57,gmoore@example.com,202 342 4422,44014 Hernandez Divide Apt. 249,Toronto,ON,A9M 2N9,2026-04-06,Active
3374,Kathy,Phillips,M,1975-09-20,50,gdouglas@example.org,1-361-857-2487,857 Jackson Village,Kingston,ON,C2S 6K2,2025-02-17,Active
3375,Benjamin,Howard,M,1958-08-07,67,fosterdorothy@example.com,289 777 8945,74716 Ramos Rue,Kingston,ON,J5M 3C5,2023-11-18,Active
3376,Anne,Vazquez,M,1986-06-01,39,emilygallagher@example.com,696.775.5949,90914 Jesse Place,Peterborough,ON,N8J1N3,2022-05-22,Active
3377,Olivia,Lopez,F,1979-05-06,46,jake70@example.net,+1 (774) 716-9568,77850 Acevedo Green,Kitchener,ON,E8N 4S9,2023-06-13,Active
3378,Teresa,Nixon,M,1995-11-30,30,jamesvaughn@example.com,1-562-926-4061,2146 Bell Courts,Richmond Hill,ON,G7H 2H6,2024-10-17,Active
3379,Brianna,Johnson,M,1980-03-28,45,david25@example.com,470.940.8432,2319 Haney Flat Apt. 921,Burlington,ON,S3Y 7M6,2024-02-05,Active
3380,Shannon,Salinas,M,1991-11-19,34,ichavez@example.org,1 (630) 430-0411,580 Nguyen Mall Suite 497,Brampton,ON,B2J7M7,2025-02-12,Active
3381,Austin,Kennedy,M,1963-05-15,62,castillokim@example.com,717-241-0285,71346 Leah Path,Burlington,ON,E7M 7C8,2023-12-31,Active
3382,Lauren,Villegas,M,2007-06-13,18,brookskelsey@example.org,(602) 076-1561 x176,3044 Angela Harbor Suite 011,Milton,ON,L9X9A2,2025-07-02,Active
3383,Andrea,Riggs,M,1974-01-19,51,jameshernandez@example.org,1-665-864-0940,24628 Reeves Islands,Milton,ON,R4V 5P1,2025-10-03,Active
3384,Warren,Christensen,M,1993-12-30,32,joneslisa@example.com,287 011 8997,1969 Sherry Cape,Waterloo,ON,K6R6M1,2023-11-04,Active
3385,Erik,Lang,M,1967-11-28,58,wagnerrebecca@example.org,131-274-3981 x004,97310 Laura Grove Suite 246,Toronto,ON,C4J 4B4,2026-02-13,Active
3386,James,Davis,M,1995-04-03,30,holderelizabeth@example.com,1-511-328-4286,09529 Munoz Dale,Vaughan,ON,R6G 4V5,2024-05-14,Active
3387,Kevin,Smith,M,1967-06-19,58,shelby45@example.com,725-717-6014,44569 Willis Circles,Barrie,ON,C5M3A9,2023-08-02,Active
3388,Ashley,Rush,M,1980-11-10,45,graymichael@example.com,753 121 8319,27881 Wayne Lane Apt. 454,Cambridge,ON,H9A2X9,2025-10-15,Active
3389,Donna,Le,M,1976-05-18,49,ariel85@example.net,(141) 076-8608 x968,666 Norma Canyon Suite 659,Niagara Falls,ON,R6A3R8,2025-10-12,Active
3390,Jason,Mejia,M,1968-04-15,57,michael98@example.org,+1 (269) 693-6100,25066 Todd Parkway Suite 575,Hamilton,ON,Y5K5A4,2024-07-24,Active
3391,Juan,Erickson,M,2006-06-22,19,susan42@example.com,+1 (721) 909-3442,4428 Travis Stream,Milton,ON,K6C 1T1,2026-03-11,Active
3392,Lisa,Smith,M,1984-06-09,41,vjohnson@example.org,326-943-3132,7065 Patricia Wells Suite 094,Brampton,ON,M7V5H5,2024-10-17,Active
3393,Angela,Solomon,F,1991-08-02,34,leepeter@example.net,251 917 5643,94823 Juan Forges Apt. 836,Guelph,ON,G5M 4R4,2024-08-22,Active
3394,Larry,Ballard,F,2004-04-23,21,lisabrock@example.net,(870) 140-7387 x809,17479 Kyle Loaf,Burlington,ON,B2A5V7,2022-01-31,Active
3395,Eric,Weiss,M,1997-01-20,28,zperkins@example.com,1-691-260-4432,447 Meghan Drive Suite 580,Kingston,ON,E8L 7M3,2024-09-25,Active
3396,Daniel,Walker,M,1969-06-15,56,hhoward@example.com,(401) 985-8944 x909,622 Roberts Mews Suite 826,Richmond Hill,ON,T3J 8N4,2024-10-02,Active
3397,Peggy,Washington,M,1967-01-13,59,mikelong@example.net,130-208-0568,534 Krueger Mission,Kingston,ON,M2M3M9,2023-05-22,Active
3398,Brandon,Whitaker,M,1971-06-03,54,foxbruce@example.com,378.615.6344,406 Jonathan Stream Suite 822,St. Catharines,ON,T3C 2V4,2021-11-04,Active
3399,Patricia,Sullivan,M,1975-04-27,50,kbell@example.net,156 673 4909,7794 Ralph Ramp,Niagara Falls,ON,V9S2T8,2023-09-29,Active
3400,Jacqueline,Obrien,M,1969-10-04,56,xcalhoun@example.com,468-143-6736 x333,89209 Kenneth Hill Suite 598,Kingston,ON,E5C1X1,2021-09-14,Active
3401,Leslie,Garcia,F,1979-08-10,46,irobinson@example.com,1 (684) 652-8651,95515 Steven Dale Apt. 135,Hamilton,ON,B8Y 2B4,2022-02-07,Active
3402,Ashley,Simmons,F,1957-03-01,68,richardjacobs@example.com,201 202 8250,055 Aguilar Ford Suite 420,London,ON,T2K3P8,2023-09-02,Active
3403,William,Hall,F,1961-01-29,64,perrydaniel@example.com,955-684-2962,5555 Nicole Knoll,Windsor,ON,R3T 4V3,2025-07-22,Active
3404,Christopher,Lambert,M,1976-10-13,49,lauraadams@example.net,700-253-9468 x959,895 Amanda Tunnel,Whitby,ON,H3G9M9,2026-02-21,Active
3405,Kevin,Alvarez,M,1989-09-13,36,martinezjonathan@example.com,+1 (815) 072-5897,043 Tate Harbor Suite 031,Cambridge,ON,X1E 2K9,2022-12-18,Active
3406,Michael,Hill,M,1995-01-31,30,adamorozco@example.org,686 928 7614,9055 Joshua Harbors,Niagara Falls,ON,C9V3Y7,2024-11-23,Active
3407,Benjamin,Price,M,1988-05-12,37,bfoster@example.net,+1 (372) 374-7843,67015 Gabriel Stream Apt. 365,London,ON,Y6X2J6,2024-06-24,Active
3408,John,Fox,F,1990-02-19,35,samuel87@example.org,(150) 552-0703,548 Holly Stravenue,Vaughan,ON,B4N 3G7,2022-08-06,Active
3409,Margaret,Dillon,M,1977-04-19,48,jamespowell@example.org,219-514-1848,3127 Cummings Shoal,St. Catharines,ON,P4R8T8,2026-02-22,Active
3410,Michelle,Sandoval,F,1999-10-16,26,ngarcia@example.net,698-799-4338 x545,796 Fowler Throughway Apt. 494,Toronto,ON,Y1B5C7,2025-12-11,Active
3411,Taylor,Jones,M,1972-07-01,53,curtisjeffrey@example.net,(718) 348-8486,888 Luis Ford,Brampton,ON,Y6N8Y4,2025-05-07,Active
3412,Joseph,Wood,M,2003-11-17,22,craigdiaz@example.com,+1 (762) 422-7417,81920 Crawford Track,Toronto,ON,M3G5H3,2023-05-16,Active
3413,Debra,Walker,F,1960-09-27,65,srussell@example.net,(422) 865-2041,9503 Nicole Way Suite 105,Brampton,ON,M3V 6T5,2025-03-03,Active
3414,Melissa,Nielsen,F,1964-01-18,61,christinaholmes@example.org,(320) 414-5910,8975 Lisa Fords Suite 169,Guelph,ON,S1G7Y7,2024-02-08,Active
3415,John,Johnson,M,1968-08-12,57,anichols@example.org,592-213-0172 x373,2120 Hurst Estate,Oakville,ON,P1H2X9,2022-07-06,Active
3416,Holly,Silva,M,1980-05-22,45,townsendjudith@example.net,1-449-141-3798,2791 Walker Forges Suite 303,Kitchener,ON,L1S 9S8,2023-06-10,Active
3417,Guy,Proctor,F,1976-10-21,49,gmcconnell@example.org,315 839 0459,938 David Locks Apt. 244,Vaughan,ON,L2C7C8,2024-07-09,Active
3418,Michael,Garner,F,1998-06-13,27,hollybennett@example.com,(946) 740-1342,21226 Corey Gateway Suite 769,Ajax,ON,C5K 8V4,2022-06-16,Active
3419,Mark,Miles,M,1967-05-12,58,donnastevenson@example.net,+1 (329) 773-4749,63606 Ann View Apt. 532,Guelph,ON,S8P 7T1,2023-12-14,Active
3420,Jennifer,Reynolds,M,2008-02-28,17,kim73@example.org,1-592-913-8941,870 Heather Parkway,Windsor,ON,N1P2V8,2023-01-15,Active
3421,Cathy,Jones,M,1959-11-24,66,birdmichael@example.org,(272) 475-4889 x206,532 Brown Inlet,Markham,ON,R9C 5N6,2026-07-21,Active
3422,Jason,Harrison,F,1972-08-06,53,barberdwayne@example.net,188-706-7070 x393,627 Barry Park Suite 857,Oakville,ON,C3E1A9,2023-07-06,Active
3423,Lori,Allen,M,1967-03-09,58,ashleyalexander@example.net,850 303 3725,90263 Adam Spring Apt. 370,Markham,ON,V1X 1C2,2023-01-24,Active
3424,Sandra,Wright,F,1970-11-19,55,dwalker@example.net,597.459.1857,214 Ashley Stravenue Suite 123,Vaughan,ON,L3H 1T6,2021-08-24,Active
3425,Lindsay,Reid,F,1994-04-09,31,derekcoleman@example.org,+1 (336) 435-1536,15208 Steven Hill,Sudbury,ON,B4L 1M5,2023-12-21,Active
3426,Mitchell,Logan,M,1971-10-31,54,joshua58@example.com,275 814 9117,938 Hill Ville Suite 636,Toronto,ON,H6J4Y5,2021-10-20,Active
3427,Angela,Marks,M,1964-06-13,61,timothylewis@example.com,523-717-8217,31453 Sherri Tunnel Apt. 580,Kitchener,ON,M3Y 1J3,2026-05-08,Active
3428,Christina,Shaw,M,2005-03-05,20,robertburke@example.com,201 335 7750,9369 Bailey Stream Apt. 685,Ajax,ON,J1M 1K9,2025-06-22,Active
3429,Megan,Sanchez,F,2002-12-09,23,williamharrison@example.com,268.350.2997,1444 Flynn Square Suite 056,Markham,ON,V7A 5P1,2025-09-22,Active
3430,Wesley,Martin,M,1977-07-18,48,cproctor@example.org,+1 (726) 356-0130,7887 Hernandez Heights Apt. 425,St. Catharines,ON,L7X 8R9,2022-01-03,Active
3431,Angela,Bell,M,2008-03-11,17,mccoythomas@example.net,1 (413) 324-5395,212 Danielle Ways,Cambridge,ON,K3Y 6N6,2021-12-11,Active
3432,Roger,Barker,M,1960-02-11,65,abarton@example.com,717-332-3685 x151,201 Joshua Springs Apt. 210,Oshawa,ON,L9V4R9,2023-04-10,Active
3433,Traci,Murphy,M,1985-01-26,40,rileyjanice@example.org,1-827-105-0908,1356 Tracy Hill,Kitchener,ON,L7J 4C3,2023-03-25,Active
3434,Brian,Gonzalez,F,1994-10-30,31,grichardson@example.net,438 701 5024,67791 Baker Plains Apt. 150,London,ON,M2H5B2,2025-04-15,Active
3435,Nathan,Lee,M,1987-01-02,39,yjoseph@example.org,447-633-9858,75661 Shelia Springs Apt. 378,Milton,ON,K1H1R4,2022-12-25,Active
3436,Ian,Myers,M,1963-11-03,62,brittany91@example.net,352-989-6961 x850,33736 Robert Drive Suite 946,Windsor,ON,B2K5J1,2024-08-09,Active
3437,Julie,Sims,F,1993-06-19,32,crystal03@example.com,(141) 923-4385 x639,2503 Jimenez Lodge Suite 850,Mississauga,ON,K7R 6S4,2025-07-02,Active
3438,Joshua,Lopez,M,2007-01-21,18,swalters@example.org,954.385.3041,17023 Michele Square Apt. 185,Barrie,ON,V1B 8K5,2025-11-20,Active
3439,Gerald,Monroe,F,1980-10-31,45,angelaromero@example.net,+1 (380) 759-3839,25038 Mosley Rue Apt. 760,Guelph,ON,X5A 9K6,2025-07-27,Active
3440,Steven,Knox,F,1958-09-02,67,tonya71@example.com,527-322-2430,108 Campos Ways Suite 825,Kingston,ON,L9V 2X9,2022-11-16,Active
3441,Kevin,Garza,M,1985-05-30,40,nancyjames@example.net,(837) 626-5076 x493,90270 Mills Well,Mississauga,ON,M2P5L2,2022-02-05,Active
3442,Kelsey,Jordan,M,1982-12-01,43,bradleysmith@example.net,1 (458) 319-2927,94578 Mendez Canyon,Burlington,ON,H6C4R2,2023-05-31,Active
3443,John,Bishop,M,1989-04-15,36,smithcrystal@example.net,819.776.5071,2942 Christopher Mountains Suite 903,Whitby,ON,E5J 2Y3,2024-02-17,Active
3444,Julie,Oconnor,M,1998-10-26,27,janetmurray@example.net,663 773 4303,4377 Robbins Station Suite 437,Windsor,ON,R6P 6M7,2025-04-02,Active
3445,Laura,Pitts,M,1962-10-08,63,alexander60@example.org,122-585-6646,87705 Little Heights,Milton,ON,G9R3T5,2024-09-18,Active
3446,Kristina,Hahn,M,1996-12-22,29,kennethbridges@example.org,+1 (252) 807-7345,25626 Alyssa Knoll,Brampton,ON,L8L 3B8,2024-07-13,Active
3447,Krista,Vaughn,F,1978-06-22,47,cheryl33@example.org,650-682-6163,27777 Mcdonald Street,Burlington,ON,R9A 8C3,2025-01-16,Active
3448,Edward,Madden,F,1983-11-29,42,sgarcia@example.com,999-640-0633 x557,38944 Hunter Corners Apt. 254,Niagara Falls,ON,T3N8G2,2024-04-07,Active
3449,Hannah,Warren,M,1998-10-30,27,garzanicholas@example.net,314-147-9453 x431,22151 Yu Crescent,Guelph,ON,P7G 9M2,2026-02-18,Active
3450,Beth,Cantrell,F,2007-02-26,18,murphygabrielle@example.net,778.428.9487,5847 Joel Loaf Apt. 391,Burlington,ON,P7P 4V1,2023-07-06,Active
3451,Alex,Lopez,M,1998-03-13,27,kdavis@example.net,767-386-6932,072 Douglas Points,Waterloo,ON,H5M 5X1,2023-06-18,Active
3452,Sarah,Rhodes,M,2003-04-27,22,kingrobin@example.net,1 (556) 739-5387,4113 Cheryl Mills Apt. 691,Kingston,ON,T8P 5P3,2026-06-25,Active
3453,Cynthia,Maxwell,M,1980-03-04,45,barnesrobert@example.org,(556) 307-7392,5253 Hurst Stravenue Apt. 063,Hamilton,ON,P2K 1G2,2024-08-25,Active
3454,Laura,Castaneda,F,1980-07-19,45,xlane@example.net,648-825-9363 x280,7223 Wilson Gateway,Burlington,ON,Y4M 8K7,2022-03-22,Active
3455,Jacqueline,Jackson,F,1982-01-01,44,xvaldez@example.net,832 321 6787,902 Donna Oval Suite 541,Kitchener,ON,K8P5E7,2022-08-31,Active
3456,Chelsea,Lowery,M,1981-07-31,44,feliciabrown@example.org,+1 (358) 261-0566,73384 Mcgee Pine,Waterloo,ON,B9S3C6,2022-04-15,Active
3457,Erin,Martinez,F,2004-02-13,21,kimberly28@example.org,451.831.0442,314 Johnson Isle Apt. 344,Milton,ON,T3H5C9,2025-11-23,Active
3458,Steven,Smith,F,1986-08-04,39,gdonovan@example.com,(985) 971-5869,481 Melissa Inlet Apt. 198,Mississauga,ON,K9V 9P6,2023-05-24,Active
3459,Pamela,Townsend,M,1968-11-08,57,mdelgado@example.com,880.242.9903,21031 Joan Fields,London,ON,P6G3S6,2026-06-28,Active
3460,Scott,Thomas,F,1959-10-30,66,carlyswanson@example.org,+1 (387) 302-1229,575 Wood Route,Markham,ON,E9P 4T9,2023-05-01,Active
3461,Angela,Robinson,F,1974-07-12,51,yramos@example.net,1-411-393-9381,20749 Edward Trace,Windsor,ON,A6P 2K5,2024-08-05,Active
3462,Rebecca,Conway,M,1969-08-21,56,wilsonbelinda@example.org,407 907 8347,6257 Lawrence Garden Apt. 228,Sudbury,ON,T3L 3B5,2025-11-10,Active
3463,Michael,Thomas,M,1998-03-25,27,clarkjacob@example.com,848-684-5498 x384,25926 Flores Motorway,Cambridge,ON,C6J 5K3,2026-03-25,Active
3464,Mary,Anderson,F,2004-07-13,21,robertgarcia@example.org,+1 (581) 454-9123,57961 Gerald Streets,Vaughan,ON,C6K4L5,2025-08-23,Active
3465,Penny,Hernandez,M,1957-12-18,68,xjones@example.com,497-612-8437,57162 Ronnie Ridges,Oshawa,ON,K9S 5B4,2022-02-11,Active
3466,Jesse,Reyes,M,1993-06-25,32,jacqueline02@example.net,+1 (417) 927-3712,304 Charles Cliffs,Kingston,ON,H6E 5X7,2024-10-05,Active
3467,Scott,Mathis,M,2004-10-06,21,nguyendonna@example.com,771-831-6407 x448,701 Ruben Station,Mississauga,ON,R4E 7K6,2024-11-07,Active
3468,Michael,Brown,M,1958-09-05,67,dgoodman@example.com,(862) 532-8325,36923 Chapman Common,Oshawa,ON,T9G6X8,2025-04-14,Active
3469,David,Thomas,F,2000-04-07,25,davidjones@example.org,1-248-042-6348,11348 Jimmy Harbor Suite 191,Hamilton,ON,Y7Y 5C9,2021-12-19,Active
3470,Aaron,Lee,F,1956-09-13,69,erinwilliams@example.org,(275) 233-1408 x290,6654 Jessica Oval,Cambridge,ON,J2X7N3,2024-03-02,Active
3471,Daniel,Rivera,F,2004-04-30,21,davisdonald@example.net,951 055 8587,52804 Richardson Shores,Windsor,ON,P8G4E9,2022-12-06,Active
3472,Betty,Brooks,F,1969-05-18,56,reynoldsamy@example.net,118-178-8953,146 Raymond Junction,Waterloo,ON,B5T7G7,2022-08-30,Active
3473,Bethany,Harris,M,1983-10-16,42,jesseyoung@example.com,(585) 438-9384,356 Butler Junctions,Markham,ON,J1L1B7,2024-02-04,Active
3474,Deanna,Henson,M,1998-04-29,27,nguyenchristopher@example.com,(110) 706-2752 x440,979 Eric Landing Apt. 421,Vaughan,ON,C5S5H7,2022-04-18,Active
3475,Donald,Benton,M,2000-11-21,25,angela35@example.org,126.111.0868,9328 Erica Loaf Apt. 060,Niagara Falls,ON,S4M 7Y7,2024-04-18,Active
3476,Richard,Taylor,F,1991-12-16,34,glennerika@example.org,(655) 794-6899 x604,2292 Fischer Rest Suite 899,Brampton,ON,H1M1X2,2024-09-21,Active
3477,Matthew,Trujillo,F,2003-10-02,22,thompsonjared@example.com,254.007.6013,7975 Regina Forge,Ajax,ON,N8Y7G1,2025-05-12,Active
3478,Jody,Roberts,F,1964-05-25,61,allison32@example.org,1 (628) 454-5696,201 Young Street,Kitchener,ON,K7P 4X5,2026-05-17,Active
3479,William,Walls,F,2003-09-28,22,cabrerarobert@example.net,674.107.4500,190 Gordon Unions,Cambridge,ON,Y1N 5V5,2022-05-31,Active
3480,Monica,Cuevas,F,1980-05-22,45,darrell45@example.org,+1 (505) 300-0301,24414 Matthew Lake Apt. 538,Toronto,ON,P4V7C6,2023-09-23,Active
3481,Scott,Morales,M,1993-11-07,32,zjenkins@example.org,1 (794) 689-3184,6464 Christina Common,Burlington,ON,V3H1R8,2025-03-06,Active
3482,Lisa,Bowen,F,1971-05-10,54,adamacevedo@example.net,949 779 1411,78210 Victoria Canyon Apt. 485,Waterloo,ON,C4T 8E8,2025-08-08,Active
3483,Jonathan,Garner,M,1972-01-06,54,gomezbenjamin@example.net,326 558 1166,732 James Ways,Guelph,ON,S6V 4E6,2025-03-12,Active
3484,Michelle,Lee,M,1963-10-28,62,khubbard@example.com,1 (381) 441-8524,9283 Michael Oval,Niagara Falls,ON,H2J 5M6,2023-04-27,Active
3485,Wendy,Combs,M,1992-03-10,33,thompsonglenn@example.net,(191) 908-1795,60488 Park Village,Niagara Falls,ON,T8R3N6,2025-04-16,Active
3486,Gerald,Brown,M,1981-01-12,45,millsnicholas@example.org,+1 (326) 848-2507,84985 Davis Shores Suite 177,Guelph,ON,V2M 8X3,2021-08-21,Active
3487,Michelle,Wilson,F,2007-10-19,18,larabryan@example.org,685 874 7033,29789 Harper Route,Mississauga,ON,T7J4L9,2022-02-26,Active
3488,Sean,Robinson,M,1966-08-16,59,vgonzalez@example.net,(715) 441-3069,5246 Garcia Canyon Apt. 022,Burlington,ON,H9N 8N9,2026-02-03,Active
3489,Angel,Powers,F,1993-01-03,33,ginamitchell@example.net,+1 (872) 687-7206,75545 George Estate Suite 768,Guelph,ON,G1Y3X9,2024-06-24,Active
3490,Eric,Davis,M,1976-01-15,49,ihernandez@example.net,1-495-914-1436,7853 Maria Groves,Milton,ON,T1A 4M9,2021-10-07,Active
3491,Paula,Lewis,F,1957-06-05,68,derek15@example.net,(797) 089-0967 x763,2516 Johnson Stravenue,Cambridge,ON,S3L 8H4,2022-05-20,Active
3492,Gregory,Mcdonald,M,1957-06-25,68,gregory76@example.net,1 (529) 009-0193,7676 White Springs,Waterloo,ON,J8L1L5,2022-11-14,Active
3493,Allen,Schneider,M,1967-08-27,58,ronaldjackson@example.org,(790) 145-4743 x298,20830 Priscilla Brooks,Whitby,ON,N4R 4L3,2024-03-24,Active
3494,Dennis,Moore,F,2004-12-17,21,caseyskinner@example.net,491 041 0231,8087 Danielle Road Apt. 538,Oakville,ON,B8K 5H7,2026-04-27,Active
3495,Ricky,Hampton,M,1965-05-16,60,sarahdominguez@example.org,+1 (259) 239-8182,741 Olivia Squares,Kitchener,ON,B6L 9H5,2025-08-09,Active
3496,Andrew,Jimenez,F,1980-04-01,45,kellystein@example.net,976 862 1403,176 Jocelyn Village,Sudbury,ON,N8X7L8,2023-01-08,Active
3497,Marcus,Porter,M,1962-05-10,63,parsonslatoya@example.com,987-702-9891,33647 Vernon Walk Suite 150,Waterloo,ON,G6X 8B4,2021-12-07,Active
3498,Crystal,Williams,F,1963-12-14,62,robersonmargaret@example.net,384 712 1974,2057 Donald Overpass Suite 620,Toronto,ON,A6K 2X9,2022-09-17,Active
3499,William,Brown,F,1982-06-13,43,rvillarreal@example.com,264.434.7494,7384 Thompson Motorway Suite 332,Richmond Hill,ON,K4G8A3,2024-12-20,Active
3500,Tammy,Pierce,F,1997-06-11,28,david69@example.com,+1 (592) 642-6289,203 Jasmine Dale,Windsor,ON,J6M9K2,2023-09-21,Active
3501,Alexa,Carter,M,1966-01-21,59,sethwright@example.net,+1 (572) 446-0040,999 Collins Branch Apt. 703,Niagara Falls,ON,L6A1E7,2025-08-16,Active
3502,Victoria,Savage,F,2003-06-14,22,ehines@example.com,1 (316) 330-7342,64207 Ryan Garden Suite 669,Cambridge,ON,X4L7X4,2021-08-16,Active
3503,Matthew,Miller,M,1958-11-08,67,bhicks@example.com,+1 (696) 962-1172,7643 Reed Well,St. Catharines,ON,R2L2A7,2022-08-26,Active
3504,Eric,Alvarado,F,1958-12-27,67,nathan13@example.com,(111) 500-1818,107 Eric Way Suite 854,Oakville,ON,J6Y3T7,2022-01-24,Active
3505,Elizabeth,Chapman,F,2001-09-10,24,smithpatricia@example.net,902-197-7599,303 Julie Pike,Windsor,ON,N5H 5R7,2022-12-02,Active
3506,Shannon,Vasquez,F,1982-10-13,43,cassandrawhite@example.org,1-693-147-0422,815 Gary Estates Apt. 620,Vaughan,ON,S6R 4T5,2022-11-06,Active
3507,Richard,Weber,M,1979-07-07,46,jasminecrawford@example.org,+1 (414) 653-8920,368 Joseph Harbor,Oakville,ON,S9J 4X1,2021-10-13,Active
3508,Amy,Morris,M,1998-10-11,27,fwood@example.com,476 348 6780,6744 Castillo Stream,Vaughan,ON,V4E 1C4,2026-06-06,Active
3509,Cynthia,Morton,F,1987-11-27,38,jeffrey11@example.com,(790) 874-1161 x345,17137 Smith Fall,Peterborough,ON,H6L 7A5,2024-10-24,Active
3510,Elaine,Clark,M,1999-06-24,26,samantha95@example.net,1 (637) 831-0214,865 Branch Turnpike,Ajax,ON,P5G 7B3,2022-09-14,Active
3511,Kyle,Martin,F,1958-04-09,67,crawfordnathan@example.com,(443) 757-9288 x862,5759 Davis Mountains Suite 613,Barrie,ON,B8A 5T9,2021-08-15,Active
3512,Cynthia,Pratt,F,1985-07-14,40,laurenbailey@example.org,(432) 275-2224 x046,7543 Jimenez Shoals,St. Catharines,ON,E1V 3S2,2026-07-22,Active
3513,Yvonne,Morales,M,2000-10-08,25,foxchristine@example.net,942-958-4185 x487,4710 Garcia Knolls,Oakville,ON,M9C 5T6,2021-11-04,Active
3514,Jose,Harper,M,1968-10-11,57,ruth91@example.com,732-444-2850 x959,69084 Bryant Expressway Suite 461,Richmond Hill,ON,S3B 7N3,2026-02-17,Active
3515,Carol,Duke,F,2003-09-11,22,daniel24@example.com,(347) 370-5817 x313,0821 Lisa Burgs,Markham,ON,G8A 5Y2,2023-08-06,Active
3516,Patrick,Baldwin,M,1983-09-11,42,thompsonchelsea@example.net,101 693 9679,35637 Michael Ramp,Burlington,ON,Y1T2V8,2024-10-19,Active
3517,Dave,Warner,F,1990-06-13,35,tiffany62@example.org,517-456-3788 x396,54790 Jeremy Forest Apt. 900,Ajax,ON,K6S6R5,2021-09-03,Active
3518,Rebecca,Mcdonald,M,1989-04-17,36,jonesjennifer@example.net,+1 (896) 648-5256,91197 Shaffer Port,Mississauga,ON,N3V6R3,2024-07-23,Active
3519,Christopher,Peters,F,1958-09-07,67,ebarton@example.org,672-179-5742,024 Aaron Forest Apt. 353,Peterborough,ON,X6G4X5,2025-08-11,Active
3520,Joshua,Garner,M,1994-01-09,32,marcus12@example.com,1-786-191-6136,03600 Kendra Via Suite 484,Cambridge,ON,M9N 2M9,2024-04-23,Active
3521,Kevin,Alexander,F,1992-11-17,33,sharon51@example.com,+1 (198) 485-7087,7927 James Plains Suite 490,Sudbury,ON,R6A1Y3,2026-05-17,Active
3522,Jennifer,Rodgers,M,2003-05-13,22,sberg@example.org,(646) 883-9354,56547 Townsend Prairie,Windsor,ON,X9L5X4,2024-11-24,Active
3523,James,Black,M,1988-03-05,37,erikaortiz@example.net,876-892-5429 x257,1094 Watson Wells,Whitby,ON,M1T 5K2,2024-11-09,Active
3524,Ashley,Frye,F,1981-03-17,44,juliaortiz@example.net,878.039.9978,6380 Davis Harbor Apt. 014,London,ON,M2L9K7,2025-12-26,Active
3525,Jessica,Garcia,M,1969-06-29,56,knappjoshua@example.net,1 (166) 747-1796,50188 Edward Curve Suite 973,Waterloo,ON,S6X6V6,2023-07-07,Active
3526,Barry,Jennings,F,2005-06-15,20,sethbright@example.com,(804) 241-6343 x457,3818 Jason Burgs Apt. 554,Vaughan,ON,L1R4N3,2024-11-22,Active
3527,Vanessa,Rodriguez,M,2007-03-23,18,andrewbeasley@example.net,335-400-5435 x279,0324 Quinn Overpass Suite 163,Burlington,ON,A9Y 8J9,2023-02-24,Active
3528,James,Franklin,M,1964-08-07,61,dylansmith@example.net,282-938-7024,13063 Mallory Falls Apt. 541,St. Catharines,ON,P5G 9X8,2024-08-29,Active
3529,Stephanie,Conley,F,2002-01-31,23,melissaweber@example.org,1-969-953-9969,084 Foster Summit,Kingston,ON,C7K 2M3,2026-07-17,Active
3530,Joseph,Smith,F,1993-11-21,32,kelly04@example.net,931.560.9131,5110 Keith Ridges,Oshawa,ON,E2E9G3,2021-12-05,Active
3531,William,Morrison,M,1976-02-13,49,awaters@example.org,245 269 8892,423 Ford Expressway Suite 413,Oshawa,ON,R1P5J4,2023-02-26,Active
3532,Robin,Yang,F,1995-09-12,30,xperez@example.net,(861) 904-5236 x567,474 Castillo Forges,Brampton,ON,R8K3N1,2024-07-15,Active
3533,Joshua,Bradley,F,1988-11-05,37,lanejustin@example.net,726 161 1137,90349 Lisa Harbors,Sudbury,ON,A9Y 4H3,2023-07-15,Active
3534,Amy,Goodman,M,2007-10-09,18,amber55@example.net,297.177.3955,6329 Haynes Summit Suite 269,Milton,ON,P9J5G6,2026-04-16,Active
3535,Karen,Hall,F,1964-07-15,61,barnold@example.net,(454) 908-6993,556 Keith Extension Apt. 533,Milton,ON,B9Y4R4,2024-12-22,Active
3536,Tina,Le,F,1967-09-07,58,markchambers@example.net,1 (450) 033-3027,685 Madden Mills Apt. 264,Cambridge,ON,B1E 4P4,2022-12-09,Active
3537,Jay,Pruitt,M,1962-03-15,63,ryan95@example.net,(273) 452-6221 x063,45487 Harrell Locks Suite 476,Richmond Hill,ON,M7T8P3,2025-04-11,Active
3538,Ryan,Holloway,F,1987-06-11,38,brownjoseph@example.org,449-737-8140 x380,977 Mitchell Meadow,Kitchener,ON,R8C3K8,2023-06-09,Active
3539,Kevin,Singh,M,2007-06-11,18,bernardkarl@example.net,946-604-5514,4961 Javier Turnpike,Brampton,ON,T9V3R7,2026-06-26,Active
3540,Jacqueline,Santos,M,1986-06-15,39,patricia29@example.org,(761) 371-3436 x385,316 Natalie Park Apt. 749,Peterborough,ON,Y9J2N2,2023-03-19,Active
3541,Arthur,Tate,M,1965-11-10,60,michellefry@example.org,266-545-0522 x888,4443 Rebecca Wells Apt. 051,Barrie,ON,M4L 9X5,2022-04-17,Active
3542,Jonathan,Browning,M,1999-06-15,26,kevinlogan@example.com,711-713-5948,40964 Trevino Summit Apt. 543,Hamilton,ON,M4C6B6,2024-04-12,Active
3543,Rodney,Rivera,M,2000-07-20,25,gregory26@example.org,+1 (416) 497-8596,7662 Johnson Way,Oshawa,ON,R8B 3R9,2026-07-27,Active
3544,Chris,Morris,M,1967-11-25,58,bauerpatricia@example.org,1-342-630-0828,130 Stewart Roads Suite 073,Oakville,ON,E4Y 2R5,2026-02-01,Active
3545,Amanda,Mathews,M,1962-03-06,63,jasminereynolds@example.org,900-237-3857,80128 Ian Lights,Milton,ON,Y6X 9Y8,2024-12-16,Active
3546,Samuel,Boyd,M,1999-04-30,26,jerrydorsey@example.net,216-181-6211,674 Billy Isle Suite 881,Kitchener,ON,L7S 6J2,2025-06-24,Active
3547,Carlos,Sanders,F,2003-01-08,22,sgarcia@example.org,(764) 062-4702,103 Kim Green Suite 968,Barrie,ON,P1S1T5,2025-12-03,Active
3548,Nicholas,Herrera,M,1963-06-24,62,hnewman@example.org,643.921.7830,768 Clayton Field Apt. 263,Richmond Hill,ON,S4N 4V3,2022-07-12,Active
3549,Michael,Gonzalez,F,1960-07-11,65,tyler48@example.net,(979) 614-0208 x578,834 Rice Square,Milton,ON,V9P 6C8,2026-01-03,Active
3550,Crystal,Adams,F,1981-02-26,44,frenchedward@example.net,1 (587) 047-4712,4521 Brenda Fords,Guelph,ON,V4X2A1,2023-08-22,Active
3551,Alexander,Cooper,M,1964-03-31,61,justin42@example.org,1 (734) 534-5249,55610 Thomas Mount,Burlington,ON,H7M2S6,2025-08-25,Active
3552,Rachel,Rowe,M,1958-12-25,67,michael28@example.org,538-064-9512 x254,063 Powell Roads Apt. 998,Barrie,ON,Y1G 6A9,2022-06-22,Active
3553,Timothy,Wiley,M,1961-05-05,64,charlespitts@example.org,+1 (350) 350-4969,86655 Ruth Forest Suite 547,Brampton,ON,A4K1Y5,2023-04-09,Active
3554,Ryan,Reid,F,1994-09-14,31,johndavis@example.net,229.285.3208,31539 Murphy Plaza,Waterloo,ON,L3P 2C1,2022-03-14,Active
3555,Christopher,Ellis,F,1992-12-22,33,porterdoris@example.com,1 (207) 905-9737,10039 Sanchez Loop,Guelph,ON,A5L 2K7,2026-05-27,Active
3556,Mark,Howard,F,1979-05-01,46,sherryperez@example.org,837 185 6626,1923 Pham Loaf,Vaughan,ON,H6J 1Y7,2025-09-11,Active
3557,April,Ryan,F,1964-05-26,61,kristin16@example.net,425-933-3816 x808,7903 Bradley Forks Suite 203,Milton,ON,L4E 6V8,2025-12-15,Active
3558,Adam,Moore,F,1985-06-09,40,garrettsamuel@example.net,(439) 787-5772,56746 Green Rapids Suite 017,Cambridge,ON,R4J 7B1,2023-01-18,Active
3559,Christopher,Wilson,M,1978-11-28,47,cohenchristopher@example.net,348-497-9594 x051,33525 Christopher Vista,Niagara Falls,ON,N4N4A9,2023-06-05,Active
3560,Kevin,Boyd,M,1983-07-13,42,aturner@example.org,1-218-587-1570,19983 Amanda Summit,Barrie,ON,T3T 4G4,2025-01-28,Active
3561,Rachel,Sanchez,M,2006-03-12,19,scott24@example.com,+1 (195) 753-0480,46701 Ashley Causeway Apt. 609,Oshawa,ON,P6E 3Y8,2024-04-12,Active
3562,Bryan,Lee,F,1975-06-13,50,parkerwillie@example.com,+1 (772) 760-0220,93972 Anderson Tunnel Suite 284,Milton,ON,T5Y 8T8,2026-01-09,Active
3563,Ryan,Hinton,M,1975-02-22,50,turnerwendy@example.org,204-854-3511 x587,75204 Tricia Knolls Suite 521,Barrie,ON,V3R7V4,2024-12-13,Active
3564,Raymond,Miller,F,1998-11-02,27,ssmith@example.org,1 (941) 627-3114,40185 Todd Ports,London,ON,P6M1N8,2025-01-22,Active
3565,Allison,Huffman,F,1984-09-30,41,jlewis@example.com,607.980.4314,455 Christopher Cliffs Apt. 579,Barrie,ON,Y8Y 2N3,2021-10-23,Active
3566,Ronald,Morales,M,1994-07-12,31,sanchezsean@example.com,(147) 377-4295,8066 Austin Plaza Apt. 980,Windsor,ON,N6E4P8,2026-05-04,Active
3567,Austin,Chen,F,1970-05-30,55,xhopkins@example.net,(141) 363-4912,9418 Luis Heights Apt. 515,Oakville,ON,X5C3E5,2022-09-24,Active
3568,Erin,Petersen,M,1984-07-02,41,zachary88@example.com,(463) 303-7221 x820,37142 Chan Highway,Windsor,ON,R1J 3B8,2024-12-01,Active
3569,Nicole,Watson,M,1986-06-06,39,joseph12@example.net,401.616.8764,91849 Cardenas Mews Suite 799,Oakville,ON,L2K9G7,2021-09-17,Active
3570,Sarah,Lee,M,2002-03-06,23,heather82@example.net,+1 (684) 805-4351,13279 Amanda Knolls,Windsor,ON,H8P 3C9,2022-08-04,Active
3571,John,Crawford,M,1994-08-11,31,isaac48@example.com,851.617.1483,2380 Sullivan Wells,Hamilton,ON,G6S6N3,2022-10-02,Active
3572,Laura,Allen,M,1982-11-20,43,cindy04@example.net,(745) 878-9955 x225,079 Taylor Mews,Kingston,ON,C5M8V3,2023-08-06,Active
3573,Mary,Bridges,F,1958-06-21,67,patriciamcclure@example.org,613-702-9778,02657 Antonio Pike Apt. 287,Cambridge,ON,J8E 2V5,2022-01-07,Active
3574,Richard,Cohen,M,1986-03-08,39,nstevens@example.com,810 887 0561,791 Lopez Inlet,Sudbury,ON,R6G5K4,2025-11-01,Active
3575,Cheryl,Brown,M,1994-04-25,31,newmanpatrick@example.net,1-234-766-2887,86266 Leah Plain Suite 430,Kitchener,ON,P4L 4G4,2023-06-22,Active
3576,Wendy,Wright,F,1979-06-25,46,orodriguez@example.com,290 773 0522,942 Murray Underpass Suite 635,Richmond Hill,ON,S1R5L5,2022-07-24,Active
3577,Tracy,Harvey,M,1967-08-21,58,jonathanballard@example.com,1-594-920-2614,1903 Ponce Knoll,Sudbury,ON,G5C8V1,2021-10-22,Active
3578,Mary,Sims,F,1971-03-14,54,vanessastein@example.net,(292) 978-7793,2998 Rose Fork,Sudbury,ON,E8N4S8,2024-05-24,Active
3579,Samuel,Garcia,M,2004-10-07,21,kayla09@example.org,(325) 612-8295 x551,699 Theresa Trace,Whitby,ON,T2K8T6,2022-12-31,Active
3580,Christina,Dudley,F,1992-01-31,33,pjohnson@example.net,502 071 8253,994 Santiago Neck Apt. 608,Whitby,ON,N1R 7A3,2021-08-05,Active
3581,Joseph,Barton,M,1960-01-23,65,mclark@example.net,965.054.1616,03378 Christopher Circle Apt. 476,Hamilton,ON,Y1H3H8,2023-04-17,Active
3582,Tristan,Barajas,F,1967-05-07,58,wilsonsteven@example.net,+1 (858) 872-1205,9090 Lane Crossing,Peterborough,ON,X1K 5T7,2023-04-12,Active
3583,Steven,Hall,M,1968-03-12,57,thomas89@example.org,406-755-3834 x798,056 Smith Via,St. Catharines,ON,V8G 1T2,2025-03-24,Active
3584,Rebecca,Baldwin,F,1965-04-16,60,vdavis@example.com,1-663-450-3842,965 Jill Brook Suite 813,Cambridge,ON,Y6V 8V7,2024-07-29,Active
3585,Lori,Simmons,M,1998-01-16,27,cali@example.com,1 (709) 646-6368,86381 Yu Rue Apt. 138,London,ON,B5K5V4,2025-11-24,Active
3586,Eric,Lawson,F,1978-06-04,47,lcole@example.org,+1 (750) 488-5868,41213 Williams Knolls Suite 454,Burlington,ON,V1C9M4,2025-07-16,Active
3587,Tonya,Pearson,F,1999-02-19,26,jmartinez@example.net,216.493.5024,6341 Nicole Plains Apt. 682,Vaughan,ON,P1L 7G3,2023-03-16,Active
3588,Daniel,Moody,F,1988-04-06,37,gouldvicki@example.org,1-733-287-5318,1548 Ashley Stravenue Apt. 562,Milton,ON,X5C 3C6,2022-03-05,Active
3589,Katherine,Adams,M,1967-05-08,58,melissasoto@example.com,256 926 9870,404 Nancy Valleys,St. Catharines,ON,A6M 3J2,2022-07-30,Active
3590,Susan,Lee,F,2005-03-29,20,iowens@example.org,(597) 883-5661,178 Matthew Corners,Niagara Falls,ON,S4N 6C1,2022-12-30,Active
3591,Jennifer,Higgins,M,1999-03-13,26,austin30@example.net,511.324.1194,175 Berry Roads,Kingston,ON,G2A2N7,2026-07-07,Active
3592,Kelly,Ortiz,F,2007-02-03,18,huangjavier@example.net,1 (861) 861-1891,10915 Evans Ville Suite 021,Burlington,ON,R9V7R2,2022-03-20,Active
3593,Vicki,Mccormick,M,1974-06-20,51,bakerjames@example.com,1-542-321-1432,73528 Brown Throughway,Mississauga,ON,P8J 9A4,2021-11-14,Active
3594,Craig,Fuentes,M,1957-10-03,68,fvargas@example.org,(286) 182-4366,130 Henderson Well Apt. 723,Richmond Hill,ON,L1R 2Y6,2025-12-29,Active
3595,Jorge,Mcdaniel,M,1990-11-21,35,danny69@example.org,565.407.7615,330 Beth Flat Apt. 175,Barrie,ON,V5P 1H8,2021-10-29,Active
3596,Dylan,Reynolds,M,1989-11-18,36,kathleen90@example.org,+1 (557) 912-2504,54429 Huffman Lakes Apt. 857,Peterborough,ON,X9H8S3,2022-01-28,Active
3597,Michael,Underwood,F,1965-02-06,60,thomasvickie@example.net,1 (399) 004-8765,47551 Day Views,Cambridge,ON,B2K 9A1,2022-07-25,Active
3598,Natalie,Wallace,F,1978-12-24,47,oliverchristine@example.com,+1 (164) 667-9138,48141 Nicholas Bridge,Brampton,ON,V8X 6G7,2025-01-13,Active
3599,Jeffrey,Carpenter,M,1996-06-26,29,pmathis@example.org,276-282-5497 x917,645 Jennifer Union,Mississauga,ON,A8M 1V7,2023-10-10,Active
3600,Matthew,Allen,M,2007-03-04,18,billyvillarreal@example.net,1 (435) 525-5750,269 Smith Via Apt. 251,Niagara Falls,ON,K4K2X2,2022-01-14,Active
3601,Mark,Baird,F,1986-12-16,39,johnsonjamie@example.org,600-180-7642,805 David Walks,St. Catharines,ON,A7V 1T3,2024-02-20,Active
3602,Regina,Franco,M,1957-11-06,68,donna80@example.net,886.223.2946,8749 Mata Springs Apt. 540,Kitchener,ON,V8G5J9,2023-04-28,Active
3603,Michele,Benitez,F,1996-08-24,29,kellermary@example.net,(234) 833-3893,1379 George Ville Apt. 063,Brampton,ON,H9H5J9,2023-08-30,Active
3604,Darren,Anderson,M,1985-09-30,40,nielsenbrandon@example.org,(404) 874-3918,67255 Leonard Points Apt. 481,Richmond Hill,ON,B9E 2H6,2025-06-14,Active
3605,Gregory,Riley,F,1983-05-02,42,pughdavid@example.net,1-356-281-8276,40458 Kevin Inlet Suite 112,Ajax,ON,X8N6R4,2024-05-07,Active
3606,Mark,Hudson,F,1999-05-28,26,martinezbrian@example.org,+1 (300) 347-4649,50597 Michelle Parkways,Kitchener,ON,Y3A2J7,2022-04-11,Active
3607,Jill,Keith,M,1975-07-31,50,kbryan@example.org,(330) 242-3910,8710 Shaw Lake Suite 064,Kingston,ON,R2V9J9,2022-03-13,Active
3608,Edward,Adkins,F,1960-11-02,65,lisasmith@example.com,1 (124) 532-4441,6574 John Port Apt. 690,Richmond Hill,ON,R4E 9M1,2026-08-01,Active
3609,Bryan,Wong,M,1976-12-12,49,scott10@example.com,354-230-3743,3171 Le Keys Apt. 714,Peterborough,ON,M1G7V6,2023-03-17,Active
3610,Emily,Foster,F,1994-11-12,31,kelly15@example.org,1 (226) 493-3166,414 Kenneth Highway Suite 121,Oakville,ON,J7K 3S1,2026-04-01,Active
3611,Ashley,Cline,F,2004-03-27,21,franklinchelsea@example.net,(835) 168-9762,218 Brandon Forges Apt. 786,Sudbury,ON,A2S 3R7,2024-05-15,Active
3612,Daniel,Glover,M,1997-03-11,28,leesheila@example.net,631-793-3495 x037,6859 Curtis Via Suite 521,Sudbury,ON,S3E4G3,2026-04-22,Active
3613,Megan,Peters,F,1984-08-08,41,jjennings@example.org,+1 (114) 131-6422,171 Andrew Ford Apt. 407,Barrie,ON,K9X4N9,2024-08-20,Active
3614,Sandra,Phillips,F,1969-05-11,56,swood@example.org,1 (871) 401-7310,41469 Heather Rest,Sudbury,ON,L2M 7A8,2022-11-07,Active
3615,Wendy,Taylor,M,1996-01-23,29,rachel86@example.com,493-942-5174,47634 Villanueva Mountain,Cambridge,ON,Y3T 2M8,2025-06-07,Active
3616,Melanie,Guerrero,F,1959-09-02,66,omorton@example.com,749 806 3937,6412 Evan Gardens Suite 098,Kitchener,ON,A5J9M4,2023-12-17,Active
3617,David,Jensen,F,2007-12-22,18,nmcneil@example.com,1-713-273-0933,47994 Larson Isle,Burlington,ON,B2X9L2,2021-09-03,Active
3618,Rebekah,Smith,F,1982-07-07,43,danielvalentine@example.org,934-431-2115 x686,590 Michael Street,Cambridge,ON,S4A 7S1,2026-01-22,Active
3619,Terrence,Lozano,F,1980-06-09,45,andrea21@example.net,1-967-045-4440,577 Kaitlyn Field Suite 316,Windsor,ON,L4A 6T7,2025-08-22,Active
3620,Lindsey,Duncan,F,1977-09-10,48,amyhunt@example.net,1 (597) 386-8345,2125 Sheila Mountain,Burlington,ON,A1K 1Y2,2025-01-16,Active
3621,Laura,Mahoney,M,1991-06-23,34,kristenclark@example.org,1 (345) 794-9424,8872 Samuel Island,London,ON,A1Y9S5,2024-06-13,Active
3622,Lawrence,Zamora,M,1974-04-17,51,cameronmelinda@example.org,(184) 831-3216,5681 Michael Rapids,London,ON,R8K 8B9,2024-09-05,Active
3623,Michael,Johnson,F,1957-02-23,68,elizabethsmith@example.net,679.641.9208,0701 Carson Bypass,Barrie,ON,X8K 2P1,2021-08-22,Active
3624,Timothy,Hernandez,F,1979-10-27,46,mlopez@example.net,(273) 519-9774 x737,202 Hall Ferry Apt. 923,Ajax,ON,R9K4A9,2024-11-02,Active
3625,Julie,Wheeler,F,1960-05-02,65,paynesheryl@example.org,+1 (647) 860-4553,24324 Kristina Prairie,Brampton,ON,Y6C8T5,2023-06-02,Active
3626,Linda,Rosales,M,1969-03-30,56,hansenpatricia@example.com,831-412-4904 x249,07708 Martinez Lakes Suite 383,Brampton,ON,A7B2Y2,2025-12-30,Active
3627,Robert,Nguyen,F,1973-05-29,52,hicksmatthew@example.net,187-985-0211,939 David Tunnel,Guelph,ON,R1J1L1,2024-12-12,Active
3628,Kevin,Harris,M,1958-07-05,67,shuffman@example.net,452 809 4982,42776 Timothy Run Suite 677,Guelph,ON,H5S9X8,2022-03-08,Active
3629,Steven,Walker,F,2007-11-22,18,eduardo41@example.com,131-345-3888,733 Bryant Orchard Suite 767,Whitby,ON,T2K 1P8,2025-09-10,Active
3630,Andrea,Baker,M,1961-05-15,64,daycaitlin@example.org,1 (569) 024-4861,2121 Susan Track Suite 857,Oakville,ON,G8L 9G7,2024-06-30,Active
3631,Tamara,Hall,M,1962-09-22,63,xyork@example.net,468 337 4721,5370 Desiree Plain,Kitchener,ON,S7P5G6,2026-07-21,Active
3632,Sharon,Brown,F,1977-10-07,48,paulbrowning@example.com,549.898.5023,50442 Nielsen Drive Apt. 760,Peterborough,ON,C4J 5E6,2026-03-04,Active
3633,Cory,Johnson,F,1968-01-04,58,aaron09@example.org,+1 (795) 870-5645,86800 Rush Avenue Suite 453,Whitby,ON,C3G 9R9,2023-11-03,Active
3634,Philip,Taylor,F,1969-01-25,56,zalexander@example.com,(249) 192-6022 x996,712 Erica Lights,Mississauga,ON,H9Y2E2,2022-11-27,Active
3635,Suzanne,Hunter,F,1981-12-31,44,mindyfields@example.com,(931) 514-0649,161 Roberts Greens Apt. 597,Niagara Falls,ON,T3T3X3,2021-09-02,Active
3636,Steve,Smith,F,1960-04-23,65,cheyenneturner@example.com,+1 (610) 669-7481,4037 Holland Parkway Apt. 599,Milton,ON,E3T8G5,2022-09-05,Active
3637,Mary,Ferguson,M,2000-05-06,25,juliepowell@example.org,1-145-661-8206,4869 Colon Dam,Waterloo,ON,T6H7C1,2025-08-02,Active
3638,Hannah,Short,M,1958-01-06,68,rosekevin@example.com,989-040-7406 x756,364 Kristen Isle Apt. 489,Toronto,ON,X4K 3Y5,2024-08-28,Active
3639,Theodore,Bryant,F,1996-10-09,29,elizabethnunez@example.com,+1 (956) 777-9202,25813 Turner Brooks Apt. 070,Oshawa,ON,A8N8C1,2024-08-10,Active
3640,Charles,Miles,F,1956-12-08,69,stevengillespie@example.com,287-978-2297,30233 Moss Avenue,Vaughan,ON,T9V8P5,2021-11-29,Active
3641,Donald,Smith,F,2006-09-25,19,qgould@example.com,(966) 769-3295 x406,304 Michael Common,Hamilton,ON,G9L4N9,2021-09-26,Active
3642,Angela,Lane,M,2004-05-11,21,deleonmargaret@example.org,+1 (669) 493-9521,80295 Mcpherson Divide Apt. 740,Guelph,ON,S8M 9C1,2025-07-28,Active
3643,Kathryn,Hurst,M,1977-10-04,48,grant28@example.org,(286) 167-9700,068 Collins Springs Suite 712,Milton,ON,V1H5V4,2024-09-02,Active
3644,Raymond,Jackson,M,2001-12-04,24,shane31@example.org,938.352.4209,229 Phelps Circles Suite 759,Toronto,ON,K8R 9X6,2025-05-20,Active
3645,Barbara,Ho,F,1976-10-19,49,iclark@example.org,759 843 6328,440 Kathleen Estates,St. Catharines,ON,H5A6P1,2022-06-17,Active
3646,Yolanda,Nelson,M,1979-04-14,46,sharris@example.com,115-399-5582 x129,07228 Lisa Island Suite 922,Milton,ON,E6B 5J6,2023-04-23,Active
3647,Julia,Smith,F,1963-04-02,62,david18@example.org,303.389.8282,753 Kenneth Corners,Markham,ON,H3C 4S7,2024-10-23,Active
3648,Christine,Romero,F,1970-07-10,55,hancockdominic@example.net,941.647.5161,8573 Cindy Pine,Niagara Falls,ON,Y4L9N2,2022-04-25,Active
3649,Anthony,Bradford,F,1992-09-20,33,douglaswilliam@example.org,+1 (240) 020-9603,981 Alec Forges,Niagara Falls,ON,N5X5B3,2023-04-21,Active
3650,Veronica,Murphy,F,1965-05-16,60,michael24@example.com,475-844-7821,39202 Santos Ferry Apt. 191,Oshawa,ON,B8A1M5,2024-06-01,Active
3651,Sherry,Hansen,M,1976-06-04,49,reedlacey@example.net,650.468.8376,4736 Linda Rapids,Oakville,ON,X4B 8N5,2025-06-15,Active
3652,Steven,Rice,M,1988-12-27,37,wmason@example.org,+1 (457) 273-1149,8779 Ramsey Mills Apt. 561,Sudbury,ON,X2N 2Y4,2024-02-01,Active
3653,John,Rich,M,1998-10-24,27,graymichael@example.com,(409) 099-7483,1265 Nicholas Run Suite 532,Oshawa,ON,H4C 5R6,2023-05-14,Active
3654,Robert,Finley,M,1970-03-04,55,johncoleman@example.net,+1 (125) 452-2997,85588 Kimberly Locks,Niagara Falls,ON,G3T 4R4,2024-12-14,Active
3655,Michael,Moreno,F,1987-08-15,38,jeffreytaylor@example.net,740-193-8794,85983 Massey Curve Apt. 360,London,ON,T4G8R4,2023-07-24,Active
3656,Heather,White,M,1995-08-14,30,troyshelton@example.com,1-673-074-2422,8591 Donald Circles Apt. 994,Cambridge,ON,P2E 2N5,2021-09-17,Active
3657,Aaron,Bell,M,1968-09-28,57,oatkinson@example.net,1 (520) 123-7785,86220 Kelli Streets Apt. 400,Sudbury,ON,G7H8H2,2024-01-11,Active
3658,Dominic,Carlson,F,2001-05-14,24,michaelbauer@example.com,1 (418) 823-7937,1078 Michele Place Apt. 623,Mississauga,ON,S6S3E7,2021-12-12,Active
3659,Javier,Rice,F,1964-11-29,61,scottleblanc@example.net,346-270-6132,400 Jones Inlet,Sudbury,ON,C4N8V1,2023-09-20,Active
3660,Brooke,Schmidt,F,1966-08-01,59,awilson@example.com,960 610 4726,41332 Wells Shore Suite 662,Vaughan,ON,V9E8L6,2023-01-11,Active
3661,Tammy,Pitts,F,1967-04-08,58,ramirezkathy@example.com,+1 (133) 663-0953,693 Jennifer Crescent Suite 416,Mississauga,ON,C9X9N1,2024-10-03,Active
3662,Sydney,Hart,M,1986-03-26,39,ybrown@example.com,149-083-1533,376 Perry Plain Suite 501,Barrie,ON,C9R8R1,2023-09-19,Active
3663,Nicole,Smith,M,1987-04-21,38,amandacrosby@example.net,1-173-640-4758,3180 Jimmy Extensions Apt. 743,Ajax,ON,T6B 8C4,2022-07-08,Active
3664,Pamela,Gray,M,1996-07-06,29,janice62@example.com,1-352-164-5019,0043 Figueroa Roads,St. Catharines,ON,M4T 8M7,2025-01-08,Active
3665,Randy,Knight,M,2008-02-29,17,regina15@example.net,195 269 0300,445 Eddie Harbors Apt. 439,St. Catharines,ON,L6B7N2,2023-12-30,Active
3666,William,Evans,M,1998-12-14,27,cathy12@example.org,(294) 188-4643,19683 Dana Ridge,Markham,ON,M8G 5J4,2022-04-05,Active
3667,Tammy,Payne,F,1966-07-10,59,rhammond@example.com,714 506 1747,38808 William Cliff Apt. 366,Whitby,ON,K3R 9Y8,2024-03-02,Active
3668,Laura,Richardson,F,1981-03-14,44,janetarnold@example.org,(519) 342-2050,17627 Reyes Squares Suite 024,Kingston,ON,A3A 4G3,2025-08-17,Active
3669,James,Gordon,F,1972-09-10,53,michael94@example.net,(257) 277-6347,603 Larry Manors Apt. 735,Oshawa,ON,Y7L 4E6,2022-12-12,Active
3670,Jennifer,Orozco,F,1965-04-15,60,terrylynn@example.org,606.397.0818,8020 Nicholas Coves,Hamilton,ON,V6J6G5,2025-06-18,Active
3671,Morgan,Crosby,M,1993-08-27,32,lawrencejason@example.com,+1 (697) 678-6518,916 Erica Loop,London,ON,L4B 4N9,2023-07-28,Active
3672,Thomas,Wallace,F,2001-08-07,24,zbrooks@example.org,636.401.6162,17486 Benjamin Forge,London,ON,B2L 8T6,2025-06-04,Active
3673,Nicole,Brown,F,1983-10-19,42,watsonjohn@example.net,1 (184) 684-3811,3511 Peter Keys,Sudbury,ON,S9T8P8,2024-12-05,Active
3674,Michael,Schmidt,F,2002-01-10,23,pam30@example.net,+1 (520) 972-2708,52604 Alexa Meadows,Guelph,ON,Y4E 7L4,2021-12-21,Active
3675,Amber,Foster,M,1975-01-01,51,kimberlydavis@example.com,+1 (335) 909-7259,442 Smith Lodge Suite 892,Windsor,ON,H2V 3J8,2025-04-18,Active
3676,Michael,Reyes,M,1961-07-12,64,mandyharper@example.org,1-493-190-6138,65045 Ricky Course Apt. 286,Kitchener,ON,T4X 6M5,2026-03-29,Active
3677,Jennifer,Christian,M,1979-11-21,46,cherylpatterson@example.net,379.099.4047,072 Carl Dam Apt. 878,Ajax,ON,K5K 1T2,2024-08-16,Active
3678,Nicholas,Brown,M,1979-05-23,46,erikarussell@example.com,+1 (511) 274-0615,185 Steele Mountains Suite 346,Kitchener,ON,T2M5C4,2023-11-03,Active
3679,Christopher,Fischer,F,1970-03-23,55,tracymathews@example.com,942-379-6995,009 Aaron Dam Apt. 750,Guelph,ON,P1H 3E3,2026-05-13,Active
3680,Derek,Wilson,M,1971-03-12,54,dstewart@example.org,+1 (450) 388-9848,38474 John Mountain Apt. 509,Brampton,ON,E8K5B8,2024-11-20,Active
3681,Susan,Lopez,M,1979-12-17,46,adam33@example.org,1 (446) 953-6412,3529 Sherry Junction Suite 695,London,ON,H3M1S8,2022-09-26,Active
3682,Travis,Buck,F,2003-06-22,22,patricia82@example.com,243.416.3350,0505 Marvin Forks,Milton,ON,S3X8T5,2023-10-19,Active
3683,Sarah,Dunn,F,2004-06-10,21,wesley76@example.org,929.794.3255,0492 Brown Stravenue Apt. 448,Barrie,ON,X8V 7C1,2022-04-30,Active
3684,Ashley,Lee,F,1988-06-01,37,dan41@example.org,771.118.5514,91463 Taylor Garden,London,ON,N9P 3V7,2022-07-06,Active
3685,Luis,Nichols,F,1981-10-18,44,omiller@example.org,1 (362) 149-7574,0375 Joshua Estates Apt. 859,Markham,ON,V6J3Y7,2023-09-02,Active
3686,Lauren,Cummings,F,1971-07-14,54,waguilar@example.org,(965) 844-8435,807 David Mall Apt. 985,Windsor,ON,K5K 4K3,2022-03-20,Active
3687,Roy,Warren,M,1988-08-02,37,carlsonkyle@example.com,1-263-822-1361,41499 Kristin Turnpike,Toronto,ON,Y4R9B4,2022-07-14,Active
3688,Chad,Butler,M,2007-06-08,18,murphyapril@example.org,843.107.5395,8755 Robertson Knoll Apt. 377,Waterloo,ON,E3L 1A4,2024-04-29,Active
3689,April,Butler,M,1964-03-14,61,martindavid@example.com,1 (651) 162-8009,4042 Mcclure Shoal Apt. 134,Oakville,ON,P4N2E3,2022-03-17,Active
3690,Andrew,Hicks,M,2003-07-15,22,snyderjoshua@example.net,1-207-762-1765,7894 Terrell Course Suite 735,Oakville,ON,G9N 2G4,2023-04-18,Active
3691,Jacob,Burton,M,2003-01-01,23,howardmark@example.org,+1 (941) 273-3346,69929 Brenda Locks,Barrie,ON,N1T8C7,2025-11-19,Active
3692,Charles,Reed,M,1999-02-08,26,shawnamercado@example.com,1-589-684-0526,55295 Evelyn Cliff,Kitchener,ON,S8N 3C6,2024-12-28,Active
3693,Jason,Coleman,F,1963-12-15,62,brittney65@example.org,1-703-473-7583,720 Martinez Crest,Brampton,ON,X1G 2X1,2023-03-11,Active
3694,Kenneth,Cameron,M,1964-08-18,61,nmcdonald@example.com,+1 (541) 197-7134,1834 Mcgrath Burgs,Oakville,ON,B3H 3Y5,2021-09-15,Active
3695,Joseph,Huff,M,1961-08-23,64,xnunez@example.com,1-820-372-2540,7175 Ferguson Pike Suite 799,Brampton,ON,K2L 6E9,2026-02-26,Active
3696,Derrick,Mccarthy,F,1963-10-24,62,ericdelacruz@example.com,859-913-1539,448 James Fort,St. Catharines,ON,T3L6V7,2022-03-06,Active
3697,Charles,Reyes,F,2002-03-28,23,tamaraburns@example.org,(245) 448-0730,8765 Williams View,St. Catharines,ON,P3R 6K3,2023-06-14,Active
3698,William,Miller,M,1961-08-16,64,hwatson@example.net,(275) 400-7433,36918 Michael Road,Mississauga,ON,Y8E9H6,2024-03-10,Active
3699,Katherine,Avila,M,1979-10-25,46,barbara70@example.com,1 (226) 075-0580,83311 Allison Ridge Apt. 916,Hamilton,ON,X1N 1B1,2023-11-07,Active
3700,Matthew,Gutierrez,M,1990-12-02,35,sarahsnyder@example.com,209-657-5096,564 Joseph Lock Suite 569,Richmond Hill,ON,B2R7A3,2025-04-30,Active
3701,Jeffery,Lopez,M,1980-06-05,45,scotthahn@example.com,790.266.0838,84670 Elizabeth Ports Suite 762,Milton,ON,R8H 8N3,2023-09-07,Active
3702,Darren,Calderon,M,1975-08-08,50,ngomez@example.com,1 (200) 344-5819,18759 Smith Prairie Suite 946,Oshawa,ON,R3R4A4,2025-01-01,Active
3703,Erica,Smith,F,1990-04-17,35,matthew76@example.org,1 (306) 255-6588,45888 Brittany Prairie,Brampton,ON,V7R 3G5,2021-08-19,Active
3704,Michael,Castillo,M,1988-03-21,37,josephsmith@example.com,329-967-2374 x106,9046 Brent River Apt. 546,Richmond Hill,ON,V4P2C1,2023-04-21,Active
3705,Brandon,Nguyen,M,1959-10-28,66,solisrichard@example.org,880-201-7884 x750,16764 Michael Mountain,St. Catharines,ON,J7A 7S9,2022-11-13,Active
3706,Troy,Brown,M,1993-06-18,32,autumnsimmons@example.net,1 (469) 273-4472,6084 Morris Street,Hamilton,ON,J6G5A7,2023-12-30,Active
3707,Amanda,Smith,M,1967-06-29,58,imcgrath@example.net,298 576 4403,3966 Lindsay Wall Apt. 631,Niagara Falls,ON,M1H8N2,2022-04-03,Active
3708,Whitney,Byrd,F,1988-01-18,37,bhopkins@example.net,332-714-5901 x149,6930 Montgomery Bypass Suite 392,Windsor,ON,H1H1T9,2023-12-14,Active
3709,Gary,Jones,M,1959-11-11,66,alexander99@example.org,1 (825) 979-4543,6786 Jennifer Estates Apt. 489,Toronto,ON,S6X5V8,2022-11-02,Active
3710,Heather,Gonzalez,F,2000-08-18,25,katrina41@example.org,+1 (211) 306-7512,84970 Vanessa Glens Suite 013,London,ON,K3M5P8,2023-03-17,Active
3711,Anthony,Lynn,F,1967-12-30,58,cwright@example.org,577 610 0260,9446 James Village Suite 371,Niagara Falls,ON,Y3T 5L5,2022-10-14,Active
3712,Stephanie,Rivera,M,1973-01-29,52,sean69@example.com,1 (428) 821-0853,661 Bryan Burgs,Sudbury,ON,X6G 9H7,2023-05-03,Active
3713,Sheila,Vance,M,1958-06-07,67,jonesjoe@example.org,1 (711) 101-7584,3970 Jorge Plain,Ajax,ON,N6Y8X7,2024-09-29,Active
3714,Beverly,Velez,M,2004-07-22,21,scotttran@example.com,1-740-019-2711,414 Shawn Court Suite 385,Ajax,ON,H6R 7A2,2021-09-06,Active
3715,Lori,Conrad,M,1980-12-16,45,carriewatkins@example.org,(964) 506-1258,66991 Hendrix Stream,Hamilton,ON,A9S 3H2,2025-07-03,Active
3716,Laurie,Austin,M,1996-06-26,29,kellis@example.net,1-950-893-6989,2927 David Forge,Ajax,ON,N8Y 4Y5,2022-04-04,Active
3717,Sara,Bailey,M,1992-09-19,33,smithbrittany@example.com,979-628-9380 x430,86421 Lyons Fields,Oakville,ON,K8N6E7,2022-07-18,Active
3718,Renee,Smith,M,1996-07-31,29,davidallen@example.com,217-286-2951 x414,836 Alyssa Wells,Barrie,ON,E1R 1V8,2024-08-12,Active
3719,Melanie,Jones,M,1984-09-07,41,ryandunlap@example.com,1-150-701-4561,551 Henderson Rest,St. Catharines,ON,X7A 1B9,2023-03-02,Active
3720,Jonathan,Hunter,M,1975-01-28,50,michaeldean@example.com,1 (207) 935-6848,459 Thomas Viaduct,Burlington,ON,G4K3M6,2025-07-10,Active
3721,Christina,Clark,F,1972-08-19,53,gflores@example.org,726.230.9760,2791 Elizabeth Islands,Kitchener,ON,P3N 9Y2,2025-11-26,Active
3722,Thomas,Mcbride,M,1975-06-25,50,lincynthia@example.net,873-862-1524,512 Williams Track,Sudbury,ON,M2S 5T5,2025-01-08,Active
3723,Hayden,Shaffer,M,1970-06-21,55,browndanielle@example.com,496 997 8193,731 Anthony Parkway,Cambridge,ON,L9B5E7,2024-03-19,Active
3724,Kelsey,Robles,F,1996-04-05,29,gwright@example.net,(776) 320-5268 x592,130 Barnes Ports Suite 567,Windsor,ON,E2T 6P3,2026-06-22,Active
3725,Dennis,Gibbs,F,2000-10-16,25,aarondavis@example.net,875.609.1894,3128 Johnson Lock Apt. 438,Peterborough,ON,H3R 6Y4,2026-01-07,Active
3726,Deborah,Patterson,M,2006-10-23,19,joshua04@example.net,(244) 483-5345 x407,09411 Hughes Extension,Kitchener,ON,H9B 8B9,2021-10-11,Active
3727,Lee,Ferguson,M,1997-02-10,28,hannasierra@example.com,760-520-0461 x776,425 Francis Plain Apt. 131,Guelph,ON,E4T4Y8,2021-09-03,Active
3728,Robert,Martinez,F,2005-10-07,20,petersonadam@example.org,183.814.8547,84878 Bryant Pine,St. Catharines,ON,H2Y 4E8,2023-02-23,Active
3729,Maria,Mcdonald,F,1992-01-17,33,udavis@example.com,210.592.6772,3623 Thompson Loop,Hamilton,ON,L4E8G9,2022-10-09,Active
3730,Brooke,Ford,M,1965-01-10,61,calhounbrian@example.net,875 594 6726,85707 Chavez Shores Apt. 772,Hamilton,ON,L5P2H9,2024-09-14,Active
3731,Walter,Roberts,F,1976-07-03,49,gonzaleskeith@example.net,1-323-944-5324,96052 Michael Cliff Apt. 106,Milton,ON,T7B 6K4,2025-11-05,Active
3732,Isabel,Chavez,F,1971-12-31,54,meghan17@example.net,1 (352) 522-1828,36828 Frank Keys,Oakville,ON,K7M 6K1,2022-08-25,Active
3733,Craig,Mckinney,M,1977-10-17,48,edixon@example.org,(585) 613-2501,89816 Erica Rapid,Whitby,ON,C9X4K9,2025-01-15,Active
3734,Douglas,Nelson,F,1985-11-05,40,courtneyswanson@example.org,870-052-0477,69310 Valerie Knolls,Brampton,ON,J5X4R2,2026-06-06,Active
3735,Stacy,Smith,M,1993-06-04,32,robertparrish@example.com,(923) 132-8863 x927,2567 Jessica Union,Milton,ON,Y2V6M4,2025-09-05,Active
3736,Sara,Harmon,F,1986-12-26,39,andrewwilliams@example.org,+1 (449) 354-6936,197 Vincent Villages Suite 316,Peterborough,ON,X4M 5B6,2024-08-25,Active
3737,Robert,Klein,F,1984-03-09,41,twalton@example.com,1 (183) 405-9779,92334 Ayala Point,Cambridge,ON,G1T7H6,2025-11-17,Active
3738,Lisa,Hendrix,F,1979-07-29,46,lucasvictoria@example.org,+1 (254) 074-5638,76325 Ross Ramp Suite 798,Richmond Hill,ON,G7A 7V6,2024-05-26,Active
3739,Ray,Calderon,F,1972-07-13,53,hcarter@example.org,+1 (892) 705-6669,76468 Gibbs Stravenue,Waterloo,ON,E8T 8V7,2025-11-23,Active
3740,Scott,Miller,F,1957-01-16,69,gonzaleznicole@example.com,139 725 8797,47687 Zachary Passage Apt. 077,Barrie,ON,E7C 1L7,2025-11-04,Active
3741,Deborah,Proctor,M,1978-09-30,47,franklinvirginia@example.net,1-400-147-9273,7633 Linda Corner Suite 141,Kitchener,ON,K2S 7V1,2025-06-28,Active
3742,Sydney,Garner,F,1986-12-09,39,michael32@example.com,173.136.5045,0689 Annette Haven,Milton,ON,E2E3N2,2021-09-21,Active
3743,Sheri,Johnson,M,1957-02-20,68,dhernandez@example.org,999 733 1669,0541 Aguilar Trail Suite 835,Windsor,ON,S4A 6H6,2023-06-18,Active
3744,Cody,Gray,F,1994-02-25,31,meganstevens@example.org,+1 (559) 309-1843,94215 Rebecca Springs Apt. 385,Richmond Hill,ON,G9T 7P6,2023-03-17,Active
3745,Deborah,Wood,M,1960-08-07,65,oramos@example.com,901-138-9547,5456 Armstrong Isle,Richmond Hill,ON,V8S3N5,2025-04-26,Active
3746,Jeffrey,Reed,F,1987-06-14,38,khenry@example.com,641.038.6712,34866 Kevin Parks Apt. 814,Peterborough,ON,E6T5H5,2022-10-26,Active
3747,Brandy,Knight,M,2001-06-19,24,sean25@example.com,1-382-282-1868,312 Thomas Rapid,Ajax,ON,E4N 9Y2,2026-03-14,Active
3748,James,Floyd,M,1968-07-24,57,qpowell@example.net,(219) 475-7785,13984 Kelly Tunnel,Hamilton,ON,C2V 7V9,2025-07-19,Active
3749,Emily,Hernandez,F,1957-12-19,68,andrewmartinez@example.net,255-060-1656,0584 Mark Underpass,Peterborough,ON,M9Y4X4,2022-06-25,Active
3750,Raymond,Avila,M,2005-07-07,20,alexander04@example.com,1-743-573-5661,6708 Amanda Dam Apt. 050,Oakville,ON,S1J6R9,2024-02-07,Active
3751,Roy,Lester,M,1978-04-04,47,ureyes@example.org,(815) 211-5073 x249,0452 Flores Trail Apt. 290,Burlington,ON,J9G 6R8,2025-10-09,Active
3752,Cindy,Clay,F,1985-08-23,40,kyle03@example.com,195 897 7457,30182 Lucas Spurs Suite 868,Brampton,ON,X3L4V1,2021-08-13,Active
3753,Gina,Cruz,F,1995-10-18,30,ggarner@example.net,+1 (691) 027-4406,33751 Rivera Flats,Kitchener,ON,K5V 5C3,2026-04-05,Active
3754,Adam,Ford,F,1983-11-06,42,jkelley@example.com,1-390-660-3175,427 Kramer Spurs,Kitchener,ON,J3V 4G3,2026-04-25,Active
3755,Frank,Diaz,M,1960-10-29,65,michelle95@example.org,489.272.1072,959 Spence Prairie,Hamilton,ON,A1K3B3,2025-11-04,Active
3756,Cheryl,Harmon,F,1993-10-21,32,qochoa@example.net,500-749-3093,36323 Barnett Stravenue Apt. 170,Guelph,ON,J2G 6X8,2025-07-03,Active
3757,Daniel,Stevenson,F,1984-09-14,41,mfigueroa@example.com,985 161 2699,27769 Dominguez Flat Suite 953,Oshawa,ON,B9R2R7,2022-11-12,Active
3758,Alison,Crawford,F,1994-12-12,31,richardsonlouis@example.org,1 (120) 875-9391,912 Kristy Fields,St. Catharines,ON,P8A8M3,2026-03-23,Active
3759,Chad,Smith,F,1988-12-17,37,cassandra65@example.com,302-395-7546 x216,8359 Jessica Spur Apt. 444,Sudbury,ON,G7J 5K2,2022-08-02,Active
3760,Matthew,Brewer,F,1959-04-10,66,fromero@example.com,261-499-7165 x163,5530 Reyes Points,Richmond Hill,ON,B1M 5B3,2022-11-09,Active
3761,Madison,Hernandez,F,1992-11-17,33,randallmelissa@example.net,(265) 503-4453 x655,5562 Davis Keys Suite 777,Milton,ON,H6R5X1,2023-04-04,Active
3762,Jonathan,Tran,F,1994-09-30,31,adamscolleen@example.com,+1 (151) 180-7725,9873 Holloway Cliff Apt. 460,London,ON,B3J 8R2,2022-07-29,Active
3763,Holly,Lozano,M,1983-08-28,42,uramirez@example.net,140.621.1265,7460 Compton Ranch,Hamilton,ON,V8H 2T8,2022-05-16,Active
3764,Julie,Gallegos,F,1966-04-14,59,hannahpeterson@example.net,1-406-089-1318,41327 Martinez Ways Suite 009,Oshawa,ON,K5X6T8,2021-12-12,Active
3765,Melissa,Harrison,M,1959-05-28,66,ibyrd@example.net,(877) 967-6672,66320 Michele Mission,Milton,ON,K6M9T5,2026-02-14,Active
3766,Robert,Hernandez,M,1965-04-21,60,pdavis@example.org,165-674-8450,35768 Laura Valley Suite 489,Vaughan,ON,C4B 7G9,2021-09-05,Active
3767,Oscar,Dorsey,M,1993-11-14,32,stacywillis@example.com,157.435.6241,521 Diane Hollow,Toronto,ON,B5R6V9,2025-09-11,Active
3768,Steve,Jackson,M,2001-11-24,24,molly57@example.org,175 820 2410,52448 Jessica Valley Suite 371,Burlington,ON,P4G 8Y5,2023-11-28,Active
3769,Tyler,Espinoza,F,1962-10-03,63,colin02@example.org,+1 (955) 473-4552,336 Laurie Glens Apt. 847,Brampton,ON,S5S 9J5,2024-04-13,Active
3770,Samuel,Herrera,M,1960-11-11,65,nelsonshane@example.net,579-369-5242,131 Love Cliff,Richmond Hill,ON,H7Y3K6,2025-04-18,Active
3771,Samuel,Watson,F,1978-01-31,47,harrismallory@example.com,+1 (894) 818-3526,020 Smith Prairie,Windsor,ON,C9N 3Y1,2022-09-27,Active
3772,Tanya,Huynh,F,2006-10-04,19,brett08@example.org,551.272.5253,3384 Peterson Prairie Apt. 582,Markham,ON,M7C 5V5,2022-04-26,Active
3773,Johnny,Shaffer,F,1972-05-21,53,smithleslie@example.net,+1 (431) 506-2666,611 Shepherd Shoals,London,ON,G9C 7V4,2022-03-03,Active
3774,Joann,Jones,M,1968-09-28,57,odomryan@example.org,120 638 7372,4759 James Trace Apt. 961,Markham,ON,T1S 2Y3,2022-07-15,Active
3775,George,Johnson,M,1974-09-02,51,rodriguezthomas@example.org,170-157-7282 x721,208 Jones Rest Suite 171,St. Catharines,ON,T2E7X5,2025-05-31,Active
3776,Peggy,Raymond,F,1974-01-28,51,wilcoxdaniel@example.com,(102) 744-6882 x059,329 Perez Harbor Suite 515,Richmond Hill,ON,J8T 2G4,2022-06-13,Active
3777,Susan,Davis,M,1979-06-12,46,vcole@example.com,410-375-1699 x619,8364 Fowler Fall,Cambridge,ON,V8X 6N5,2025-03-24,Active
3778,Haley,Hendricks,F,1970-03-19,55,lindsaymiller@example.net,+1 (945) 654-2526,21863 Barbara Prairie,Barrie,ON,R7P 3V3,2022-11-17,Active
3779,Steven,Reyes,F,1959-12-10,66,zsmith@example.com,158-358-6772 x973,4917 Tracey Ridges Suite 185,Milton,ON,B7N2M2,2025-03-23,Active
3780,Jeremiah,Fuentes,F,1983-09-30,42,deborahgregory@example.com,1-848-405-8655,27258 Gill Lake Suite 920,Whitby,ON,P3H8G8,2025-05-09,Active
3781,Stuart,Hudson,M,1970-05-30,55,kevin66@example.net,1-525-214-5413,829 Young Court Apt. 637,Whitby,ON,X9V7K4,2024-04-18,Active
3782,Jessica,James,M,1975-07-26,50,xdaniels@example.net,1-489-757-3123,377 Cunningham Rest Apt. 684,St. Catharines,ON,C6A 8C7,2022-10-09,Active
3783,Thomas,Thompson,M,1968-09-26,57,jerome76@example.net,(425) 587-9905 x779,760 Anne Islands,Guelph,ON,T3N 1A2,2025-03-22,Active
3784,Charles,Williams,F,1979-02-27,46,csilva@example.net,815-954-1289 x566,2022 Brooks Ridge Suite 701,Peterborough,ON,G8L7J1,2026-02-18,Active
3785,Benjamin,Maldonado,F,1998-03-28,27,ryan33@example.com,+1 (787) 945-7543,0637 Matthew Hollow,Kingston,ON,C6H 4N7,2022-01-17,Active
3786,William,Hughes,F,1968-04-16,57,rogerfernandez@example.com,583 607 8433,815 Weaver Parks Apt. 586,Cambridge,ON,L2T8E7,2024-08-22,Active
3787,Thomas,Clark,M,1968-03-05,57,laura95@example.org,942-089-6292,081 Robertson Flats Suite 139,Mississauga,ON,M2E8P8,2024-10-24,Active
3788,Samuel,Farmer,F,1984-10-06,41,nmartinez@example.net,419 837 6946,2544 Brian Fall,Windsor,ON,X4L1V8,2023-02-09,Active
3789,Tammie,Dixon,M,1998-02-24,27,erikhill@example.net,793-273-8970 x235,937 Blake Ports Suite 192,Oakville,ON,L7P2N4,2022-03-27,Active
3790,Jessica,Garcia,F,1985-05-06,40,annabarr@example.net,(641) 606-2012 x750,8038 Brady Forest Apt. 957,Milton,ON,R5X 5B1,2026-01-16,Active
3791,Richard,Miranda,F,2004-04-03,21,christopherdavis@example.org,1 (502) 521-9147,147 Tiffany Common,London,ON,L1N6T5,2025-07-29,Active
3792,James,Coleman,F,1991-01-23,34,james56@example.net,634 266 6619,024 Garcia Junction,Oakville,ON,R5R7E5,2023-01-17,Active
3793,Jacqueline,Choi,M,2007-06-05,18,john79@example.com,1 (640) 851-5556,008 Pace Parkway,Milton,ON,V9E1K9,2024-09-23,Active
3794,Jeffrey,Becker,F,1983-09-03,42,austin88@example.net,461-244-3303 x198,617 Lopez Place Apt. 577,Niagara Falls,ON,P9N2J5,2026-05-15,Active
3795,Timothy,Paul,F,1996-01-08,30,trevinojessica@example.org,1 (979) 623-5013,90686 Kyle Land,Richmond Hill,ON,Y4M 2T4,2025-06-23,Active
3796,Cynthia,Evans,M,1992-11-03,33,hilltravis@example.com,226-707-5501 x054,049 Jamie Square,Milton,ON,R8B3N5,2026-02-09,Active
3797,Daniel,Blankenship,M,1957-03-20,68,joseph38@example.com,1 (450) 750-9774,4799 Ritter Forks,Ajax,ON,N1J6A6,2025-09-19,Active
3798,Steven,Hines,F,1996-09-28,29,iking@example.com,325.304.9660,75743 Allen Spurs,Peterborough,ON,H4Y 6X5,2021-09-24,Active
3799,Barbara,Rogers,F,1997-03-28,28,fbanks@example.org,(124) 876-6817,4077 Barnes Glen,Milton,ON,C7R3R6,2021-08-30,Active
3800,Richard,Martin,F,1983-04-04,42,alanwebb@example.com,(675) 121-7616,2011 Ware Cape Apt. 439,Markham,ON,P3V1E2,2021-09-24,Active
3801,David,Kim,F,1958-11-28,67,sonyamiller@example.org,+1 (296) 189-5493,06568 Hernandez Cliffs,St. Catharines,ON,K3P6N6,2022-07-07,Active
3802,Denise,Lee,M,1956-10-13,69,halljane@example.org,+1 (614) 391-3729,60842 Samantha Way Apt. 079,Kingston,ON,H7P6Y5,2022-02-27,Active
3803,Linda,Nguyen,M,1982-01-23,43,ramirezmatthew@example.net,+1 (369) 291-3859,3853 Chloe Circle,Toronto,ON,J6H2Y8,2023-09-20,Active
3804,James,Thompson,F,1974-07-09,51,saracook@example.org,(121) 069-8800,171 Williams Flat,London,ON,T9T2T1,2023-07-17,Active
3805,Kyle,Kim,M,2005-07-29,20,emarshall@example.com,593.400.2923,3224 Payne Fort,Sudbury,ON,S5C6S8,2021-09-23,Active
3806,Lawrence,Black,F,2004-04-20,21,marypotter@example.net,(308) 727-4614,7746 James Bypass,St. Catharines,ON,V6T 1S8,2026-03-01,Active
3807,Michael,Thompson,M,1972-11-30,53,kelliefrank@example.org,651-327-9484,7240 Simmons Stravenue,Peterborough,ON,S9S1C6,2026-04-03,Active
3808,Marco,Perry,F,1968-10-22,57,anthonylong@example.org,1-358-097-5314,2765 Christopher Common Apt. 968,Guelph,ON,R9V 2Y3,2024-01-05,Active
3809,Joshua,Lamb,F,1972-08-17,53,jcooper@example.com,139.056.6656,610 Cordova Trace,Sudbury,ON,B5H 4T9,2024-01-24,Active
3810,Taylor,Merritt,M,1962-05-07,63,shannonwalsh@example.org,551 050 9717,707 Donald Greens,Sudbury,ON,H6Y 5K8,2025-10-30,Active
3811,Brooke,Simon,M,1987-07-12,38,patrickjason@example.com,(817) 207-7188 x202,48726 Johnson Summit Suite 860,Richmond Hill,ON,S4C 4A1,2024-08-18,Active
3812,Molly,Armstrong,M,1974-08-21,51,jennifernichols@example.org,+1 (296) 978-8202,4641 Richard Turnpike,Waterloo,ON,L7L2K5,2025-06-13,Active
3813,John,Douglas,F,1979-01-03,47,mmorgan@example.org,470.988.6586,4666 Sandra Shoals,Vaughan,ON,A1L 6R3,2025-07-28,Active
3814,Richard,Sanchez,M,1984-05-20,41,carolbrown@example.com,(731) 179-6545,5690 Seth Courts,Niagara Falls,ON,X8A4B5,2023-09-22,Active
3815,Mary,Brandt,M,2006-09-20,19,williamward@example.net,856.597.3186,35225 Joshua Radial Suite 872,Oakville,ON,V4Y5J5,2026-05-20,Active
3816,Donald,Franklin,M,1974-02-07,51,crystallong@example.com,+1 (192) 172-5675,436 Cynthia Shores,Barrie,ON,V9A6T3,2025-01-09,Active
3817,Amanda,Smith,M,1968-09-28,57,jenniferdiaz@example.org,330.259.1554,21695 Alexander Flats,Kingston,ON,B8V4X1,2026-04-20,Active
3818,Lisa,Wilcox,F,1982-08-01,43,katherinedawson@example.com,(522) 832-1976 x662,4228 Andrew Groves,Toronto,ON,S8J4H4,2023-08-23,Active
3819,Phillip,Decker,F,1996-11-22,29,amber44@example.org,579-491-1620 x463,0071 Greg Knoll Apt. 204,Mississauga,ON,S1M6B1,2023-12-11,Active
3820,Brian,Villegas,F,1991-06-04,34,jacksonjulie@example.org,1-533-827-2072,633 Frank Plaza,Richmond Hill,ON,Y1E3P2,2024-05-31,Active
3821,Andrea,Henson,F,1975-05-26,50,chloe60@example.net,959.357.6943,1806 Rachel Ville Suite 330,Niagara Falls,ON,G8B1S8,2025-07-28,Active
3822,Eric,Thompson,M,1971-08-26,54,tricialopez@example.com,+1 (907) 634-5955,01130 Martinez Hollow Suite 076,Oshawa,ON,S7Y3G9,2026-04-01,Active
3823,Courtney,Rogers,F,1991-02-25,34,fking@example.com,155-845-9839 x782,9850 Yvette Gardens Suite 713,Oakville,ON,R2E 6R3,2022-10-31,Active
3824,Mary,Walker,M,1978-11-14,47,aprilknight@example.net,1-502-340-3332,5461 Kayla Lake,Niagara Falls,ON,P6J2K8,2025-12-29,Active
3825,Kristina,Wood,F,1985-07-05,40,stephanie30@example.com,621 566 9797,21139 Nathaniel Ramp,Kingston,ON,J1E1P1,2023-02-15,Active
3826,Nathaniel,Wyatt,F,1963-06-22,62,tammy15@example.net,171 259 7268,100 Shawn Squares Apt. 160,Niagara Falls,ON,A2P7P1,2021-08-17,Active
3827,Michael,Soto,M,1968-11-17,57,michaelrowland@example.com,789 006 7215,87170 Theresa Shoal Apt. 979,Kingston,ON,J9M 6L8,2024-02-13,Active
3828,Scott,Nelson,M,1975-11-11,50,monicagonzalez@example.net,269 611 6790,926 Murray Radial,Milton,ON,H9R 6L1,2022-07-01,Active
3829,Kimberly,Barrett,M,1977-01-18,48,sarah85@example.org,1-233-552-3300,619 Robert Isle,Oakville,ON,K1K4T8,2023-04-17,Active
3830,Kimberly,Mack,F,1958-07-19,67,andrearobinson@example.net,951 841 4064,268 Samuel Route,Kingston,ON,R6S9H4,2024-06-09,Active
3831,Kathy,Banks,F,1973-05-26,52,natalie14@example.net,(510) 312-9531,5539 Dillon Forge Suite 605,Ajax,ON,C6R4V5,2024-10-06,Active
3832,Rita,Whitehead,F,1971-12-15,54,sarah99@example.org,1-423-459-3141,91661 Jason Rapid Suite 231,Windsor,ON,A9C2Y4,2025-12-20,Active
3833,Scott,Williams,F,1988-10-05,37,wujorge@example.net,(303) 060-6603,9048 Rodriguez Fords Apt. 376,Sudbury,ON,V1T2H8,2023-04-17,Active
3834,Andrea,White,F,1998-05-27,27,colinfleming@example.com,565-375-8708,96131 Melissa Village Suite 259,Kitchener,ON,H4R 6N9,2025-04-29,Active
3835,Andrea,May,M,1960-02-15,65,cmiller@example.net,(595) 318-5598 x482,75495 Wells Well Apt. 757,Vaughan,ON,C2P2B3,2025-11-29,Active
3836,Bailey,Smith,M,1977-04-01,48,ramirezheather@example.net,(801) 285-3034 x173,123 Schultz Lake,Whitby,ON,T6J 6M7,2025-02-25,Active
3837,Thomas,Estes,F,1972-09-30,53,udelgado@example.com,423 139 1510,938 Lawrence Dam Apt. 373,Barrie,ON,H2Y 8J9,2023-06-01,Active
3838,Carla,Richards,F,1978-10-02,47,amanda01@example.com,1-558-412-7365,9657 Paul Plains Apt. 054,Mississauga,ON,S6G 9A9,2024-09-26,Active
3839,Rebecca,Swanson,F,1962-01-09,64,caldwelldenise@example.net,+1 (930) 065-1247,72492 Brown Cove Suite 109,Niagara Falls,ON,H2K 7R4,2022-12-10,Active
3840,Victoria,Garcia,M,1979-04-21,46,xbauer@example.net,(621) 459-9049 x839,4163 Jeffery Ferry Suite 764,Waterloo,ON,N2N8X9,2024-08-14,Active
3841,Stacy,Casey,M,2000-10-17,25,jhughes@example.net,652-380-1965 x611,0214 Richard Lodge Apt. 585,Oakville,ON,Y6T 7M9,2023-10-23,Active
3842,Heather,Harmon,F,1993-03-16,32,nrichardson@example.org,115.714.4033,213 Andrews Curve,Niagara Falls,ON,C7P4R2,2025-10-28,Active
3843,Olivia,Ferrell,M,1961-11-10,64,nsoto@example.com,619-295-7470 x800,6424 Richard Center,Oshawa,ON,Y1B1C1,2025-06-01,Active
3844,John,Marsh,F,1959-11-09,66,judith34@example.org,739-282-9291,575 Fischer Burg,Niagara Falls,ON,L3H 4X1,2022-08-31,Active
3845,Diane,Price,M,1971-12-05,54,franciscovalenzuela@example.org,(493) 120-8973,8051 Anderson Junctions Suite 051,Guelph,ON,T2R3C4,2025-11-11,Active
3846,Sabrina,Schneider,M,1988-03-16,37,krubio@example.org,803-539-8151 x689,8249 Smith Gardens Apt. 714,Sudbury,ON,T2E7J9,2025-12-18,Active
3847,Wendy,Moore,F,1980-08-20,45,qsherman@example.com,1 (224) 342-3288,2226 Kathleen Hills Apt. 787,Vaughan,ON,X6R5B5,2023-02-19,Active
3848,Mitchell,Horn,F,1980-10-10,45,marksscott@example.net,277 580 9181,214 Wolfe Springs Suite 114,Ajax,ON,M6X 8K4,2024-05-26,Active
3849,Heather,Wallace,F,1966-03-20,59,hughesangela@example.com,(191) 555-8229 x250,2767 Dale Viaduct Suite 939,Guelph,ON,N9B 9M6,2024-08-09,Active
3850,Claudia,Lin,F,1968-04-09,57,fshelton@example.net,1 (365) 706-4292,22337 Ryan Lane,Kitchener,ON,M1X 7L9,2025-03-08,Active
3851,Joseph,Palmer,F,1959-01-29,66,gomezchase@example.com,+1 (433) 090-1933,805 Michael Run,Peterborough,ON,K1E 9P4,2023-09-03,Active
3852,James,Oneal,F,1991-04-27,34,wdean@example.net,+1 (572) 401-6656,76074 Hall Green,Markham,ON,Y9B8M8,2022-06-19,Active
3853,Michael,Ward,M,1990-07-18,35,justin78@example.org,516 440 0780,5023 Brian Prairie Apt. 857,Richmond Hill,ON,B9K9R5,2022-02-07,Active
3854,Scott,Reyes,M,2006-05-09,19,thomas72@example.org,173-205-8157 x085,1632 King Rest,Toronto,ON,L9M 3J5,2025-01-23,Active
3855,Tony,Nelson,F,1985-12-08,40,ktran@example.org,(378) 913-4501,09370 Ronald Passage Apt. 010,Niagara Falls,ON,V8M 3E6,2021-12-29,Active
3856,Reginald,Cook,F,1958-06-18,67,emily94@example.net,+1 (869) 002-1312,83885 Cory Vista,Kitchener,ON,Y5T6H8,2025-07-21,Active
3857,Mark,Greer,F,1958-01-14,68,jessica40@example.net,265.490.9239,00526 Scott Via,Oshawa,ON,S1H6V1,2023-02-07,Active
3858,Angela,Cook,M,1974-07-12,51,joannbrown@example.org,388-249-0487,782 Jarvis Track Suite 523,Niagara Falls,ON,N8P 5L8,2022-11-13,Active
3859,Shawn,Adams,M,1957-05-27,68,michelle14@example.com,(825) 199-9138 x674,5380 Munoz Streets,Ajax,ON,C8N4P7,2024-06-19,Active
3860,Charles,Williams,F,1982-05-17,43,mcdanielamanda@example.com,871-385-2047,97579 Moore Hills,Sudbury,ON,P9Y6K7,2023-01-06,Active
3861,Charles,Young,M,2006-12-13,19,omarjackson@example.net,+1 (504) 239-8991,8095 Cook Track,London,ON,N9S 5N4,2024-02-25,Active
3862,Chad,Ward,F,1993-09-20,32,stephanie08@example.com,+1 (174) 599-9027,5622 Matthews Drives,London,ON,K2M6V6,2025-01-21,Active
3863,Katherine,Lin,F,1966-12-09,59,christopher07@example.com,677.968.0002,26649 Weber Mall,Guelph,ON,G6M7S5,2023-04-16,Active
3864,Adam,Flores,M,1997-02-01,28,amy55@example.com,607-906-6996,829 Rodriguez Forges Suite 916,Kingston,ON,J3Y9Y1,2024-03-01,Active
3865,David,Hamilton,M,1961-08-15,64,amanda83@example.com,+1 (336) 723-5317,311 Shannon Center,Vaughan,ON,K2C 4B5,2026-02-25,Active
3866,Mary,King,F,1991-12-28,34,samuel02@example.net,(782) 452-2368,055 Watson Flats,Guelph,ON,M4X1S6,2025-07-03,Active
3867,Eric,Davis,M,1984-02-11,41,langcorey@example.net,1-365-810-1678,97373 Walls Oval,Barrie,ON,K6S2R3,2025-06-17,Active
3868,Richard,Nichols,M,1975-11-01,50,jonathan73@example.net,1-144-213-6717,366 Clayton Route,Oshawa,ON,S1X 2K5,2024-11-27,Active
3869,Alex,Erickson,M,1998-07-13,27,catherinerobinson@example.org,(574) 353-9482,7872 Beverly Parks Suite 183,Peterborough,ON,H4P6L9,2023-11-28,Active
3870,Michelle,Kelley,M,1986-09-24,39,johnsonjennifer@example.net,697 128 0945,2353 Barker Brook,Hamilton,ON,M6N4H3,2024-03-18,Active
3871,Sabrina,Howe,M,1971-09-25,54,jessicachapman@example.net,1-174-382-4525,59792 Jennifer Stravenue Apt. 155,Kitchener,ON,T2K 2S6,2026-03-30,Active
3872,Matthew,Blankenship,F,1987-09-20,38,anna84@example.net,385-270-4584,60430 Gibson Passage Apt. 899,Waterloo,ON,M7Y 3R8,2021-12-06,Active
3873,Nancy,Brewer,F,1999-09-10,26,dgibbs@example.org,(817) 654-2377 x793,46823 Rachel Brooks Suite 242,Cambridge,ON,Y2K9P2,2023-03-13,Active
3874,Jonathan,Riley,F,1987-06-09,38,carolynhall@example.net,765-850-1413 x400,266 Randolph Lodge,Whitby,ON,T1P 7E3,2024-03-05,Active
3875,Sharon,Morrow,M,1973-11-20,52,christina04@example.org,452 602 3352,30675 Jennifer Roads Suite 620,Guelph,ON,K2E 7A7,2023-09-29,Active
3876,Autumn,Ramos,M,1996-05-04,29,fgreen@example.net,602.510.5632,293 Matthew Harbor Suite 513,Kitchener,ON,A6Y 8M4,2022-04-11,Active
3877,Maria,Booth,M,1978-02-09,47,contrerassheila@example.net,(366) 121-2096 x763,049 Williams Run,Oshawa,ON,V8T8L1,2024-09-10,Active
3878,Nancy,Wilson,F,1962-07-11,63,kelleyjohn@example.com,+1 (199) 556-4997,86537 Elizabeth Ways,Toronto,ON,Y9M 7N4,2024-06-02,Active
3879,Kelly,Lopez,M,2001-02-08,24,zbell@example.com,668-797-4965 x576,815 Lori Ports Suite 132,Oshawa,ON,K4Y6P1,2021-10-07,Active
3880,Joshua,Gibbs,M,1973-03-30,52,keithfreeman@example.com,497-663-0250,866 Barbara Common Apt. 147,Vaughan,ON,G9H 2Y2,2025-02-18,Active
3881,Roger,Young,F,1983-02-11,42,marylee@example.org,+1 (758) 980-4373,181 Austin Burgs Apt. 584,Burlington,ON,V3T7S1,2023-07-06,Active
3882,Alison,Schneider,M,2002-05-31,23,ymcbride@example.net,954.632.9325,6079 Sean Trail Suite 597,Toronto,ON,R4X4K7,2025-12-18,Active
3883,Eric,Bailey,F,1996-12-22,29,smithbrian@example.net,247 414 1891,238 Williams Manor Apt. 193,Brampton,ON,N8S 2E6,2022-07-17,Active
3884,Jessica,Holland,F,1977-11-11,48,anne52@example.org,704.078.4320,04005 Diana Ports Suite 077,Markham,ON,Y4T4N5,2023-07-13,Active
3885,Nicole,Powers,F,2001-01-22,24,parkerseth@example.net,(109) 836-8920 x973,6474 Chan Branch Apt. 355,Brampton,ON,K3T8J5,2026-04-10,Active
3886,Lynn,White,M,1970-11-04,55,clarkbrian@example.com,1-967-895-0028,34549 Ryan Estate,Sudbury,ON,S7T1J2,2022-07-16,Active
3887,Margaret,Hall,M,1997-04-10,28,dterry@example.com,641-500-2413,6911 Tammy Lights,Peterborough,ON,X7C 3G8,2022-09-12,Active
3888,Christopher,Gutierrez,M,1992-01-27,33,qwright@example.org,153 055 5284,840 Snyder Mountains Apt. 176,Waterloo,ON,K9S 2M2,2022-02-18,Active
3889,John,Peterson,M,1993-11-30,32,hernandezbrittany@example.net,635 603 5682,189 Walker Road Apt. 337,Niagara Falls,ON,E4R8L6,2026-06-24,Active
3890,Tanner,Hayden,F,1968-04-06,57,cannoncristian@example.net,1 (138) 486-4202,91348 Julie Brooks Suite 065,Ajax,ON,M1K1R9,2022-04-21,Active
3891,Elizabeth,Olson,M,1968-11-06,57,heatherpope@example.org,502-578-1742,23363 Chapman Dam Apt. 349,Milton,ON,R9V 6H9,2025-08-31,Active
3892,Gwendolyn,Cox,M,1987-01-23,38,michaelbowman@example.net,1-326-692-4818,03159 Smith Plain,Waterloo,ON,B9K 3V1,2024-04-11,Active
3893,Robert,Miller,F,1992-06-19,33,beth08@example.org,(910) 856-3663 x007,3492 David Estates,St. Catharines,ON,G6V 1E8,2023-01-24,Active
3894,Daniel,Smith,F,1963-04-25,62,josephisaac@example.org,1-773-952-3167,69178 Caldwell Stream,Kingston,ON,J6K3T2,2025-12-03,Active
3895,Donald,King,M,1970-05-30,55,williamsonjohn@example.com,984-978-0862 x387,47807 Bob Loop Apt. 639,Burlington,ON,Y7M7C1,2025-11-18,Active
3896,Erica,Stark,M,1989-06-20,36,charlenebaker@example.org,998.162.5034,149 Kevin Ford,Guelph,ON,A9L5A3,2023-06-21,Active
3897,Bradley,Nunez,M,1992-07-16,33,nelsoncorey@example.org,596 193 9731,3609 Stewart Mountains Apt. 985,London,ON,B8Y 7B6,2022-10-07,Active
3898,Jonathan,Jones,M,1977-05-04,48,brittanybell@example.net,(818) 551-2114,33757 Cross Glens Apt. 281,Windsor,ON,H9X7X9,2025-11-18,Active
3899,Brittany,Lee,F,2001-01-28,24,marvinanderson@example.net,993-374-3376 x903,0495 Hodge Passage Suite 404,Oshawa,ON,C1T 3X1,2024-05-29,Active
3900,Angela,Austin,F,1985-02-24,40,kball@example.com,+1 (609) 567-3727,1254 Adam Row,Guelph,ON,C1R 5L1,2024-02-09,Active
3901,Erin,Wall,M,1980-07-29,45,ramirezcharles@example.org,1 (293) 456-4151,79457 Deborah Forge Apt. 011,Niagara Falls,ON,L8J 6T8,2026-01-18,Active
3902,Michael,Stanley,F,2007-09-16,18,mbryan@example.org,1 (798) 764-3070,70273 Jennifer Lodge,Milton,ON,T3P2M9,2022-06-21,Active
3903,Jennifer,Daniel,M,1974-05-10,51,carriegibson@example.net,1-461-921-3175,61235 Robin Oval,Oakville,ON,A1Y5R6,2025-05-15,Active
3904,Amanda,Barker,F,1998-11-18,27,duartegeorge@example.org,(991) 858-1248 x348,030 Summers Square Apt. 359,Kingston,ON,P6A1Y6,2025-12-08,Active
3905,Donna,Vincent,M,1969-11-28,56,larry96@example.net,517.807.4716,666 Cynthia Center Apt. 068,Milton,ON,Y3H 6C5,2023-05-03,Active
3906,Ashley,Lee,M,1997-07-18,28,kevin70@example.net,242.554.9230,5559 Newman Street,Oshawa,ON,V7X9X5,2022-11-15,Active
3907,Timothy,Parker,F,1964-05-20,61,zfranco@example.com,615 692 2154,848 Johnson Walk Suite 402,Sudbury,ON,C6R 3X2,2024-08-14,Active
3908,Troy,Cantu,F,1966-04-07,59,jfields@example.org,217-375-3146,77778 Crystal Heights,Oakville,ON,S7A 6J5,2023-09-14,Active
3909,Angela,Navarro,M,1992-09-12,33,stevengutierrez@example.com,(756) 395-1662,35150 Larsen Square Suite 603,Barrie,ON,J2Y 6V5,2023-06-17,Active
3910,Emily,Anthony,M,2000-11-03,25,ccox@example.com,678-162-3374 x752,85963 Mejia Views Apt. 820,Vaughan,ON,G7T6N3,2024-09-22,Active
3911,Shannon,Anderson,M,2002-05-03,23,tbenson@example.net,638 942 8778,12526 Taylor Extensions,Burlington,ON,H8A8R2,2021-10-13,Active
3912,Debra,Wilson,M,1994-06-25,31,kirkshepherd@example.net,860.692.9851,63876 Sherri Mission Apt. 706,Oakville,ON,G6X8S8,2024-02-13,Active
3913,Russell,Cuevas,F,1968-02-03,57,andersonbriana@example.org,388-069-8640,351 Kelly Corners,Oshawa,ON,V2J 9A7,2021-12-29,Active
3914,Carl,Mckay,F,1998-03-24,27,randall58@example.com,1 (747) 117-3952,050 Hardy Junctions Suite 071,Barrie,ON,S3E 9H2,2023-05-24,Active
3915,Elizabeth,Stewart,M,1999-09-20,26,nkoch@example.com,817-239-0702,4418 Robert Divide Suite 162,Richmond Hill,ON,G6X 2P5,2023-07-29,Active
3916,John,Johnson,M,1985-07-22,40,curtislee@example.net,(903) 224-6778,1911 Grant Lodge,Whitby,ON,N9P9S2,2022-04-08,Active
3917,Walter,Horton,F,1972-10-09,53,yfrost@example.org,1-434-419-6783,1869 Rogers Drives,Cambridge,ON,E1A4L1,2023-09-14,Active
3918,Sheena,Thompson,F,2002-09-12,23,christensenroger@example.net,589 441 7185,3943 Thornton Drives Apt. 731,Toronto,ON,R9M 1Y2,2023-09-19,Active
3919,William,Hall,F,1986-04-30,39,bsmith@example.org,930 313 3308,112 Wright Street,Oshawa,ON,C5B6S4,2022-11-24,Active
3920,Brett,Coffey,M,1995-08-02,30,ronaldbrown@example.net,+1 (453) 633-4228,184 Johnson Oval,Brampton,ON,B9H7M2,2026-07-02,Active
3921,Samantha,Nelson,M,2007-09-03,18,michael02@example.com,1-507-981-0192,03971 Diane Stream,Barrie,ON,P4P4S4,2024-12-15,Active
3922,Christopher,Williams,F,2005-02-12,20,amanda21@example.org,448-202-0830 x774,175 Osborne Forest,Windsor,ON,Y2Y 8J6,2022-10-04,Active
3923,James,Watts,F,1982-07-26,43,amandamiles@example.com,(465) 830-9226 x121,410 John Port,Vaughan,ON,P2R7N1,2024-01-21,Active
3924,Jesse,Powell,F,1990-07-24,35,collinwelch@example.com,+1 (277) 423-9044,307 Lopez Club,St. Catharines,ON,J6X7P1,2025-08-24,Active
3925,Laura,Mann,F,1996-08-25,29,rodney54@example.net,+1 (427) 318-7212,0974 Cardenas Wall,Mississauga,ON,H2R6P5,2024-12-06,Active
3926,Nicole,Miller,F,2008-04-21,17,qhopkins@example.com,(456) 385-6215 x057,071 Lucas Plaza,Brampton,ON,S9T 5V5,2022-09-26,Active
3927,Lindsay,Riley,F,1961-03-19,64,dana95@example.net,648-010-3621 x036,0583 Wolf Loop,Milton,ON,J1C5E3,2026-04-26,Active
3928,Rachel,Sutton,F,1962-04-08,63,hweber@example.com,1-999-397-1267,5247 Nicholas Fields,Kingston,ON,G5T 9L8,2025-06-24,Active
3929,Samantha,Hernandez,M,1996-08-28,29,hunterjamie@example.com,413 337 5187,07202 Alexandria Summit,Hamilton,ON,T9E 5X3,2023-01-08,Active
3930,Lindsey,Henson,F,1990-10-06,35,blakekayla@example.net,421.427.8817,735 Rodriguez Corner,Oakville,ON,R1T3X5,2022-09-27,Active
3931,Jeremy,Espinoza,M,1964-10-20,61,kendra06@example.org,1 (902) 645-7948,250 Jackson Canyon,Ajax,ON,X6P 6H6,2025-06-18,Active
3932,Meagan,Phillips,F,1969-06-26,56,andersonjoshua@example.net,+1 (342) 392-7783,42715 Stone Drive,Sudbury,ON,A7E 9S1,2021-08-17,Active
3933,Jerry,Mata,F,1996-03-04,29,hendersoncrystal@example.com,+1 (731) 449-7341,82787 Kristin Street,Markham,ON,K9E9A4,2025-11-18,Active
3934,David,Hartman,M,1978-01-02,48,nkennedy@example.org,267-097-4952,09672 Joseph Plain,Cambridge,ON,K3S4M9,2023-11-22,Active
3935,Sharon,Moody,M,1959-12-13,66,stephen50@example.org,172 308 4051,722 Swanson Street,St. Catharines,ON,N5N 5P7,2023-02-08,Active
3936,Elizabeth,Wise,M,1976-12-18,49,tony00@example.com,805 772 8477,678 Amanda Port,Vaughan,ON,B5S2A6,2023-02-17,Active
3937,John,Lambert,F,1960-12-23,65,eserrano@example.net,1 (950) 399-5241,442 Williams Burg,Vaughan,ON,E2L 9T6,2025-02-25,Active
3938,Selena,Howell,M,1987-11-26,38,jerry41@example.net,+1 (771) 651-0803,55337 Bryant Extensions,Vaughan,ON,X6C1R1,2021-08-13,Active
3939,Lauren,Wright,F,1989-07-08,36,ericbuckley@example.com,(559) 429-5722,7488 Gutierrez Fords,Toronto,ON,J9S 6L9,2021-09-18,Active
3940,Paula,Ray,F,1967-01-04,59,tamara85@example.net,(209) 264-2560,587 Johnny Knolls Apt. 476,Kitchener,ON,Y2B 9M8,2024-04-05,Active
3941,Denise,Hardin,M,1992-07-14,33,mackkaren@example.net,128 951 4104,620 Daniel Alley Suite 371,Kingston,ON,R8G3S2,2026-06-08,Active
3942,Nicholas,Weaver,M,1991-04-18,34,natashaduncan@example.net,895.780.1834,7407 Mason Well Apt. 107,Hamilton,ON,S3J 6H5,2025-10-22,Active
3943,Shelby,Miles,M,1987-11-19,38,andersennathan@example.net,125 873 5208,4816 King Camp,Waterloo,ON,T5R4R2,2025-03-02,Active
3944,Eric,Simpson,F,1997-05-05,28,dgonzalez@example.com,1 (837) 932-7196,2977 Kelly Bridge,Markham,ON,R5S6S2,2025-06-09,Active
3945,Mitchell,Wheeler,F,1992-03-03,33,peter03@example.org,389-729-0937,650 Misty Summit Apt. 155,Kingston,ON,J4H 9Y5,2025-03-28,Active
3946,Elizabeth,Rogers,M,1986-12-06,39,jorge40@example.org,(267) 216-6735,1250 Evans Spring,Milton,ON,P8R 3V9,2024-09-25,Active
3947,Lauren,White,M,1971-07-28,54,jimmy02@example.net,740.320.9576,90696 Jones Rue,Oshawa,ON,R6L 6C7,2026-01-01,Active
3948,Christopher,Hughes,F,1984-09-19,41,xjackson@example.org,362-747-8219 x475,91001 Tami Ramp,Richmond Hill,ON,V8X3G4,2025-10-15,Active
3949,Carol,Rhodes,M,1984-11-11,41,floydveronica@example.com,+1 (193) 516-8520,4536 Kayla Crossing Apt. 263,Barrie,ON,E8P 4L1,2022-09-16,Active
3950,Jacqueline,Hernandez,F,2007-03-13,18,radams@example.com,634.176.0832,33812 Sara Flats,Brampton,ON,P4G 5C1,2024-04-19,Active
3951,Frank,Lucas,M,1963-01-29,62,etaylor@example.net,1-203-301-1917,0212 Herrera Center,Sudbury,ON,C6B 9H4,2024-06-22,Active
3952,Brandon,Cantrell,F,1975-11-29,50,brian38@example.net,678 742 6077,487 Willie Cliff Suite 538,Peterborough,ON,Y2J9B3,2022-03-07,Active
3953,Jessica,Moore,M,1986-06-02,39,nicoletran@example.com,(369) 212-2928,71016 Sanchez Falls Suite 482,Niagara Falls,ON,H3A 5J9,2022-05-14,Active
3954,Alyssa,Morgan,M,1990-10-04,35,williamgarcia@example.org,676.752.5467,642 Mitchell Light Suite 775,Toronto,ON,E8A8G7,2024-08-05,Active
3955,Angel,Lawrence,M,1964-01-01,62,qjones@example.org,115 093 0480,66617 Tyler Squares,Whitby,ON,S2B8X2,2022-06-26,Active
3956,Daniel,Riley,F,1960-04-18,65,zalvarado@example.com,1-387-864-6943,81022 Desiree Plains Suite 732,Brampton,ON,E9P4R9,2021-12-16,Active
3957,Patrick,Barnes,F,1993-07-13,32,ubridges@example.com,+1 (961) 557-1584,49976 Franklin Glens,Kitchener,ON,L6R7M4,2024-07-31,Active
3958,Terri,Shaffer,M,1964-12-11,61,dennis27@example.org,(578) 869-4658 x622,990 Tyler Tunnel,Oakville,ON,R7V4M2,2025-04-21,Active
3959,Jaclyn,Morrison,F,2006-03-28,19,grossmadison@example.com,+1 (842) 343-2096,824 Emily Grove Apt. 301,Mississauga,ON,M4N7M8,2022-10-19,Active
3960,Clifford,Kirk,F,1990-05-10,35,eric41@example.com,401-373-2423,4683 Gonzales Greens,Markham,ON,R9P6B3,2024-10-22,Active
3961,Alexandra,Wise,F,1975-04-11,50,sara82@example.com,1-747-777-6035,66571 Robert Gardens Suite 045,Markham,ON,T8S4B6,2025-07-27,Active
3962,Andrea,Hudson,M,1994-04-04,31,rduke@example.org,856 873 4993,732 Colleen Common Apt. 774,London,ON,Y1M9P5,2023-10-31,Active
3963,Devin,Davis,M,1959-12-18,66,gheath@example.org,+1 (729) 510-6195,1894 Smith Flats,Sudbury,ON,L4G 4L9,2024-04-14,Active
3964,Matthew,Patel,M,2004-07-29,21,tracyrobertson@example.net,720-501-1140 x533,507 Nelson Fall,Niagara Falls,ON,C9T 3X8,2021-09-04,Active
3965,Amanda,Reyes,F,1969-06-10,56,megan20@example.org,247.076.9791,030 Kimberly Land Apt. 208,Toronto,ON,K3T 6J8,2022-07-06,Active
3966,Nancy,Smith,F,1984-07-27,41,caldwellmark@example.net,(336) 204-6380 x620,1105 Aguilar Mission Apt. 416,St. Catharines,ON,R1V3B9,2026-05-21,Active
3967,Robert,Johnson,F,1987-05-19,38,nrollins@example.org,(838) 318-4352,117 Taylor Glens Apt. 826,Richmond Hill,ON,Y5Y 6S3,2022-03-17,Active
3968,Dylan,Rodriguez,M,2004-03-25,21,lindsay35@example.com,543 349 1100,3108 Gaines Street Apt. 342,Hamilton,ON,K2M1X8,2023-12-10,Active
3969,Bailey,Dominguez,M,1963-06-21,62,katie22@example.net,144 505 1949,25366 Webb Highway,Oakville,ON,K6H6Y5,2023-03-25,Active
3970,Tina,Valentine,F,1996-08-15,29,loridominguez@example.com,(811) 924-3706 x935,90369 Jackson Ferry,Kitchener,ON,P8T 4R3,2025-03-21,Active
3971,Lisa,Harris,F,1997-07-24,28,garzamelvin@example.net,219-182-1340,77683 Baldwin Plaza,Barrie,ON,G8N9J3,2022-06-12,Active
3972,Barbara,Lewis,M,2007-07-28,18,csharp@example.org,360.692.2057,03282 Sarah Stravenue Apt. 175,Peterborough,ON,K4H2K8,2024-12-25,Active
3973,Marissa,Banks,M,1974-08-01,51,jordan17@example.net,600 715 2711,757 Savannah Parks,Guelph,ON,G1P 3E2,2022-08-22,Active
3974,Andrew,Espinoza,M,1974-05-10,51,lramirez@example.com,(751) 574-8563,788 Wilson Canyon Suite 217,Markham,ON,X2V6S3,2021-09-17,Active
3975,Eric,Barr,M,2006-05-09,19,llevine@example.org,+1 (245) 393-5029,662 Matthew Haven Apt. 406,Barrie,ON,P2E6N1,2025-07-03,Active
3976,Megan,Harvey,M,2004-09-14,21,ojenkins@example.org,609.471.2822,3084 Kimberly Mews Suite 218,Guelph,ON,A1R 9T1,2024-07-16,Active
3977,Emily,Johnson,M,1991-03-27,34,schroederjennifer@example.com,935-290-1562 x993,91505 Sabrina Village,Guelph,ON,H1K 4A1,2023-05-17,Active
3978,Amy,Acevedo,F,1993-08-09,32,heather93@example.org,(174) 506-2067 x353,442 Giles Summit,Toronto,ON,K1C4K1,2024-06-12,Active
3979,Kyle,Mendoza,M,1982-08-05,43,amygoodman@example.org,(688) 483-1867 x032,374 Velez Fall Suite 553,Oshawa,ON,G3V6H9,2025-12-14,Active
3980,Sharon,Thompson,F,1988-10-08,37,spencerchristina@example.com,568-161-9017 x378,821 Arnold Roads Apt. 517,Markham,ON,G6H7B8,2026-02-13,Active
3981,Ian,Reilly,F,2008-07-05,17,ashleylane@example.org,580 308 8004,93928 Clark Trail,Waterloo,ON,C3Y 8Y4,2022-11-26,Active
3982,Erin,Chan,F,1973-12-17,52,sandersjudy@example.org,585-802-6032,0521 Freeman Prairie Apt. 328,Niagara Falls,ON,E6C 8V5,2025-07-26,Active
3983,James,Williams,M,1988-06-08,37,jacqueline63@example.net,741 377 4973,115 Caitlin Crossing Apt. 553,Brampton,ON,K5K5L5,2023-01-30,Active
3984,Maria,Smith,M,1978-05-16,47,dmiller@example.org,1-339-037-8538,822 Katelyn Plains Apt. 359,Milton,ON,K7V5L4,2023-08-28,Active
3985,Jennifer,Nelson,F,2001-11-06,24,callahantaylor@example.org,1 (999) 051-1713,4842 Romero Pines,Kingston,ON,P4T1P4,2022-08-19,Active
3986,Kristi,Frey,M,1967-04-15,58,robertssean@example.net,254.962.1389,974 Jones Inlet Suite 367,Richmond Hill,ON,X2B 2X2,2023-01-14,Active
3987,Colleen,Stewart,F,1959-10-28,66,jonathon88@example.com,(533) 957-4721,707 Smith Terrace Apt. 616,Oakville,ON,L2X 7J7,2023-01-13,Active
3988,Timothy,Hall,F,2007-03-11,18,david23@example.net,(252) 072-6234,39499 Lee Fall,Oakville,ON,E4C9R9,2024-03-08,Active
3989,Angie,Tyler,F,1974-09-30,51,bryan20@example.net,(227) 872-3384,54451 White Canyon Apt. 155,Burlington,ON,E7M8N9,2022-06-06,Active
3990,Tony,Cook,M,2003-05-07,22,zjohnson@example.net,(800) 738-7223,028 Justin Curve Suite 200,Brampton,ON,P6S 4V6,2023-10-17,Active
3991,Matthew,Mcdaniel,M,1973-01-04,53,wheelerashley@example.com,1 (947) 081-6062,865 Sanders Mills Apt. 734,Whitby,ON,C1H 1H8,2022-08-11,Active
3992,Jenna,Le,F,1969-06-07,56,morgankaren@example.com,+1 (378) 571-8440,6443 Brandon Street Apt. 696,Mississauga,ON,A7T 1L6,2022-06-09,Active
3993,Dean,Stevens,F,2005-07-25,20,megan90@example.org,(989) 876-7398 x177,9666 Robert View,Waterloo,ON,E6Y5V5,2026-06-10,Active
3994,Michele,Santiago,M,1975-09-14,50,kimberlyholland@example.org,(466) 381-0874,985 Michael Dale Apt. 760,Sudbury,ON,H4R 1Y1,2025-07-09,Active
3995,Brian,Zimmerman,F,1976-03-12,49,sandracallahan@example.org,649.676.4765,312 Meredith Lake,Toronto,ON,X6L3R4,2021-12-15,Active
3996,Jennifer,Boyle,F,1978-07-04,47,mitchellnicole@example.net,959.316.3880,6115 Johns Key,Ajax,ON,B6X 7R4,2022-09-05,Active
3997,Michelle,Smith,F,1997-10-20,28,ashley54@example.com,(661) 890-2582,12863 Erika Street Suite 198,Barrie,ON,Y5N 3B4,2023-05-17,Active
3998,Jennifer,Bell,F,2007-09-19,18,kperry@example.com,163-659-0930,190 Santana Dam,Richmond Hill,ON,K9X 4J9,2023-09-12,Active
3999,Caitlin,Watts,M,2001-01-22,24,castillojill@example.net,1-606-558-3247,738 Mathews Streets,London,ON,A8B 5J1,2025-11-16,Active
4000,Jose,Walker,M,1999-05-30,26,omoore@example.com,+1 (941) 465-2486,691 Wesley Roads Apt. 475,Niagara Falls,ON,X8L 9S9,2023-08-03,Active
4001,Heather,Campbell,M,2001-09-27,24,lauren66@example.com,(655) 009-7283,5536 Steven Forks Apt. 249,Oshawa,ON,M3J6P3,2025-07-16,Active
4002,Lauren,Cooper,F,2003-02-22,22,rogersalexis@example.net,867.591.2974,48531 Day Burgs Apt. 888,Ajax,ON,E4N8L7,2025-03-12,Active
4003,Michael,Herrera,F,1957-09-22,68,williamsnicholas@example.net,938-569-2258 x776,860 Tammy Port Apt. 502,Kingston,ON,B3V 2E2,2023-08-19,Active
4004,Sandra,Williams,M,1995-01-21,30,michaeljackson@example.org,669-448-9197 x875,55106 Fisher Meadow Apt. 239,London,ON,V7J 1T8,2023-12-09,Active
4005,Jordan,Webb,F,1991-12-03,34,xdickerson@example.org,924-488-0270 x876,83991 Teresa Grove Apt. 303,Kingston,ON,V1S 3C3,2024-04-17,Active
4006,Courtney,Berry,F,1985-03-19,40,alyssahernandez@example.com,(785) 629-9688,6145 Gina Dam,London,ON,M8P 5V8,2023-10-18,Active
4007,Gloria,Bell,F,1965-08-07,60,ejohnston@example.com,291.237.3187,54831 Edward Viaduct,Hamilton,ON,V2Y6X9,2024-06-06,Active
4008,Alexis,Bradley,M,1984-11-14,41,katherinehall@example.net,(299) 995-9538 x353,40761 Rebecca Union,Mississauga,ON,J9J8H4,2026-02-04,Active
4009,Nicholas,Guerra,F,1957-09-14,68,sheila35@example.org,(502) 056-8616,508 Daniel Manor Apt. 759,Milton,ON,G9X2A5,2021-09-16,Active
4010,Whitney,Carter,F,1967-04-12,58,herreraanthony@example.com,1-686-367-2403,22523 Theresa Knolls,Burlington,ON,H8B 5J6,2022-06-24,Active
4011,George,Gibbs,F,1969-10-14,56,hatfieldjohn@example.net,1-390-445-7557,99771 Nancy Square,Guelph,ON,P1V8B3,2026-05-09,Active
4012,Heather,Murphy,F,2002-10-24,23,salinasvictor@example.org,+1 (536) 708-3946,949 Miller Trail Suite 104,Oshawa,ON,B4N 4K5,2022-07-23,Active
4013,Jesse,Callahan,F,1976-12-10,49,qyoder@example.org,+1 (206) 290-0885,463 Johnson Lane Apt. 196,Ajax,ON,B9T6T1,2026-03-11,Active
4014,Michelle,Harrell,M,1975-11-15,50,joseph99@example.com,1 (782) 530-2146,34786 Cook Villages,Guelph,ON,X7E4P6,2025-01-18,Active
4015,Gabrielle,Steele,F,1966-06-25,59,adkinsbrenda@example.net,(733) 514-0130 x504,74293 David Crossing Apt. 168,Kingston,ON,T9X 1B1,2025-10-18,Active
4016,Justin,Peters,M,1960-01-05,66,patrick50@example.net,(295) 675-9243,2119 Hamilton Unions,St. Catharines,ON,R6G1S9,2023-09-17,Active
4017,Elizabeth,Taylor,F,1978-12-02,47,travishunter@example.org,598-005-2265 x397,249 Martinez Plains Apt. 367,Whitby,ON,L6R 8T9,2022-02-01,Active
4018,Jeffery,Perez,M,1985-06-29,40,lrodriguez@example.net,877 322 8096,0890 Kirk Drive,Mississauga,ON,T2Y 2E6,2022-08-02,Active
4019,James,Henderson,M,1992-10-13,33,victoriaortega@example.com,1-372-492-6409,2877 Clark Squares Suite 398,London,ON,C6R 3J6,2023-12-08,Active
4020,Kathleen,Smith,M,2004-03-21,21,traviskelly@example.com,200.712.4210,44796 Howard Mount Apt. 358,Waterloo,ON,G2H3P9,2023-03-09,Active
4021,Sarah,Simmons,F,1972-02-16,53,adam22@example.org,(476) 431-3061 x075,353 Caitlyn Center Suite 653,Mississauga,ON,G6X7V5,2025-04-05,Active
4022,Laura,Gray,M,1963-02-09,62,melissaromero@example.net,1 (352) 298-7784,3318 Peterson Heights,Oshawa,ON,G1R 9B5,2023-07-04,Active
4023,Daniel,Wolfe,F,1974-02-28,51,timothymurphy@example.net,(729) 652-9423 x217,2254 Thomas Burgs Suite 785,Oakville,ON,H7N5N6,2025-07-24,Active
4024,Ronald,Simmons,M,2001-08-20,24,rhonda82@example.net,642-403-5004 x452,9458 May Bypass Suite 194,Guelph,ON,N3J3C8,2023-10-02,Active
4025,Sabrina,Castillo,M,1989-10-17,36,williamtorres@example.com,1 (875) 791-1815,502 Nash Track,Milton,ON,T8K5S8,2023-06-05,Active
4026,Erica,Bailey,F,1993-11-15,32,chelseashannon@example.net,(380) 898-4273 x000,996 Martin Divide Apt. 911,Cambridge,ON,J5V 1A5,2023-09-03,Active
4027,Susan,Diaz,F,1956-09-12,69,mgreene@example.net,(107) 071-7851 x414,71425 Wolfe Pines Suite 273,Oakville,ON,H5P8G4,2024-03-30,Active
4028,Michelle,Lewis,F,1976-12-15,49,marcus15@example.net,599.583.0637,56136 Chase Neck Suite 155,Cambridge,ON,A3L 3B4,2025-11-03,Active
4029,Karen,Calderon,M,1983-04-20,42,weberdebra@example.com,437-421-4730 x346,271 Katherine Field,Hamilton,ON,V4A8N2,2025-01-27,Active
4030,Devin,Taylor,F,1994-04-11,31,ross56@example.org,651-314-5677,032 Karen Via,Hamilton,ON,N7C3B6,2026-01-01,Active
4031,Brent,Ballard,M,1985-06-25,40,ryanvasquez@example.org,859-111-4254,960 Hector Creek Suite 209,Brampton,ON,R6J 2N8,2024-07-13,Active
4032,Michael,Gordon,M,1968-08-22,57,ofowler@example.com,812-779-9853,30143 Cody Flat Suite 007,Barrie,ON,K1N3V9,2023-08-09,Active
4033,Taylor,Williamson,F,2006-01-30,19,bowmancaroline@example.net,(667) 897-0907 x011,776 Brown Camp Suite 145,Windsor,ON,J7Y6A4,2025-11-01,Active
4034,David,Huffman,M,1983-04-07,42,stacey09@example.com,666 384 5316,230 Ashley Lock,Niagara Falls,ON,E1R8G9,2024-12-03,Active
4035,Jimmy,Long,M,1964-02-09,61,xhall@example.org,(241) 599-6863 x940,2753 Jenkins Corners Suite 508,Niagara Falls,ON,C8L 3X5,2022-07-13,Active
4036,Jennifer,Powell,M,1975-07-15,50,ibarrera@example.net,1-499-810-3396,50972 Price Estates,Ajax,ON,X1G8S2,2025-05-01,Active
4037,David,Williams,M,1977-03-05,48,hparker@example.org,(778) 626-3365 x656,92291 Murphy Mountains Suite 119,Guelph,ON,P5V 9H3,2025-12-05,Active
4038,Jose,Lyons,F,1988-05-23,37,samuellogan@example.net,653.381.3009,886 Howard Crest Apt. 722,Waterloo,ON,B2B 7A6,2022-01-17,Active
4039,April,Schmidt,M,1991-12-18,34,boydlaura@example.net,(528) 607-5064 x239,406 Brittany Lodge Apt. 965,Richmond Hill,ON,N9V7Y8,2024-07-15,Active
4040,Michelle,Noble,M,2001-07-31,24,deannagutierrez@example.net,667 187 2046,690 Christine Hills Apt. 630,Kingston,ON,S4N 9S6,2023-01-16,Active
4041,Christine,Graves,M,1979-01-05,47,brandonbautista@example.com,+1 (640) 877-1352,37320 Archer Tunnel,Barrie,ON,H7R 3H8,2026-01-30,Active
4042,Shannon,Trevino,F,1984-04-30,41,katherine47@example.org,715 522 3591,195 Levine Ranch Apt. 167,Peterborough,ON,H5M9Y6,2023-12-19,Active
4043,Courtney,Payne,M,1970-01-03,56,darrelltaylor@example.org,(447) 830-0733 x248,94417 Julie Avenue Apt. 356,Niagara Falls,ON,C1V 7K6,2021-08-30,Active
4044,Derek,Rodriguez,M,1975-04-08,50,robinnoble@example.net,(903) 328-3614,9265 Kristy Fields,Kingston,ON,M6G 3K4,2024-02-23,Active
4045,Brian,Greene,M,1988-09-13,37,williamsjohnny@example.net,1 (672) 363-4709,28872 Jackie Point Suite 298,Toronto,ON,L6H7R4,2022-09-14,Active
4046,David,Wilson,F,1968-06-02,57,nicholsmatthew@example.com,207-520-1690 x985,58158 Jensen Coves,Cambridge,ON,C7Y9J3,2026-06-12,Active
4047,Laurie,Willis,F,1957-01-04,69,mprice@example.com,1 (631) 632-1912,822 Ramirez Isle Suite 435,Cambridge,ON,S7X 8G7,2025-06-12,Active
4048,Anna,Frazier,M,2004-10-12,21,rebecca78@example.com,(162) 548-0831 x497,3882 Jeremy Drive,Markham,ON,V1B 2E3,2023-03-05,Active
4049,Janet,Carney,M,1966-12-07,59,linda88@example.org,+1 (700) 024-0071,28902 Rachel Motorway,Kingston,ON,B5H 2T7,2024-12-01,Active
4050,Nicholas,Carson,F,1993-03-03,32,kimberly46@example.net,144-808-5118,586 Mccoy Court Suite 971,Vaughan,ON,C3K8V8,2021-11-12,Active
4051,Chad,Henderson,M,1970-07-17,55,robertrodgers@example.org,(856) 724-4312,04804 Spencer Via,Kingston,ON,T3G8M8,2023-04-06,Active
4052,Dean,Ward,M,1985-08-12,40,carterkenneth@example.net,(675) 214-7218 x021,7251 Curtis Valleys,Kitchener,ON,E7K 6X1,2025-08-12,Active
4053,Kelly,Francis,F,1967-02-17,58,tiffanyhall@example.net,(599) 660-4933,8591 Christine Tunnel,Vaughan,ON,A3Y1M7,2022-01-01,Active
4054,Jennifer,Oconnor,M,2001-01-04,25,kimberlymedina@example.net,404-970-0400,5654 Nicholas Crossing,Kingston,ON,L2A6S6,2023-11-07,Active
4055,Angela,Jones,M,1975-01-10,51,hmiller@example.com,919 810 3906,2452 Ortiz Key Suite 465,Burlington,ON,C1L 8A5,2024-05-13,Active
4056,Aaron,Marquez,F,1966-02-11,59,ellen61@example.org,1 (332) 765-4963,351 Vanessa Plain Apt. 632,Whitby,ON,G6C3Y4,2026-03-13,Active
4057,Jamie,Sullivan,F,1957-06-22,68,omarclarke@example.net,(820) 730-5397 x762,0380 Robinson Groves,Brampton,ON,M2J 8G4,2023-04-02,Active
4058,Alicia,Wilson,M,1960-01-22,65,larrywilson@example.org,+1 (439) 482-8007,848 Hall Parkway,Oshawa,ON,X6Y 9T8,2024-08-23,Active
4059,Michael,Mueller,F,1992-10-21,33,smithtodd@example.net,800 371 7537,961 Oneill Ridge Apt. 043,Waterloo,ON,S3G2L8,2023-11-09,Active
4060,Gordon,Hudson,M,1988-05-02,37,dylan59@example.com,1-854-993-6457,8741 Shields Causeway Suite 973,Brampton,ON,X7T 8R2,2021-12-18,Active
4061,Lauren,Hendricks,M,1973-10-26,52,taylor28@example.org,1 (959) 283-6944,90080 Turner Fork Apt. 622,Kitchener,ON,P9R 1V3,2024-02-23,Active
4062,Anthony,Terry,F,1990-02-09,35,nanderson@example.com,1 (897) 386-8330,9450 Shawn Forks,Peterborough,ON,M5G 1V5,2021-10-16,Active
4063,Michael,Smith,M,1958-07-12,67,lshelton@example.com,1-781-716-7321,323 Mary Mountain Apt. 810,Barrie,ON,N8V 2T9,2025-01-25,Active
4064,Michael,Carey,F,2000-09-24,25,brian36@example.com,1 (259) 429-9578,87462 Brock Avenue,Hamilton,ON,M3G 2A7,2024-12-26,Active
4065,Glenn,Collins,F,2002-06-12,23,westrachel@example.net,(997) 948-9791,2674 Hanson Stream Suite 915,Milton,ON,K7H 3X3,2024-11-24,Active
4066,Elizabeth,Patrick,F,1972-10-06,53,westjared@example.net,(395) 774-0271 x927,105 Kline Place,Burlington,ON,J1Y9Y6,2025-08-08,Active
4067,Jon,Becker,M,1961-08-11,64,jasoncastaneda@example.net,251-112-1695,58424 Marcus Crossing,Richmond Hill,ON,H7N6S5,2025-03-16,Active
4068,Kimberly,Patton,M,1983-03-13,42,zgeorge@example.com,+1 (626) 279-3392,67767 Joel Burg Suite 109,Sudbury,ON,X2S8X6,2025-07-24,Active
4069,Michelle,Martinez,M,1978-11-07,47,william00@example.org,828 082 0457,322 Christopher Lights Suite 884,Sudbury,ON,P8V 4G5,2026-05-21,Active
4070,Derek,Hays,F,1994-09-26,31,nathan00@example.org,1 (868) 913-8080,567 Bobby Fords,Milton,ON,T8X1X2,2025-11-14,Active
4071,Brent,Thomas,F,1974-04-18,51,nicole04@example.com,226 993 3418,022 Turner Harbors,Peterborough,ON,S7X4R3,2023-02-16,Active
4072,Michael,Hines,F,1990-08-23,35,luis68@example.net,1-925-993-0690,345 Howard Creek,Oshawa,ON,V9L 9Y3,2025-06-30,Active
4073,Kurt,Ramirez,F,1988-08-31,37,xsnyder@example.org,768-673-2077 x423,37841 Robinson Camp Suite 669,Brampton,ON,V4S 9N3,2022-05-26,Active
4074,Emma,Lyons,M,1972-08-23,53,emily85@example.net,1 (721) 864-6440,282 John Bypass,Sudbury,ON,H4M 3L1,2024-03-01,Active
4075,Ian,Garcia,F,1976-04-12,49,richard94@example.com,107 138 0123,4470 Nicole Mountains Apt. 391,Guelph,ON,M7M 8H4,2024-12-27,Active
4076,Patricia,Wright,M,1982-04-12,43,higginsbrenda@example.net,+1 (391) 916-1253,1238 Holloway Causeway Apt. 390,Brampton,ON,Y9V 8J6,2022-03-28,Active
4077,Carolyn,Craig,F,1968-04-18,57,wmills@example.com,535.580.1280,70646 Sanchez Alley,Ajax,ON,C4S 1A3,2023-01-01,Active
4078,Donna,Thompson,M,1979-11-08,46,turneralexis@example.net,540.650.0177,73278 John Divide Suite 979,Cambridge,ON,J4K7A9,2022-07-20,Active
4079,Michelle,Bell,M,1974-01-28,51,jose10@example.com,1-282-469-7418,106 Susan Mill Suite 103,Vaughan,ON,K5P 8K3,2023-04-21,Active
4080,Carlos,King,M,1965-05-14,60,qevans@example.net,547.248.7777,2393 Lopez Turnpike,Milton,ON,V6X8Y5,2026-05-08,Active
4081,Monica,Shaw,F,2007-07-21,18,glucas@example.net,(670) 910-0495,13126 Brandi Lodge Apt. 624,Barrie,ON,A1K 2V3,2023-11-27,Active
4082,Scott,Reed,M,1964-07-26,61,jenniferbarrett@example.net,1-172-763-1737,578 Martin Cape Suite 879,Guelph,ON,K5P 6A1,2026-06-02,Active
4083,Michael,Decker,F,1976-10-11,49,smithstephen@example.net,109.385.3214,6497 Stone Knolls Apt. 602,Milton,ON,R9T7M6,2025-09-27,Active
4084,Nicole,Watts,M,1988-10-01,37,brandon96@example.org,414-102-0387 x459,503 Frederick Tunnel,London,ON,C6C4R9,2026-06-12,Active
4085,John,Nelson,F,1975-01-23,50,lwilliams@example.com,100 773 0834,845 Rita Motorway Apt. 285,Richmond Hill,ON,S5C 1L6,2025-12-09,Active
4086,Michael,Gardner,F,1965-12-15,60,kgreene@example.net,1-728-820-3412,58253 Yang Camp Suite 779,Waterloo,ON,H8E 5X7,2021-10-12,Active
4087,Richard,Walker,M,2006-08-18,19,moorerebecca@example.org,(344) 924-8634 x953,05887 George Mountains Suite 839,Barrie,ON,L3L5X9,2023-07-21,Active
4088,Arthur,Gonzales,M,1980-12-11,45,jjohnson@example.org,970 198 4328,4810 Ricardo Inlet Suite 602,Whitby,ON,K9G9J6,2022-03-07,Active
4089,Peter,Clay,M,1992-02-06,33,michaelriddle@example.com,259 828 7924,74683 John Pine,Mississauga,ON,A2J6X6,2025-07-30,Active
4090,Manuel,Kennedy,F,1987-04-26,38,ryates@example.net,856-021-5578,61604 John Trafficway Suite 550,Ajax,ON,K7Y 5E3,2025-03-27,Active
4091,Bobby,Haynes,M,2002-06-14,23,mayscurtis@example.com,+1 (269) 548-4025,82371 Joshua Valleys,Guelph,ON,S3M 4X5,2024-12-01,Active
4092,Scott,Gonzalez,F,1978-08-31,47,hshaw@example.org,790 159 3860,1269 Garner Glen Apt. 391,Cambridge,ON,S2A 7X5,2025-07-08,Active
4093,David,Conley,F,1985-02-08,40,kyle29@example.com,815.443.9448,350 Pierce Turnpike Suite 591,Sudbury,ON,N6E7V1,2022-11-28,Active
4094,Lee,Wright,M,1994-08-13,31,elopez@example.net,1-233-461-0793,54295 Kelsey Avenue Apt. 999,Niagara Falls,ON,X6L3S5,2022-05-04,Active
4095,Chris,Hill,M,1985-09-13,40,paulatyler@example.org,+1 (422) 937-0421,2319 Cindy Lake,St. Catharines,ON,H2T5H9,2022-01-30,Active
4096,John,Hill,F,2002-03-07,23,marthajohnson@example.net,(226) 392-4952 x601,10230 Benjamin Vista Suite 349,Hamilton,ON,C6L8N6,2021-12-23,Active
4097,Carrie,Williams,M,1983-09-10,42,blakelaura@example.net,1-314-401-7326,03935 Bowman Cape,Windsor,ON,A2C 4X7,2024-09-19,Active
4098,Jillian,Williams,M,2006-08-24,19,lambertsteven@example.net,1-380-870-7989,76890 Jonathan Vista,Peterborough,ON,A7K 7H4,2026-07-26,Active
4099,Daniel,Santiago,F,1967-07-05,58,sstanley@example.com,985-520-7729 x716,07506 Spears Grove Suite 966,Brampton,ON,M5R 1T7,2025-01-30,Active
4100,Ricky,Sparks,F,1958-03-17,67,williamjacobs@example.org,646-817-9414 x919,7154 Rivas Circle,Oakville,ON,C8P 4P9,2023-04-23,Active
4101,Michael,Kennedy,F,1991-09-05,34,juliemarshall@example.org,(783) 227-7217 x897,9644 Cook Green Apt. 870,Kingston,ON,Y4C 2J8,2025-10-20,Active
4102,Harold,Sexton,F,1978-10-03,47,thomas03@example.net,698-849-3796 x967,15351 Michael Hollow Suite 768,St. Catharines,ON,V7H 5B7,2026-08-04,Active
4103,Rebekah,Schultz,F,1994-07-19,31,schwartzjanice@example.com,1 (395) 307-9535,0973 Brown Springs Apt. 132,Markham,ON,C5K 5S1,2025-03-09,Active
4104,Tina,Ashley,M,1988-07-11,37,jenniferowens@example.org,348 592 3940,9847 Emily Turnpike,Kingston,ON,E2S 8Y9,2023-08-24,Active
4105,William,Gonzalez,M,1973-09-27,52,gcastro@example.com,(532) 565-7962 x845,5954 Washington Key Suite 086,Kitchener,ON,S1E 5M5,2024-04-18,Active
4106,Aaron,Hood,F,1973-06-23,52,stewartjonathan@example.org,(208) 923-3197,1086 James Creek,Brampton,ON,V3L9X1,2026-07-28,Active
4107,Gabriella,Morgan,M,1990-01-06,36,dawn71@example.com,147.426.5608,193 Martin Loop,Richmond Hill,ON,Y7C8K7,2021-09-30,Active
4108,Kevin,Parks,M,1993-10-08,32,fsmith@example.org,827.777.2963,2996 White Walk,Guelph,ON,J9N5E1,2025-04-23,Active
4109,David,Butler,F,1998-02-11,27,jonessamantha@example.net,1-160-576-3574,2688 Cox Radial,Toronto,ON,E5H4J1,2022-01-29,Active
4110,Joshua,Huffman,M,1964-07-08,61,uhamilton@example.net,(770) 430-4151,8629 Walters Route,Hamilton,ON,E7B 7T4,2022-09-04,Active
4111,Christopher,Jones,F,1959-11-21,66,kyle14@example.com,+1 (117) 221-9681,893 Reynolds Hill,Windsor,ON,T1K1S2,2025-08-22,Active
4112,Gregory,Fischer,F,1965-07-19,60,cheryljohnston@example.org,(475) 716-0312,81398 Francis Port Suite 994,Cambridge,ON,K5X 9H9,2022-08-16,Active
4113,Shane,Jackson,F,2006-02-08,19,amy61@example.net,1-900-679-6158,43998 Amanda Pike,Richmond Hill,ON,C3L8T7,2022-11-02,Active
4114,Catherine,Nguyen,F,1992-09-26,33,troyday@example.net,+1 (554) 799-4262,16879 Barry Spurs,Barrie,ON,L3N6N8,2024-11-28,Active
4115,Matthew,Alexander,F,2005-03-11,20,jasononeill@example.org,1-429-420-4085,613 Peters Mission Apt. 542,Oakville,ON,M7G 3T9,2022-03-27,Active
4116,Patricia,Klein,M,1975-02-15,50,james65@example.org,253.179.0194,883 Antonio Throughway Suite 623,Barrie,ON,E5B 6V3,2024-12-31,Active
4117,Michael,Graham,M,2008-05-06,17,stephaniemcdonald@example.com,(878) 559-3329 x262,655 John Motorway,London,ON,R1V3P5,2021-12-18,Active
4118,Christopher,Herring,M,1973-08-17,52,guerrarobert@example.org,253-265-7459,454 Tina Ferry Apt. 432,Toronto,ON,V3V 7L6,2024-12-28,Active
4119,Jill,Stone,M,1975-10-23,50,angela68@example.org,(745) 084-5733,6996 James Spurs Suite 952,Hamilton,ON,V1G 2S6,2024-01-03,Active
4120,Betty,Smith,M,1968-09-05,57,katherinehill@example.org,451.201.6461,7715 Richard Cape Suite 415,Oakville,ON,P6M3V6,2025-09-01,Active
4121,Charles,Trevino,M,1989-12-30,36,gbarr@example.net,112-252-4136,456 Stephen Lodge,Toronto,ON,B4B5S1,2023-03-09,Active
4122,Brenda,Kennedy,M,2001-11-10,24,clarkerobert@example.org,1 (407) 960-9367,33642 Robles Landing,Milton,ON,J6Y 9K1,2023-08-23,Active
4123,Darlene,Young,M,1958-09-21,67,jamesfletcher@example.com,1-677-840-3175,369 Cody Ridges,Vaughan,ON,A5N4A5,2023-03-11,Active
4124,Nancy,Villanueva,M,1997-02-20,28,martinjonathan@example.net,1-534-571-6850,940 Mckinney Summit,Guelph,ON,M8M 4P6,2024-02-05,Active
4125,Sergio,Smith,F,1972-05-06,53,yperez@example.net,+1 (542) 594-5489,503 Long Port Suite 171,Brampton,ON,K8K7S8,2022-12-22,Active
4126,Douglas,Rivera,F,2005-03-02,20,jeffrey35@example.com,245-397-6864 x892,141 Mark Stream,St. Catharines,ON,R1N 2T7,2021-09-26,Active
4127,Corey,Torres,F,1978-04-01,47,gcarr@example.org,291-580-9358 x538,27792 Melissa Mountain Suite 598,London,ON,A9Y 9M8,2024-11-23,Active
4128,Walter,Smith,M,1986-10-03,39,lauren89@example.com,(374) 641-6916,5436 Phillip Gateway Suite 198,Guelph,ON,T3P 1P7,2024-05-23,Active
4129,Luis,Cruz,M,1966-09-16,59,cervantestony@example.com,655 922 3973,711 Janet Vista,Hamilton,ON,R9P8S1,2023-01-12,Active
4130,Peter,Hunt,F,1969-05-07,56,beasleyedward@example.net,(920) 576-0079 x500,66832 David Avenue Apt. 878,London,ON,A7V 4L7,2025-08-31,Active
4131,Joseph,Mendez,F,1964-11-09,61,ricejoshua@example.org,1 (276) 323-0943,6214 Brady Harbor Apt. 244,Milton,ON,H7R3L6,2024-08-25,Active
4132,Jamie,Chavez,F,2003-01-06,23,stanley27@example.net,+1 (653) 785-1195,23022 Morgan Lock Apt. 298,Toronto,ON,N2J3A7,2025-09-25,Active
4133,Joe,Reyes,M,1975-04-15,50,williamsmichael@example.org,(478) 601-4742,49918 Jason Points Apt. 102,Niagara Falls,ON,P6M 5V3,2024-11-22,Active
4134,Laura,Bell,F,2000-06-23,25,ballardkathryn@example.com,(900) 856-6556,07781 Richardson Alley Suite 136,Kitchener,ON,B2K 2Y6,2022-02-10,Active
4135,Ashley,Fowler,F,2002-12-13,23,jasonharding@example.net,797-242-8179,7004 Moon Hollow Apt. 618,Niagara Falls,ON,Y4P1P1,2022-04-24,Active
4136,Olivia,Duke,F,1993-11-09,32,vgray@example.com,+1 (693) 653-4594,3624 Rebecca Locks,Mississauga,ON,N7S6B1,2022-11-11,Active
4137,Jordan,Williams,M,1990-11-10,35,mikaylacummings@example.com,326.956.1428,8853 Catherine Center Apt. 861,Toronto,ON,P7M 3B6,2023-08-14,Active
4138,Michelle,Moore,F,1970-12-16,55,gregory16@example.org,(197) 902-3476 x709,191 Bishop Inlet,Vaughan,ON,H2A 6R8,2021-08-19,Active
4139,Ronald,Washington,F,1999-10-03,26,jonathonbarrett@example.org,+1 (238) 293-4797,104 Matthew Shoal Suite 883,Guelph,ON,B7M7H6,2026-05-24,Active
4140,Loretta,Lin,F,1994-11-26,31,jasonallen@example.com,969-153-8423,69851 Ferguson Viaduct Suite 571,Burlington,ON,K4P 7M4,2023-04-21,Active
4141,Mark,Mcdonald,F,1995-07-30,30,qperez@example.com,678-999-6344,34248 Ashley Club Apt. 322,Mississauga,ON,P9J5N7,2026-01-21,Active
4142,Sue,Michael,F,1991-01-11,34,ronald72@example.com,591-247-5134,830 Keith Union,Peterborough,ON,T9G 2J6,2025-10-23,Active
4143,David,Rivera,F,1981-11-05,44,rachel56@example.org,537-899-6421 x605,360 Tammy Roads,Ajax,ON,H1V 2R9,2023-08-20,Active
4144,Jennifer,Taylor,M,1963-09-27,62,nwheeler@example.com,(394) 660-1095 x317,98890 Fuller Ramp Apt. 033,Waterloo,ON,H9G9A9,2021-09-11,Active
4145,Travis,Diaz,M,1965-11-15,60,greenandrew@example.com,213-674-3386 x759,63499 Kevin Rue,Ajax,ON,R6Y 8J2,2024-11-02,Active
4146,Tyler,Young,F,1958-11-22,67,mmiller@example.net,965-812-1307 x197,705 Terri Locks,Guelph,ON,H2G2C8,2022-05-12,Active
4147,Wendy,Ibarra,M,1983-07-03,42,vbarton@example.com,1 (790) 414-7146,3441 Andrew Ways,Whitby,ON,Y3X 9S5,2026-04-10,Active
4148,John,House,F,1957-03-18,68,jonespaula@example.net,1 (682) 023-8175,9157 Nelson Branch,Oshawa,ON,H2R8E8,2026-03-08,Active
4149,Nicholas,Middleton,M,1977-03-14,48,mary97@example.com,1-614-648-9951,166 Briana Road Apt. 565,Milton,ON,T2P5R7,2024-12-02,Active
4150,Sharon,Butler,F,1988-05-08,37,parkerlaurie@example.net,185-188-2700,1212 Cabrera Union,Milton,ON,S1Y 6T2,2022-01-21,Active
4151,Derek,Warren,F,1976-03-13,49,inewman@example.org,1 (219) 002-0491,771 Erin Ridge Suite 849,Cambridge,ON,H3J 1C2,2021-10-11,Active
4152,Cynthia,Porter,M,1997-01-24,28,ipayne@example.org,(809) 712-1639,891 Martinez Forest Suite 418,Toronto,ON,N5P 7J4,2022-07-19,Active
4153,Jesse,Everett,M,1959-04-20,66,johnperry@example.com,(378) 477-2590 x890,70808 Jessica Square,Barrie,ON,R2A6E1,2026-05-19,Active
4154,Robert,Martinez,F,1961-06-27,64,samuelhunt@example.org,221.144.3042,35443 Barrera Gateway,Milton,ON,S3G 9P7,2023-11-13,Active
4155,Kenneth,Thornton,M,1957-10-20,68,dawnortiz@example.org,(496) 633-5635,8134 Michael Track Suite 146,Cambridge,ON,P2H3T9,2023-08-13,Active
4156,Eduardo,Santiago,M,2004-08-01,21,meghan41@example.org,(957) 309-0635,55506 Garcia Ports,Ajax,ON,H2B 7C1,2024-05-29,Active
4157,Kimberly,Lee,F,1972-02-25,53,fclark@example.org,105-113-2634 x597,44949 White Field Suite 971,Niagara Falls,ON,H8V6T6,2021-12-10,Active
4158,Christopher,Barr,F,1987-08-16,38,alexispage@example.net,(553) 721-5180 x986,904 David Greens Apt. 199,Markham,ON,Y8L 9S1,2025-06-13,Active
4159,Diane,Gaines,F,1962-01-13,64,thomasjason@example.org,1-402-494-0091,254 Cole Summit,London,ON,A8J 9H1,2022-09-24,Active
4160,Carrie,Simpson,F,1980-11-13,45,alice56@example.org,(341) 983-5131,08434 Steve Roads,Burlington,ON,M8V2P5,2023-06-23,Active
4161,Gary,Flynn,F,1984-07-23,41,jennifer18@example.org,428-242-3502,772 Kelly Crescent,Guelph,ON,R7J 6T9,2026-05-27,Active
4162,Sarah,Cummings,M,1999-01-23,26,brian69@example.net,1-835-795-3624,580 Carrie Inlet Suite 757,Milton,ON,P9B1C9,2026-06-22,Active
4163,Anna,Owens,M,1981-04-19,44,alice58@example.com,528.409.8194,7222 Quinn Points Apt. 013,Markham,ON,N3A 8K6,2022-08-01,Active
4164,Julie,Brown,M,2006-08-09,19,anthonyjones@example.com,696-584-5645,38073 Smith Heights,Barrie,ON,H9V6L6,2023-09-04,Active
4165,Robert,Cordova,F,1976-07-06,49,haroldwebster@example.com,188-446-9673 x082,130 Pennington Spur,Richmond Hill,ON,M3G 3V4,2025-10-26,Active
4166,Mark,Barnes,M,1974-08-05,51,richard05@example.org,384-537-6553,3751 Hill Flat Apt. 373,London,ON,G1Y 1X4,2022-09-24,Active
4167,Emily,Barber,M,1964-12-07,61,connorhawkins@example.org,380-435-1695,7898 Benjamin Pass,Kitchener,ON,B3K4H9,2026-04-19,Active
4168,Richard,Andrews,F,1969-02-25,56,nathan31@example.com,549.766.9030,22636 Melissa Port,Markham,ON,R9T5J9,2025-04-19,Active
4169,David,Sanchez,F,1977-08-22,48,tthomas@example.org,(626) 111-3278,91236 Tracy Pines Suite 682,Hamilton,ON,K9L7P3,2024-08-27,Active
4170,Jeffrey,Jones,F,1975-04-29,50,arnoldvicki@example.org,577.885.4105,61009 Christopher Park Suite 278,Milton,ON,B6L 8A5,2026-03-05,Active
4171,Whitney,Patton,M,1972-01-02,54,deanadrian@example.net,(820) 517-6292,44880 Patrick Greens,Waterloo,ON,X3X4B7,2024-11-25,Active
4172,Kim,Mccarthy,M,1989-08-03,36,farnold@example.com,560-273-1991 x644,44203 Clements Brooks Apt. 193,Whitby,ON,E3T 4L8,2021-08-26,Active
4173,Jessica,Smith,F,1971-08-31,54,andrewfowler@example.com,1-787-034-0621,291 Jasmine Cliff,Toronto,ON,G9B 7Y9,2024-02-02,Active
4174,Cynthia,York,F,1987-05-08,38,jamiebates@example.net,271-819-1685,30374 White Orchard,Oshawa,ON,X9Y 8S4,2024-04-24,Active
4175,Erin,Black,M,1993-08-18,32,edgarbaker@example.com,377-684-3980 x294,37495 Ortiz Parkway,Richmond Hill,ON,S8A1R1,2025-11-29,Active
4176,Jennifer,Robinson,M,1961-12-25,64,coreyjimenez@example.com,(950) 786-3296 x463,027 Martin Springs,Windsor,ON,M6K 1S4,2023-06-04,Active
4177,Antonio,Miller,F,1967-05-07,58,normanvanessa@example.org,(833) 909-3324 x050,55488 Christine Center Apt. 712,Brampton,ON,K1V 4B5,2022-04-06,Active
4178,Garrett,Carpenter,M,2007-06-16,18,roberthester@example.net,354-836-4177 x334,01368 Joshua Club,Guelph,ON,L8V1H4,2022-07-03,Active
4179,Jaime,Collins,M,1983-04-20,42,kim21@example.net,127.258.9698,687 Lewis Overpass Suite 531,Markham,ON,M7G2P3,2026-02-11,Active
4180,Ryan,Williams,M,1991-02-20,34,uhenderson@example.org,(973) 140-8040,5420 Jessica Street Apt. 908,Hamilton,ON,S5X3H8,2025-10-12,Active
4181,Tina,Robbins,F,1968-07-26,57,erikobrien@example.net,(218) 861-1913,485 Hudson Inlet,Milton,ON,B2G6T5,2024-05-21,Active
4182,Virginia,Maldonado,F,1988-03-07,37,lovedenise@example.com,751.923.1443,63173 Samuel Hill Suite 971,Kingston,ON,P9S8H7,2025-03-23,Active
4183,Robert,Lee,M,1979-04-13,46,william44@example.com,1 (107) 515-1536,41840 Morales Island,St. Catharines,ON,M6N2A9,2024-07-28,Active
4184,Lisa,Salazar,F,2003-08-05,22,sancheztravis@example.com,1 (323) 039-0680,490 Williams Hill Suite 506,St. Catharines,ON,R2E1X2,2023-07-18,Active
4185,Jeff,Campos,M,1965-12-01,60,bobbywhite@example.com,1 (331) 658-1532,153 Michael Squares,London,ON,K2N5Y6,2022-04-26,Active
4186,Devin,Foster,M,1996-09-06,29,donna23@example.com,(210) 808-9097,0411 Martin Junction,Oakville,ON,N3B 1E2,2025-10-03,Active
4187,Amanda,Young,F,1962-10-01,63,ahughes@example.net,270-039-7855,9512 Amber Walk,Cambridge,ON,E5E 6G7,2023-03-31,Active
4188,Jacqueline,Gardner,M,1956-11-12,69,lopezkatherine@example.net,306-887-4951,43776 Brett Mountains Suite 594,St. Catharines,ON,M8T 5M2,2024-05-23,Active
4189,Olivia,Serrano,M,1978-01-21,47,wrightteresa@example.com,911-846-5031 x861,66646 Garrett Manors,Hamilton,ON,N6P8V8,2026-07-19,Active
4190,Brenda,Vance,M,2003-08-17,22,thomasmaria@example.net,540-570-3259,599 Amanda Club,Whitby,ON,A1L 8B8,2025-02-04,Active
4191,James,Bailey,M,2002-11-30,23,heatherross@example.net,(339) 631-5140 x554,9337 Alejandro Landing Apt. 963,Ajax,ON,X7Y 3B4,2023-04-13,Active
4192,Joel,Ashley,M,2001-09-11,24,vincent72@example.net,1 (400) 662-9945,644 Lawrence Island,Windsor,ON,H4J 3V8,2026-05-30,Active
4193,Melissa,Miller,F,1997-12-21,28,wagnerjesus@example.com,817.940.9772,3756 Monica Lakes,Kitchener,ON,C6J 3H8,2024-07-29,Active
4194,Andrea,Reyes,F,2004-10-17,21,colinwinters@example.org,1 (511) 474-8268,9855 Thomas Crossroad Apt. 968,Windsor,ON,K9A 4K2,2025-09-10,Active
4195,Amy,Perez,F,1976-06-14,49,kimberlyfrancis@example.org,347-091-7511,5658 Frederick Brooks Suite 533,Oakville,ON,C3G2G8,2022-03-25,Active
4196,Jessica,Collins,F,1973-12-08,52,mandy31@example.org,936.297.9157,028 Eric Hollow Suite 379,St. Catharines,ON,Y3E8L8,2025-02-26,Active
4197,Melissa,Gonzalez,M,2007-10-19,18,lucas61@example.com,1 (406) 799-0067,92603 Smith Manor,Burlington,ON,N2N 3T5,2023-11-04,Active
4198,Jessica,Bass,F,1982-09-02,43,gclark@example.net,+1 (920) 863-9025,1871 Carpenter Neck,London,ON,T6G3T1,2023-12-06,Active
4199,Hayley,Jimenez,M,1997-07-19,28,jpowell@example.net,1 (192) 453-4133,2687 Washington Meadow Apt. 684,Kingston,ON,E6M5Y2,2022-08-08,Active
4200,Michael,Tran,M,1989-10-30,36,deleonkaitlyn@example.net,1 (911) 226-4801,62433 Melissa Square,Hamilton,ON,H6Y7H5,2026-03-09,Active
4201,John,Moore,F,1961-10-04,64,robertford@example.net,1-192-349-4826,2564 Meadows Inlet,Cambridge,ON,V6T 1V3,2022-06-30,Active
4202,Melissa,Leonard,M,1970-05-21,55,adamhurst@example.com,(887) 956-5297,0511 Charles Inlet Suite 621,St. Catharines,ON,J8L 8J6,2021-08-27,Active
4203,Edward,Aguilar,F,1969-12-28,56,beckyhorne@example.org,1 (121) 970-5304,3594 Velez Station,Waterloo,ON,G8P 2C4,2025-06-30,Active
4204,Michael,Marshall,F,1984-03-28,41,jramirez@example.com,367-548-2856 x026,6014 Ryan Rapids Suite 862,Kingston,ON,P3A2S6,2021-10-09,Active
4205,Benjamin,Ward,M,2004-12-18,21,daviskyle@example.com,699.294.8242,497 Mora Islands Apt. 824,Ajax,ON,S3A4V2,2026-04-01,Active
4206,Tim,Liu,F,1999-03-17,26,julieconner@example.net,+1 (360) 260-2948,14781 Paula Expressway Apt. 320,Brampton,ON,V8A 2N7,2022-07-20,Active
4207,Charlotte,Moreno,F,1973-03-24,52,msanders@example.net,1 (427) 040-5239,653 Frederick Inlet,Sudbury,ON,L7P4N5,2026-07-04,Active
4208,Michaela,Ortiz,M,1960-06-03,65,derrickcollier@example.net,431-280-0085,046 Elizabeth Shoals,Sudbury,ON,R8H8C5,2022-07-27,Active
4209,Carolyn,Russell,F,1978-03-13,47,kellyhernandez@example.net,620 175 9847,84625 Craig Club,London,ON,B3C4M5,2022-10-14,Active
4210,Javier,Brown,M,1993-11-01,32,josephadams@example.com,(267) 762-5288,10378 Collins Inlet Apt. 997,Waterloo,ON,L6J 5X1,2023-08-11,Active
4211,Catherine,White,F,1994-11-10,31,rebecca06@example.org,1 (719) 584-7666,4413 Lauren Ways Apt. 856,Guelph,ON,M5N 8L8,2024-04-02,Active
4212,Jeremy,Juarez,F,2008-04-14,17,christopher35@example.com,+1 (473) 637-3999,595 Pena Villages Suite 032,Guelph,ON,M1M 5K4,2022-08-21,Active
4213,Jessica,Clarke,F,1973-05-03,52,lperkins@example.org,125-822-1527,81558 Barnes Hills,Ajax,ON,C5M 1V5,2025-04-08,Active
4214,Lori,Wilson,F,1965-01-10,61,josephstanton@example.org,(650) 510-3813 x368,18429 Leonard Springs,Toronto,ON,Y7E 5E3,2023-07-03,Active
4215,Derek,Brown,M,1997-06-02,28,fday@example.com,(597) 083-6960 x426,0898 Collins Lodge Apt. 774,London,ON,P7M 2A4,2024-05-05,Active
4216,Jessica,Brown,M,1967-02-07,58,lisaallen@example.org,387-900-9106 x028,140 Stephanie Light Suite 891,Oakville,ON,X6N4P8,2024-01-13,Active
4217,Jessica,Nguyen,F,1972-04-01,53,christophersmith@example.org,190 791 3945,6318 Shelley Village,Brampton,ON,M8S 4E5,2024-08-06,Active
4218,Joseph,Valdez,F,1992-12-18,33,richardskenneth@example.com,829-973-6926,937 Danny Curve Apt. 185,Kingston,ON,J5P 6A3,2024-03-23,Active
4219,Michael,Arnold,M,1975-07-14,50,munozscott@example.org,(764) 190-2103 x253,2512 Erik Heights Suite 876,St. Catharines,ON,V8L9C2,2025-12-21,Active
4220,Amanda,Dudley,M,1990-12-12,35,ccooper@example.com,+1 (520) 897-5986,1208 Lang Path Apt. 209,Guelph,ON,J8R5A4,2024-03-15,Active
4221,Daniel,Calhoun,M,1977-03-05,48,nathanielwilliams@example.org,945-819-0329 x740,672 Taylor Divide Apt. 598,Peterborough,ON,E9R 5N6,2023-07-06,Active
4222,Eric,Aguirre,M,2006-03-17,19,sheilathomas@example.org,(491) 458-8684 x239,20741 Toni Lodge,Richmond Hill,ON,B3C2K6,2024-03-31,Active
4223,Stephanie,Torres,M,1962-01-02,64,aclark@example.org,(902) 532-1671,3294 Gutierrez Plain Suite 813,Niagara Falls,ON,T9A 2M1,2025-06-21,Active
4224,Sandra,Golden,F,1975-10-10,50,carrie15@example.org,+1 (888) 878-2126,6379 Reid Streets,Vaughan,ON,X1Y 7G5,2021-08-10,Active
4225,Dakota,Allen,F,1966-02-04,59,pfrank@example.org,170-780-6767,470 Caroline Bypass,Guelph,ON,K2A4N5,2022-08-10,Active
4226,Troy,Bridges,F,2006-01-07,19,hjensen@example.net,(433) 463-3061,42709 Jill Parks,Richmond Hill,ON,L5X2P3,2022-09-23,Active
4227,William,Ware,F,1984-12-01,41,daniel38@example.com,(468) 881-4101 x506,426 Ochoa Viaduct,Burlington,ON,P7T5X5,2024-12-13,Active
4228,Christopher,Ellis,M,1975-03-15,50,ethompson@example.org,899-747-8955,3703 Renee Motorway,Sudbury,ON,R5P3S4,2025-07-29,Active
4229,Shelly,Nelson,M,1983-10-08,42,hector46@example.org,378-424-9093,8797 Felicia Plaza Apt. 549,Oshawa,ON,Y3M6J4,2026-02-10,Active
4230,Earl,Daniel,F,1992-02-16,33,youngamanda@example.net,+1 (101) 499-6375,87136 Frazier Corners Suite 290,Oakville,ON,N1G 6V3,2023-01-03,Active
4231,Gabriela,Huff,M,1991-03-16,34,tiffanymiller@example.com,1 (124) 425-0910,967 Christopher Crest Apt. 649,Cambridge,ON,J1R1R2,2022-12-02,Active
4232,Kayla,Harrington,F,1983-05-15,42,ustanton@example.com,860-736-0956,69399 Lisa Neck,Whitby,ON,X6B 6E5,2022-11-07,Active
4233,Alyssa,Joyce,F,2003-05-20,22,lanebrianna@example.org,(109) 491-5389 x918,16229 Alyssa Fort,Oakville,ON,H4B 1A4,2026-04-12,Active
4234,Ronald,Lee,F,1984-10-11,41,jessicabyrd@example.com,(993) 124-1148,13864 Theresa River,Vaughan,ON,X2K 5J9,2025-08-03,Active
4235,Kristen,Morris,M,1973-10-20,52,spencerelizabeth@example.org,(370) 888-8699,75053 Jennifer Circle,St. Catharines,ON,J3G9S7,2025-09-08,Active
4236,Heather,Munoz,M,1977-11-24,48,tina80@example.net,(154) 726-6245 x678,11691 Ortiz Valley,Barrie,ON,C6A9V9,2025-06-30,Active
4237,Lisa,Baldwin,F,2002-07-08,23,lisamarshall@example.net,(822) 020-0378,138 Madden Extension Apt. 736,Mississauga,ON,P5C4E9,2023-09-03,Active
4238,Sara,Bailey,M,1978-12-06,47,john55@example.org,706 204 7726,8640 Daniels Keys,Peterborough,ON,T8C6P8,2024-05-24,Active
4239,Michael,Wilson,F,1989-04-16,36,tchase@example.org,+1 (401) 936-3522,55138 Taylor Mall Suite 645,Ajax,ON,K5N6Y4,2025-07-15,Active
4240,Christopher,Jones,M,1956-10-07,69,glewis@example.com,994-770-7683 x666,5192 Ivan Circles Suite 748,Kitchener,ON,Y9R 4G6,2024-04-24,Active
4241,Connor,Frye,F,1985-10-19,40,kthomas@example.org,1-485-171-1874,442 Andrea Square Suite 167,Ajax,ON,T1A2Y1,2023-03-06,Active
4242,Carrie,Martin,F,1997-05-26,28,williamsevelyn@example.com,1-871-505-4410,54217 Martinez Light,Ajax,ON,P7Y1T5,2024-03-27,Active
4243,Eric,Turner,M,2001-10-18,24,rodriguezdonald@example.com,1-112-304-7346,7654 Buckley Village,St. Catharines,ON,M1G 1X3,2023-11-22,Active
4244,Ronnie,Sandoval,M,1972-04-30,53,icantrell@example.net,310.371.9244,80170 Sandoval Walk Suite 671,Toronto,ON,C8R 1X4,2026-03-03,Active
4245,Noah,Patterson,F,1996-05-30,29,montgomerytrevor@example.com,280-053-1344 x944,228 Robert Ports Suite 054,Whitby,ON,V5V 6B6,2021-08-09,Active
4246,Kelly,Bowen,F,1976-07-05,49,jameshernandez@example.net,1 (534) 887-5853,2481 Rollins Causeway,Waterloo,ON,E5X9X4,2024-02-05,Active
4247,Kara,Garcia,F,1963-06-04,62,uwilliams@example.net,(635) 082-2124,654 Briggs Union,Burlington,ON,A8N 1R7,2025-01-14,Active
4248,Robert,Morris,M,1972-09-24,53,roger38@example.net,(756) 867-9148 x635,00423 Wilson Drives,Ajax,ON,R5H 6T8,2024-03-25,Active
4249,Stanley,Oliver,M,1957-01-18,69,davisjose@example.com,(113) 620-8286,9722 Linda Way Suite 726,Burlington,ON,M8Y 8H7,2026-01-08,Active
4250,Teresa,Nelson,F,1994-06-29,31,vmccoy@example.com,1 (171) 463-8483,7806 Samantha Neck Suite 835,Sudbury,ON,J3H2M4,2026-06-05,Active
4251,Theresa,Davis,F,1982-06-17,43,bward@example.net,751-049-1312,1297 Mccarthy Gateway Suite 203,Vaughan,ON,J6P5S3,2022-04-06,Active
4252,Anne,Johnson,M,1971-02-01,54,rubiorobert@example.net,102-651-2123,196 James Station,Hamilton,ON,R3N9G4,2025-05-12,Active
4253,Stephen,Stafford,M,1990-07-20,35,kelliott@example.net,102-971-1687 x296,28746 Melissa Stravenue,St. Catharines,ON,H5T1C2,2023-07-13,Active
4254,Donna,Gonzalez,F,1959-05-16,66,aguirrejudy@example.com,+1 (170) 167-1007,3828 Richards Highway Apt. 227,Cambridge,ON,P8T 4Y5,2023-07-19,Active
4255,Larry,Parsons,M,1975-07-09,50,lisa51@example.com,594-389-3864 x652,39542 Andrea Drive Apt. 172,Niagara Falls,ON,Y1J 9R8,2025-03-09,Active
4256,Andrea,Lewis,F,1967-04-07,58,billy04@example.net,(850) 559-3645,91095 Benjamin Gardens,Cambridge,ON,S1G 3A6,2025-05-23,Active
4257,Ashley,Martin,M,1968-05-08,57,khernandez@example.net,+1 (805) 860-3281,429 Ray Rapid,Waterloo,ON,L7P5C1,2025-11-26,Active
4258,Erica,Hoffman,F,1975-12-23,50,kyle61@example.net,678.837.4975,4648 Tyler Mountains,Sudbury,ON,L6R 3P9,2023-12-30,Active
4259,Justin,Baker,M,1998-07-16,27,joann00@example.org,145-961-5176,962 Floyd Forges,Barrie,ON,E5V7G8,2022-06-14,Active
4260,Mitchell,Pena,F,2001-04-07,24,dconway@example.com,1 (255) 539-0648,665 Perry Parkway Suite 783,Oakville,ON,K1X 4L6,2022-07-18,Active
4261,Sherri,Walter,M,1979-01-08,47,dcole@example.net,+1 (458) 954-6587,895 Jeremy Oval,Ajax,ON,T7L 8X2,2023-04-18,Active
4262,Megan,Sherman,F,1963-11-23,62,jessicawalsh@example.com,1-609-612-0246,67120 Miller Groves Apt. 057,Hamilton,ON,H2X9J8,2024-03-15,Active
4263,Jesse,Keith,M,1994-10-07,31,laurafranco@example.org,(459) 744-9371,7271 Bell Fords,Ajax,ON,B7G 8J9,2026-05-29,Active
4264,Chelsea,Ellis,F,1962-05-05,63,suzanne09@example.net,1-105-721-8826,72487 Flores Track,St. Catharines,ON,N7E7K6,2022-09-11,Active
4265,Michelle,Smith,M,1990-05-10,35,morrisjessica@example.com,(927) 311-2015 x053,4600 Christina Cape Apt. 650,Cambridge,ON,M1R8X5,2025-02-18,Active
4266,Kristine,Browning,F,1992-04-14,33,caitlinmckay@example.net,(620) 099-3825 x676,585 Woodard Vista,London,ON,P3S1M5,2026-01-14,Active
4267,Leonard,Salazar,M,1997-05-27,28,jacob37@example.net,978-554-5976 x939,2521 Cynthia Camp Apt. 428,Guelph,ON,S1E 5J5,2021-11-09,Active
4268,Taylor,Cruz,M,1979-03-27,46,timothyescobar@example.org,757-040-3050 x627,01788 Bridges Light Suite 512,Brampton,ON,A3J3M2,2025-08-06,Active
4269,Joseph,Edwards,M,1981-01-21,44,griffinkathleen@example.org,950-833-0254,55730 Turner Street Suite 116,Guelph,ON,L5X9B8,2023-04-17,Active
4270,Susan,Rose,M,2000-04-04,25,cisneroscaitlin@example.net,827 336 3473,45192 Bates Underpass,Milton,ON,H8C9K4,2023-07-13,Active
4271,Joseph,Marquez,M,1959-04-14,66,rileylinda@example.com,+1 (220) 632-4634,5177 Armstrong Run Apt. 306,Cambridge,ON,G5V1C8,2023-11-25,Active
4272,Kathy,King,F,1972-07-03,53,barbara55@example.org,+1 (975) 304-4392,2865 Rebecca Forge Apt. 827,Sudbury,ON,L7T2N8,2023-06-29,Active
4273,James,Hoffman,F,2006-06-18,19,maldonadomatthew@example.com,(310) 319-8363 x690,8458 Jason Vista,Niagara Falls,ON,V8R5J6,2024-08-03,Active
4274,Courtney,Sherman,F,1977-09-18,48,uhill@example.com,+1 (392) 096-3474,01153 Miller Tunnel Apt. 103,Oshawa,ON,S7H8X8,2025-10-06,Active
4275,Kevin,Rodriguez,F,1974-07-07,51,rflores@example.net,438-533-1377 x226,93407 Todd Spring,Vaughan,ON,X6K3Y5,2021-08-31,Active
4276,Jose,Solomon,F,2004-05-24,21,andrea06@example.net,455 248 6235,535 Davis Hill,Cambridge,ON,B8R 5M4,2025-02-05,Active
4277,Daniel,Marshall,F,1961-12-25,64,davidwood@example.org,1 (458) 646-5677,2507 Ryan Tunnel Apt. 784,Burlington,ON,T1R 9H3,2022-08-13,Active
4278,Nathaniel,Riley,M,1964-07-25,61,wpaul@example.org,1-736-394-2910,900 Raymond Canyon Suite 349,Windsor,ON,S1B 5G8,2022-06-22,Active
4279,Lisa,Morales,M,1968-05-01,57,ohernandez@example.org,+1 (509) 918-2129,63217 Brown Village Apt. 502,Ajax,ON,Y5T9V5,2023-07-23,Active
4280,Ashlee,Pope,F,1973-03-27,52,tharris@example.org,389 230 3892,21387 Armstrong Forges Apt. 655,Milton,ON,E2G 3N7,2023-12-18,Active
4281,Julia,Moreno,M,1999-03-22,26,laurenblair@example.net,584-383-7176 x471,6719 Beasley Island,London,ON,C1C6B3,2025-02-05,Active
4282,Sharon,Bentley,M,2002-12-24,23,sbryant@example.com,598-516-2583 x117,002 Watson Streets Suite 230,Oakville,ON,E8L 4T8,2023-11-25,Active
4283,Annette,Rose,F,1994-08-03,31,poncefelicia@example.com,760.071.4795,0791 Rebecca Bridge Suite 759,Cambridge,ON,Y7A 4S9,2024-12-24,Active
4284,Mark,Munoz,M,1959-05-16,66,lespinoza@example.org,455-528-2725 x662,2328 Perez View,Mississauga,ON,G2V 6S2,2021-12-04,Active
4285,Brian,Cox,F,1964-10-25,61,cervantesrichard@example.com,1 (942) 531-9305,085 Joseph Mountain Apt. 587,Whitby,ON,L9P6M3,2023-06-13,Active
4286,Joshua,Holt,F,1987-09-30,38,blackwelljohn@example.net,658-530-7503 x585,28898 Tyler Fall,Hamilton,ON,N3V6J3,2022-10-29,Active
4287,Barbara,Figueroa,M,1970-05-10,55,bryanmariah@example.com,146-123-1031,64833 Tyler Pines,Hamilton,ON,P1A5E4,2025-09-13,Active
4288,Amanda,Aguirre,F,1972-12-08,53,gordontanya@example.net,(933) 019-5250,6257 Jacob Harbor,Sudbury,ON,Y9G8E9,2023-07-13,Active
4289,Steven,Gonzalez,M,1992-05-11,33,stephanie93@example.net,(452) 230-0712,394 Howe Plain,Mississauga,ON,P5S8A3,2024-02-28,Active
4290,Logan,Smith,F,1990-09-20,35,sharpchristina@example.org,(845) 435-4128 x950,9411 Smith Brooks Suite 199,Hamilton,ON,L5E 8Y7,2025-12-06,Active
4291,Peter,Miller,F,1987-11-16,38,nina01@example.com,462-697-3229 x299,23970 Terrell Drive,Barrie,ON,L7N2K7,2022-02-14,Active
4292,Kristin,Simmons,F,2003-10-17,22,sheppardjennifer@example.org,(902) 999-9724 x790,16223 Marcus Court,Barrie,ON,K9B 4K1,2022-10-08,Active
4293,Alexis,Villarreal,M,2000-05-06,25,travis21@example.com,+1 (343) 164-4821,854 Joshua Court Apt. 754,Milton,ON,J1T4B8,2025-11-03,Active
4294,Mary,Doyle,M,1964-09-20,61,nathan73@example.com,324-904-1822,06039 Martin Court,London,ON,H1E 1A2,2025-08-02,Active
4295,Amanda,Reed,F,1959-12-31,66,stevenmanning@example.com,+1 (171) 922-0533,2899 Alexandra Mountains,Niagara Falls,ON,K6V5K7,2025-03-07,Active
4296,James,Harris,F,1965-03-21,60,amandaroberts@example.org,1-536-748-6587,4625 Terry Ports Suite 610,Mississauga,ON,M9Y 9T4,2026-07-17,Active
4297,Kenneth,Ellis,M,1956-08-26,69,billydavis@example.org,781.437.7291,230 Debra Gateway,Barrie,ON,Y8Y 9A2,2024-11-27,Active
4298,Rebecca,Wagner,F,1972-11-27,53,jsmith@example.com,422-329-3338 x265,26338 Key Drive Apt. 766,Windsor,ON,C1M3J7,2025-10-23,Active
4299,Christopher,Klein,M,1959-01-04,67,andrew41@example.org,265.257.8408,2096 Mike Road,Toronto,ON,X9Y3T6,2026-07-20,Active
4300,Allison,Floyd,F,1970-11-25,55,heathersandoval@example.org,+1 (399) 892-3838,68537 Carrie Vista,Whitby,ON,S5N4X5,2025-10-22,Active
4301,William,Bridges,M,2002-04-16,23,matthewsmith@example.net,1 (274) 855-9320,16442 Amanda Creek,Brampton,ON,M4T 7S4,2026-08-01,Active
4302,Jennifer,Johnson,F,1987-08-17,38,angelavalenzuela@example.net,116.565.9888,0981 James Fields Apt. 216,Guelph,ON,N9C 2T8,2023-01-11,Active
4303,Rickey,Richardson,F,1966-05-29,59,mckeepamela@example.com,1-677-708-0334,98134 Boone Views Apt. 322,Niagara Falls,ON,S7H9Y6,2021-10-14,Active
4304,Mark,Stanley,F,1974-10-03,51,victoria30@example.net,(688) 350-0658 x347,9108 Crawford Common Suite 173,Niagara Falls,ON,B6H5H1,2022-12-21,Active
4305,Debra,Johnson,F,2003-10-23,22,kylelang@example.com,404.483.9701,70933 Mckay Drive,Kingston,ON,S3A 1E1,2022-04-02,Active
4306,Rebecca,Brewer,M,1973-05-30,52,reneemitchell@example.net,(714) 641-2210 x631,5425 Nicole Orchard,Milton,ON,X2M 3P6,2022-02-22,Active
4307,Jenna,Rocha,M,1999-10-29,26,jonathon69@example.org,(153) 606-2662 x258,52181 Matthew Streets,St. Catharines,ON,L5R1E5,2024-03-17,Active
4308,Jennifer,Mosley,F,1961-11-08,64,jessicasmith@example.org,969-294-4950 x695,972 Kenneth Fork Apt. 978,Ajax,ON,H1K 4B6,2022-01-24,Active
4309,Zachary,Dyer,F,1957-12-18,68,ibautista@example.org,1-410-888-6872,4279 Taylor Circles,St. Catharines,ON,R8T 2K4,2024-02-10,Active
4310,Earl,Mckenzie,F,1975-08-11,50,thomas10@example.com,(982) 136-4412 x944,88961 Kevin Crossing Apt. 502,Richmond Hill,ON,E9E5L6,2021-11-29,Active
4311,Christopher,Carter,F,1978-07-22,47,brandon15@example.org,317.133.0012,638 Bryce Roads,London,ON,J9M3K8,2026-06-08,Active
4312,John,Marsh,F,1983-06-24,42,traci52@example.org,1-429-525-9069,2677 Woodward Fords Apt. 092,Brampton,ON,R5R 2E3,2025-05-31,Active
4313,Brian,Mason,M,1962-10-26,63,scottgrimes@example.net,(348) 849-9084,2026 Parks Islands,Peterborough,ON,H7B1R9,2023-04-07,Active
4314,David,Pennington,F,1983-09-03,42,amandawang@example.org,339.582.4845,6887 Karen Expressway Suite 862,Peterborough,ON,C7Y6S3,2022-02-08,Active
4315,Mark,French,M,1966-05-13,59,ruizsteven@example.org,947-329-5138,6531 Willie Road Apt. 873,Whitby,ON,Y9B 4R1,2022-02-20,Active
4316,Christine,Phillips,F,1984-07-10,41,sarahcook@example.com,1 (392) 939-4061,860 Amy Summit,Richmond Hill,ON,T8N 1R7,2025-08-25,Active
4317,Johnny,Carroll,F,1984-11-05,41,robertsjuan@example.com,(149) 128-9053 x878,213 Keith Park Apt. 149,Burlington,ON,H9L 3T8,2023-06-03,Active
4318,Joseph,Price,M,1973-01-18,52,ucarlson@example.com,1 (488) 506-5001,5783 Waller Lakes Apt. 107,Vaughan,ON,N6C 3H1,2025-07-25,Active
4319,Deborah,Smith,M,1979-07-23,46,timothysimmons@example.com,892.228.3108,11831 Phillips Fall,Windsor,ON,S3P 9J9,2026-04-18,Active
4320,Paul,Howell,F,1999-11-17,26,johnnyherman@example.net,(788) 420-5479 x537,91449 Lamb Circle Suite 424,Niagara Falls,ON,C8P2V2,2023-02-12,Active
4321,Hannah,Fuller,M,1977-02-23,48,jenniferyoung@example.com,952 865 3541,61662 Sara Dam Apt. 771,Whitby,ON,S5P 9P9,2023-10-12,Active
4322,Carlos,Russell,M,1971-05-27,54,james81@example.net,+1 (984) 027-3863,491 Dennis Junction,Vaughan,ON,T8M 5Y4,2023-03-06,Active
4323,Mark,Brown,M,1995-08-11,30,sharonclarke@example.org,1 (612) 792-3750,1143 James Inlet Apt. 764,Kitchener,ON,A5T2E5,2026-07-13,Active
4324,Eric,Walton,M,1969-05-03,56,alopez@example.net,1 (356) 948-0424,00381 Wu Passage Apt. 590,Niagara Falls,ON,N8Y 9G6,2022-12-30,Active
4325,Cynthia,Turner,F,1988-09-06,37,dustin25@example.net,+1 (504) 251-0610,250 Gallagher Locks,St. Catharines,ON,K9Y 5J8,2023-04-01,Active
4326,James,Johnson,M,2008-04-10,17,leegregory@example.com,1 (102) 286-8447,035 Brown Mountains Apt. 900,Ajax,ON,Y4P6X1,2026-02-06,Active
4327,Christopher,Sanford,M,1961-08-06,64,cheryl59@example.org,(809) 629-2349,135 Anderson Groves Suite 260,Hamilton,ON,C8A 8N4,2025-06-24,Active
4328,Patrick,Phillips,F,1979-08-03,46,sarahpearson@example.net,+1 (962) 421-6262,789 Carpenter Ways,Toronto,ON,J5Y9C7,2021-08-19,Active
4329,Chad,Mitchell,M,1976-03-04,49,qrivera@example.net,(652) 008-5912 x093,9274 Smith Station,Kitchener,ON,C4R2V4,2022-06-21,Active
4330,Carl,Cortez,F,1992-07-06,33,betty70@example.net,786.083.1838,49983 Roberto Dam,Oakville,ON,T9G 2S6,2024-06-14,Active
4331,Christine,Bailey,F,1987-06-16,38,qjohnson@example.com,(423) 461-9401 x996,88158 Mary Heights,Brampton,ON,N9V4R1,2024-08-21,Active
4332,Patricia,Banks,M,1989-03-12,36,fsantos@example.com,450.848.5522,51409 Watkins Falls Apt. 937,Peterborough,ON,K6M 7N8,2025-08-23,Active
4333,Belinda,Richardson,M,1993-08-01,32,georgeclark@example.com,706.287.9550,20778 Karen Rapid Suite 775,Milton,ON,X6L1H1,2024-06-02,Active
4334,Erika,Hudson,F,1971-04-15,54,brightbrandi@example.org,1-491-687-8058,9299 Lance Lodge Apt. 455,Kingston,ON,B9M 8P3,2024-03-04,Active
4335,Sharon,Rodriguez,F,2008-01-30,17,christinahickman@example.org,(324) 676-8069,9985 Smith Glens Apt. 213,Windsor,ON,M6K1N1,2025-01-04,Active
4336,Timothy,Galloway,F,1962-02-23,63,jford@example.net,961.046.0197,349 Kathleen Islands,Toronto,ON,R5R 7M3,2024-10-20,Active
4337,Laura,Blanchard,F,1980-03-13,45,kpierce@example.org,593 068 2201,241 Autumn Court Suite 514,Peterborough,ON,S8B2V9,2026-02-18,Active
4338,Aaron,Hayes,M,1969-07-09,56,patrickbradshaw@example.com,477-668-7228,25910 Reginald Port Suite 893,Brampton,ON,A7K7H9,2022-05-03,Active
4339,Joshua,Gallegos,M,2006-01-23,19,tara98@example.org,+1 (916) 759-0328,333 Woods Causeway Suite 563,Hamilton,ON,J8R 9T2,2023-10-17,Active
4340,Aaron,Garcia,M,2006-07-11,19,craigphillip@example.com,593-830-7640,9699 Lopez Club,Barrie,ON,L9V 7X8,2023-04-16,Active
4341,Brandi,Shaw,F,1999-06-25,26,laura38@example.org,1-511-479-4599,76744 Wilson Brook Suite 501,Windsor,ON,K1Y 5T9,2026-07-03,Active
4342,Samuel,Wilson,M,1970-08-13,55,xharrison@example.com,935-335-4308,4149 Andrea Forge,St. Catharines,ON,N7Y4H7,2025-11-11,Active
4343,Travis,Pham,F,2004-06-10,21,kmcmahon@example.com,931-971-7212,90637 Joseph Club,London,ON,H1E1N2,2024-04-16,Active
4344,Tammy,Parks,M,2005-04-07,20,westshane@example.net,(183) 725-2438 x572,82538 Brian Forge,Guelph,ON,X1C3S4,2025-06-16,Active
4345,Kathleen,Bradley,F,2004-09-13,21,rebecca09@example.org,1-396-835-7912,8529 Charles Crossroad,Mississauga,ON,S8T3B2,2024-06-24,Active
4346,Carly,King,M,1957-02-07,68,bakerandrew@example.net,1-642-462-2369,171 Jason Vista Apt. 604,Windsor,ON,R6S 1Y1,2026-04-16,Active
4347,Bradley,Perry,M,1994-08-03,31,zholland@example.org,+1 (997) 748-4922,7905 Anderson Burg Apt. 679,Oakville,ON,M7H3S5,2023-08-25,Active
4348,Lisa,Jones,F,1991-02-21,34,rodney46@example.com,534-740-1722 x974,0970 Stephens Circle,Barrie,ON,H2G 4E4,2025-05-24,Active
4349,Amanda,Sandoval,F,1985-03-04,40,robertskyle@example.org,833-188-9666,292 Marsh Ramp,Hamilton,ON,Y2J 1L9,2026-06-29,Active
4350,Daniel,Wilson,F,1964-02-11,61,dale49@example.net,308-998-5011 x991,6661 Rodriguez Ports,London,ON,M6H 7T1,2024-03-13,Active
4351,Aaron,Martin,F,2002-09-21,23,jennifer57@example.com,105 778 0305,59345 Jackson Canyon,Kingston,ON,Y6B 2Y2,2024-10-13,Active
4352,Jennifer,Booth,M,1980-11-17,45,staceymccall@example.net,432.894.9436,424 Tamara Place Apt. 814,Peterborough,ON,X5L 1V7,2021-10-25,Active
4353,Jenny,Jenkins,M,2006-02-01,19,hartjohn@example.com,546-219-8287 x199,910 Rodriguez Manor,Mississauga,ON,K3L 6J9,2024-04-18,Active
4354,Jeffrey,Sellers,M,1967-05-06,58,butlerisaac@example.org,718-928-1115,6830 Madison Park Suite 272,Waterloo,ON,H2K6G4,2025-05-29,Active
4355,Jessica,Castro,F,1982-11-23,43,adamhall@example.net,447 698 9741,3977 Thomas Bypass Apt. 119,Milton,ON,A6L1C4,2025-11-04,Active
4356,David,Mccullough,F,1996-02-23,29,tonya16@example.com,948-961-8934,453 Taylor Lane,Hamilton,ON,P7V 2K2,2024-02-16,Active
4357,Christopher,Norris,F,1999-01-27,26,turnersheryl@example.com,(858) 842-6187,46746 Cohen Roads Apt. 849,Mississauga,ON,N5X8R6,2024-03-03,Active
4358,Denise,Martin,F,1957-11-04,68,rebekah68@example.com,610-055-8238,3852 Marquez Ports,Cambridge,ON,V7B 7N2,2024-06-05,Active
4359,Alexandra,Rodriguez,F,1957-12-12,68,lisa85@example.org,265-659-0567,504 Julie Port Apt. 876,Brampton,ON,A5L 2R7,2022-10-12,Active
4360,Jill,Weber,F,2007-11-12,18,david40@example.com,1 (344) 720-9810,752 Delgado Lakes,Toronto,ON,K6A 5R4,2022-12-06,Active
4361,Margaret,Jones,M,2006-05-17,19,jwang@example.org,(476) 134-3739 x666,066 Fuentes Wells Apt. 171,Vaughan,ON,N1M 9L2,2025-02-10,Active
4362,Richard,Krause,F,2007-11-28,18,krista46@example.com,1-473-238-2722,952 Wyatt Lane Apt. 775,Toronto,ON,J4E4C5,2025-12-03,Active
4363,Dustin,Mitchell,M,1984-08-22,41,jason01@example.org,1 (760) 001-7201,9722 Perry Plains Suite 218,Whitby,ON,X5K 9H9,2023-10-11,Active
4364,Randy,Rosales,M,1963-10-27,62,barbara76@example.org,(399) 301-6367 x865,442 Grant Mall Apt. 588,Waterloo,ON,S6E 7H8,2026-02-02,Active
4365,Cynthia,Myers,F,1971-03-02,54,wesleyberg@example.net,(594) 934-4670 x156,9409 Long Point,Barrie,ON,C9C 1H9,2022-03-22,Active
4366,Alyssa,Wright,M,1998-04-02,27,shannon28@example.org,184 534 3986,6750 Andrews Ferry Apt. 765,Cambridge,ON,E9S 2C7,2021-12-20,Active
4367,Stephanie,Vargas,M,1990-01-22,35,danielle19@example.com,(188) 738-8452 x955,2885 Zachary Knoll Suite 778,Vaughan,ON,Y9B4C9,2023-07-26,Active
4368,Robert,Diaz,F,1979-04-13,46,garciaroy@example.com,528.730.5716,090 Tony Coves,London,ON,N2A 3M6,2022-12-23,Active
4369,Michael,Palmer,M,1964-10-05,61,gregoryallen@example.com,+1 (201) 370-1555,76373 Cordova Extensions Apt. 038,Whitby,ON,M3L4N1,2024-07-03,Active
4370,Jorge,Floyd,F,1988-03-23,37,hsmith@example.com,+1 (473) 750-1695,050 Brown Key Apt. 657,Waterloo,ON,L1K 1H4,2021-09-22,Active
4371,Richard,Maldonado,F,2002-07-03,23,evansluke@example.org,(829) 292-8822 x478,21390 Joanna Trafficway,Whitby,ON,N5N 2R2,2024-05-12,Active
4372,Rodney,Hughes,M,2000-03-16,25,shannon98@example.org,1-170-859-1394,71118 Hill Common Apt. 645,Mississauga,ON,X4S 5K1,2022-05-10,Active
4373,Juan,Johns,F,1970-05-29,55,sheilawilliams@example.com,1 (767) 750-7676,9602 Joshua Rapids,Cambridge,ON,E6B 9G7,2025-03-21,Active
4374,Anthony,Rodriguez,M,1960-01-17,66,martincollins@example.net,1 (701) 611-1680,81467 Simmons Island,Vaughan,ON,G4H3C3,2026-05-29,Active
4375,Jessica,Morales,M,1961-09-28,64,rowejason@example.com,1-257-734-6693,5097 Rodriguez Forges,Toronto,ON,A3E9S9,2026-04-13,Active
4376,Carmen,Rivera,F,1999-09-09,26,ahenry@example.com,381-932-7038 x692,83071 Boyd Mills,Milton,ON,B3B 6B9,2022-04-19,Active
4377,Krystal,Scott,F,1957-04-30,68,coryjones@example.com,224-876-3254,2032 Peter Island Suite 297,Markham,ON,Y8T 3L4,2024-05-05,Active
4378,Margaret,Brown,F,1956-11-13,69,nadams@example.net,494-475-3398 x171,19755 Hull Loaf,Richmond Hill,ON,P9L 3P9,2023-02-03,Active
4379,Kimberly,Werner,M,1963-03-09,62,pdickerson@example.com,(679) 168-1423,619 Rachel Islands,Sudbury,ON,G1X1J8,2024-09-29,Active
4380,Timothy,Hawkins,F,2007-01-23,18,frobinson@example.com,920-830-2443 x516,9681 Robinson Knolls Apt. 555,Niagara Falls,ON,N5L 2L3,2022-07-05,Active
4381,Julie,Benson,M,1989-12-27,36,psmith@example.org,1 (420) 881-9246,8996 Travis Viaduct,Mississauga,ON,S7E 5L3,2025-08-07,Active
4382,Jessica,Glenn,M,1984-01-18,41,cody37@example.com,769-849-7904 x447,66659 Brown Plains,Burlington,ON,C4M 9Y8,2026-07-21,Active
4383,Ryan,Medina,M,1999-11-17,26,janice87@example.net,260.078.1730,83973 Philip Camp,Barrie,ON,X1A4J8,2025-02-21,Active
4384,Luis,Wilson,M,1982-02-20,43,cassandra35@example.com,913-959-2113 x250,001 Ortega Knoll Apt. 628,Peterborough,ON,K4T3E6,2022-12-14,Active
4385,Daniel,Thompson,F,1969-01-28,56,allensharon@example.org,941-942-7831 x869,58839 Kristin Locks Suite 246,London,ON,V1K 1L4,2025-05-30,Active
4386,Erica,Choi,M,1970-01-05,56,theresa23@example.net,1-143-303-3743,7985 Patricia Brooks Suite 745,Guelph,ON,P5C2C5,2022-06-08,Active
4387,Nicholas,Valdez,F,1993-11-06,32,whitecarl@example.com,(193) 809-6342,075 Omar Ridge Apt. 817,Markham,ON,C4L 2V9,2023-12-18,Active
4388,Cheryl,Marquez,F,1968-02-07,57,kathleen05@example.com,1-954-921-4515,61958 Brown Drive,Richmond Hill,ON,L3R4B3,2025-03-29,Active
4389,Sherri,Alexander,F,1990-08-11,35,okane@example.net,288 126 1512,97498 Crystal Common,Vaughan,ON,T7V 4N6,2021-10-25,Active
4390,Erin,Avery,F,1978-02-28,47,williamsnicholas@example.org,979-747-7475,05150 Harrison Stream,St. Catharines,ON,E6M5K2,2022-06-13,Active
4391,Nancy,Johnson,M,1990-03-14,35,theresaanderson@example.com,(503) 116-0000 x727,029 Powers Court Suite 071,Oshawa,ON,A8P 7R2,2022-08-13,Active
4392,Samantha,Johnson,F,1963-11-18,62,ralexander@example.net,283 159 0809,01671 Terri Landing,Richmond Hill,ON,V5M 7H7,2024-09-13,Active
4393,Kristina,Porter,M,1993-12-23,32,chasemanning@example.org,315 269 0082,959 Gallegos Cove,Kingston,ON,V6N 4M8,2023-08-24,Active
4394,Nathaniel,Rios,F,1997-08-03,28,webbashley@example.com,1-911-136-7614,081 Jackson Forge Apt. 289,Cambridge,ON,R5M8M7,2025-03-14,Active
4395,Jason,Perry,M,1997-08-21,28,christopher59@example.com,206-938-7957,051 Curry Forks,Toronto,ON,P3Y 9E3,2023-09-03,Active
4396,Emily,Garcia,M,1981-10-24,44,tranbrett@example.org,502-223-5835 x620,03981 Rogers Vista,Vaughan,ON,V7V 6X4,2026-03-21,Active
4397,Martin,Logan,F,1996-08-24,29,jasonwilson@example.com,238-795-2565 x609,373 Justin Spurs Apt. 911,Markham,ON,Y7E 3T7,2025-09-10,Active
4398,Sylvia,Moore,M,1994-12-07,31,stephanierobinson@example.net,+1 (439) 203-8477,62542 Jill Keys Apt. 974,Toronto,ON,V1V 4B6,2022-09-12,Active
4399,Donald,Marks,M,1965-02-18,60,stephensheather@example.org,+1 (918) 633-3666,561 Diane Street Suite 778,Richmond Hill,ON,H4N4P7,2024-01-05,Active
4400,Frederick,Castro,F,1957-05-04,68,lopezcynthia@example.com,(257) 598-8675 x570,36731 April Villages Suite 787,Guelph,ON,H6G 5K7,2022-03-16,Active
4401,Katelyn,Garcia,F,1972-10-04,53,smithjoseph@example.com,368 377 2567,929 Zachary Landing Suite 150,St. Catharines,ON,P3R1C5,2025-03-23,Active
4402,Paul,Mosley,M,2007-06-18,18,kwaters@example.com,(490) 137-7696 x404,926 Kenneth Bridge,Whitby,ON,G1J 1M2,2023-03-20,Active
4403,Stacey,Spencer,M,1959-10-28,66,richardharmon@example.org,781.443.4825,971 James Vista Suite 306,Vaughan,ON,Y3N 4H9,2023-05-26,Active
4404,Corey,Jones,M,1994-02-24,31,lburns@example.org,919-591-4129 x680,2441 Charles Coves,Whitby,ON,L4M4Y3,2021-09-11,Active
4405,Kevin,Henry,F,1991-09-14,34,velasquezlaura@example.org,867-903-9853,832 James Brooks Suite 036,Richmond Hill,ON,C5Y 8X9,2025-08-17,Active
4406,Andrew,Cobb,M,2004-10-10,21,ericmercado@example.com,1 (373) 356-2393,3663 Thompson Village Apt. 174,Richmond Hill,ON,X8J 6B9,2026-06-15,Active
4407,Jasmine,Mason,F,2006-04-23,19,mariah56@example.com,+1 (405) 909-5225,063 Carrie Valleys Apt. 808,Sudbury,ON,V8N1R3,2022-07-10,Active
4408,Brian,Abbott,F,1991-06-08,34,lisa59@example.com,1-636-460-7893,58120 Debra Forest Apt. 913,Markham,ON,R8A1X9,2025-08-20,Active
4409,Benjamin,Salazar,M,2001-10-20,24,pphillips@example.com,(608) 908-3105 x101,106 Katelyn View,Peterborough,ON,A8X 7E7,2026-03-10,Active
4410,Daniel,Copeland,M,1971-04-09,54,lewisdonna@example.com,1-354-335-5731,142 Lisa Turnpike,St. Catharines,ON,C9M9A2,2024-04-16,Active
4411,Mary,George,F,1992-08-29,33,taylor21@example.com,301 756 4764,0716 Williams Street Apt. 586,Hamilton,ON,B1P5X2,2025-01-04,Active
4412,Richard,Jimenez,M,1985-07-23,40,castronicholas@example.org,+1 (673) 690-1453,4321 Ashley Roads,Sudbury,ON,K6B7Y3,2024-09-13,Active
4413,John,Castro,M,1972-03-20,53,lisasanders@example.com,333 430 1201,0817 White Shore Suite 920,Cambridge,ON,N5G 3V5,2023-03-22,Active
4414,Ronnie,Schmidt,M,1968-07-29,57,cortezcameron@example.com,1-767-743-3775,9220 Shawna Skyway,Waterloo,ON,A7B 9M3,2024-09-09,Active
4415,Sarah,Braun,F,1986-03-03,39,mwilliams@example.net,548-076-2092 x882,07338 Hurley Garden,St. Catharines,ON,S7V 3V2,2026-06-16,Active
4416,Jessica,Rice,F,2002-06-21,23,cjennings@example.org,907-216-3520 x684,8634 Emily Pine Suite 921,Richmond Hill,ON,V3N 4K4,2024-08-09,Active
4417,Heidi,Gonzalez,M,1972-11-30,53,bdawson@example.org,940.971.2710,26558 Justin Trace,Kitchener,ON,B1Y9X7,2022-04-03,Active
4418,Bradley,Scott,F,2006-12-08,19,janetrobinson@example.org,+1 (515) 311-2474,3026 Dorothy Harbors,Markham,ON,E2X 5N5,2025-08-08,Active
4419,Renee,Singh,M,1961-04-19,64,bakerangela@example.org,1 (930) 422-8244,50294 Thomas Manor Suite 108,Oakville,ON,T6S 7C1,2022-09-12,Active
4420,April,King,F,1996-08-17,29,matthew43@example.com,930-307-4597,37764 Christopher Mission,Waterloo,ON,P3B 3P9,2023-06-16,Active
4421,Julian,Wallace,M,1973-02-06,52,nwalters@example.net,310-878-4147 x706,58112 Gerald Forks Suite 445,Sudbury,ON,T3T4X1,2022-02-16,Active
4422,Martin,Estes,F,1968-12-11,57,garrett92@example.org,1-795-148-2750,08864 Adam Port Suite 729,Oshawa,ON,H1G3A3,2025-10-08,Active
4423,Caitlyn,Prince,M,1975-07-17,50,robert79@example.com,1-644-685-1754,6743 Joseph Freeway Suite 609,Oakville,ON,G6T 3V2,2023-11-17,Active
4424,Ryan,Patterson,M,1996-05-14,29,wcantu@example.net,1 (292) 658-7218,16027 Foster Corners Apt. 058,Toronto,ON,G4S9X6,2021-10-15,Active
4425,Maria,Underwood,F,1997-11-13,28,weberalexandria@example.com,1 (833) 787-5624,588 Margaret Pines Suite 241,Vaughan,ON,L4E7B4,2024-01-27,Active
4426,Kimberly,Brock,F,1960-12-05,65,austindana@example.net,107-785-1560,7092 Joshua Station Suite 092,Hamilton,ON,L2A3E9,2025-02-11,Active
4427,Tammy,Thompson,F,2004-03-20,21,tara42@example.net,1 (532) 835-6756,10805 Martinez Squares Suite 704,Niagara Falls,ON,S2V7P1,2021-11-05,Active
4428,Matthew,Mcgrath,M,1969-11-29,56,rebecca27@example.org,350-026-5949,7626 Warren Manors Suite 668,Windsor,ON,M6P 8N4,2023-04-15,Active
4429,Michael,Thomas,M,1996-10-10,29,perezmichael@example.org,1-589-034-0074,06728 Stokes Harbors,Richmond Hill,ON,A5P4R2,2026-02-25,Active
4430,Brianna,Collins,M,1998-06-06,27,colleen05@example.com,501-034-3931,9810 Bruce Street,Brampton,ON,M5L 7T9,2026-04-16,Active
4431,Francisco,Aguirre,M,2007-03-14,18,vwashington@example.com,478 551 3342,311 Fowler Circle Apt. 638,Burlington,ON,Y2C 4Y7,2025-08-06,Active
4432,Michael,Hines,F,1966-12-28,59,jacksondanielle@example.com,(216) 780-4463 x407,01497 Pierce Ports Apt. 697,London,ON,B6P4K1,2025-02-28,Active
4433,Jennifer,Spencer,M,1957-08-24,68,brhodes@example.com,(934) 988-4368,6369 Fleming Walk Suite 939,Niagara Falls,ON,V3Y2X5,2022-10-21,Active
4434,Maria,Clark,F,2006-05-14,19,smithrita@example.com,1-372-037-4974,228 Christina Ports,Ajax,ON,N9X 5H3,2025-08-24,Active
4435,John,Williams,M,1985-04-02,40,kennethbarnes@example.org,(487) 291-0500,776 Stephanie Crest,Kitchener,ON,K6V 7M9,2023-08-15,Active
4436,Gerald,Williams,F,1998-09-13,27,carrillocharles@example.com,278 042 9235,3438 Lisa Street Apt. 760,Oakville,ON,X3J4S1,2025-01-10,Active
4437,Robin,Alexander,F,1981-03-26,44,justin26@example.net,424-591-1503,4781 Diana Junctions Suite 254,Richmond Hill,ON,G9N 9L4,2022-11-08,Active
4438,Michelle,Weaver,F,1977-01-12,49,cynthiahull@example.net,475-599-9716,215 James Lakes,Toronto,ON,N9G 5M6,2022-07-06,Active
4439,Roger,Chambers,M,1964-12-15,61,njenkins@example.net,1 (889) 855-0268,6201 Katherine Knoll,Vaughan,ON,X8C2A3,2024-03-20,Active
4440,Kristen,Young,F,1977-04-10,48,smcconnell@example.org,621.976.0915,27757 Obrien Glens,Kingston,ON,J1C4Y2,2024-09-04,Active
4441,Cody,Roach,F,1965-08-29,60,barbarathornton@example.net,(995) 280-6438,4594 Ellis Canyon Apt. 056,Guelph,ON,E6T 3X7,2023-09-15,Active
4442,Lisa,Pope,F,1967-07-01,58,davistiffany@example.net,(863) 602-9806 x296,19289 Thompson Wells,Hamilton,ON,L9V5L7,2022-11-28,Active
4443,Elizabeth,Perez,F,1968-12-19,57,garciakaren@example.com,1-573-373-9127,956 Laurie Fort Apt. 036,Milton,ON,N8G 9J9,2024-11-20,Active
4444,Kimberly,Roman,M,1994-10-20,31,jamiesnyder@example.net,488.069.5891,7503 Hunter Highway,Ajax,ON,V2B9M4,2024-10-01,Active
4445,Adam,Mueller,M,1987-09-15,38,ypace@example.net,+1 (126) 720-6426,239 Avila Valley,Burlington,ON,L2V 4C3,2025-08-08,Active
4446,Sabrina,Brown,F,1997-11-15,28,dunnrebecca@example.org,144-738-3139 x016,058 Tiffany Turnpike,Mississauga,ON,K3A8S3,2024-09-27,Active
4447,Michelle,Potts,F,2006-05-03,19,nelsoneric@example.org,1-751-030-1279,53254 Johnson Cliff Suite 898,Guelph,ON,R2H 5T7,2023-12-07,Active
4448,Dennis,Taylor,M,1984-12-06,41,jose76@example.org,328 010 2159,360 Anderson Canyon Suite 737,Kingston,ON,V4V 6Y2,2025-01-22,Active
4449,Mia,Wagner,M,1956-08-10,69,mary83@example.com,612.846.7518,6712 Lowe Ways,Peterborough,ON,M6P 1B8,2025-06-01,Active
4450,Bridget,Ward,M,1997-05-26,28,vreed@example.org,626.556.0303,9249 Aguirre Ways Suite 257,Kingston,ON,C7A 9C4,2023-02-15,Active
4451,Crystal,Morrow,M,1983-10-21,42,sarahbowman@example.com,+1 (244) 017-8578,97217 Mckee Circle,Niagara Falls,ON,N5R 7S4,2022-04-02,Active
4452,Mark,Warren,M,1986-05-26,39,bkelley@example.net,1 (758) 861-4492,15546 Debra Rapid Apt. 793,Burlington,ON,E1A 1S5,2025-04-15,Active
4453,Daniel,Carter,F,1978-01-30,47,paulerickson@example.net,587-772-4356,5507 Davis Manor,Oakville,ON,J3S8Y5,2024-12-01,Active
4454,Alexis,Kline,M,1993-08-22,32,stephanie12@example.com,192-776-8691,29624 Rhonda Stravenue,Brampton,ON,K8R2M2,2024-05-22,Active
4455,Juan,Hernandez,M,1966-05-16,59,henry59@example.net,(294) 970-0810 x183,0783 Moss Row,Kitchener,ON,S3R3G3,2024-09-02,Active
4456,Julie,Smith,F,2006-07-19,19,jennifermartinez@example.com,1 (773) 746-9120,944 David Inlet Suite 982,Kingston,ON,A5E4G9,2024-07-01,Active
4457,Lindsey,Waters,M,1978-04-15,47,brucechristina@example.net,(609) 347-5839 x461,642 Gregory Pass Suite 630,Brampton,ON,X2R 9P9,2025-03-07,Active
4458,Timothy,Olson,F,1989-10-05,36,elliottangela@example.org,326 444 2770,80459 Huang Crossing,Toronto,ON,B7H 8K3,2026-04-11,Active
4459,Danielle,Keller,M,1964-09-09,61,christopherjohnson@example.com,1-744-254-5543,139 Ray Bypass,Guelph,ON,G1J 2P7,2022-04-26,Active
4460,Megan,Vazquez,F,1978-01-03,48,nwelch@example.com,+1 (743) 498-1959,9100 Darren Springs Apt. 909,Niagara Falls,ON,E3H9N7,2026-01-03,Active
4461,Christopher,Jackson,M,1956-10-28,69,simpsonkara@example.com,+1 (613) 531-7239,16440 White Station Suite 288,Oshawa,ON,Y3S 6A4,2026-02-22,Active
4462,Lisa,Mccarty,F,2001-04-12,24,eburns@example.com,+1 (303) 083-9478,77410 Jordan Forks Apt. 008,Hamilton,ON,L7E9T7,2025-12-22,Active
4463,Carol,Kelley,F,1986-05-24,39,patricia45@example.net,252-977-1501 x727,00638 Brianna Stravenue Apt. 493,Waterloo,ON,N3K4T2,2026-06-21,Active
4464,James,Crawford,F,1999-12-18,26,nicholas04@example.com,1-127-771-9081,29444 Angela Way Suite 305,Mississauga,ON,Y7H7A5,2023-03-28,Active
4465,Tyler,Best,M,1978-03-11,47,fdavis@example.com,520.364.8762,6270 Chaney Stream Suite 816,Ajax,ON,M1H 6Y4,2022-12-21,Active
4466,Kristina,Parker,F,1970-07-03,55,zbrown@example.org,171-220-1454,4527 Tami Lights Apt. 571,Brampton,ON,T2M 8L2,2023-07-30,Active
4467,Kenneth,Ferguson,M,2007-10-26,18,randypadilla@example.com,1 (109) 525-1213,974 Juan Crest,St. Catharines,ON,K1H 1N7,2024-08-24,Active
4468,Briana,Mendoza,F,1961-12-11,64,anthonystephen@example.com,(713) 272-8807,52209 Andrade Mills Suite 333,Vaughan,ON,N7B5P8,2026-03-21,Active
4469,Timothy,Chavez,M,1995-03-13,30,eferguson@example.net,657.332.1169,28687 Rodriguez Mill,Niagara Falls,ON,T6G8P2,2023-05-31,Active
4470,Alan,Lawrence,M,2002-11-12,23,joelturner@example.org,+1 (121) 376-3881,35827 Nicole Tunnel,Brampton,ON,X8E2P7,2022-05-26,Active
4471,Melissa,Pratt,F,1960-01-17,66,gford@example.com,766 495 8398,1104 Michael Throughway,Mississauga,ON,X8K9S7,2023-12-08,Active
4472,Curtis,Tucker,M,1957-11-07,68,hwatts@example.net,732.415.0490,95716 Sara Courts,Kingston,ON,A3A1C6,2024-09-20,Active
4473,Michael,Melton,M,1983-02-23,42,rharris@example.net,(338) 724-2910,82346 Ruiz Row,London,ON,P9V9T6,2025-12-15,Active
4474,Christopher,Davis,M,1965-10-09,60,samanthapatterson@example.com,1 (789) 948-5950,08000 Jane Flat Suite 399,Cambridge,ON,C7R 9N2,2022-07-05,Active
4475,Morgan,Dalton,F,1985-12-03,40,garzasusan@example.com,880-330-2577,433 Gilmore Ranch Suite 117,Barrie,ON,N9G 9N1,2025-11-13,Active
4476,Rachel,Ramirez,M,1992-01-13,33,michelle12@example.net,713.365.1991,98770 Rebecca Village,Brampton,ON,J2E5V3,2022-11-20,Active
4477,Kimberly,Wright,M,1995-05-01,30,gguzman@example.com,685-759-3009,274 Dana Pike Suite 278,Richmond Hill,ON,L7R7S7,2026-04-26,Active
4478,Karen,Davis,M,1980-10-20,45,anthony79@example.com,(917) 828-0029,5407 Strickland Center Suite 272,Whitby,ON,N4K 2G9,2025-10-27,Active
4479,Susan,Rodriguez,F,2006-12-19,19,craigsnow@example.net,(998) 616-4193,530 Brown Mount,Barrie,ON,A7E6L1,2024-04-23,Active
4480,Michael,Reed,M,1972-06-06,53,copelandsusan@example.org,568 492 5503,85090 Victor Springs Apt. 118,Peterborough,ON,Y8B5T9,2025-05-02,Active
4481,Susan,Alexander,F,1976-10-04,49,allison21@example.com,788-890-3249,383 Oconnor Park Suite 680,Markham,ON,V8X 5P8,2023-01-02,Active
4482,Whitney,Graham,M,1958-10-14,67,johnsonshelby@example.com,1 (652) 885-9205,058 Dustin Courts Apt. 374,Waterloo,ON,M8E4J2,2026-03-23,Active
4483,Valerie,Garcia,F,1970-04-28,55,gutierrezlaurie@example.org,526.014.7184,118 Jones Rapids Suite 594,Cambridge,ON,P7X 1T8,2022-08-26,Active
4484,Jody,Robinson,F,1966-03-07,59,adam69@example.net,1-365-783-6688,630 Kevin Circles,Cambridge,ON,P9P9L7,2023-11-23,Active
4485,Kara,Brown,M,1995-04-22,30,rward@example.org,254-327-3738 x287,97229 Jeff Keys,Markham,ON,A7M 3K2,2024-12-12,Active
4486,Joe,Allen,M,1964-02-05,61,michaelgallegos@example.net,1-439-163-8082,123 Kendra Circle,Kingston,ON,Y2C 7M9,2026-06-09,Active
4487,Diane,Glass,F,1980-07-21,45,ricekenneth@example.com,+1 (872) 896-7308,227 Nicholas Via Suite 628,Cambridge,ON,C3E3G2,2025-03-29,Active
4488,Barbara,Hopkins,M,1965-10-21,60,michael56@example.net,(800) 175-7680 x962,5279 Sydney Trail Apt. 919,Niagara Falls,ON,S8X 1B2,2022-07-12,Active
4489,Ryan,Rodriguez,M,1983-12-22,42,aharper@example.com,690 959 0230,16575 Hammond Stream Apt. 547,Hamilton,ON,N8K 6L1,2024-03-07,Active
4490,Alexandra,Kramer,M,1984-06-08,41,christine64@example.net,913 079 5281,37958 Sutton Streets Suite 705,Toronto,ON,N1K6Y5,2023-10-31,Active
4491,Jonathan,Clark,M,1996-11-10,29,jriley@example.net,1 (126) 932-2803,33915 Casey Terrace Suite 544,Niagara Falls,ON,R8P 2L2,2023-03-08,Active
4492,Hannah,Garcia,M,1959-10-14,66,ygallagher@example.com,1-647-727-1805,90603 Gentry Ville,Niagara Falls,ON,Y4G 1S4,2023-11-21,Active
4493,Paul,Stout,F,1976-09-21,49,amy36@example.net,714 003 6401,74219 David Ways,Vaughan,ON,E2E 8L6,2023-02-04,Active
4494,Karl,Ritter,F,1965-01-07,61,qcosta@example.com,562.767.3545,97280 Caldwell Inlet Apt. 537,Sudbury,ON,B7B 5V8,2023-03-08,Active
4495,Allison,Palmer,F,1992-10-27,33,jeremiah17@example.net,1 (744) 161-9040,09000 Charles Dale Suite 764,Milton,ON,J9T 4E2,2024-07-14,Active
4496,Holly,Johnson,M,1976-07-21,49,xpena@example.com,(713) 785-6243,47814 Lauren Hills,Windsor,ON,C8K6B7,2022-05-25,Active
4497,Bailey,Rubio,M,1958-05-23,67,vbishop@example.net,882.915.4697,264 Holland Hills Apt. 736,London,ON,P3N 2N3,2025-01-05,Active
4498,Ashley,Robertson,M,1994-06-20,31,betty37@example.org,259 698 4533,8991 Nunez Harbor,Mississauga,ON,Y1H 3Y7,2022-01-22,Active
4499,Erica,Good,F,1976-02-11,49,deniseholmes@example.net,(248) 054-9958 x753,97666 Brett Rest Suite 825,Barrie,ON,E1C5B3,2026-03-26,Active
4500,Robert,Hobbs,F,1963-09-24,62,banksdaniel@example.net,469-284-2954 x956,003 Morse Groves Suite 215,Ajax,ON,S4B3Y3,2026-03-08,Active
4501,William,Turner,M,1994-01-15,31,robert14@example.net,1-770-705-3048,47904 Cox Isle Suite 740,Barrie,ON,M5N1N2,2022-05-20,Active
4502,Stephanie,Williams,F,1977-06-17,48,caitlinbenton@example.com,487-903-0990 x107,1862 Hayes Glens,London,ON,S4X 4N2,2025-08-26,Active
4503,Erin,Morris,F,1996-10-21,29,phyllis67@example.org,(331) 090-3778,3081 Samuel Hills,Barrie,ON,S3Y 6B4,2024-11-12,Active
4504,Carrie,Thomas,F,1968-02-27,57,wilsoncharlene@example.net,1 (803) 093-8030,294 Miller Cove Suite 371,Barrie,ON,S7X4T5,2022-06-08,Active
4505,Cindy,Trevino,M,1996-02-25,29,salazarbrittany@example.net,309.377.2763,578 Reese Union Apt. 237,Toronto,ON,M2B9G2,2022-12-31,Active
4506,Frances,Greene,M,1998-08-02,27,mcdonaldangela@example.org,911 392 1101,9616 Natasha Coves Suite 919,Mississauga,ON,P2P 9J7,2025-03-17,Active
4507,Edward,Johnson,M,1962-05-17,63,wellscaitlin@example.net,370-970-6323,7490 Trevor Forks Suite 270,Ajax,ON,K8J 9C7,2023-05-27,Active
4508,Catherine,Christian,F,1966-03-10,59,jnelson@example.org,1 (818) 770-8153,48296 Collier Station Suite 713,Guelph,ON,J4E 3R6,2021-11-13,Active
4509,Arthur,Ochoa,M,1998-10-23,27,alexanderhuber@example.com,638-097-4532 x314,397 Allison Pine Apt. 832,Kitchener,ON,R3K 9T2,2024-07-27,Active
4510,Daniel,Spence,M,1971-03-03,54,breanna50@example.com,(753) 208-7620,79226 Kimberly Curve,Vaughan,ON,T8A3V4,2023-06-17,Active
4511,Nathaniel,Stewart,F,1980-06-28,45,smartinez@example.com,(535) 978-0432,8707 Wagner Rest Suite 056,Brampton,ON,M1R9H4,2025-03-09,Active
4512,Rebecca,Blackburn,F,1996-01-17,29,sandraespinoza@example.com,(206) 446-8838 x662,9877 Hector Parkway Apt. 645,Kitchener,ON,A4J 2H9,2024-10-04,Active
4513,Melissa,Jackson,F,2007-05-27,18,kyle14@example.net,1 (669) 174-2205,13791 Samuel Rapids Apt. 172,Oakville,ON,G3K3X2,2025-01-16,Active
4514,Elizabeth,Diaz,F,1982-03-09,43,iharris@example.org,923-373-4754 x553,078 Matthew Key Apt. 301,Markham,ON,P8N 5R5,2022-04-30,Active
4515,Rhonda,Mata,F,1984-09-07,41,adrianmoore@example.com,542-115-3853 x107,4434 John Ramp,Niagara Falls,ON,L2V9H4,2024-03-15,Active
4516,James,Gomez,F,1992-10-24,33,taralewis@example.net,1 (249) 356-8189,222 Cordova Courts,Markham,ON,S6M 8J3,2024-03-04,Active
4517,Kathy,Martinez,F,1971-09-19,54,barrerateresa@example.net,+1 (599) 577-6763,086 Cooper Village,Guelph,ON,S6C3X9,2021-10-19,Active
4518,Bobby,Garcia,M,1957-07-09,68,randy11@example.net,1 (419) 592-6474,27623 Shepard Views Apt. 035,Windsor,ON,Y7L 7A2,2025-02-19,Active
4519,Chris,Patton,M,2001-04-12,24,camachoemily@example.org,(991) 702-6095,7822 Sierra Skyway Suite 135,Cambridge,ON,A8V 4Y4,2026-05-18,Active
4520,Lauren,Thompson,M,2003-05-31,22,nancy17@example.com,(698) 733-6366,748 Davis Row Suite 746,Milton,ON,J2T 1S9,2021-12-09,Active
4521,Emma,Huang,M,1971-08-24,54,courtney69@example.net,641 983 8359,403 John Forest,Toronto,ON,H2C8L7,2026-04-12,Active
4522,Vickie,Joyce,M,2004-10-27,21,ukeith@example.org,(550) 006-2627 x012,572 Nguyen Station Suite 788,Oakville,ON,Y4G 2A7,2023-02-11,Active
4523,Jay,King,M,2002-09-14,23,adamblair@example.org,1-287-244-6777,868 Caitlyn Neck Apt. 761,Cambridge,ON,T6V 3A8,2022-10-07,Active
4524,Jason,Velasquez,F,1977-10-17,48,walkerwilliam@example.org,(364) 230-1593 x925,5851 Eric Canyon,Waterloo,ON,A7K8H4,2026-02-16,Active
4525,Mark,Hinton,F,1999-07-03,26,jwillis@example.net,1-598-767-9888,007 Green Brook Apt. 795,Burlington,ON,G7C4E1,2025-02-17,Active
4526,Christopher,Lopez,F,2004-12-02,21,justinwalton@example.org,1-433-564-7071,6312 Mary Shores Apt. 798,Burlington,ON,S3G 5V4,2022-01-11,Active
4527,Kristen,Allen,F,1974-08-31,51,waltersjocelyn@example.org,1-655-484-4763,527 Bell Way,Kitchener,ON,J1X 4X5,2023-11-16,Active
4528,Claudia,Lowe,M,1976-05-27,49,elliszachary@example.net,(575) 958-9541 x238,8260 Rice Shoal,Windsor,ON,H1M8V3,2026-02-18,Active
4529,Ronald,Collins,M,1977-04-08,48,jacob52@example.org,971-139-2849 x797,4612 Hoffman Station Apt. 558,Sudbury,ON,K1B 1P4,2023-08-31,Active
4530,Felicia,Morton,F,1989-10-31,36,angela91@example.net,(760) 388-1617,422 Sarah Brooks Suite 574,Brampton,ON,M1M 3H5,2023-09-16,Active
4531,Lisa,Carter,M,1993-03-01,32,brodriguez@example.org,852-529-1404 x437,169 Woodard Orchard Apt. 489,Toronto,ON,A1Y 5X5,2021-08-14,Active
4532,Jon,Murillo,F,1992-04-21,33,adamscharlene@example.net,+1 (926) 891-1191,7751 Stanley Lock Apt. 325,London,ON,T2Y9R5,2026-06-12,Active
4533,Christine,Martin,M,1990-01-08,36,anthonyjennifer@example.net,827.257.6785,89441 Sarah Trail Suite 906,Cambridge,ON,Y7V4N9,2025-03-28,Active
4534,Jeremy,Parks,F,2008-01-20,17,greenrobert@example.com,(942) 976-0065 x057,131 Sherry Avenue,Vaughan,ON,K2H 8V4,2025-07-13,Active
4535,Roger,Dalton,M,1967-06-09,58,jensenjoan@example.org,(118) 235-7151,742 Jonathan Ridge Apt. 352,Mississauga,ON,R3S6S7,2025-08-22,Active
4536,Maurice,Bennett,M,1958-01-12,68,oaguilar@example.com,845.875.1843,191 Vazquez Mountains Apt. 391,Kitchener,ON,X8X2H2,2025-07-21,Active
4537,Michael,Garcia,M,1967-11-17,58,smithrachel@example.com,157-476-2924,519 Benjamin Streets Suite 203,Barrie,ON,K3B 4X7,2024-02-18,Active
4538,Brittany,Dunn,F,1977-06-29,48,josephgonzalez@example.org,519-887-1256,908 Jacob Harbors,Waterloo,ON,T6T 8V4,2024-05-30,Active
4539,James,Crawford,M,1976-03-18,49,gallagherchelsea@example.net,1-123-619-2575,0215 Curtis Orchard,Burlington,ON,T8T1L2,2025-09-24,Active
4540,Zachary,Carroll,M,1998-03-05,27,stephanieanderson@example.com,1-273-813-7654,8783 Chelsea Fork,Kingston,ON,V3T 5A5,2021-12-14,Active
4541,Theresa,Gordon,M,1988-11-09,37,kelleymelissa@example.net,1-248-789-0290,9830 Dean Shore Apt. 704,Windsor,ON,E2J 2C9,2025-11-26,Active
4542,Charles,Rodriguez,M,1986-04-24,39,laurensmith@example.com,1 (970) 491-4594,8197 Kayla Meadows Suite 406,Toronto,ON,V5A 1E9,2023-09-16,Active
4543,Alan,Hayes,M,1993-10-30,32,hernandezmatthew@example.org,595.846.9597,142 Peter Trail,Oshawa,ON,K2A 5T7,2022-03-12,Active
4544,John,Soto,M,1959-08-02,66,elizabeth46@example.org,(260) 442-9184 x991,318 Sandoval Ford,Toronto,ON,N8Y 4P1,2022-03-07,Active
4545,Chelsea,Watson,M,2002-03-15,23,eblackwell@example.org,+1 (506) 814-7428,858 Nicole Parkway Apt. 252,Peterborough,ON,V4N 7R8,2021-12-12,Active
4546,Amber,Bowen,M,1978-10-11,47,hernandezsamantha@example.net,(122) 501-9177,6129 Jesse Avenue Apt. 636,Kingston,ON,C6T4X6,2025-11-08,Active
4547,Michael,Smith,F,1967-06-03,58,phillipellis@example.com,1-899-782-3332,412 Jordan Heights Suite 719,Barrie,ON,Y8G7K3,2023-07-19,Active
4548,Kayla,Sullivan,F,1972-03-03,53,kyle73@example.com,205 679 5528,14432 William Summit,Waterloo,ON,B8L 3K5,2026-03-04,Active
4549,Kayla,Crawford,M,1970-04-18,55,nicole21@example.org,524-762-6806 x799,31132 Smith Terrace Suite 215,Sudbury,ON,N1C 8X5,2023-08-09,Active
4550,Anne,Reyes,F,2007-11-29,18,hfrench@example.org,(777) 689-2119 x006,58856 Salas Rue Apt. 094,Ajax,ON,X4Y 1J6,2024-03-27,Active
4551,Theodore,Francis,M,2005-04-22,20,ilopez@example.com,+1 (316) 186-4408,7252 Chad Ports,Oakville,ON,R5P7K5,2023-04-24,Active
4552,Miguel,Wells,M,1994-09-10,31,amanda02@example.com,465 849 4876,0988 Evans Views,Hamilton,ON,J5G9J8,2022-09-17,Active
4553,Allen,Parker,M,1968-07-28,57,rbarrera@example.net,948-986-9903,267 Tiffany Orchard Apt. 918,London,ON,T5T2E2,2021-09-30,Active
4554,Lauren,Ramirez,F,1963-08-24,62,stephensjamie@example.com,1-938-697-5183,835 Gina Summit,Kitchener,ON,V6M9L2,2024-02-27,Active
4555,Lisa,Jacobson,F,1975-01-16,50,eric00@example.com,1 (873) 460-8317,054 Hoffman Passage Apt. 030,Oakville,ON,J4T 4S1,2022-10-13,Active
4556,Ruben,Lee,F,1977-01-22,48,broberts@example.org,(650) 434-3216,97354 James Views Apt. 347,Kingston,ON,R4N6N3,2023-12-04,Active
4557,Michael,Greer,M,1979-01-21,46,mitchellrachel@example.org,(976) 197-5540,7857 Michael Falls,Vaughan,ON,M9P 8N3,2025-02-25,Active
4558,Tammy,Anderson,M,1961-06-10,64,andrew69@example.com,723-210-2529 x070,5682 Mitchell Loop,Mississauga,ON,E6C 4T2,2026-05-28,Active
4559,Anthony,Williams,F,1969-04-06,56,zsmith@example.org,572.455.6278,977 Julia Parkway Suite 778,Whitby,ON,C2Y 4N2,2023-11-13,Active
4560,Jeremy,Carpenter,F,1973-08-13,52,gomezgeorge@example.com,323-465-0040 x302,641 Rollins Alley Suite 493,London,ON,M1J 7L2,2026-01-07,Active
4561,Alicia,Burton,M,1966-02-10,59,hector74@example.org,+1 (465) 901-6113,8569 Townsend Trafficway Suite 980,Waterloo,ON,E4T3R7,2023-01-10,Active
4562,Nancy,Wyatt,F,1985-01-29,40,stephaniebrewer@example.com,951 504 7085,29817 Michelle Cove,Vaughan,ON,A6P 7R9,2022-05-05,Active
4563,Melissa,Clements,F,2008-06-18,17,steven31@example.com,845 983 0092,8146 Russell Via Apt. 275,London,ON,G4L 4M3,2022-09-24,Active
4564,Kristopher,Scott,M,2002-03-17,23,keith26@example.net,(694) 048-7812 x762,1116 Davis Pike,Kitchener,ON,H8L9A2,2024-03-30,Active
4565,Cory,Garner,M,1957-04-05,68,meyermarissa@example.net,1-802-285-2566,31644 Mary Valleys,Milton,ON,P8Y 4V6,2023-03-19,Active
4566,Gina,Williams,F,1991-10-15,34,nathaniel04@example.com,1-317-915-4008,54577 Rowe Haven,Windsor,ON,T1M6G6,2021-10-22,Active
4567,Amber,Schmidt,F,1988-04-21,37,stacypearson@example.net,+1 (608) 687-3154,284 Angela Prairie,St. Catharines,ON,M2B 8C7,2025-08-17,Active
4568,Patricia,Cox,F,1963-07-21,62,slucas@example.org,+1 (693) 301-6212,307 Joseph Junction,Milton,ON,P7K 3R5,2025-03-31,Active
4569,Mark,Sanchez,F,1958-03-27,67,gabrielle56@example.org,1 (263) 530-6004,664 Smith Parkway,Windsor,ON,C2B8G7,2023-06-05,Active
4570,Vanessa,Johnson,F,1960-10-06,65,xmorgan@example.com,1 (540) 291-5753,020 Nelson Prairie Suite 495,Oakville,ON,V7R6T9,2021-09-28,Active
4571,William,Dixon,F,1966-11-29,59,theresa43@example.net,(827) 344-2431 x398,886 Timothy Club,Ajax,ON,T3P7H7,2022-04-05,Active
4572,Michael,Reyes,F,1976-02-22,49,katelynandrews@example.org,(554) 020-8546,5138 Perez Hollow Apt. 960,Oakville,ON,B2A8V7,2026-02-12,Active
4573,Kerri,Collins,F,1968-11-22,57,matthewcarlson@example.org,(414) 580-7869 x016,354 Thomas Junctions Suite 767,Milton,ON,H5P2N7,2026-02-07,Active
4574,Michael,Morgan,F,1974-09-20,51,scottmiller@example.net,601.756.0992,501 Brooke Island,Niagara Falls,ON,N3B 8V3,2021-09-26,Active
4575,Joseph,Hartman,M,1981-09-30,44,vconner@example.com,759 465 4986,446 Kevin Skyway,Vaughan,ON,E1H 3V3,2024-03-16,Active
4576,Richard,Mckenzie,M,2007-06-30,18,zsanders@example.org,522-904-0222,586 Roman Fork,Kitchener,ON,R4N 9L9,2023-06-20,Active
4577,Catherine,Rogers,F,1968-03-16,57,odixon@example.com,(867) 307-2587 x630,73500 Lisa Inlet Apt. 509,Kitchener,ON,X6T 2T3,2022-04-25,Active
4578,Stacy,Johnson,F,1998-09-09,27,kristathomas@example.org,478.453.8535,692 David Estates,Waterloo,ON,R3P 2E5,2021-10-07,Active
4579,Beth,Sharp,F,2007-03-23,18,anolan@example.com,1 (910) 237-6190,775 Grant Meadows,Kitchener,ON,H2J 3Y3,2022-03-09,Active
4580,William,Evans,F,1962-05-13,63,mowens@example.com,516-421-9169 x832,26810 Young Spurs,Guelph,ON,M2C3B2,2022-03-15,Active
4581,Amy,Nixon,M,1974-05-21,51,wthomas@example.org,761 289 3492,13815 Rose Gardens,Niagara Falls,ON,A3T6T2,2024-09-06,Active
4582,Catherine,Smith,F,1964-10-18,61,russellcarrie@example.net,117 202 7716,791 Lawrence Locks Suite 743,Sudbury,ON,Y6G6Y2,2026-07-04,Active
4583,Ann,Smith,M,1986-06-22,39,huntlaura@example.com,(647) 973-0578,078 Mcdaniel Roads Suite 736,Whitby,ON,H5X 5K4,2023-01-26,Active
4584,Emily,Jones,M,1970-06-24,55,steven98@example.com,225.943.7036,47826 Benjamin Road Apt. 066,London,ON,E6V6V7,2026-07-17,Active
4585,Brittany,Jones,F,1974-08-28,51,aburgess@example.org,(325) 313-8090,903 Clark Flats,Barrie,ON,Y9A6V2,2022-02-24,Active
4586,Pamela,Morris,F,2004-02-03,21,moorekenneth@example.com,(872) 799-4356 x622,82887 Natalie Orchard,Ajax,ON,H6L4P8,2024-08-19,Active
4587,Vickie,Davis,M,1997-06-25,28,brandon39@example.org,1 (531) 860-1210,81224 Gardner Plaza Apt. 902,Waterloo,ON,M6C7J8,2023-10-04,Active
4588,Kathleen,Crawford,F,1986-09-22,39,michaelwerner@example.net,+1 (485) 057-6302,49232 Adam Landing Suite 769,Cambridge,ON,C5N 5Y6,2022-11-08,Active
4589,Melanie,Clark,F,1979-12-17,46,bhoward@example.com,1-731-058-9065,1403 David Meadows Apt. 775,Guelph,ON,V8Y 3A1,2024-09-19,Active
4590,Natalie,Simmons,F,1989-03-22,36,haguirre@example.net,+1 (484) 035-3276,31442 Lisa Field Apt. 392,Cambridge,ON,A2E7H9,2026-07-13,Active
4591,John,Branch,F,1961-08-21,64,ricejames@example.net,858-780-0855,525 Baker Haven Suite 263,Guelph,ON,G1G4L8,2024-07-10,Active
4592,Sarah,Ortega,F,1990-08-19,35,jorgekrueger@example.com,1 (813) 932-8086,5253 Erica Point,Milton,ON,X1X1H7,2021-09-23,Active
4593,Eddie,Thomas,F,2006-04-07,19,benjaminlawrence@example.com,(286) 278-1843 x316,83107 Ballard Skyway,Oshawa,ON,M6G6N8,2024-09-22,Active
4594,Christine,Park,M,1991-06-06,34,danielparker@example.org,507-952-8861,2644 Nicholas Island,Toronto,ON,E6L 1M5,2025-10-16,Active
4595,Sarah,Kelley,M,1964-03-01,61,gloria02@example.com,(146) 071-4667,74250 Stephens Trail,Cambridge,ON,J4L 6R4,2024-09-24,Active
4596,Aaron,Johnson,M,2007-09-05,18,roberto64@example.org,1 (614) 117-5132,1807 Jessica Parks Apt. 543,Oshawa,ON,B2M 2R9,2023-05-01,Active
4597,Shaun,Brock,M,1989-08-26,36,daviesstephen@example.com,1-618-700-1806,6189 David Manor,Sudbury,ON,C7P2N5,2021-12-10,Active
4598,Nicholas,Peterson,M,1994-08-29,31,uking@example.com,572.613.4896,1390 Love Square Suite 330,Barrie,ON,E2J6X7,2023-12-05,Active
4599,Patricia,Reyes,M,1967-03-10,58,matthewreid@example.org,206-721-7076 x373,6655 Brian Plains Apt. 233,Oshawa,ON,E6S9L1,2023-04-27,Active
4600,Kathy,Delacruz,M,1987-12-21,38,bstewart@example.net,1 (436) 232-1990,44914 Morris Common Suite 064,Hamilton,ON,H7R 6H7,2025-10-07,Active
4601,John,Hayes,F,1976-12-04,49,davieskevin@example.net,804-310-5268,9141 Bryce Ferry,Brampton,ON,A3Y 6C4,2023-01-18,Active
4602,Angelica,Pugh,M,1988-06-05,37,fordcasey@example.com,353.868.7287,56739 Hayes Passage,Mississauga,ON,H2G 3K6,2024-03-22,Active
4603,Sharon,Morris,M,1964-08-26,61,vwagner@example.com,(448) 141-7220,644 Julia Shores Suite 386,Kingston,ON,E1P 2E5,2024-10-09,Active
4604,Matthew,Smith,F,1987-05-29,38,michaelmeadows@example.com,963-153-6030,36335 Nancy Crossing Suite 696,Richmond Hill,ON,N9L2A5,2025-07-05,Active
4605,Jared,Martinez,F,1978-12-17,47,njohnson@example.net,692.780.5088,6567 Donna Orchard,Oshawa,ON,E5K 6K2,2024-11-14,Active
4606,Laura,Gonzales,F,1982-04-08,43,deniseallison@example.net,887.670.1062,6434 Ryan Valleys,Burlington,ON,G5J 6C6,2022-06-29,Active
4607,Andrew,Moyer,M,1984-07-09,41,sherri74@example.net,+1 (924) 285-4006,1848 Hall Green Apt. 895,Kitchener,ON,H9L4V2,2025-01-17,Active
4608,Kimberly,Hicks,F,2000-01-19,25,chelseymartin@example.com,797.074.6324,973 Wayne Mount Suite 825,St. Catharines,ON,C8X 7E4,2025-10-11,Active
4609,Brent,Dorsey,F,1997-03-27,28,linda40@example.com,(545) 657-3057 x857,5507 Thomas Lodge,Toronto,ON,P5M4X8,2023-08-28,Active
4610,Jessica,Bridges,F,1998-01-31,27,leedennis@example.com,747 971 5593,67441 Estrada Mountains Suite 077,Barrie,ON,G7Y 9G9,2024-03-27,Active
4611,Anna,Levy,F,1997-02-07,28,staffordjohnny@example.com,+1 (295) 978-2938,2800 Margaret Field,Peterborough,ON,P3R3J5,2024-11-27,Active
4612,Nathan,Miller,M,1993-07-29,32,nrandall@example.org,1-163-048-9134,44288 Powell Road Suite 504,Niagara Falls,ON,G6V 4L2,2026-03-28,Active
4613,Valerie,Hall,M,2000-05-28,25,xtaylor@example.net,(192) 134-2988,740 Davis Extensions,Milton,ON,L1L1K6,2025-05-04,Active
4614,Phillip,Huffman,M,1965-03-21,60,hardinandrew@example.com,918-744-6076,1846 Flynn Roads,Peterborough,ON,P7H3E9,2022-01-09,Active
4615,Wendy,Strong,M,1991-05-26,34,smeyer@example.com,646-301-3158 x556,11448 Jamie Canyon,Waterloo,ON,L7J4X9,2026-06-25,Active
4616,Thomas,Barton,M,1994-02-03,31,colleen29@example.net,1-369-925-1085,099 Eric Junctions,Milton,ON,S2X 4H7,2025-02-24,Active
4617,Benjamin,Richards,F,1996-04-02,29,myang@example.com,268 674 3576,5045 Briana Keys Apt. 382,Ajax,ON,V3P6M3,2025-03-25,Active
4618,Angela,Serrano,F,1956-08-05,69,brittany87@example.com,610.955.1014,58809 Thomas Ville,Burlington,ON,C3B5P4,2025-01-29,Active
4619,Michael,White,M,1996-12-11,29,amandaanderson@example.net,784.012.8087,67666 Wolfe Shore,Kingston,ON,G3R 2R5,2023-03-25,Active
4620,Daniel,Montgomery,M,1983-02-07,42,jacobclay@example.com,(633) 892-1816,602 Danny Hollow Apt. 495,Kingston,ON,T6L6B3,2025-05-02,Active
4621,Michele,Smith,F,1996-08-15,29,darryl47@example.org,193-831-7036,233 Jeffrey Wall,Guelph,ON,G9R 2H4,2025-07-09,Active
4622,John,Brown,F,1958-05-18,67,mary67@example.org,1-576-523-5923,30667 Garza Light,Kitchener,ON,P6H7Y7,2022-07-01,Active
4623,Brenda,Reynolds,M,2000-10-12,25,smithlauren@example.org,354-830-1638 x386,225 Mcdowell Viaduct,Cambridge,ON,N5G7H8,2025-10-09,Active
4624,Brooke,Lynch,M,1975-11-08,50,mbell@example.net,753.318.0890,074 Larry Center,Sudbury,ON,E8M 6B7,2022-08-06,Active
4625,Ashley,Nash,M,1995-04-21,30,raymond38@example.net,1-159-738-4149,6356 Ashley Ville,Niagara Falls,ON,G4R1K2,2022-03-01,Active
4626,Derrick,Black,M,1957-12-04,68,ereid@example.net,(173) 409-6080 x856,3767 Victoria Locks,Barrie,ON,R8T 5C4,2025-02-13,Active
4627,Tracey,Miller,F,1980-04-15,45,andrew43@example.org,(489) 764-3859,67620 Lara View Apt. 684,Milton,ON,A5E5H9,2022-07-09,Active
4628,Ann,Guzman,M,1996-06-15,29,tmiller@example.com,835-765-7020,5501 Colleen Lodge Suite 510,Kingston,ON,X7N 1S9,2021-11-01,Active
4629,David,Rice,F,1978-04-26,47,walexander@example.com,1 (704) 688-9687,365 Lisa Plains Suite 694,Guelph,ON,A2A 1X4,2023-05-14,Active
4630,Daniel,Snyder,F,1989-01-16,36,lorigonzalez@example.org,(417) 204-4033,6823 Collin Plains Apt. 404,Richmond Hill,ON,J9H8S6,2025-12-02,Active
4631,Anthony,Hart,F,1971-10-14,54,angela96@example.com,179.233.5376,627 Gonzalez Avenue,St. Catharines,ON,Y6Y 1J5,2022-08-25,Active
4632,David,Taylor,M,2002-08-20,23,smithcynthia@example.net,179-666-6795 x975,4915 Mendoza Forge,Kingston,ON,A7N3A6,2026-06-01,Active
4633,Cindy,Phillips,M,1962-10-18,63,rjohnson@example.org,+1 (334) 307-2374,2474 Gutierrez Pines Apt. 571,Niagara Falls,ON,J3E5M6,2025-01-09,Active
4634,Laura,Mccarthy,M,2004-11-22,21,morganpittman@example.org,951-938-4584 x353,854 Daniels Coves,London,ON,L7B 9M4,2025-05-25,Active
4635,Daniel,Robbins,F,1991-12-19,34,usanders@example.org,1 (851) 428-4157,723 Gabrielle Parks Apt. 064,Kingston,ON,B8B3X9,2022-07-07,Active
4636,Thomas,Nunez,M,1979-07-03,46,terrychristina@example.com,(598) 091-9394,90425 Johnson Summit,Peterborough,ON,E8X2G6,2023-05-04,Active
4637,Julie,Knight,M,1990-10-24,35,amywilliams@example.com,(244) 352-7120,8813 Brett Park,Peterborough,ON,G7B6P6,2024-12-07,Active
4638,Bradley,Gray,F,1959-07-22,66,sheri18@example.org,(536) 313-1651,65920 Ricardo Points,Whitby,ON,M7T5X6,2023-05-21,Active
4639,Philip,Vasquez,F,1975-11-07,50,jonathan91@example.org,+1 (225) 773-3752,92628 Walter Villages,Kitchener,ON,K8N 5S2,2023-10-15,Active
4640,Gabriel,Obrien,F,2006-01-14,19,daviskaitlyn@example.com,(308) 395-1305,80070 Kimberly Fields Suite 729,Hamilton,ON,P6J 6C2,2024-03-10,Active
4641,Gabriel,Rosales,F,1965-05-17,60,jacob42@example.com,(355) 676-5731,06725 Teresa Expressway Suite 418,Niagara Falls,ON,R8H8N2,2022-04-05,Active
4642,Pamela,Bailey,F,1992-05-05,33,erin09@example.com,871-333-5535 x431,534 Mooney Fall,Vaughan,ON,S9J5C2,2024-03-25,Active
4643,Alexandria,Garcia,M,1973-10-29,52,markflynn@example.com,531-300-5103 x973,902 Murphy Rest,Brampton,ON,V4L 8B1,2025-12-25,Active
4644,Michael,Hernandez,M,1980-05-20,45,williamsjennifer@example.org,1-128-551-9053,660 Santos Mill Suite 893,Hamilton,ON,S5G9T9,2022-03-26,Active
4645,Jennifer,Price,F,1979-03-04,46,lynchmonica@example.net,446-379-9953,465 Hale Haven,Mississauga,ON,A7L 4B7,2023-10-06,Active
4646,David,Moore,M,2007-05-24,18,upowers@example.net,737.036.0544,6633 Russell Loop,Toronto,ON,J4S2H2,2025-04-06,Active
4647,Emily,Stephens,M,1961-02-18,64,ballrachel@example.org,258-145-6456,7074 Fleming Avenue Suite 862,Kitchener,ON,Y2T 2A6,2023-05-06,Active
4648,Hannah,Huffman,F,1990-10-19,35,branchlisa@example.com,189-926-2335 x497,02045 Randall Parkway Apt. 834,Peterborough,ON,R1V 2Y1,2026-01-18,Active
4649,Mariah,Scott,M,1968-10-09,57,ryanwoods@example.com,(569) 954-7799,1653 Zuniga Dale,Kitchener,ON,V7C9A9,2023-07-08,Active
4650,Steven,Lindsey,M,1974-06-28,51,eugene70@example.net,457.665.6610,3547 Adam Trail,Barrie,ON,J8E 4R9,2023-03-06,Active
4651,Susan,Adams,M,1962-01-08,64,melissa31@example.org,624.805.7118,66864 Hill Place Apt. 238,Cambridge,ON,B5G 5R4,2021-09-01,Active
4652,Kelly,Chavez,M,1958-08-31,67,danataylor@example.org,1 (961) 447-5408,14747 Neal Rapids Apt. 227,Sudbury,ON,X2K 2A7,2024-09-18,Active
4653,Ronnie,Mccoy,F,1958-12-25,67,virginia45@example.com,1 (571) 003-8036,0864 Gordon Vista Apt. 186,Windsor,ON,G8L5K7,2021-12-02,Active
4654,Cheryl,Baker,F,1956-10-16,69,penajose@example.org,668.830.5858,41594 Anderson Gardens Apt. 437,Guelph,ON,S6K 2A6,2024-10-20,Active
4655,Melissa,Phillips,M,1964-12-06,61,sheilanelson@example.org,1 (928) 114-5430,1299 Graham Port,Windsor,ON,N7X6E1,2024-10-31,Active
4656,Mark,Wilson,F,1962-07-04,63,randerson@example.org,769.794.9367,31250 Carter Place Apt. 085,London,ON,R6L 7K3,2021-09-23,Active
4657,Whitney,Martin,M,1980-07-27,45,christopher76@example.com,1 (945) 319-6872,286 Perez Wells,Milton,ON,S4J 5G3,2023-05-04,Active
4658,Misty,Russell,M,1985-09-14,40,glenn24@example.org,110-020-2653,807 Dale Coves Apt. 270,Peterborough,ON,T4K 8N2,2026-01-05,Active
4659,Stephanie,Smith,M,2001-05-23,24,garzaalan@example.com,453 565 0910,808 Molly Ridge Suite 161,London,ON,H1J 5B1,2021-09-09,Active
4660,Shari,Thompson,F,2000-09-17,25,uanderson@example.com,740 868 9076,5428 Margaret Prairie Apt. 310,Barrie,ON,G6L 9H4,2024-08-27,Active
4661,Megan,Mcdonald,F,1991-12-23,34,stephen99@example.org,597-184-6109,34225 Holder Walks,Oakville,ON,G5N 3E3,2024-06-16,Active
4662,Stephanie,Simon,F,1971-02-27,54,nathan61@example.net,1-975-682-2396,1618 Dixon Path,Windsor,ON,P2B7Y4,2021-12-18,Active
4663,Elizabeth,Allison,M,1994-10-25,31,mallory56@example.com,818-573-4404 x010,002 Holmes Rest,Niagara Falls,ON,S5Y8L9,2025-01-02,Active
4664,Dana,Lawrence,F,1983-11-09,42,rebecca14@example.org,1-458-931-7269,01195 Hines Alley Suite 617,Ajax,ON,P5M3J8,2023-07-31,Active
4665,Charles,Brown,M,1970-04-08,55,whitney08@example.net,(793) 278-9111,3043 James Estates Suite 721,Oshawa,ON,T9S6K4,2022-01-10,Active
4666,Adam,Gonzalez,M,1962-07-25,63,emily82@example.org,774.055.9430,9550 Andrews Spur Suite 319,Toronto,ON,J5R 2N9,2022-04-04,Active
4667,Veronica,Lowe,M,1998-11-10,27,bryantandrea@example.com,207-061-9872 x426,55728 Daniel Mill Apt. 480,Cambridge,ON,X4X9T1,2024-11-07,Active
4668,Randy,Carter,M,1965-03-21,60,leedaniel@example.com,132.176.7342,548 David Motorway Apt. 894,Peterborough,ON,Y3B 7S6,2022-10-07,Active
4669,Aaron,Schneider,F,1983-10-28,42,rogersamanda@example.net,(689) 041-1336 x253,07488 Jason Ville,Ajax,ON,J8J 8C1,2023-04-25,Active
4670,Victoria,Conner,F,1998-06-17,27,martinryan@example.com,658 544 2852,37642 Aguilar Pike,Niagara Falls,ON,J4M5E2,2026-03-21,Active
4671,Angela,Hardy,F,1996-12-05,29,alexanderkimberly@example.net,1-828-337-5264,177 Morrison Manor,Cambridge,ON,T2P2K1,2022-02-06,Active
4672,John,Wright,M,1977-09-10,48,paynekelly@example.net,290 738 0660,20173 Reyes Camp,Niagara Falls,ON,L9N6B3,2024-01-15,Active
4673,Shane,Landry,M,1962-02-05,63,fjohnson@example.net,+1 (469) 496-9614,23731 Friedman Skyway,Burlington,ON,R8M7J7,2022-03-04,Active
4674,Sherri,Phillips,F,2005-08-21,20,joshuajordan@example.org,1 (280) 379-7533,038 Jones Summit Suite 817,Barrie,ON,S2L6T8,2021-12-09,Active
4675,Brooke,Carney,F,2005-11-15,20,haleycarson@example.com,(712) 929-2311 x092,7902 Schwartz Manor Suite 823,Sudbury,ON,T1S5K2,2022-03-31,Active
4676,Matthew,Smith,M,1968-06-18,57,javiermoss@example.com,(357) 489-7658,630 Bennett Extension Suite 768,Peterborough,ON,C7K1G3,2023-05-14,Active
4677,Robert,Ortiz,M,1964-08-17,61,garnerbrandon@example.net,(755) 306-3703 x258,0646 Susan Garden Suite 510,Guelph,ON,R7X 3E1,2022-03-14,Active
4678,Garrett,Morris,F,1966-01-24,59,levythomas@example.com,909.019.0031,549 House View Suite 140,Windsor,ON,X6P 2E1,2025-09-19,Active
4679,Anthony,Frazier,F,1986-03-27,39,xrobinson@example.org,1-797-484-9243,00823 Jones Manors Suite 527,Cambridge,ON,E6K1S4,2023-12-05,Active
4680,Garrett,Thornton,M,1986-07-06,39,dustin04@example.net,547-060-5873,4133 Stephanie Land Apt. 709,Richmond Hill,ON,G1Y8B9,2024-02-11,Active
4681,Karen,Williams,M,2003-05-29,22,courtneyfigueroa@example.com,664.075.1600,9296 Myers Plain,Oakville,ON,G9H9E5,2023-10-07,Active
4682,Sharon,Gill,M,1968-11-05,57,maytimothy@example.com,1-219-701-1834,6216 Jordan Unions,Peterborough,ON,N1E8C2,2025-07-07,Active
4683,James,Garcia,M,1967-08-24,58,felicia07@example.net,+1 (479) 548-1024,16562 Obrien Via,Waterloo,ON,H6P3R9,2023-08-22,Active
4684,Matthew,Garcia,F,2008-01-09,17,jalexander@example.org,1-430-325-2358,40888 Emma Junction,Oshawa,ON,K1K 3B4,2025-06-23,Active
4685,John,Johnson,M,2007-08-02,18,ymorgan@example.org,1 (609) 925-3933,11171 Cruz Lights,Richmond Hill,ON,H9H 4H4,2024-06-12,Active
4686,Zachary,Jones,M,1991-10-10,34,copelandbrianna@example.net,624-624-2406 x783,1822 Lopez Forges Apt. 414,Oakville,ON,K6Y8V5,2023-01-14,Active
4687,Thomas,Smith,F,1984-12-19,41,wendycampos@example.com,316 924 4881,7544 Maxwell Mountains,Milton,ON,M2M7A8,2022-07-09,Active
4688,Karen,Armstrong,M,1963-08-18,62,yvonnesmith@example.com,879 592 4089,3885 John Court Apt. 466,St. Catharines,ON,L6L 1P9,2023-04-25,Active
4689,Michael,Martin,M,2006-05-05,19,rachel75@example.net,(512) 342-8260,07185 Cameron Burgs Suite 211,Sudbury,ON,V2L3K1,2023-03-12,Active
4690,Marc,Robbins,M,2004-10-11,21,cliffordkelley@example.com,954.206.0667,2923 James Via,St. Catharines,ON,M2X2A3,2022-12-25,Active
4691,Charles,Casey,F,1982-12-09,43,patrick38@example.net,915-166-7316,19419 William Spur,Ajax,ON,R5A 5A8,2026-05-24,Active
4692,Curtis,Freeman,F,1963-05-07,62,steven62@example.org,745-363-9524,5453 Kristin Burgs Suite 449,Guelph,ON,G7N 2E7,2022-11-18,Active
4693,Robert,Gill,F,2006-08-31,19,bradleydrake@example.net,1-995-009-3176,7972 Roberts Route Suite 039,Windsor,ON,P7K 9K9,2024-01-14,Active
4694,Sarah,Palmer,M,2000-11-17,25,jonathan80@example.org,+1 (543) 482-5310,069 Kayla Turnpike,Kitchener,ON,P9L8V2,2026-05-05,Active
4695,Mary,Perkins,M,1965-04-29,60,curryann@example.com,(619) 463-3006,4871 George Harbors,Cambridge,ON,B5S 7T3,2022-02-25,Active
4696,Arthur,Patterson,F,2006-01-23,19,qlittle@example.com,(278) 155-7957 x783,0418 Brooks Extensions,Brampton,ON,G9N7B8,2025-09-05,Active
4697,Kristen,Johnson,F,1988-03-02,37,scott82@example.org,244.347.9463,835 Spencer Parkways,Peterborough,ON,M7R8H4,2022-08-25,Active
4698,Rachael,Morgan,F,1996-03-03,29,jeremy26@example.org,+1 (670) 211-3010,02173 Michael Courts,Burlington,ON,G7K8K5,2025-02-18,Active
4699,Anna,Johnson,F,1978-08-23,47,nixonbenjamin@example.net,+1 (905) 061-2255,5197 Kirk Villages Suite 903,Kitchener,ON,K8N9K6,2025-08-18,Active
4700,Brenda,Simpson,M,2003-03-09,22,scampbell@example.com,268-650-0017,4997 Anne Burg Suite 545,Mississauga,ON,S9B 3V5,2025-06-14,Active
4701,Claire,Klein,M,1961-11-18,64,gregory56@example.org,773.192.8340,32104 Christopher Gardens,Oshawa,ON,A7M4G1,2024-10-09,Active
4702,Seth,Holland,M,1971-02-05,54,aclarke@example.com,+1 (723) 898-4363,5938 Snyder Locks,Oakville,ON,R5J6P3,2022-10-25,Active
4703,Thomas,Davidson,F,2005-03-30,20,zschmidt@example.org,(820) 617-2072 x035,6344 Jamie Forge,Kingston,ON,M1E7J5,2023-02-28,Active
4704,Sabrina,Cruz,F,2008-03-19,17,elizabeth34@example.net,1-317-315-6112,521 Jacob Brook,Milton,ON,X5S3A5,2024-06-09,Active
4705,Jonathan,Phillips,M,1963-12-07,62,coliver@example.com,(941) 274-3382 x349,79492 Ryan Pines Suite 572,Brampton,ON,V6E5B1,2021-08-14,Active
4706,Nicholas,Lucero,M,1975-07-25,50,ericadominguez@example.com,298-463-6652 x255,133 Ruth Lights,Whitby,ON,M5J 9G5,2026-03-27,Active
4707,Cynthia,Meyers,F,2005-12-17,20,leslieknight@example.com,897-169-8250,76138 Phillips Route,Oakville,ON,M7M9P2,2023-08-16,Active
4708,Robert,Rogers,F,1966-01-22,59,barbarafreeman@example.org,454 239 7986,798 Price Groves Apt. 850,London,ON,T8J7K2,2022-07-19,Active
4709,Brian,Woods,M,2002-07-02,23,uflores@example.net,952 670 4943,6164 Jessica Mountains,Oshawa,ON,V4G 1B8,2024-08-22,Active
4710,Jon,Young,M,1959-07-05,66,hernandezbrenda@example.org,+1 (499) 304-2099,794 Pitts Vista,Windsor,ON,Y2V5B9,2022-01-27,Active
4711,Chris,Navarro,M,1996-03-07,29,mary06@example.com,(925) 166-7682,86952 Peter Stravenue,Markham,ON,K9Y2H8,2026-02-03,Active
4712,David,Jackson,F,1964-07-22,61,hartlori@example.net,1-304-628-5101,2220 Jonathan Shoals,Windsor,ON,E9J9P3,2023-03-20,Active
4713,Daniel,Harrington,F,1979-12-09,46,swright@example.org,1 (319) 947-8764,590 Lynch Forks Apt. 379,Hamilton,ON,N9R 5T4,2024-10-30,Active
4714,Mia,Anderson,M,1966-03-11,59,baldwinphillip@example.net,1 (582) 048-5017,52163 Baldwin Course Apt. 023,Windsor,ON,M9V7X1,2022-07-01,Active
4715,Richard,Mills,M,1961-05-02,64,george72@example.net,452-094-8852,879 Vargas Mall,Richmond Hill,ON,G6Y5Y4,2021-09-20,Active
4716,Stephanie,Parker,F,1973-07-14,52,qgibson@example.com,(268) 231-8014 x216,67086 Phillips Course,Richmond Hill,ON,H3Y3M6,2023-01-15,Active
4717,Morgan,Riddle,F,1963-02-08,62,margaret08@example.com,1-335-828-2371,4256 Ortiz Ville,London,ON,K8X9H3,2026-06-27,Active
4718,Danielle,Williams,M,1962-09-21,63,lcarter@example.org,1-165-093-9520,44689 John Walks,Sudbury,ON,E5Y5X5,2026-06-20,Active
4719,Angela,Bowen,M,1994-12-27,31,idyer@example.org,1-405-635-6218,470 Lisa Via Apt. 438,Kitchener,ON,H1G7B6,2024-02-27,Active
4720,Kristina,English,M,1988-03-24,37,betty07@example.org,(922) 690-9669 x521,048 Thomas Plains,Richmond Hill,ON,T9T 6K8,2024-06-12,Active
4721,Michelle,Bautista,M,1967-01-31,58,sara86@example.org,1 (763) 517-0601,85929 Brown Plaza Apt. 578,Cambridge,ON,N1C 8L5,2025-08-17,Active
4722,Vincent,Burnett,M,1986-04-25,39,ebrown@example.org,284.159.2496,92017 Jordan Fort Apt. 335,Vaughan,ON,V9M 8A5,2024-05-31,Active
4723,Julian,Mcdowell,F,1964-01-25,61,rebeccawilliams@example.net,+1 (374) 786-8903,86042 Erica Throughway Apt. 512,Peterborough,ON,V5X7K9,2026-02-09,Active
4724,Steven,Vaughn,M,1958-05-14,67,smithjacqueline@example.com,1 (494) 813-9777,6081 Oneal Stravenue,Cambridge,ON,Y7C6E2,2022-03-24,Active
4725,David,Smith,M,1971-05-06,54,mooremegan@example.com,1-552-211-1245,297 Harper Ramp,Markham,ON,C8N 2S3,2021-12-01,Active
4726,Dennis,Travis,F,1964-06-19,61,mhernandez@example.net,+1 (797) 008-7204,68272 Lopez Fields,Mississauga,ON,E4C3J4,2025-10-05,Active
4727,Melinda,Anderson,M,1982-07-02,43,stewartlogan@example.com,187.243.3879,52891 Kidd Shore Apt. 036,St. Catharines,ON,E4J 1P6,2025-10-16,Active
4728,Kyle,Lang,F,1980-05-17,45,dchen@example.org,315-245-5335,4567 Alvarado Groves Apt. 639,Waterloo,ON,G1P 3A5,2023-10-15,Active
4729,Gregory,Martin,M,1972-09-30,53,nicole69@example.net,1-990-680-6192,73416 Nguyen Fall Apt. 275,Waterloo,ON,X3B 9S2,2026-07-27,Active
4730,Zachary,Howard,M,1962-06-16,63,karenmanning@example.com,1-266-041-9472,87079 Cook Road Apt. 061,Brampton,ON,P5P8A7,2022-08-21,Active
4731,Nicole,Patterson,M,1986-12-08,39,charlesbennett@example.org,1-759-637-8206,725 Stein Course Apt. 119,Guelph,ON,C1B 9B5,2021-08-21,Active
4732,Luis,Dyer,F,1959-10-20,66,hmorales@example.net,(290) 845-5531 x789,5532 Norman Station Suite 047,Toronto,ON,B4L2R4,2022-01-23,Active
4733,Misty,Lane,M,1959-02-22,66,michael65@example.org,648 284 3866,86457 Emily Road,Kitchener,ON,R2N8J1,2024-11-23,Active
4734,David,Franklin,M,1979-06-13,46,lharrell@example.org,1 (405) 700-6935,03836 Kristen Stream,Waterloo,ON,Y6G 1H3,2024-06-07,Active
4735,Michael,Fernandez,M,1956-08-15,69,rowens@example.net,(989) 850-8425,3418 William Ramp Apt. 800,Richmond Hill,ON,X5B4R8,2021-10-22,Active
4736,Juan,White,M,1967-07-13,58,hkelly@example.com,342 222 0351,15414 Coleman Estates Suite 340,Burlington,ON,A3G6G1,2023-06-16,Active
4737,Matthew,Novak,F,1986-08-28,39,bquinn@example.net,1-245-114-1086,36866 Parker Burgs,Mississauga,ON,X4C7X6,2026-07-31,Active
4738,Jenna,Larson,M,2003-05-03,22,mbrown@example.com,(175) 090-0253,8283 Brett Locks,Ajax,ON,L7P 4V3,2021-09-14,Active
4739,Jessica,George,F,1956-11-10,69,stephaniehouston@example.org,597 855 4386,546 Francisco Mountain Apt. 962,Kingston,ON,J6R7T6,2023-06-09,Active
4740,Catherine,Mendoza,M,2007-10-22,18,qortiz@example.net,(571) 337-5558 x498,9871 Melissa Gateway Suite 752,Whitby,ON,N2E9Y2,2025-05-31,Active
4741,Pamela,Wells,M,1971-09-28,54,peter30@example.net,1-462-727-9950,1202 Allison Fort Apt. 651,Markham,ON,J5J 1C6,2026-05-07,Active
4742,Cody,Kelly,F,1974-12-23,51,svillanueva@example.com,851.150.1980,5955 Greene Corners Apt. 370,Whitby,ON,E8Y 2G2,2025-07-10,Active
4743,Caroline,Miller,M,1962-07-04,63,louis62@example.net,(233) 672-5306,02471 Scott Oval,Guelph,ON,E7E 8J4,2026-01-30,Active
4744,Amanda,Flowers,M,2007-11-03,18,wrightkristina@example.org,145-259-5111 x659,12467 Joseph Forest Suite 997,Waterloo,ON,G6J1A9,2026-03-28,Active
4745,Emily,Faulkner,F,2006-11-30,19,joelmartin@example.com,1 (841) 486-4439,44654 Jonathon Centers Suite 387,Hamilton,ON,K8R9Y6,2023-06-12,Active
4746,Matthew,Knight,M,1995-12-25,30,hfernandez@example.net,930.792.8985,424 Washington Stravenue,Kingston,ON,S7J8B2,2022-02-12,Active
4747,Amy,Aguirre,F,2008-01-13,17,lrogers@example.com,1-907-174-2842,544 Michele Cliff,Toronto,ON,X3B9K8,2023-12-09,Active
4748,Jon,Johnson,F,1960-03-23,65,lindseyrandy@example.com,+1 (174) 350-0560,6991 Regina Springs Suite 344,Vaughan,ON,X4L8N9,2021-12-06,Active
4749,Maria,Cross,F,1980-01-09,46,elizabeth06@example.com,889-888-9929 x059,1320 Daniel Drive Apt. 168,Toronto,ON,A5B 8Y9,2023-11-22,Active
4750,Isaac,Sanders,F,1978-10-18,47,andrewlamb@example.net,+1 (479) 742-5001,9032 Kelly Terrace,Kitchener,ON,C3E1T7,2024-07-04,Active
4751,Holly,Jones,M,1975-03-20,50,miranda56@example.com,1-657-548-9470,9393 Lewis Motorway,Waterloo,ON,Y9L3L2,2025-11-05,Active
4752,Alexander,Reynolds,F,2008-06-24,17,dsmith@example.com,(628) 140-1313 x031,61282 West Plains,Richmond Hill,ON,R5S4K8,2023-05-14,Active
4753,Samantha,Love,F,1991-10-20,34,priscillacurry@example.net,168.969.9921,382 Alexandria Plain Suite 639,Vaughan,ON,L8C 1A5,2025-07-02,Active
4754,Walter,Goodwin,M,1992-12-08,33,michellegordon@example.org,(745) 489-0154 x840,1256 Cameron Rapids Suite 002,Mississauga,ON,B3L4H4,2022-09-10,Active
4755,Wendy,Howard,F,1990-07-26,35,vanessajones@example.net,900.549.6412,0258 Thomas Keys Suite 562,Kitchener,ON,B3H1M3,2024-10-22,Active
4756,Jared,Hart,F,1975-06-23,50,lauren44@example.org,1 (330) 768-6311,87086 Lopez Loaf Apt. 569,Barrie,ON,B3L 1C5,2022-06-10,Active
4757,Alan,Miller,M,1975-11-03,50,nicholas21@example.org,170-096-8477 x106,441 Nicholas Square Suite 410,Hamilton,ON,J9H 8J1,2022-07-24,Active
4758,Shelby,Davenport,M,1969-08-26,56,qwong@example.com,980-111-4259 x369,729 Pierce Falls,Oshawa,ON,R8R 3R1,2022-12-31,Active
4759,Gary,Williams,F,2003-05-16,22,leemike@example.com,1-749-226-8481,250 Allison Courts,Markham,ON,G2X 2J2,2025-03-24,Active
4760,Joseph,Heath,F,1964-02-27,61,ybeasley@example.com,943 043 0380,512 Richard Junction,Vaughan,ON,K8L 2H7,2024-05-06,Active
4761,Carl,Sims,M,1960-03-10,65,lmartinez@example.com,123-541-1436,30056 Ronald Turnpike Apt. 716,Richmond Hill,ON,P3A 1G9,2024-04-09,Active
4762,Maria,West,M,1963-12-21,62,stephaniedoyle@example.net,1-700-703-7136,18316 Scott Canyon Suite 236,Kingston,ON,C5G 2V2,2026-04-22,Active
4763,Angela,Gray,F,1987-09-20,38,nnelson@example.com,1-134-084-1834,490 Robert Roads Suite 096,Vaughan,ON,H4Y 6K2,2025-06-25,Active
4764,Mary,Porter,F,1998-11-12,27,richard21@example.net,494 972 2234,553 Lopez Spur Apt. 600,Richmond Hill,ON,G3K 3Y4,2022-12-16,Active
4765,Julie,Walters,F,2005-11-07,20,eric40@example.net,+1 (646) 467-9146,57175 Hardin Lights Apt. 056,Brampton,ON,B7V 9A1,2022-07-04,Active
4766,Adrian,Guzman,F,1965-11-09,60,selena12@example.org,1 (487) 602-1928,98838 Kenneth Gardens Suite 497,Toronto,ON,S9G 3M3,2024-11-25,Active
4767,Allison,Bean,M,1993-09-29,32,nancy86@example.com,(200) 484-0281 x340,496 Vargas Pass,Peterborough,ON,T1E3C6,2025-04-05,Active
4768,Peter,Moore,M,2007-12-10,18,justin00@example.org,(511) 058-2845,714 Brittany Hills Apt. 746,Ajax,ON,V2G 6V5,2026-06-24,Active
4769,Tony,Sanchez,M,1983-05-12,42,leewillis@example.org,+1 (937) 434-1428,984 Evan Knolls Suite 349,Waterloo,ON,G6R3Y8,2024-08-31,Active
4770,Jason,Johnson,M,1977-01-30,48,cprice@example.org,(749) 666-0044 x953,87074 Daniel Manor,Markham,ON,P4P1N9,2024-08-15,Active
4771,Anthony,Moon,M,1969-01-27,56,hwallace@example.org,1 (663) 193-7395,9648 Ashley Vista Suite 848,Barrie,ON,B1A 4L8,2021-11-19,Active
4772,Katie,Bennett,F,2002-07-30,23,grantveronica@example.org,(371) 534-6742 x736,78009 Alvarez Forest,Burlington,ON,X6R 6E3,2026-01-25,Active
4773,Jesus,Martin,M,1979-08-20,46,joshua71@example.org,189.127.2612,12800 Joshua Light Suite 818,St. Catharines,ON,J9B3J8,2026-03-29,Active
4774,Veronica,Marquez,M,2004-05-27,21,kimjuan@example.net,(832) 614-5218 x919,603 Richard Forge,Markham,ON,S3N4S4,2021-10-07,Active
4775,Jose,Bass,M,1987-08-10,38,johnsonjoseph@example.net,1-444-312-1542,681 Burns Greens Apt. 717,Mississauga,ON,K5Y 7K6,2023-03-04,Active
4776,Juan,Moore,F,1972-11-04,53,jpeterson@example.com,(943) 509-8756,2333 Martin Isle Suite 975,Sudbury,ON,X8H 3E5,2024-08-13,Active
4777,Christine,Carroll,M,1958-06-11,67,martinbenjamin@example.com,540-015-7504 x224,4895 Jennifer Mills Suite 674,Barrie,ON,A5L 2H5,2022-06-28,Active
4778,Helen,Casey,F,1979-10-02,46,martinjose@example.org,156.324.0851,7156 Robinson Parkways,London,ON,Y5R 4Y5,2026-06-15,Active
4779,Dawn,Miranda,M,1989-10-17,36,melissajones@example.com,(894) 860-8758,0308 Williams Villages,Kitchener,ON,J5L2C1,2022-11-28,Active
4780,Robert,Cohen,F,1986-06-11,39,michaelvargas@example.com,654.485.2068,21089 Jeanne Ports,Waterloo,ON,A3T3R4,2023-03-06,Active
4781,Thomas,Bradford,F,1993-03-05,32,rubenstewart@example.com,542.251.3528,55782 Lori Cliffs Apt. 787,Burlington,ON,H7S9G8,2022-11-12,Active
4782,Bryan,Evans,F,1979-01-23,46,lbrennan@example.com,792 472 4200,89345 Romero Oval,London,ON,G9G7N6,2023-06-21,Active
4783,Alyssa,Pearson,M,1995-05-18,30,berrykeith@example.org,(461) 051-2672,103 Robert Mountains Apt. 371,Kingston,ON,N3A 5N8,2023-07-19,Active
4784,Jeffrey,Allen,F,1969-09-03,56,ahughes@example.com,1 (605) 470-9619,9752 Smith Centers,Ajax,ON,P3G 9J8,2023-07-09,Active
4785,Kenneth,Evans,F,1966-10-27,59,jessicaward@example.org,1-822-080-7397,477 Davis Roads Apt. 030,Vaughan,ON,E7G9P5,2024-12-21,Active
4786,Gary,Mann,M,2000-09-09,25,craigbell@example.org,185.346.4663,1340 Wells Roads,St. Catharines,ON,B5L7N6,2025-07-21,Active
4787,Jennifer,Wilkins,F,1979-12-19,46,arnoldmichael@example.com,972.336.6143,8578 Murillo Causeway,Waterloo,ON,N1C 3M7,2021-11-03,Active
4788,Tyler,Schroeder,M,1995-04-09,30,rebecca97@example.org,1 (976) 991-9382,9047 Rebecca Inlet,Kingston,ON,K9H 9A8,2025-08-09,Active
4789,Edward,Hampton,M,1994-12-15,31,yhansen@example.net,+1 (608) 889-8888,4699 Lance Course Suite 474,Kitchener,ON,R9X5M3,2025-04-14,Active
4790,Michelle,Watts,M,1959-05-29,66,lori46@example.org,100-850-9404 x931,62295 Meyer Vista,Richmond Hill,ON,M1S4C1,2022-10-22,Active
4791,Katie,Sullivan,M,1992-02-03,33,davidorozco@example.com,550.739.2685,57358 Bishop Drive,Richmond Hill,ON,X6C 1R9,2025-09-24,Active
4792,Collin,Johnson,F,1996-11-10,29,tmalone@example.org,(436) 118-7577,168 Ronald Streets,Markham,ON,G5S7N6,2024-12-14,Active
4793,Lori,Phelps,F,1983-08-24,42,wwilliams@example.org,+1 (993) 383-3298,9056 Warren Mount Suite 053,Ajax,ON,L5C 5T3,2023-10-16,Active
4794,Christina,Peterson,F,1987-12-29,38,ryanvazquez@example.com,165 109 7988,750 James Dam,Windsor,ON,M8Y6L4,2024-04-26,Active
4795,Meghan,Robinson,M,1970-01-07,56,christopher60@example.org,1 (218) 510-5927,68618 Phillips Motorway,Vaughan,ON,G3J 9Y5,2024-02-18,Active
4796,Veronica,Moore,F,1991-07-07,34,daniel55@example.com,823 952 7216,60581 Parker Brook Apt. 921,Brampton,ON,H5J 1C5,2024-03-01,Active
4797,Jack,Williams,M,1984-12-19,41,joshua32@example.com,+1 (442) 086-1673,9375 Ricardo Centers,Brampton,ON,T8V7J4,2022-05-27,Active
4798,Danielle,Flynn,M,1961-09-28,64,aharding@example.org,1 (191) 732-5432,456 Johnson Alley Suite 862,Mississauga,ON,C3R 2G2,2025-02-20,Active
4799,Robin,Jones,M,1974-07-02,51,pagestephen@example.org,1-938-212-5001,171 Jones Course,Kitchener,ON,B9Y 9N6,2026-04-24,Active
4800,Nicholas,Booth,M,2005-03-26,20,nancymorrison@example.com,1 (216) 232-4056,3317 Harris Groves,Brampton,ON,E8G 1X1,2022-04-07,Active
4801,Brittany,Zimmerman,M,1977-11-26,48,russellelliott@example.org,136-213-2967,3619 Lisa Rest Apt. 643,Niagara Falls,ON,L9X5A2,2025-06-06,Active
4802,Katrina,Kemp,M,1997-04-18,28,tvaughan@example.org,+1 (863) 589-7733,44273 Vincent Vista Apt. 213,Waterloo,ON,T6P 4Y2,2023-08-03,Active
4803,John,Higgins,F,1999-12-21,26,watsonkevin@example.org,885 961 4218,446 Elliott Cliff Suite 702,Guelph,ON,T9J7R6,2022-06-27,Active
4804,Joseph,Fritz,M,1989-07-24,36,qturner@example.net,1-115-214-8159,9006 White Stravenue Suite 359,Barrie,ON,X7R 8T1,2024-07-10,Active
4805,Jessica,Ross,M,1978-05-11,47,freyes@example.com,350 585 0292,92495 Taylor Pines Suite 614,Burlington,ON,H7L 6X6,2025-02-15,Active
4806,Daniel,Cook,F,1961-05-07,64,adriansnyder@example.com,466-787-5227,2948 Mcconnell Ports,Waterloo,ON,A8G3J1,2022-04-20,Active
4807,Edward,Hill,M,1960-03-21,65,brandonharvey@example.org,702 173 7188,660 Michael Corner,Windsor,ON,R7V8S9,2025-09-12,Active
4808,Carla,Beck,F,1978-03-30,47,carolbenson@example.net,621.805.1174,76277 James Radial,Barrie,ON,J8E8N3,2026-04-12,Active
4809,Jamie,Castaneda,F,1986-07-29,39,heatherramirez@example.net,394.429.5120,412 Tony Inlet,Niagara Falls,ON,K7K1N3,2023-11-21,Active
4810,Joseph,Yang,M,1967-03-12,58,garciaisabella@example.org,353 021 3558,8047 Jessica Fields Suite 123,Vaughan,ON,L5P 8G5,2022-04-27,Active
4811,Anthony,Maddox,F,2001-12-20,24,kristinatate@example.com,247-025-8601,95698 Maria Camp Apt. 977,Oshawa,ON,N2T2R8,2023-02-14,Active
4812,Rachel,Schneider,F,1974-11-06,51,james24@example.net,201.278.1652,922 Jessica Course Apt. 179,Brampton,ON,Y2C5X4,2024-09-26,Active
4813,Shirley,Johnson,F,2003-01-21,22,michaelwilliams@example.org,861.713.1876,4547 Gonzalez Fields,Peterborough,ON,M3T 2X4,2022-08-20,Active
4814,Mary,Gray,F,1997-09-28,28,osmith@example.net,870 407 3081,8320 Rhonda Mission,Windsor,ON,G3N 4X7,2024-04-10,Active
4815,John,Carlson,F,2005-12-05,20,victorparker@example.com,176-732-5108,68534 Evelyn Village Suite 522,Cambridge,ON,N7X4K3,2026-04-19,Active
4816,Leslie,Wilson,F,1971-06-14,54,huffmandonald@example.com,1-852-603-8161,82324 Jones Way,Ajax,ON,M6H9J8,2025-11-20,Active
4817,Lisa,Lopez,M,1992-02-01,33,osmith@example.com,+1 (161) 724-1522,8879 Wilson Plaza Apt. 881,St. Catharines,ON,X1K 2M4,2026-07-08,Active
4818,Krystal,Torres,M,1983-12-30,42,farroyo@example.org,1 (900) 133-4755,095 Patel Ports Suite 171,Milton,ON,H9C2G4,2024-10-14,Active
4819,Christian,Tyler,F,1997-11-20,28,xwilliams@example.org,1-810-619-2187,72424 Roberts Ports Suite 650,St. Catharines,ON,B8H5A6,2024-01-17,Active
4820,Jamie,Thomas,M,2004-09-16,21,flynnjamie@example.org,808-360-6312 x991,998 Stuart Drives Apt. 511,Guelph,ON,C2M 3R8,2025-01-17,Active
4821,Aaron,Poole,F,1970-02-16,55,stuartjamie@example.net,(431) 590-5747 x025,3699 Steve Underpass,St. Catharines,ON,V4Y1S6,2025-08-03,Active
4822,Bryan,Rivera,M,1983-01-19,42,gilbertjames@example.org,831 871 9740,873 Michael Glen Apt. 024,Markham,ON,C9G8T1,2022-11-16,Active
4823,Bryan,Olson,M,1981-12-08,44,lalexander@example.com,(335) 180-0126 x236,20512 Allen Shores,Whitby,ON,P9H3Y4,2021-09-21,Active
4824,Bruce,Contreras,F,1958-01-12,68,lorifuller@example.org,+1 (784) 935-7853,31295 David Heights,Oshawa,ON,E5Y8H6,2022-03-05,Active
4825,Briana,Lee,F,1999-04-01,26,wanda99@example.com,330.322.5802,5243 Smith Junction Apt. 271,Cambridge,ON,P7T 4R9,2026-06-27,Active
4826,Erica,Raymond,F,1966-04-04,59,austindrake@example.com,782-930-5455 x427,762 Terry Plains Suite 169,Cambridge,ON,X5R 6E9,2025-02-26,Active
4827,Brandon,Jordan,F,2002-10-16,23,sarahforbes@example.net,686 646 3194,48633 Jamie Bridge Apt. 654,Peterborough,ON,P5R1N4,2024-04-06,Active
4828,Paula,Cox,F,1962-04-05,63,lindajohnson@example.net,(535) 265-4920,12374 Thomas Common Suite 121,Brampton,ON,N7A2K1,2024-05-23,Active
4829,Susan,Chung,F,1965-06-05,60,brandon40@example.org,(786) 136-7578,65467 Samantha Cliffs Apt. 898,London,ON,A4H 4L4,2023-03-05,Active
4830,Christina,Salinas,M,1989-12-24,36,padkins@example.com,583-979-9807,8581 Patterson Crescent Apt. 506,Kitchener,ON,P8Y 2E8,2024-12-15,Active
4831,Kimberly,Brown,M,1965-04-21,60,yjacobs@example.com,294 410 5560,092 Jeremiah Spur,Kitchener,ON,B3N 6R9,2021-12-06,Active
4832,Michael,Summers,F,1965-03-01,60,hmueller@example.net,(533) 209-5170,647 Shannon Route Suite 286,Toronto,ON,H7X3A4,2024-05-01,Active
4833,Valerie,Bullock,F,1970-05-04,55,randallmiller@example.net,(723) 762-5321 x035,96659 Olson Drive Apt. 007,Milton,ON,S9G 7A2,2025-05-02,Active
4834,Brett,Ortiz,F,1983-06-30,42,kenneth10@example.org,1 (652) 407-5833,7278 Joshua Ridge,Guelph,ON,R4J 8G6,2026-05-14,Active
4835,Michele,Moreno,F,1996-08-13,29,jdoyle@example.net,(427) 593-8520,31072 West Orchard Apt. 021,Burlington,ON,Y4B5M8,2021-10-20,Active
4836,Eric,Evans,F,1996-01-11,29,patriciamartin@example.net,485 002 5331,61097 Thomas Centers,Peterborough,ON,E6R1B9,2026-05-06,Active
4837,Shawn,Lane,M,2003-08-18,22,ssantiago@example.net,(925) 752-2386 x596,4333 Emily Extensions,Barrie,ON,H3Y9G7,2023-02-26,Active
4838,Brianna,Mullins,M,1982-07-09,43,christinasmith@example.com,977.322.0003,759 Tapia Fork Apt. 213,Guelph,ON,X2C 4H8,2022-09-17,Active
4839,Joshua,Warren,F,1974-11-21,51,tiffany81@example.org,1-641-079-6826,3320 Garcia Road Apt. 974,Hamilton,ON,G1Y 6L1,2026-04-03,Active
4840,Patrick,Martinez,M,1974-04-02,51,stephenoliver@example.com,181-025-7884 x238,5727 Neal Street,Niagara Falls,ON,X4G 5T3,2022-05-26,Active
4841,Leonard,Adams,F,1988-10-28,37,collierbarbara@example.com,715 123 8809,22215 Williams Mission,Kitchener,ON,C2M 2B2,2025-03-27,Active
4842,Sara,Dunn,F,1995-05-20,30,hernandezerin@example.org,290-661-4936 x074,194 Troy Neck Suite 567,Oshawa,ON,M7N 7E4,2022-01-12,Active
4843,Joseph,White,F,1956-12-12,69,floreslori@example.com,542 697 4966,0311 Snyder Plains,Ajax,ON,M2L 9P6,2025-10-22,Active
4844,Christopher,Jones,F,1984-10-11,41,dylan33@example.net,1-142-876-1615,415 Matthew Fork,Vaughan,ON,A9T8A1,2022-12-05,Active
4845,Jeffrey,Bryan,M,1981-01-25,44,audreymurphy@example.org,(643) 882-1707,1633 Perez Throughway,Oakville,ON,B8B2L5,2021-08-29,Active
4846,Kenneth,Phillips,F,1973-11-11,52,david60@example.org,672-286-8319 x604,185 Kelly Plaza,Vaughan,ON,A1B 7V3,2022-12-12,Active
4847,Renee,Lucero,M,1987-12-16,38,laurenparker@example.org,(473) 318-5908 x846,5597 Moss Divide Apt. 519,Guelph,ON,S5G7A8,2022-06-23,Active
4848,Jasmine,Boyer,F,1997-12-08,28,schmittrachel@example.org,113 829 2559,064 Michelle Landing Suite 949,Waterloo,ON,E5C8M1,2021-11-02,Active
4849,Melissa,Silva,F,1995-05-26,30,xelliott@example.org,398 216 2346,568 Baldwin Knoll Suite 623,Mississauga,ON,A3P 3T8,2022-03-27,Active
4850,Erin,Le,M,1963-10-15,62,waltergriffin@example.org,+1 (170) 102-1381,0402 Diane Landing,Vaughan,ON,K7J6R4,2025-09-02,Active
4851,Daisy,Woods,M,1967-10-04,58,brenda58@example.org,(877) 277-2711 x605,5428 Cole Freeway,Oakville,ON,L3E1E4,2022-02-13,Active
4852,Christopher,Mcdonald,F,1963-04-18,62,gregorynguyen@example.org,(582) 658-1609,43148 David Creek,Oshawa,ON,N6V 2N3,2026-07-06,Active
4853,Charles,Obrien,M,1977-01-12,49,alyssarobles@example.com,1 (124) 535-7167,920 Phyllis Grove,Richmond Hill,ON,T7A5E8,2025-12-12,Active
4854,Jennifer,Perez,M,1957-11-13,68,sandra03@example.org,843 023 5416,69364 Patricia Estate,Oshawa,ON,P7E 4V7,2025-06-07,Active
4855,Robert,Lester,M,1958-06-25,67,shaun48@example.net,(374) 058-4914,029 Jennifer Roads,Markham,ON,V3N 8G7,2023-08-19,Active
4856,Brittany,Ferguson,M,2008-02-05,17,christian22@example.org,225.921.0643,78665 Brian Locks Apt. 784,Toronto,ON,E2Y5V9,2024-01-10,Active
4857,Mark,Morrison,M,2006-01-28,19,ngrant@example.org,+1 (644) 867-9709,879 Stephen Inlet Suite 866,St. Catharines,ON,Y4X8G6,2026-04-09,Active
4858,Nancy,Davidson,F,1964-04-04,61,davislinda@example.net,691-717-6171,65694 Jose Trail,Vaughan,ON,R4R 8G2,2023-11-09,Active
4859,Michael,Larsen,M,2003-09-08,22,romandennis@example.org,392-490-9975 x023,734 John Landing Suite 511,Peterborough,ON,P6N 2B3,2026-05-22,Active
4860,Jacqueline,Lowe,M,1958-04-28,67,zhopkins@example.org,585-111-3392,657 Andrew Run,Ajax,ON,A1G9B6,2026-06-04,Active
4861,Joseph,Roberts,M,2002-05-19,23,dawndeleon@example.com,567-590-6170,88159 Alvarado Extension,Guelph,ON,P5A 9G8,2023-05-26,Active
4862,Courtney,Moore,F,1974-02-17,51,pereznicholas@example.net,127-580-3203 x969,116 Renee Island Apt. 008,Guelph,ON,E6J 8Y5,2021-11-23,Active
4863,Roger,Morton,F,1958-03-12,67,larry21@example.com,117-773-7529,3730 Cook Turnpike,Oakville,ON,G1C5T8,2024-01-14,Active
4864,Amy,Chavez,F,1994-03-05,31,toddgilmore@example.com,(254) 971-2901,844 Kevin Mount Suite 057,Ajax,ON,G7Y 7A8,2025-01-16,Active
4865,Vanessa,Smith,F,1970-03-30,55,kimberlynichols@example.com,1 (682) 647-7550,23188 Kristen Isle Apt. 471,Niagara Falls,ON,S5G4S4,2023-12-20,Active
4866,Mark,Miller,F,1959-02-12,66,rogerglass@example.com,(376) 252-2113,16299 Rodriguez Bypass Suite 882,Burlington,ON,H2E 1N4,2025-10-07,Active
4867,Paul,Gregory,M,1985-03-15,40,stephaniepadilla@example.net,1 (659) 241-8611,248 Clifford Branch Suite 483,St. Catharines,ON,T2Y 3X3,2022-08-21,Active
4868,Derek,Johnson,F,1995-08-30,30,rgrant@example.com,1 (649) 160-1153,5896 David Stravenue Suite 373,Hamilton,ON,B5C 5L4,2023-01-05,Active
4869,Robert,Reynolds,F,1970-02-04,55,jamierussell@example.com,305-892-6848 x868,238 Tina Village Apt. 758,London,ON,C9J3C3,2025-06-15,Active
4870,Jamie,Fischer,M,1963-07-17,62,christinahall@example.org,1 (826) 571-4658,76741 Joseph Creek,Burlington,ON,J5E 1R1,2024-07-31,Active
4871,Randall,Bender,F,1958-12-02,67,andersonlarry@example.net,763-630-6640,5369 Cheryl Bridge Apt. 193,Burlington,ON,K2T7R3,2025-04-05,Active
4872,Regina,Haley,F,1970-12-27,55,jessicaball@example.com,+1 (157) 883-9654,31601 Barry Meadow Apt. 821,Oakville,ON,B4N 8C7,2025-03-11,Active
4873,Luis,Wallace,M,1985-08-31,40,ymiller@example.org,976.420.4403,9731 Marc Row,Toronto,ON,P7X 3P9,2026-06-30,Active
4874,Michael,Costa,M,1984-08-09,41,veronica70@example.net,(972) 848-8960 x358,6249 Daniel Centers,Milton,ON,Y1M 6L2,2023-11-16,Active
4875,Peter,Patterson,M,1961-09-24,64,chavezlarry@example.com,(190) 013-4692 x404,3045 Owens Drive Suite 328,Hamilton,ON,M1P9G3,2022-01-14,Active
4876,John,Clark,F,2001-12-30,24,tdorsey@example.org,334-225-4145 x109,5637 King Expressway Suite 088,St. Catharines,ON,G3A2K7,2026-07-31,Active
4877,Michael,Duncan,F,1996-06-04,29,deniselopez@example.org,(627) 350-8046,25457 Rebecca Islands,Ajax,ON,H8Y 2K3,2021-11-27,Active
4878,Deborah,Park,F,2001-07-21,24,gutierrezbenjamin@example.org,446-471-5998,3547 Sabrina Shores Apt. 321,Vaughan,ON,Y5A 2P1,2024-12-02,Active
4879,Jennifer,Evans,F,2006-03-09,19,maria60@example.com,652-582-8959,802 Chelsea Ports Suite 340,Burlington,ON,A2Y3J3,2022-09-23,Active
4880,Robert,Murray,M,1957-07-15,68,jillgiles@example.com,1-804-225-5901,29087 Christina Glen,Windsor,ON,R3J8H2,2023-06-11,Active
4881,Nichole,Wilson,M,1987-06-24,38,judith01@example.com,(821) 330-7483 x784,696 Melissa Drive,Sudbury,ON,J6P3P4,2025-07-12,Active
4882,Lisa,Chapman,M,1982-08-24,43,carlos73@example.org,650-205-7385 x069,68436 Rebecca Tunnel,Oakville,ON,K5S4X5,2024-06-02,Active
4883,Kayla,Fitzpatrick,F,1972-01-19,53,iirwin@example.com,909-086-0580,8593 Johnson Road,Kitchener,ON,S3M 1S3,2021-09-16,Active
4884,Melissa,Gordon,M,1993-11-01,32,lunajanice@example.net,(216) 378-2789,1118 Benton Port,Windsor,ON,T3V4A9,2025-07-18,Active
4885,Danielle,Carlson,M,1982-03-29,43,joshuapittman@example.org,623.705.0587,8817 Brown Street,Cambridge,ON,G8S2J5,2023-10-26,Active
4886,Alexis,Peterson,M,2001-06-14,24,jonathangray@example.com,+1 (751) 402-1858,59029 Anne Shoals Suite 370,Windsor,ON,E8G 4L9,2021-11-08,Active
4887,Xavier,Crane,M,1968-05-07,57,dkramer@example.com,1 (144) 107-7404,96281 Strickland River,Mississauga,ON,L4M3T7,2022-03-24,Active
4888,Charles,Stanton,M,1981-02-26,44,timothy39@example.com,1-494-535-3604,4466 Gonzales Mews,St. Catharines,ON,J5K 5H6,2025-08-11,Active
4889,Emily,Reid,F,1981-06-09,44,grahambriana@example.com,+1 (942) 549-9641,6331 Bridget Oval Suite 948,Oshawa,ON,R7S4B7,2025-05-17,Active
4890,Melanie,Johnson,M,2002-10-31,23,emily60@example.com,1-645-619-4887,59169 Mclaughlin Springs,Cambridge,ON,H6E 5E9,2024-11-20,Active
4891,Brent,Collins,M,2005-05-25,20,jbenson@example.net,409.305.0332,9430 Singleton Shores,Vaughan,ON,A6G6C6,2025-01-07,Active
4892,Lisa,Lewis,F,1960-08-31,65,morganlauren@example.com,463.684.6607,91086 Lopez Village,Brampton,ON,Y2E9T6,2021-10-02,Active
4893,Kevin,Bright,F,1992-10-14,33,lopezdouglas@example.com,(393) 780-9931 x384,382 Gordon Viaduct,Brampton,ON,T8L 2K5,2025-09-02,Active
4894,Charles,Jones,F,1985-01-22,40,teresa60@example.net,+1 (604) 569-1669,863 Edward Squares,Hamilton,ON,A8H3E5,2023-06-13,Active
4895,Nathan,Booker,F,2005-03-29,20,wjohnson@example.com,+1 (304) 473-1707,4415 Bell Cliffs,Brampton,ON,X1X 2T3,2024-03-13,Active
4896,Tonya,Martinez,M,1980-07-22,45,npalmer@example.org,141-135-1390 x825,711 Brian Greens,Toronto,ON,X2A 4G1,2024-10-24,Active
4897,Darlene,Lopez,F,1997-02-08,28,stephaniebird@example.org,175 605 2444,53992 Christopher Centers,Milton,ON,K3M1R3,2023-04-27,Active
4898,Emily,Keller,M,1982-11-08,43,blakerush@example.net,+1 (736) 732-5947,53621 Alexander Common Apt. 086,Richmond Hill,ON,K3K8S3,2021-09-29,Active
4899,Nathan,Hendricks,M,1975-05-24,50,qjohnson@example.com,+1 (843) 760-6669,496 Cathy Rest,Toronto,ON,G6H2S8,2023-01-17,Active
4900,Susan,Haney,M,1991-08-21,34,kwoodward@example.org,318-886-8023,615 Kimberly Via Apt. 972,Oshawa,ON,A3K 7T9,2024-04-11,Active
4901,Anthony,Flores,M,1977-11-02,48,clifford14@example.com,+1 (203) 740-0644,783 Todd Court,Richmond Hill,ON,P4E 4G1,2022-11-14,Active
4902,James,Gardner,M,1975-05-17,50,scott39@example.com,1-588-954-0634,282 Barnes Crossroad,Hamilton,ON,S5E2H8,2025-04-12,Active
4903,Kimberly,Choi,M,1980-04-04,45,rlopez@example.com,1 (889) 651-9268,54073 Marc Bypass Apt. 217,Ajax,ON,R8B 4J2,2022-12-12,Active
4904,David,Nguyen,F,1994-06-25,31,jhudson@example.net,991-602-6634 x790,3024 Brown Summit Apt. 298,Peterborough,ON,G6A7L8,2021-09-10,Active
4905,Cristina,Jones,F,1965-09-23,60,reginasimmons@example.com,1-713-539-3158,4824 Eddie Falls Apt. 571,Milton,ON,Y8B4A2,2025-12-05,Active
4906,Amanda,Bradley,F,2001-01-31,24,nvasquez@example.net,790-129-3439 x062,905 John Brooks Apt. 839,St. Catharines,ON,C7H8A7,2024-06-17,Active
4907,Kevin,Davila,F,1971-04-05,54,rpayne@example.com,877 731 7785,6987 Smith Park Apt. 328,Markham,ON,K1C9H4,2023-09-28,Active
4908,Patrick,Jones,F,1968-11-25,57,larsenjennifer@example.net,1-636-802-9080,918 Butler Circle,Kingston,ON,M1K2Y9,2024-09-16,Active
4909,Melinda,Johnson,F,2006-06-15,19,kenneth16@example.net,+1 (435) 558-5706,924 Jennifer Field,Richmond Hill,ON,E8N4J5,2023-06-25,Active
4910,Christian,Brown,M,1968-07-12,57,cassandrafisher@example.net,1-339-284-9170,1220 Collier Summit Apt. 177,Kingston,ON,X2B 3S6,2023-06-23,Active
4911,Zachary,Clayton,F,1986-04-04,39,ashleyhamilton@example.net,694.351.6120,1221 Vincent Loop Apt. 624,Sudbury,ON,G7S 9R3,2022-05-30,Active
4912,Terri,Anderson,M,1989-03-09,36,richardgarcia@example.com,995 739 3795,44844 Carson Crest,Peterborough,ON,T4C 8K3,2025-02-03,Active
4913,Matthew,Hall,F,1986-10-09,39,ygonzalez@example.net,680.228.0666,45934 Brian Wells,Sudbury,ON,S4X5C6,2026-04-26,Active
4914,Samuel,Jenkins,M,2003-06-29,22,bryanrobinson@example.com,(776) 558-5478,27558 Mann Corner,Hamilton,ON,X5G7K5,2024-03-04,Active
4915,Cody,Moore,F,1962-07-30,63,nmadden@example.com,1-331-006-5621,50966 Ralph Manor,Cambridge,ON,B4Y9J5,2023-12-02,Active
4916,Breanna,Davis,M,2004-10-01,21,silvashawn@example.net,443.706.2953,18676 Oneal Bridge,Burlington,ON,X7G 8K5,2026-02-19,Active
4917,Austin,Johnston,M,2003-07-02,22,brooksbilly@example.org,1 (752) 212-4146,1293 Brian Forks Apt. 593,Toronto,ON,Y4J9X3,2022-06-01,Active
4918,Patrick,Maxwell,F,1958-07-29,67,xdeleon@example.com,167-404-3720 x768,91383 Luis Lights,Ajax,ON,G2S 7K3,2025-05-18,Active
4919,Daniel,Townsend,M,1977-06-18,48,eduran@example.org,(258) 944-1758,942 Joshua Lodge,Oakville,ON,K3A 7M1,2025-12-02,Active
4920,Susan,Curtis,F,1968-05-29,57,sbennett@example.net,1 (219) 787-8444,159 Jones Trace,Sudbury,ON,Y3N6V6,2025-11-25,Active
4921,Noah,Johnson,F,2005-05-14,20,jameswalker@example.net,1-702-153-0662,45692 Serrano Extensions Apt. 561,Markham,ON,P5Y2J6,2025-12-14,Active
4922,Arthur,Cantu,F,2006-01-28,19,jfoley@example.org,+1 (969) 412-7284,71068 Jones Junctions Apt. 864,Ajax,ON,S9S 3E9,2022-09-06,Active
4923,Steven,Hood,M,1960-06-05,65,bsmith@example.com,(394) 204-8369,70000 Chandler Islands Suite 096,Richmond Hill,ON,E6H 8S2,2026-04-23,Active
4924,Andrew,Goodwin,F,1971-10-16,54,davispatrick@example.org,623 121 8181,042 Caitlyn Bridge,Toronto,ON,V3L3V7,2025-07-08,Active
4925,Jessica,Graham,F,2007-07-17,18,allenkaren@example.com,395-615-9436 x093,58643 Obrien Terrace,Toronto,ON,A2X 9V9,2026-07-16,Active
4926,Sarah,Rodriguez,F,1957-06-24,68,debrathomas@example.org,1-933-870-0407,06061 Scott Valleys,Mississauga,ON,B7B8B2,2023-05-14,Active
4927,Deanna,Cook,F,1984-01-30,41,dylansellers@example.com,679-780-0010,592 Thomas Circles Apt. 656,Richmond Hill,ON,Y1S 3L3,2025-12-08,Active
4928,Andrew,Anderson,F,1980-12-26,45,ann53@example.net,1-744-287-5098,2469 John Garden,Waterloo,ON,K7R1Y3,2024-04-30,Active
4929,Pamela,Bennett,M,1956-09-28,69,wchavez@example.org,+1 (417) 098-8983,133 Smith Bridge Apt. 243,Peterborough,ON,M1G 6L9,2024-09-24,Active
4930,Rachel,Watkins,F,1994-07-30,31,adam99@example.org,643-135-6721,2489 Travis Pines Apt. 834,Sudbury,ON,R1K8J4,2023-04-27,Active
4931,Sandra,Cruz,M,2008-04-07,17,alisonwatson@example.net,1-667-901-7976,8225 Tim Stream Suite 391,Milton,ON,E4C 2J5,2025-08-30,Active
4932,Ashley,Mcconnell,F,2000-01-05,26,twhite@example.org,(637) 190-8289 x023,090 Lydia Motorway Apt. 252,Burlington,ON,L7H2C3,2025-10-23,Active
4933,Thomas,Brooks,M,1998-03-19,27,stephensonjames@example.org,1-668-040-8136,064 Johnson Plaza Suite 343,Barrie,ON,G2T1R1,2023-06-15,Active
4934,Jeffrey,West,M,1967-01-02,59,holly70@example.net,(331) 831-1069,140 Paul Bridge,Oakville,ON,P6P5P5,2026-07-02,Active
4935,Theresa,Jensen,M,1985-08-18,40,brian35@example.org,+1 (704) 118-3498,06985 Terrance Walk,Ajax,ON,V9E7G2,2026-03-14,Active
4936,Julie,Sanders,F,2005-12-18,20,davidscott@example.org,437-840-3342 x144,9334 Roman Glen Apt. 938,London,ON,V6N 7R5,2025-08-26,Active
4937,Latasha,Davis,F,1976-06-01,49,jessica68@example.net,562 124 5960,2456 Patricia Lake,Brampton,ON,R6B8C3,2021-10-16,Active
4938,Joseph,Morgan,F,1966-02-07,59,casey34@example.org,+1 (584) 429-8892,85597 Anderson Skyway,Richmond Hill,ON,S3M 5A5,2025-08-17,Active
4939,Joshua,Curtis,F,2000-10-18,25,xdaniel@example.org,202-964-7429 x828,322 Kent Roads Suite 921,Windsor,ON,M1P6V4,2025-07-17,Active
4940,Krista,Carroll,F,1957-10-27,68,hstewart@example.com,(623) 999-9863,3728 Baker Land,Hamilton,ON,Y3R 6S6,2025-05-26,Active
4941,Robert,White,M,2004-07-21,21,paulashaw@example.net,386-839-4430,9662 Joseph Parkway,Richmond Hill,ON,S9N 8A3,2024-07-19,Active
4942,Anthony,Davis,M,1967-06-12,58,ysoto@example.org,769-548-1023,23535 Debra Flats Apt. 057,Waterloo,ON,C1Y3R1,2023-12-13,Active
4943,Amy,Wright,M,2001-10-30,24,oyoung@example.net,(319) 805-4248 x888,005 Rice Harbors,Windsor,ON,B9Y 6X8,2026-04-08,Active
4944,Zachary,Hudson,F,1973-09-17,52,dstevens@example.net,+1 (607) 938-7965,0091 Mendez Walks Apt. 152,Hamilton,ON,E6B 8H1,2025-05-22,Active
4945,Michael,Gamble,M,1986-01-06,40,donald70@example.net,1 (799) 042-6106,0587 White Road Suite 154,Oakville,ON,T8R 8L2,2022-08-08,Active
4946,Jacqueline,Hudson,F,1962-11-21,63,aprilhensley@example.org,1 (535) 739-1685,350 Andrew Ford Suite 425,Windsor,ON,C3S 1Y3,2023-06-14,Active
4947,Tracy,Bowman,F,1965-10-15,60,christina82@example.org,483.702.7467,5866 Beltran Harbors,Peterborough,ON,K8V 8X9,2026-07-14,Active
4948,Lauren,Bates,F,1989-11-12,36,molly30@example.org,1-612-743-0321,76211 Martin Spurs,Waterloo,ON,K4V 7P1,2022-05-24,Active
4949,April,Brewer,F,1983-02-09,42,cwarren@example.net,157 918 6702,6304 Patricia Mountain,Richmond Hill,ON,N5Y 1G1,2025-03-11,Active
4950,Tony,Blankenship,M,1965-01-18,60,james37@example.org,(862) 723-2664,3310 Greene Square,Richmond Hill,ON,Y8A 7Y4,2023-12-31,Active
4951,Krystal,Bradford,M,1986-02-06,39,gracebarker@example.com,(113) 204-3130 x357,632 Karen Highway,Richmond Hill,ON,E5N 5G3,2022-07-21,Active
4952,Jenna,Wilkerson,F,1994-03-13,31,yevans@example.net,1 (447) 092-9964,71244 Martin Forest Apt. 267,Whitby,ON,S7S9L7,2024-03-02,Active
4953,Taylor,Gregory,F,1966-07-19,59,karen46@example.com,+1 (546) 553-8599,9894 Wright Streets,Brampton,ON,S2R7A1,2022-09-01,Active
4954,Michelle,Graves,M,1986-04-27,39,twright@example.com,979.385.3718,1392 Craig Squares Suite 935,Waterloo,ON,A4N 9V7,2024-09-01,Active
4955,Danielle,Reed,F,1993-04-24,32,wtanner@example.org,480-307-6258 x193,19443 Jessica Vista Apt. 997,Vaughan,ON,L5R 9K3,2023-08-05,Active
4956,Kristin,Wolfe,F,1997-03-15,28,probinson@example.com,1-594-019-3484,3589 Sergio Ville Apt. 266,Peterborough,ON,M4S 6V3,2022-09-28,Active
4957,Antonio,Andrews,F,1974-01-21,51,haileysilva@example.net,(725) 314-5365,007 Jacob Crescent,Vaughan,ON,P3R 6V7,2024-02-27,Active
4958,James,Klein,M,1984-12-08,41,riggsjohn@example.net,274 553 9164,16459 Day Creek,Waterloo,ON,T2L 9E5,2025-02-20,Active
4959,Lindsay,Anderson,M,1959-12-01,66,gaydenise@example.org,(859) 939-1948,21859 Brenda Freeway,Oshawa,ON,J3C 3K6,2023-12-30,Active
4960,Stacy,Hill,M,1975-02-21,50,cdudley@example.net,372-757-5926,1337 Jesus Row Apt. 449,Barrie,ON,Y1S4K8,2021-10-16,Active
4961,Joseph,White,M,1992-10-12,33,tyler73@example.net,278-975-8568,751 Brady Walks,Hamilton,ON,M2P 7V7,2023-06-11,Active
4962,Carrie,Gomez,M,1988-08-05,37,brownmark@example.net,199-109-0203 x397,941 Rivera Parkway Suite 973,Kingston,ON,G9L 4C6,2025-07-27,Active
4963,Joel,Wilson,M,1972-04-16,53,ashleyhoward@example.com,1-891-931-0592,16681 Bradley Ways,Burlington,ON,J8K 8B3,2025-02-01,Active
4964,Emily,Carroll,F,1992-01-03,34,morrisonkevin@example.com,(798) 052-8577,2411 Cynthia Springs Suite 831,Niagara Falls,ON,S3T1S8,2025-05-04,Active
4965,Sarah,Briggs,F,1957-07-04,68,fbutler@example.com,(795) 484-6431,944 Velez Via,London,ON,S2H 8N8,2023-07-02,Active
4966,Matthew,Wilson,M,1976-10-29,49,jeffreywhite@example.net,829 007 3033,541 Cristina Loop Suite 551,Peterborough,ON,S6T8X6,2024-10-02,Active
4967,Angela,Powell,M,1972-10-14,53,grosshannah@example.net,740-093-0215 x159,353 Christopher Port Apt. 655,Barrie,ON,J2B 5C7,2022-03-29,Active
4968,Susan,Dixon,M,1974-10-29,51,gary34@example.com,385.740.7533,09506 Kristen Port Apt. 739,Niagara Falls,ON,A8S 6A8,2024-03-21,Active
4969,Shannon,Ramirez,F,1990-02-23,35,clintonstrickland@example.org,1-626-444-5193,157 Hammond Fork Apt. 428,Peterborough,ON,A6P5M2,2024-01-13,Active
4970,Daniel,Williams,F,1966-12-08,59,glopez@example.org,(684) 539-2298 x993,144 Cynthia Extensions,Kingston,ON,A5B 7G2,2024-04-16,Active
4971,Louis,Bond,M,2004-08-02,21,nelsonharry@example.com,542-887-0573,4759 Derrick Corners Apt. 412,Richmond Hill,ON,K3B 2E3,2025-04-26,Active
4972,Pamela,Long,M,1957-04-14,68,john91@example.org,524 136 1021,32880 Martin Common Apt. 639,Ajax,ON,G8H5E9,2025-11-16,Active
4973,Robin,Rodriguez,F,1959-11-24,66,cruzcharles@example.org,805-201-9310,897 Elizabeth Park Suite 856,Hamilton,ON,A1M 9J8,2024-05-03,Active
4974,Benjamin,Arias,F,1961-10-23,64,xsmith@example.com,(274) 991-8930 x714,520 Baker Grove,Toronto,ON,X1V8A3,2024-12-08,Active
4975,Emily,Shields,M,1995-04-12,30,brewerlinda@example.org,319-131-3789,27761 Amanda Ferry Apt. 828,Kingston,ON,S9M1C9,2021-10-31,Active
4976,Donald,Bradshaw,M,1978-09-13,47,jvasquez@example.com,(715) 035-9692 x448,8430 Baird Lane Apt. 798,Barrie,ON,V4K 8N3,2025-07-29,Active
4977,Mary,Mckay,F,1970-11-23,55,brandonmunoz@example.org,643.604.2351,733 Joshua Orchard Suite 428,Milton,ON,N3Y9C4,2025-09-20,Active
4978,Kara,Powell,F,1985-09-11,40,robertoroberts@example.org,1 (786) 181-6263,27018 Jonathan Parks,London,ON,P3Y 8P2,2024-04-27,Active
4979,Xavier,Gutierrez,M,1963-12-01,62,andreadavis@example.net,(976) 288-8548,02929 Kane Manor Suite 187,London,ON,X6L6N5,2024-03-29,Active
4980,Roger,Snyder,F,1987-02-09,38,miguel38@example.org,639.207.6203,1896 Swanson Rue,Markham,ON,L3V3M9,2022-12-02,Active
4981,Raymond,Adams,M,2001-01-13,24,ramosveronica@example.com,1-238-633-3714,853 Barron Haven,Barrie,ON,H1N4P7,2026-07-19,Active
4982,Michael,Murphy,F,1973-01-25,52,progers@example.com,(534) 433-5493,635 Berry Shores,Oshawa,ON,C8Y5J5,2021-08-15,Active
4983,Kevin,Scott,M,1979-02-15,46,mcain@example.net,+1 (169) 649-4784,72974 Sharon Squares,Vaughan,ON,B7B7B7,2026-05-06,Active
4984,Katie,George,F,1995-02-16,30,garcianathan@example.com,+1 (603) 294-3947,8099 Jose Route Suite 558,Milton,ON,V8N 6J8,2024-06-11,Active
4985,Ricardo,Martinez,F,1969-11-09,56,qyoung@example.org,1 (820) 644-8310,75144 Maldonado Green Apt. 804,Oakville,ON,A5C2K6,2025-04-17,Active
4986,Christopher,Benjamin,F,1980-01-25,45,suttonkatelyn@example.net,552-993-5879,2887 Daniel Walks Suite 547,Mississauga,ON,G2H 4H1,2021-08-31,Active
4987,Thomas,Wells,M,1999-05-12,26,tammyschmidt@example.net,536-467-7630 x251,90081 Morris Forks Suite 661,London,ON,E5E 7G8,2026-01-21,Active
4988,Nicholas,Harris,M,1960-10-30,65,cervanteslauren@example.com,(746) 066-4060,28760 Matthew Hill,Burlington,ON,L4H 4K6,2025-05-30,Active
4989,Bradley,Jones,M,2004-05-19,21,aaron74@example.com,(695) 449-5322,8407 Michele Union Apt. 209,Oakville,ON,S5M7Y2,2023-04-23,Active
4990,Derek,Anderson,M,1963-02-15,62,foxalicia@example.org,699 800 5800,275 Sanders Parkways Suite 739,St. Catharines,ON,M9L1C9,2025-10-28,Active
4991,Monica,Crawford,F,1961-11-29,64,fhansen@example.org,(971) 112-5668,866 Holder Landing Suite 369,Milton,ON,T3B5B2,2026-05-26,Active
4992,Tina,Duarte,M,1965-07-26,60,hillantonio@example.com,(532) 087-2086 x704,24237 Jonathan Manor,Barrie,ON,N3X 2V5,2024-12-07,Active
4993,Timothy,Clark,F,1958-04-07,67,carl76@example.com,+1 (279) 609-0105,3627 Pitts Curve Suite 116,Toronto,ON,T9S 1S1,2023-10-24,Active
4994,Darius,Garcia,F,1969-05-19,56,lozanonicole@example.org,+1 (632) 682-0170,0320 Myers Shores,Kingston,ON,C1N 7E7,2025-05-02,Active
4995,James,Murphy,F,1969-09-04,56,marklindsey@example.com,+1 (235) 895-3265,865 Dennis Ranch,Richmond Hill,ON,R7A 7M7,2025-02-05,Active
4996,Whitney,Baker,F,1964-11-13,61,barrettleah@example.net,(331) 021-6149,53541 William Way Suite 556,Sudbury,ON,R3B 6L8,2024-05-22,Active
4997,Sean,Jordan,M,1969-10-19,56,turnerjanet@example.org,1-514-487-8479,757 Michael Wells,Peterborough,ON,P7K9A5,2021-10-20,Active
4998,Robyn,Williams,F,2004-06-29,21,jill39@example.com,1-275-896-1014,46182 Michael Motorway,Ajax,ON,M9T 8C3,2021-10-21,Active
4999,Jose,Neal,M,1970-09-14,55,josephprice@example.net,+1 (596) 072-0996,74881 Rios Place,Barrie,ON,M7V 3K7,2023-12-18,Active
5000,Katherine,Jones,F,1979-07-16,46,youngjoy@example.org,1-244-028-0705,0040 Cantrell Viaduct Suite 051,Oakville,ON,R3B 4A6,2023-06-10,Active
