LoyaltyNumber,CustomerID,MembershipLevel,JoinDate,CurrentPoints,LifetimePointsEarned,LifetimePointsRedeemed
100001,1,Bronze,2022-07-15,5298,76172,56744
100002,2,Gold,2026-04-02,4981,60069,42902
100003,3,Bronze,2022-07-03,2253,58018,45610
100004,4,Silver,2025-05-30,2372,27594,14295
100005,5,Gold,2025-09-11,3205,1297,23738
100006,6,Gold,2025-01-14,9431,13462,44454
100007,7,Gold,2023-08-11,2418,49455,27991
100008,8,Silver,2022-03-10,2756,7483,6294
100009,9,Bronze,2024-02-20,7763,23644,3438
100010,10,Bronze,2022-11-09,8444,44466,38888
100011,11,Silver,2022-12-30,2434,53052,16056
100012,12,Bronze,2026-07-02,3946,52089,32022
100013,13,Bronze,2023-10-04,9767,22708,42781
100014,14,Gold,2025-05-25,1468,60874,56681
100015,15,Gold,2023-01-04,6260,36173,41440
100016,16,Silver,2024-03-30,6018,1620,7864
100017,17,Bronze,2022-02-15,1999,64222,42035
100018,18,Silver,2023-10-12,8351,29582,1509
100019,19,Silver,2023-04-21,9381,62948,17938
100020,20,Silver,2023-11-29,1549,77809,11868
100021,21,Bronze,2025-02-09,7105,39207,37448
100022,22,Bronze,2024-07-05,5328,8422,46777
100023,23,Platinum,2022-12-27,8806,24333,26563
100024,24,Gold,2025-04-20,323,51715,36441
100025,25,Gold,2023-12-09,8684,64136,4189
100026,26,Silver,2023-08-20,9580,70745,46776
100027,27,Gold,2022-10-25,2033,27292,43160
100028,28,Gold,2025-08-06,2960,78625,45561
100029,29,Bronze,2025-03-02,9088,58719,52462
100030,30,Bronze,2025-04-03,641,16984,37688
100031,31,Bronze,2025-08-22,2641,11610,36863
100032,32,Bronze,2024-09-01,573,11190,8173
100033,33,Silver,2022-02-17,5956,71459,11246
100034,34,Silver,2024-06-12,1,32650,19700
100035,35,Bronze,2022-04-22,8510,38556,43198
100036,36,Silver,2021-10-03,2291,75737,32141
100037,37,Silver,2025-01-22,8563,46252,39726
100038,38,Silver,2025-08-29,3438,13077,43425
100039,39,Gold,2025-04-21,3884,4914,12325
100040,40,Bronze,2025-01-22,3526,17690,39462
100041,41,Silver,2023-03-12,9695,47163,18179
100042,42,Bronze,2023-10-05,6914,9846,36034
100043,43,Bronze,2022-08-22,6255,21506,26218
100044,44,Silver,2025-06-06,4164,55850,45515
100045,45,Bronze,2025-08-16,3338,9348,41259
100046,46,Gold,2022-12-09,3156,48877,36938
100047,47,Silver,2025-01-12,8379,79391,10750
100048,48,Silver,2024-05-21,2514,41565,51628
100049,49,Silver,2025-12-17,424,79216,16220
100050,50,Bronze,2024-02-05,2041,69760,7208
100051,51,Silver,2023-03-02,6664,8745,21584
100052,52,Silver,2021-12-05,5944,43814,50991
100053,53,Bronze,2022-02-21,3698,35967,646
100054,54,Bronze,2021-08-26,3640,49728,6881
100055,55,Gold,2024-08-25,2023,23133,34503
100056,56,Gold,2023-12-27,5022,77278,53827
100057,57,Gold,2023-02-04,1565,69431,22865
100058,58,Gold,2026-03-01,4620,72391,17763
100059,59,Silver,2024-09-01,785,22480,20840
100060,60,Platinum,2025-11-26,6382,23781,22621
100061,61,Gold,2025-04-24,8711,72408,38968
100062,62,Gold,2023-06-13,6597,62603,38817
100063,63,Bronze,2025-05-07,155,67414,46741
100064,64,Bronze,2024-06-21,2070,18800,24825
100065,65,Silver,2026-05-12,4380,7029,47541
100066,66,Silver,2023-03-19,6064,32751,44447
100067,67,Silver,2023-12-15,7500,24099,28767
100068,68,Platinum,2026-06-16,7678,65928,18797
100069,69,Bronze,2021-08-08,7008,68335,47085
100070,70,Gold,2024-09-17,3748,40101,41656
100071,71,Gold,2022-04-08,5007,53382,50500
100072,72,Bronze,2026-06-12,1476,10516,5026
100073,73,Gold,2025-03-31,1534,21741,37703
100074,74,Bronze,2023-01-20,4683,72734,32299
100075,75,Gold,2026-02-25,175,55672,44370
100076,76,Silver,2023-03-25,2235,62969,32624
100077,77,Silver,2023-04-13,8722,16443,26572
100078,78,Bronze,2024-02-14,3115,1055,46803
100079,79,Silver,2023-10-15,8754,45327,16005
100080,80,Platinum,2026-05-05,8652,79948,2775
100081,81,Silver,2026-02-19,2761,68718,59231
100082,82,Bronze,2021-10-06,1230,48210,55011
100083,83,Bronze,2023-09-14,5788,6772,27703
100084,84,Silver,2022-11-08,2793,49027,7420
100085,85,Bronze,2026-03-15,4092,70763,55756
100086,86,Gold,2026-06-15,1931,38119,19606
100087,87,Silver,2021-09-24,4337,28026,146
100088,88,Gold,2021-12-15,9319,51692,14251
100089,89,Platinum,2024-05-12,8446,4743,30346
100090,90,Gold,2024-03-29,7999,7636,23314
100091,91,Bronze,2024-03-22,7542,43163,19552
100092,92,Bronze,2024-10-20,84,45938,58339
100093,93,Gold,2023-07-08,6587,46569,580
100094,94,Bronze,2021-09-20,8061,25992,5553
100095,95,Silver,2026-03-17,2518,53933,8116
100096,96,Platinum,2024-03-26,113,20498,50426
100097,97,Silver,2026-04-05,3704,61795,25910
100098,98,Bronze,2026-02-10,5971,56243,58470
100099,99,Bronze,2025-08-04,4415,14346,28742
100100,100,Silver,2024-12-31,7198,21311,9166
100101,101,Bronze,2024-11-18,7110,861,23542
100102,102,Gold,2022-08-07,3251,14605,12423
100103,103,Bronze,2022-07-26,2190,51813,27594
100104,104,Gold,2022-11-28,517,21112,43660
100105,105,Bronze,2025-09-13,7852,34938,7785
100106,106,Silver,2023-11-23,9013,65055,52417
100107,107,Silver,2022-07-31,2087,42683,49223
100108,108,Gold,2024-06-28,6551,65879,47578
100109,109,Platinum,2024-04-09,6370,17325,7191
100110,110,Platinum,2024-11-27,346,16631,10193
100111,111,Bronze,2023-07-17,223,31099,3410
100112,112,Silver,2021-10-17,5605,56417,39130
100113,113,Gold,2023-05-15,7116,63039,18970
100114,114,Bronze,2023-04-06,1353,56323,16236
100115,115,Silver,2022-07-27,8376,24592,16349
100116,116,Bronze,2024-02-24,1884,34641,45937
100117,117,Bronze,2021-10-07,7031,26106,31057
100118,118,Gold,2022-04-26,1688,65941,40049
100119,119,Bronze,2026-06-06,9686,19593,15032
100120,120,Bronze,2025-11-04,6574,5128,17947
100121,121,Platinum,2025-01-19,2395,55976,1157
100122,122,Silver,2025-09-21,1489,6778,24926
100123,123,Silver,2025-10-14,5020,30433,14534
100124,124,Bronze,2026-02-18,7851,8141,33414
100125,125,Silver,2025-08-02,846,39983,7212
100126,126,Bronze,2026-02-22,4596,46109,46634
100127,127,Silver,2023-11-29,5240,6333,11911
100128,128,Bronze,2022-05-17,854,42257,13892
100129,129,Bronze,2023-09-26,4590,79598,6603
100130,130,Silver,2024-11-09,4133,64493,23827
100131,131,Bronze,2024-08-22,1827,12799,43840
100132,132,Bronze,2021-10-18,9040,17179,21706
100133,133,Bronze,2024-12-18,5920,77289,34659
100134,134,Silver,2023-09-10,3903,36268,13764
100135,135,Silver,2026-06-24,1429,14041,8551
100136,136,Silver,2024-02-22,9860,15875,2689
100137,137,Silver,2021-11-02,3120,25387,46180
100138,138,Silver,2024-03-21,1616,9914,35820
100139,139,Silver,2022-05-09,4939,62254,49872
100140,140,Bronze,2022-07-09,2517,5842,8377
100141,141,Bronze,2026-03-11,9019,33199,58431
100142,142,Gold,2022-12-06,9180,45626,58649
100143,143,Bronze,2024-07-25,1923,57263,4437
100144,144,Silver,2026-05-26,8581,66143,51831
100145,145,Bronze,2026-01-11,9816,36033,45659
100146,146,Platinum,2026-02-07,4745,6056,37104
100147,147,Bronze,2025-04-11,3116,52200,32442
100148,148,Silver,2024-08-25,8412,9928,10847
100149,149,Silver,2022-01-11,8344,50451,36863
100150,150,Gold,2025-11-01,6567,79689,17792
100151,151,Bronze,2024-03-21,58,21071,37479
100152,152,Bronze,2024-04-07,145,67313,29847
100153,153,Silver,2026-01-18,8602,34025,19884
100154,154,Gold,2022-05-25,4855,35294,36185
100155,155,Bronze,2024-04-06,3668,6078,34967
100156,156,Bronze,2024-10-18,640,19516,57907
100157,157,Bronze,2022-01-12,2178,35546,57238
100158,158,Gold,2025-01-20,4079,27621,35035
100159,159,Bronze,2025-08-10,5692,79419,24190
100160,160,Bronze,2022-10-27,8999,34708,47322
100161,161,Bronze,2021-09-07,4831,42650,3752
100162,162,Silver,2025-10-13,170,46693,14370
100163,163,Gold,2024-09-18,4582,23265,16776
100164,164,Platinum,2022-06-05,8804,76549,6975
100165,165,Gold,2023-05-11,6258,33830,57018
100166,166,Silver,2022-10-03,9901,72304,13510
100167,167,Gold,2025-12-30,3614,42601,17615
100168,168,Bronze,2025-02-17,6479,20500,29232
100169,169,Bronze,2022-07-20,7109,48418,9721
100170,170,Platinum,2025-10-08,1535,65106,11895
100171,171,Silver,2022-01-26,2885,24854,37333
100172,172,Silver,2022-06-27,2955,37068,1379
100173,173,Bronze,2024-08-05,2911,51768,45047
100174,174,Silver,2026-03-10,1137,18911,4721
100175,175,Silver,2024-12-14,7455,52857,6568
100176,176,Gold,2026-05-05,2249,1645,39537
100177,177,Bronze,2023-09-27,6291,2815,7211
100178,178,Gold,2021-08-26,716,17424,16275
100179,179,Gold,2025-08-17,4385,18795,41116
100180,180,Silver,2023-08-12,153,14038,35544
100181,181,Gold,2024-01-18,5544,11236,13259
100182,182,Bronze,2021-12-07,9221,58338,53442
100183,183,Bronze,2025-10-18,5435,62871,10126
100184,184,Bronze,2023-07-27,8905,35156,41122
100185,185,Silver,2022-04-30,347,5936,6738
100186,186,Silver,2022-01-29,1680,67148,58094
100187,187,Gold,2026-07-03,2323,258,59779
100188,188,Bronze,2022-10-26,3713,56085,25256
100189,189,Bronze,2023-12-22,4699,29707,57605
100190,190,Silver,2022-06-10,1841,64563,11112
100191,191,Platinum,2021-08-24,3678,13434,18468
100192,192,Bronze,2024-07-10,5467,15612,23625
100193,193,Platinum,2024-07-29,1389,5781,39616
100194,194,Bronze,2022-05-25,7022,69631,21944
100195,195,Silver,2023-11-26,6967,19789,58531
100196,196,Silver,2023-12-14,4940,37718,22831
100197,197,Gold,2021-12-13,4441,65537,43367
100198,198,Bronze,2022-06-07,4348,10109,51698
100199,199,Bronze,2024-04-24,2435,19313,20988
100200,200,Bronze,2022-12-27,7318,62809,53388
100201,201,Bronze,2022-10-25,9467,56127,47625
100202,202,Bronze,2026-04-28,1481,42443,8358
100203,203,Bronze,2022-03-09,6308,46317,20926
100204,204,Silver,2026-07-22,7885,54356,39435
100205,205,Gold,2026-01-01,5463,18216,52569
100206,206,Platinum,2025-08-01,4028,50324,27437
100207,207,Silver,2023-10-06,8826,70062,32283
100208,208,Silver,2024-03-23,3770,50513,5479
100209,209,Silver,2025-05-11,6911,69167,37871
100210,210,Gold,2022-10-26,3593,11536,15413
100211,211,Bronze,2023-07-05,3330,2348,23750
100212,212,Silver,2024-05-10,2188,14538,3904
100213,213,Platinum,2024-07-03,5912,18364,19313
100214,214,Silver,2025-04-06,9035,55291,15892
100215,215,Bronze,2022-05-13,3679,7422,48955
100216,216,Bronze,2021-12-09,2344,49574,48043
100217,217,Bronze,2021-09-28,6958,48817,3544
100218,218,Gold,2021-11-09,9529,9769,31249
100219,219,Gold,2022-11-20,2591,4056,9626
100220,220,Bronze,2024-06-23,1294,32218,5050
100221,221,Bronze,2026-01-04,6823,19723,50162
100222,222,Bronze,2026-02-17,2295,69233,45781
100223,223,Platinum,2024-02-20,7703,54039,47353
100224,224,Bronze,2025-09-08,216,37687,7291
100225,225,Bronze,2024-11-15,526,79290,49226
100226,226,Bronze,2022-04-29,2627,1524,25977
100227,227,Gold,2023-05-02,7443,72734,46622
100228,228,Gold,2025-11-27,9372,65881,20056
100229,229,Gold,2025-08-15,6941,20652,17814
100230,230,Platinum,2024-08-07,8544,49587,8200
100231,231,Gold,2025-04-01,6560,7439,14346
100232,232,Bronze,2022-11-14,9163,79409,55162
100233,233,Bronze,2021-11-18,7674,62675,20525
100234,234,Silver,2022-07-03,6637,49968,10801
100235,235,Bronze,2022-11-05,6086,55703,12761
100236,236,Bronze,2024-09-06,1710,10298,23770
100237,237,Silver,2024-09-04,5496,3776,15697
100238,238,Bronze,2022-12-21,8873,14054,4280
100239,239,Bronze,2022-02-02,179,40616,12303
100240,240,Silver,2025-08-15,530,31601,17640
100241,241,Bronze,2025-09-12,9340,74129,2940
100242,242,Silver,2025-04-23,7926,6087,3148
100243,243,Bronze,2021-09-03,5056,1211,23373
100244,244,Gold,2024-10-10,6523,65664,12771
100245,245,Bronze,2022-10-02,6400,46740,8488
100246,246,Gold,2023-12-03,1595,43526,26691
100247,247,Gold,2026-01-01,8250,13338,32910
100248,248,Gold,2022-02-04,2460,3204,38481
100249,249,Gold,2021-11-27,7814,76955,56938
100250,250,Gold,2021-11-23,4753,21231,9931
100251,251,Silver,2023-02-23,1290,12327,47085
100252,252,Bronze,2025-08-18,3533,18563,50385
100253,253,Gold,2022-05-14,8218,67772,47757
100254,254,Silver,2025-09-24,8573,44849,29326
100255,255,Gold,2022-03-15,5554,38221,23613
100256,256,Silver,2025-11-01,7059,5344,58371
100257,257,Gold,2023-12-03,6350,31440,13685
100258,258,Platinum,2023-01-07,9943,9930,9987
100259,259,Silver,2024-05-30,8151,12867,52738
100260,260,Bronze,2023-11-28,5071,71814,56854
100261,261,Platinum,2025-06-05,1428,65493,6167
100262,262,Silver,2023-04-24,2780,38845,10582
100263,263,Bronze,2024-01-13,9445,47722,23158
100264,264,Bronze,2026-01-03,2935,60490,16904
100265,265,Platinum,2023-06-21,4194,58039,42617
100266,266,Platinum,2025-10-22,2031,74645,31998
100267,267,Bronze,2023-07-04,4696,52651,26806
100268,268,Gold,2023-05-28,2113,57880,24034
100269,269,Silver,2023-04-06,5138,49079,5471
100270,270,Silver,2021-11-14,8289,59094,17224
100271,271,Gold,2024-08-03,699,7578,48564
100272,272,Gold,2023-04-14,9188,1141,10129
100273,273,Gold,2023-08-29,4762,49359,10368
100274,274,Silver,2021-09-24,1195,29335,25442
100275,275,Gold,2023-04-21,1531,45835,30531
100276,276,Silver,2022-09-02,8767,61029,7151
100277,277,Bronze,2022-03-07,1775,52128,50345
100278,278,Silver,2023-07-08,6578,43186,4225
100279,279,Bronze,2023-02-11,9901,63839,13935
100280,280,Gold,2022-09-12,7802,15084,18243
100281,281,Silver,2025-08-01,8930,20513,30799
100282,282,Bronze,2023-09-05,3497,42067,37237
100283,283,Bronze,2023-12-26,9848,49944,4089
100284,284,Platinum,2021-08-09,5922,56475,31025
100285,285,Bronze,2023-06-22,3465,3107,49716
100286,286,Silver,2023-10-25,4421,33139,41660
100287,287,Bronze,2025-09-13,2322,9177,17950
100288,288,Silver,2024-07-18,4887,59268,57100
100289,289,Silver,2025-06-17,3507,34106,12063
100290,290,Gold,2024-05-24,1514,56268,22414
100291,291,Platinum,2024-08-04,4864,21665,13015
100292,292,Bronze,2024-08-07,6866,63227,31162
100293,293,Silver,2023-05-24,2632,57350,23245
100294,294,Platinum,2024-10-25,9344,51105,53937
100295,295,Bronze,2021-09-24,9783,26125,5099
100296,296,Gold,2022-10-16,9477,19055,21216
100297,297,Silver,2026-04-20,5185,1959,9863
100298,298,Gold,2023-04-10,2416,65563,56642
100299,299,Bronze,2021-08-04,6658,34546,34124
100300,300,Gold,2024-05-07,7381,16578,41569
100301,301,Silver,2023-07-27,9476,12872,2391
100302,302,Bronze,2022-07-11,3074,55173,45642
100303,303,Silver,2024-05-16,2721,78866,24743
100304,304,Bronze,2023-05-24,3436,25155,44540
100305,305,Silver,2023-09-10,235,48630,53331
100306,306,Bronze,2025-08-27,4947,40334,32904
100307,307,Gold,2026-01-11,2043,65522,42527
100308,308,Platinum,2022-11-22,6783,53890,23050
100309,309,Bronze,2025-04-17,8887,55916,34286
100310,310,Platinum,2023-04-25,5502,14960,11522
100311,311,Silver,2025-04-24,6113,23286,36225
100312,312,Silver,2024-04-17,8892,57231,25006
100313,313,Bronze,2026-01-25,7167,37225,46012
100314,314,Silver,2022-07-17,1625,11584,52818
100315,315,Gold,2024-04-03,1468,2253,40387
100316,316,Platinum,2024-12-12,1698,65164,49148
100317,317,Gold,2026-03-18,8924,13168,41518
100318,318,Silver,2026-04-14,9522,4377,43759
100319,319,Bronze,2023-09-18,6891,27870,14606
100320,320,Gold,2026-03-27,9037,50048,7503
100321,321,Bronze,2022-09-19,7693,16410,22977
100322,322,Platinum,2025-05-06,7601,54224,59506
100323,323,Gold,2023-12-12,6484,1096,24552
100324,324,Gold,2026-07-22,8315,37272,17538
100325,325,Gold,2023-05-02,4333,40391,54950
100326,326,Platinum,2022-11-26,6794,31761,272
100327,327,Platinum,2025-09-17,6792,4382,1017
100328,328,Bronze,2022-05-04,6134,68121,53741
100329,329,Gold,2022-04-15,5201,44020,11168
100330,330,Platinum,2023-10-09,7045,31797,36420
100331,331,Platinum,2021-11-11,3156,51652,54299
100332,332,Bronze,2026-03-26,9467,56343,8445
100333,333,Platinum,2024-01-18,6396,22869,26418
100334,334,Platinum,2023-10-29,8475,20867,28665
100335,335,Bronze,2023-11-08,2069,66193,7757
100336,336,Silver,2022-11-22,6422,34208,54875
100337,337,Silver,2026-03-31,5282,26807,6111
100338,338,Bronze,2025-02-05,7166,1612,41215
100339,339,Gold,2023-01-24,2507,3746,40507
100340,340,Gold,2024-07-03,1290,75046,25061
100341,341,Bronze,2023-02-17,2138,59568,41580
100342,342,Silver,2022-08-25,5867,24552,15710
100343,343,Silver,2022-12-30,3633,39018,12702
100344,344,Silver,2025-11-02,4018,49659,50488
100345,345,Bronze,2023-03-24,847,36140,5437
100346,346,Platinum,2024-10-29,379,76037,56815
100347,347,Bronze,2025-09-15,7522,78205,8040
100348,348,Bronze,2022-01-12,4627,34440,58628
100349,349,Bronze,2024-10-14,1267,64881,55353
100350,350,Bronze,2022-02-10,3407,51322,6597
100351,351,Silver,2025-08-17,359,54330,4821
100352,352,Silver,2026-02-05,1250,27663,45045
100353,353,Silver,2023-10-04,5137,59197,52989
100354,354,Bronze,2024-10-16,4894,1429,59220
100355,355,Bronze,2025-05-05,9294,79615,56020
100356,356,Bronze,2023-10-04,5616,45553,31713
100357,357,Platinum,2024-02-12,9830,71728,328
100358,358,Bronze,2021-08-12,4169,16037,12638
100359,359,Silver,2022-10-11,8781,3119,33947
100360,360,Silver,2026-03-09,2496,28451,56811
100361,361,Bronze,2026-07-02,3554,3966,21465
100362,362,Bronze,2023-04-29,1367,16691,17536
100363,363,Bronze,2022-05-07,3264,12154,22842
100364,364,Gold,2025-05-05,4822,61316,48837
100365,365,Gold,2026-01-09,7144,67294,26210
100366,366,Platinum,2022-12-08,4097,22770,12968
100367,367,Silver,2022-06-11,4605,51588,6743
100368,368,Silver,2025-06-23,9626,40940,10856
100369,369,Gold,2024-10-31,7992,56915,57858
100370,370,Silver,2025-01-04,9770,35708,53470
100371,371,Bronze,2024-08-06,1762,79699,25103
100372,372,Silver,2025-11-13,9292,46357,24507
100373,373,Gold,2024-06-09,1052,59004,10960
100374,374,Gold,2023-08-09,8378,33269,38461
100375,375,Silver,2026-04-09,9894,69633,23085
100376,376,Bronze,2025-04-23,1878,23680,53021
100377,377,Bronze,2023-03-22,3046,46990,16077
100378,378,Bronze,2023-10-18,6089,48854,9505
100379,379,Gold,2026-07-14,2003,1362,20879
100380,380,Silver,2025-01-26,5388,28119,30498
100381,381,Silver,2025-11-25,5268,30593,36807
100382,382,Bronze,2024-01-31,4646,78979,13905
100383,383,Silver,2025-06-19,1686,73625,18222
100384,384,Gold,2025-09-10,1225,75328,58501
100385,385,Silver,2021-11-27,7130,41752,53306
100386,386,Bronze,2023-01-22,3229,6609,52607
100387,387,Silver,2023-05-18,766,36068,27606
100388,388,Bronze,2023-02-14,7418,22531,39415
100389,389,Bronze,2021-11-28,6272,31088,37775
100390,390,Bronze,2022-05-31,292,75565,304
100391,391,Platinum,2025-09-18,4659,17278,55157
100392,392,Platinum,2023-01-27,606,70022,34571
100393,393,Bronze,2023-05-07,266,9203,30794
100394,394,Bronze,2025-08-13,6800,39552,18001
100395,395,Bronze,2026-05-25,5665,52573,5227
100396,396,Silver,2021-09-28,5131,64825,40129
100397,397,Bronze,2022-06-03,4889,59682,32331
100398,398,Gold,2025-12-19,1989,49108,40499
100399,399,Bronze,2024-04-08,3670,6369,54097
100400,400,Bronze,2021-10-07,1722,42417,56451
100401,401,Silver,2026-02-28,7138,29767,11153
100402,402,Bronze,2025-03-10,6043,70558,323
100403,403,Platinum,2025-12-20,860,34137,57889
100404,404,Gold,2025-03-06,1815,6391,19941
100405,405,Bronze,2022-12-25,5395,49849,17688
100406,406,Silver,2021-11-05,2257,76574,30192
100407,407,Bronze,2024-12-07,5231,19498,49350
100408,408,Silver,2025-08-26,6771,58660,43793
100409,409,Bronze,2022-10-25,8644,31625,37872
100410,410,Silver,2024-09-13,8029,36871,21096
100411,411,Gold,2022-06-28,7908,29700,6016
100412,412,Bronze,2021-10-14,4853,10952,23134
100413,413,Silver,2024-05-07,3971,27086,45545
100414,414,Bronze,2023-01-12,8103,7999,13924
100415,415,Bronze,2026-04-14,3541,61461,53641
100416,416,Bronze,2022-05-14,7989,13801,22311
100417,417,Bronze,2022-08-21,9675,69259,33680
100418,418,Gold,2022-05-18,5108,59609,42945
100419,419,Bronze,2024-05-05,8265,13949,59908
100420,420,Bronze,2025-10-18,5957,50638,29650
100421,421,Gold,2025-06-06,8412,26710,51119
100422,422,Silver,2025-05-17,1124,36516,27727
100423,423,Bronze,2022-03-22,5032,75760,42492
100424,424,Bronze,2025-07-03,7552,14147,48826
100425,425,Bronze,2021-08-08,271,60504,12257
100426,426,Bronze,2024-03-24,7802,69684,29664
100427,427,Bronze,2024-09-01,1938,72229,5509
100428,428,Bronze,2024-01-01,3474,19842,26013
100429,429,Silver,2025-03-24,8321,43843,3483
100430,430,Silver,2026-02-10,6058,12920,3220
100431,431,Silver,2025-02-25,6923,25519,19267
100432,432,Bronze,2022-04-02,2894,77963,18083
100433,433,Silver,2025-05-21,8087,68076,28414
100434,434,Bronze,2024-10-03,817,32729,7279
100435,435,Bronze,2026-06-20,870,4777,37698
100436,436,Bronze,2024-02-11,1078,69847,6621
100437,437,Bronze,2023-05-02,6628,51468,25748
100438,438,Bronze,2024-03-29,4395,65003,13481
100439,439,Bronze,2022-06-19,3335,45664,41739
100440,440,Bronze,2022-12-25,9769,37845,48095
100441,441,Bronze,2021-09-12,3032,66060,59492
100442,442,Gold,2025-06-17,7811,40119,55873
100443,443,Platinum,2024-04-28,3909,22412,20651
100444,444,Silver,2025-10-30,2730,24655,21768
100445,445,Gold,2024-09-01,2323,1769,43649
100446,446,Silver,2021-10-05,5473,2829,11633
100447,447,Platinum,2025-09-23,1261,22477,44512
100448,448,Gold,2023-10-25,159,77957,23078
100449,449,Platinum,2024-09-03,9554,231,32001
100450,450,Gold,2024-02-22,7742,14437,2960
100451,451,Gold,2023-10-20,9294,38197,54746
100452,452,Bronze,2025-11-06,8243,22028,49479
100453,453,Bronze,2024-04-13,1538,13206,19962
100454,454,Gold,2024-07-07,5499,59425,32156
100455,455,Gold,2024-07-28,8940,33830,43477
100456,456,Silver,2024-05-29,5968,60229,888
100457,457,Gold,2023-01-08,4933,43843,58416
100458,458,Silver,2024-02-24,9760,63585,7389
100459,459,Bronze,2025-01-07,8508,2816,9692
100460,460,Platinum,2021-12-18,3608,18664,23409
100461,461,Silver,2023-02-01,4003,75805,48562
100462,462,Silver,2022-06-22,7056,47209,13520
100463,463,Gold,2023-01-09,3175,49616,41860
100464,464,Bronze,2023-12-24,4487,71523,58931
100465,465,Platinum,2026-03-01,8632,23031,17387
100466,466,Platinum,2022-12-15,5715,43510,25626
100467,467,Silver,2025-11-13,4526,40643,12489
100468,468,Bronze,2023-09-07,8520,45093,54668
100469,469,Silver,2026-06-30,7101,59741,37136
100470,470,Platinum,2024-06-28,5685,37902,7221
100471,471,Platinum,2024-04-04,8174,19384,30560
100472,472,Silver,2025-02-24,8571,38082,40881
100473,473,Silver,2025-01-16,2664,39899,31904
100474,474,Bronze,2022-10-07,4828,2143,29744
100475,475,Bronze,2026-03-19,4636,77835,8089
100476,476,Bronze,2025-02-27,5010,767,28201
100477,477,Bronze,2024-10-25,10,6640,16477
100478,478,Bronze,2021-09-18,4641,65897,43602
100479,479,Platinum,2023-09-04,9187,20421,5636
100480,480,Gold,2026-05-08,2337,25885,28314
100481,481,Silver,2025-11-26,1322,38216,14343
100482,482,Bronze,2024-10-27,5810,32701,53196
100483,483,Silver,2022-06-03,6328,55486,26156
100484,484,Platinum,2024-12-02,1607,34343,19793
100485,485,Silver,2026-02-25,2839,74012,28561
100486,486,Silver,2025-12-09,5283,75881,9121
100487,487,Silver,2024-05-27,3268,32870,8892
100488,488,Silver,2021-08-25,3268,39560,19988
100489,489,Bronze,2024-06-06,9284,60544,35771
100490,490,Bronze,2025-12-12,7158,12688,9083
100491,491,Silver,2023-08-04,5132,66136,44902
100492,492,Gold,2022-07-17,7673,46524,28027
100493,493,Silver,2024-04-30,6721,60561,1813
100494,494,Platinum,2024-09-30,432,55270,5795
100495,495,Gold,2025-09-06,4954,31904,38032
100496,496,Silver,2021-09-03,2085,71307,58976
100497,497,Silver,2025-03-26,4806,7117,49501
100498,498,Gold,2024-01-28,2063,52914,43914
100499,499,Bronze,2023-04-04,8487,60422,54997
100500,500,Bronze,2023-10-29,896,35512,54387
100501,501,Platinum,2023-07-19,1753,43810,38950
100502,502,Bronze,2023-10-19,4760,74213,31553
100503,503,Silver,2023-10-18,997,16017,48527
100504,504,Silver,2026-08-04,8369,7049,45978
100505,505,Bronze,2022-02-05,2361,73768,48524
100506,506,Platinum,2024-12-13,2234,29400,58658
100507,507,Silver,2021-12-17,2535,39538,41172
100508,508,Bronze,2023-10-15,105,63664,40872
100509,509,Silver,2024-10-13,1879,8900,2
100510,510,Bronze,2026-06-17,1983,68234,6348
100511,511,Bronze,2023-08-31,1697,62194,1615
100512,512,Gold,2026-05-06,7271,51311,3647
100513,513,Platinum,2024-10-09,4913,53126,31701
100514,514,Platinum,2024-06-27,3849,71759,17057
100515,515,Gold,2025-09-02,7194,16247,28334
100516,516,Bronze,2024-05-30,354,24323,9285
100517,517,Gold,2022-05-12,3943,22483,33522
100518,518,Gold,2025-09-10,8956,26360,31205
100519,519,Silver,2024-01-28,4742,13209,38585
100520,520,Silver,2021-10-31,4508,51373,25285
100521,521,Silver,2026-04-16,1758,60912,27321
100522,522,Gold,2023-02-01,2427,3766,18574
100523,523,Silver,2024-05-14,9244,51143,722
100524,524,Silver,2024-04-01,558,58358,2793
100525,525,Platinum,2023-06-08,5811,18358,30664
100526,526,Gold,2025-10-21,7509,36394,597
100527,527,Platinum,2025-12-27,5861,65719,56088
100528,528,Gold,2025-06-25,3453,45822,59149
100529,529,Gold,2026-06-25,6399,67345,4113
100530,530,Bronze,2023-12-08,2480,46219,42987
100531,531,Gold,2025-02-16,5558,60325,46870
100532,532,Gold,2024-12-14,2294,36582,51443
100533,533,Gold,2022-06-23,4963,51733,4470
100534,534,Platinum,2024-08-13,7925,49451,30916
100535,535,Silver,2026-01-08,2955,75602,46432
100536,536,Platinum,2023-06-01,8608,34077,8481
100537,537,Silver,2021-09-05,9647,76216,22812
100538,538,Silver,2023-08-18,6615,8956,2944
100539,539,Bronze,2024-01-30,2607,30469,6326
100540,540,Silver,2022-01-04,8182,62544,21211
100541,541,Gold,2025-04-04,3876,13919,58968
100542,542,Gold,2025-08-04,6292,55157,4218
100543,543,Bronze,2022-09-02,4103,15104,2452
100544,544,Gold,2022-06-10,1194,57972,50027
100545,545,Bronze,2025-11-11,482,22915,21047
100546,546,Bronze,2021-12-10,7364,49596,8730
100547,547,Platinum,2026-01-17,9400,73037,13089
100548,548,Bronze,2026-04-16,8046,57445,44489
100549,549,Bronze,2025-10-11,3296,21345,28446
100550,550,Gold,2024-10-11,3150,11374,38149
100551,551,Bronze,2023-11-09,1576,26778,2178
100552,552,Gold,2023-03-23,85,47228,50750
100553,553,Silver,2024-07-31,8955,9532,22328
100554,554,Bronze,2023-10-18,8653,65134,12460
100555,555,Gold,2025-12-14,9344,62193,32823
100556,556,Bronze,2024-03-12,9153,18171,52533
100557,557,Bronze,2024-01-13,7004,49398,57276
100558,558,Bronze,2021-11-09,1280,16771,51274
100559,559,Silver,2025-11-29,1653,15556,32683
100560,560,Bronze,2022-03-22,9854,70949,21687
100561,561,Bronze,2026-02-15,4749,33049,25586
100562,562,Gold,2024-06-27,1113,20791,18878
100563,563,Bronze,2023-05-18,9426,31740,55915
100564,564,Silver,2026-05-24,8192,41025,26163
100565,565,Silver,2022-03-06,8944,14632,38192
100566,566,Silver,2025-08-07,4309,4029,2115
100567,567,Bronze,2026-07-04,4274,26381,21924
100568,568,Gold,2026-04-22,973,18356,13384
100569,569,Silver,2023-06-04,5400,8269,15441
100570,570,Silver,2021-10-14,9238,4734,22665
100571,571,Platinum,2025-04-18,6819,78500,48450
100572,572,Silver,2024-03-30,1320,72376,31376
100573,573,Platinum,2025-10-21,4432,5571,6819
100574,574,Bronze,2023-08-18,8316,29623,42620
100575,575,Bronze,2026-03-18,7824,39869,51219
100576,576,Gold,2024-07-12,3731,2910,3627
100577,577,Bronze,2021-10-08,3214,70116,39854
100578,578,Gold,2021-11-29,296,72516,31599
100579,579,Bronze,2022-10-03,6180,16515,28162
100580,580,Gold,2022-06-17,9003,18157,7574
100581,581,Silver,2022-02-19,6024,46209,12690
100582,582,Bronze,2024-02-01,949,31317,15206
100583,583,Bronze,2024-07-26,164,29869,27070
100584,584,Gold,2023-10-08,8785,74555,3000
100585,585,Platinum,2022-03-01,244,32857,53255
100586,586,Bronze,2025-08-15,928,16708,28741
100587,587,Bronze,2026-05-17,716,41273,22915
100588,588,Silver,2024-03-20,4001,38427,8501
100589,589,Silver,2026-06-17,7843,16140,43030
100590,590,Bronze,2026-06-29,4099,71356,13491
100591,591,Silver,2026-07-28,5848,28973,29067
100592,592,Gold,2024-06-05,6011,72373,19181
100593,593,Gold,2024-05-20,4001,69154,58522
100594,594,Bronze,2024-12-14,8870,66087,6840
100595,595,Bronze,2024-02-19,6731,63828,18335
100596,596,Bronze,2025-05-03,2246,68387,15108
100597,597,Bronze,2021-09-26,9059,27725,8044
100598,598,Bronze,2022-05-05,2325,4801,15407
100599,599,Silver,2026-01-26,7434,15073,1395
100600,600,Silver,2025-08-31,553,35528,18216
100601,601,Silver,2023-05-09,4921,11174,3913
100602,602,Bronze,2025-04-15,9990,50423,32463
100603,603,Bronze,2023-01-12,6268,50518,29099
100604,604,Bronze,2026-01-15,3370,49819,12086
100605,605,Silver,2023-03-16,8724,6949,43280
100606,606,Bronze,2026-04-17,8872,45687,1703
100607,607,Platinum,2022-09-06,5508,34510,53100
100608,608,Gold,2024-10-05,3547,3684,22344
100609,609,Gold,2025-08-24,7111,56139,51289
100610,610,Gold,2024-07-03,935,14414,36260
100611,611,Bronze,2026-05-10,4709,70192,30376
100612,612,Silver,2022-04-18,9311,68114,17045
100613,613,Bronze,2026-06-29,6247,61354,48865
100614,614,Platinum,2021-09-26,3903,17384,59487
100615,615,Bronze,2022-03-16,4495,11311,16379
100616,616,Gold,2023-03-19,4846,44341,37426
100617,617,Bronze,2022-02-20,4493,47508,17612
100618,618,Silver,2024-11-09,9961,1717,8146
100619,619,Bronze,2024-01-28,5259,34770,55547
100620,620,Bronze,2023-05-09,7581,2363,28829
100621,621,Bronze,2024-11-20,606,47118,31470
100622,622,Silver,2022-01-14,9119,28653,26778
100623,623,Bronze,2021-09-14,1303,36334,58788
100624,624,Silver,2025-09-29,5145,8494,28864
100625,625,Bronze,2025-07-01,4524,34118,56954
100626,626,Silver,2022-02-14,3726,22971,9627
100627,627,Gold,2023-06-28,812,30596,7500
100628,628,Silver,2022-04-13,3018,66516,56398
100629,629,Silver,2025-01-06,5199,5599,36268
100630,630,Gold,2024-09-11,996,34054,16871
100631,631,Bronze,2026-04-05,5789,70936,47075
100632,632,Bronze,2023-05-23,3845,45939,7154
100633,633,Bronze,2025-06-23,7271,14935,33491
100634,634,Bronze,2026-02-20,3343,42801,37379
100635,635,Bronze,2026-01-12,6815,9457,42066
100636,636,Silver,2025-01-19,4638,18853,1618
100637,637,Bronze,2022-12-19,5902,44007,26747
100638,638,Gold,2025-08-17,6139,61793,19271
100639,639,Silver,2021-09-18,2626,48374,2923
100640,640,Bronze,2025-10-19,2458,77593,1673
100641,641,Bronze,2025-04-09,3464,41139,33475
100642,642,Gold,2026-03-17,8326,76316,46716
100643,643,Bronze,2023-10-15,3520,49755,54442
100644,644,Silver,2021-08-23,2458,50050,49978
100645,645,Platinum,2022-01-18,1285,10233,14718
100646,646,Silver,2024-09-17,9411,71957,48100
100647,647,Silver,2026-04-01,1986,69274,52311
100648,648,Bronze,2024-11-01,7738,68840,34100
100649,649,Silver,2026-05-18,4410,25662,54788
100650,650,Silver,2023-08-15,3998,43181,15930
100651,651,Gold,2024-02-17,5930,30363,29872
100652,652,Bronze,2024-06-20,1890,31694,29164
100653,653,Gold,2024-03-25,6716,47532,5222
100654,654,Bronze,2024-05-25,8284,10119,59941
100655,655,Bronze,2022-07-08,7932,79427,15096
100656,656,Silver,2025-10-09,6862,30215,37312
100657,657,Gold,2023-01-23,2052,70566,16052
100658,658,Gold,2026-06-12,6678,76745,43640
100659,659,Bronze,2025-12-16,4264,37702,22385
100660,660,Bronze,2024-08-10,1335,53643,27592
100661,661,Silver,2022-12-14,2431,75599,32387
100662,662,Silver,2026-03-10,3245,23681,57436
100663,663,Silver,2023-04-16,2732,15932,27435
100664,664,Bronze,2021-12-31,9086,61685,48683
100665,665,Bronze,2022-01-04,558,56647,1568
100666,666,Silver,2021-10-10,1196,17451,33744
100667,667,Gold,2025-06-14,6358,55459,23223
100668,668,Bronze,2026-03-28,9124,31745,46660
100669,669,Bronze,2025-04-22,5518,44224,38763
100670,670,Silver,2023-10-26,1765,6029,4833
100671,671,Gold,2026-03-30,5815,58937,59681
100672,672,Silver,2024-03-23,7368,57206,18958
100673,673,Gold,2024-02-25,2205,24145,47428
100674,674,Gold,2025-08-02,8345,11082,9978
100675,675,Gold,2023-06-20,9724,77832,24240
100676,676,Silver,2022-06-21,7430,49825,21000
100677,677,Silver,2023-08-29,8334,77180,18304
100678,678,Platinum,2025-10-19,1587,30543,19487
100679,679,Silver,2024-11-16,791,74041,33926
100680,680,Gold,2023-04-13,9499,66714,55316
100681,681,Platinum,2022-06-23,4673,42410,25170
100682,682,Bronze,2021-09-15,2923,18869,2748
100683,683,Gold,2025-03-24,3451,56531,34022
100684,684,Bronze,2025-02-07,5150,13137,22763
100685,685,Bronze,2026-06-07,1942,37828,17946
100686,686,Silver,2023-02-10,3664,22293,18905
100687,687,Platinum,2025-08-24,4250,79551,49379
100688,688,Bronze,2022-09-03,3795,36620,9240
100689,689,Bronze,2023-03-19,9046,66776,49470
100690,690,Bronze,2024-02-22,9804,5309,58369
100691,691,Silver,2022-06-30,3197,973,32005
100692,692,Gold,2023-04-27,422,48536,13313
100693,693,Bronze,2024-09-18,9357,56002,47978
100694,694,Silver,2023-12-23,2067,59586,19329
100695,695,Platinum,2024-07-25,1965,58349,58253
100696,696,Silver,2023-09-15,4309,11485,56656
100697,697,Bronze,2024-01-31,4562,15364,23181
100698,698,Gold,2026-04-04,3644,9845,21437
100699,699,Bronze,2022-04-14,5494,36290,29718
100700,700,Silver,2022-12-07,8402,9810,46321
100701,701,Silver,2026-06-08,628,56903,6582
100702,702,Platinum,2022-04-22,8540,41718,12477
100703,703,Gold,2023-11-08,583,1144,16116
100704,704,Bronze,2026-02-24,6163,28963,44128
100705,705,Bronze,2023-06-22,7702,19948,31752
100706,706,Gold,2024-04-01,8138,37140,8637
100707,707,Bronze,2025-12-25,1453,67773,56174
100708,708,Gold,2023-12-03,3509,519,28463
100709,709,Bronze,2022-10-31,9137,27434,46529
100710,710,Bronze,2024-03-04,6851,34581,40198
100711,711,Bronze,2023-11-12,9566,30864,41793
100712,712,Bronze,2023-01-23,8691,23701,57533
100713,713,Bronze,2026-01-19,3799,38388,43776
100714,714,Silver,2022-03-31,6425,78460,23404
100715,715,Silver,2022-06-05,4840,12752,14347
100716,716,Bronze,2025-04-24,4706,55097,29305
100717,717,Bronze,2025-10-06,6960,15280,11547
100718,718,Silver,2024-11-01,5224,14981,22778
100719,719,Silver,2026-03-14,2098,63504,55058
100720,720,Gold,2022-10-26,8014,78881,27001
100721,721,Silver,2025-03-20,474,38232,17558
100722,722,Silver,2021-08-22,6701,8069,36848
100723,723,Gold,2025-11-05,4286,41730,26950
100724,724,Bronze,2024-07-04,7240,55831,26127
100725,725,Bronze,2022-09-29,895,35268,31818
100726,726,Gold,2024-11-24,5567,6080,20218
100727,727,Silver,2025-09-14,3625,75139,57384
100728,728,Bronze,2024-05-27,3378,14559,40193
100729,729,Silver,2023-11-06,2117,79393,35374
100730,730,Bronze,2026-02-17,345,49800,5914
100731,731,Gold,2025-10-29,5460,46329,50255
100732,732,Gold,2026-05-01,1039,6550,33990
100733,733,Bronze,2022-12-15,8773,26109,10288
100734,734,Gold,2022-04-23,6480,30159,19017
100735,735,Gold,2023-03-22,6125,43550,27092
100736,736,Bronze,2024-04-21,4074,1887,2364
100737,737,Gold,2023-02-15,8627,13537,32866
100738,738,Bronze,2023-10-21,7944,5642,10285
100739,739,Bronze,2024-04-07,397,30247,41389
100740,740,Gold,2025-03-24,4051,4527,17855
100741,741,Gold,2025-06-10,6190,52627,8597
100742,742,Gold,2025-09-20,4423,11230,5015
100743,743,Bronze,2023-10-27,6805,2741,966
100744,744,Gold,2026-05-28,8875,79381,9951
100745,745,Bronze,2024-04-22,9636,51365,12732
100746,746,Gold,2021-12-22,5114,42531,27862
100747,747,Silver,2026-07-24,383,39703,17960
100748,748,Silver,2023-06-29,1633,34738,42994
100749,749,Silver,2025-09-29,6169,38273,28149
100750,750,Bronze,2025-10-04,6657,73630,18255
100751,751,Silver,2025-04-17,8736,66500,16031
100752,752,Bronze,2023-04-17,8143,51695,24427
100753,753,Gold,2021-12-18,1774,59379,14684
100754,754,Silver,2022-04-11,407,52181,50541
100755,755,Bronze,2022-09-16,6059,62595,36906
100756,756,Bronze,2025-10-28,5089,43672,9422
100757,757,Gold,2025-03-24,1370,12602,36758
100758,758,Bronze,2026-06-22,8025,77879,16381
100759,759,Bronze,2024-04-12,6605,62164,34301
100760,760,Gold,2024-12-06,9283,30565,3862
100761,761,Gold,2021-08-29,4129,54083,20411
100762,762,Gold,2024-09-02,2467,4885,21066
100763,763,Silver,2026-04-10,9809,53385,57109
100764,764,Bronze,2022-01-10,3427,73816,52081
100765,765,Silver,2023-11-17,8188,41127,42730
100766,766,Bronze,2022-06-09,7559,63407,33713
100767,767,Silver,2025-07-11,1334,13868,27898
100768,768,Silver,2022-01-04,6155,16783,49603
100769,769,Bronze,2026-04-09,8518,16022,10891
100770,770,Bronze,2023-10-05,1862,5219,58032
100771,771,Silver,2021-08-11,2797,68858,31928
100772,772,Bronze,2024-07-02,8963,54907,26175
100773,773,Bronze,2023-11-18,1926,57179,19282
100774,774,Gold,2024-01-04,4441,68582,21127
100775,775,Silver,2023-04-01,6088,73999,42612
100776,776,Bronze,2022-09-21,4754,68683,44893
100777,777,Bronze,2025-08-12,6082,68176,39617
100778,778,Bronze,2024-11-04,7583,27706,21638
100779,779,Platinum,2024-02-19,2217,21627,34365
100780,780,Gold,2022-04-08,7763,1387,20820
100781,781,Silver,2024-06-20,2463,61768,4394
100782,782,Platinum,2024-02-07,91,40973,45971
100783,783,Bronze,2022-05-17,1537,70581,30054
100784,784,Bronze,2021-09-26,1001,61532,38958
100785,785,Bronze,2024-04-09,5741,73389,57890
100786,786,Bronze,2024-04-02,231,25349,17994
100787,787,Bronze,2024-12-18,6982,76707,47796
100788,788,Bronze,2022-11-25,6607,33490,36773
100789,789,Silver,2025-04-02,3319,10254,38839
100790,790,Bronze,2023-09-16,3546,36798,11686
100791,791,Bronze,2025-07-22,1676,16707,52224
100792,792,Silver,2023-08-26,6274,43374,37726
100793,793,Gold,2026-05-25,9702,79369,18169
100794,794,Platinum,2024-09-07,7756,27534,11016
100795,795,Bronze,2025-02-15,3798,28469,5985
100796,796,Platinum,2026-05-19,2400,18886,10801
100797,797,Silver,2025-11-12,4,42480,5097
100798,798,Gold,2022-04-21,855,18053,33535
100799,799,Gold,2025-09-03,6969,61925,21436
100800,800,Bronze,2025-12-25,1921,31658,36709
100801,801,Bronze,2026-04-28,6316,62290,23264
100802,802,Bronze,2022-02-22,8552,41646,34779
100803,803,Bronze,2023-09-18,9918,28136,10886
100804,804,Platinum,2022-12-20,4550,18828,55042
100805,805,Silver,2023-02-20,7235,64337,45554
100806,806,Gold,2025-12-23,1970,73225,58966
100807,807,Silver,2021-11-24,5704,23432,1657
100808,808,Gold,2026-05-06,7636,45449,47742
100809,809,Silver,2025-04-12,9171,25132,25064
100810,810,Bronze,2022-09-30,174,25768,28972
100811,811,Bronze,2025-12-05,3193,835,38416
100812,812,Bronze,2022-02-17,1541,48448,16630
100813,813,Silver,2025-05-12,212,79631,17893
100814,814,Bronze,2022-03-31,4504,62848,26102
100815,815,Bronze,2021-12-11,4145,36036,40977
100816,816,Bronze,2024-03-13,9374,4088,56569
100817,817,Gold,2024-11-15,7713,79732,41434
100818,818,Silver,2025-10-27,2847,62155,49147
100819,819,Gold,2026-06-23,8938,13716,2503
100820,820,Bronze,2021-08-13,2509,23287,57076
100821,821,Gold,2021-08-19,1356,55094,54661
100822,822,Gold,2022-10-24,918,58214,41777
100823,823,Gold,2022-11-14,5148,12876,56222
100824,824,Silver,2023-09-08,3181,2285,21801
100825,825,Gold,2026-05-28,5185,22279,59357
100826,826,Platinum,2022-03-28,6000,67777,928
100827,827,Platinum,2024-03-24,6605,54675,54900
100828,828,Silver,2025-12-24,1007,8613,12644
100829,829,Gold,2023-09-02,8216,19434,47772
100830,830,Bronze,2025-03-26,2827,58217,2916
100831,831,Bronze,2023-08-07,3255,66352,26820
100832,832,Bronze,2023-04-13,52,40884,17941
100833,833,Silver,2026-01-03,1928,44854,30556
100834,834,Silver,2023-03-30,1410,74311,30343
100835,835,Bronze,2023-11-21,1483,24020,47811
100836,836,Bronze,2023-05-10,5201,77583,41066
100837,837,Platinum,2024-02-22,2774,1468,14255
100838,838,Silver,2021-08-04,7542,10752,57488
100839,839,Gold,2021-08-14,4042,40441,54873
100840,840,Silver,2024-05-04,3130,17497,20348
100841,841,Bronze,2023-05-20,4703,23431,18282
100842,842,Bronze,2024-07-19,5169,54361,14808
100843,843,Gold,2024-02-15,4469,26212,11607
100844,844,Platinum,2024-05-05,4249,57719,17337
100845,845,Bronze,2024-11-25,5818,75950,23829
100846,846,Bronze,2022-02-21,8569,59039,54362
100847,847,Silver,2021-10-06,2793,4914,54704
100848,848,Silver,2025-12-10,2551,70610,37271
100849,849,Bronze,2024-04-15,7108,45571,42336
100850,850,Gold,2024-05-31,4729,27290,22425
100851,851,Silver,2026-04-02,8253,72400,54385
100852,852,Gold,2022-05-07,4406,11995,33637
100853,853,Gold,2022-11-25,4230,28707,30650
100854,854,Bronze,2022-10-03,1889,67868,43144
100855,855,Silver,2024-02-29,7785,18425,30621
100856,856,Silver,2022-01-30,6099,73994,24766
100857,857,Silver,2025-05-25,554,42353,45959
100858,858,Bronze,2025-12-25,5879,1135,10403
100859,859,Silver,2026-02-21,5483,44228,42459
100860,860,Platinum,2025-12-23,3065,47024,20072
100861,861,Bronze,2025-05-31,8958,24500,49286
100862,862,Bronze,2022-02-01,7478,77901,37746
100863,863,Silver,2025-07-28,6542,62172,54663
100864,864,Bronze,2024-04-26,6114,78866,22143
100865,865,Silver,2026-06-25,6572,39444,2629
100866,866,Platinum,2024-12-02,3838,66548,7068
100867,867,Silver,2023-11-02,4413,75792,26263
100868,868,Silver,2023-05-14,2687,67235,10904
100869,869,Platinum,2026-05-12,9778,68792,13006
100870,870,Platinum,2022-09-14,9305,18390,8512
100871,871,Silver,2024-07-14,881,11948,20268
100872,872,Gold,2024-09-26,2317,45464,30062
100873,873,Bronze,2022-08-28,7546,210,43162
100874,874,Bronze,2022-10-08,2819,39589,20154
100875,875,Bronze,2021-11-05,3869,26749,28609
100876,876,Bronze,2026-05-13,4009,20303,44873
100877,877,Silver,2021-10-12,6131,748,31283
100878,878,Bronze,2023-05-15,1636,61808,36033
100879,879,Silver,2023-04-10,3481,62006,43806
100880,880,Bronze,2025-11-12,7593,31916,50007
100881,881,Platinum,2025-12-13,6350,16943,20863
100882,882,Gold,2023-06-17,2187,52513,50676
100883,883,Bronze,2022-03-22,4639,55752,39120
100884,884,Bronze,2022-12-25,1174,45564,32001
100885,885,Silver,2023-09-07,9608,3625,14528
100886,886,Gold,2025-01-25,2918,30922,24191
100887,887,Bronze,2022-06-18,8215,308,40014
100888,888,Silver,2023-12-02,6523,10227,42308
100889,889,Bronze,2024-03-03,8191,24737,2899
100890,890,Bronze,2024-10-07,7133,12270,22255
100891,891,Bronze,2022-10-10,2947,55898,9879
100892,892,Bronze,2022-07-09,6337,63100,2282
100893,893,Bronze,2025-03-07,6909,23629,10717
100894,894,Bronze,2024-07-13,8476,14050,30469
100895,895,Gold,2023-03-16,5673,13391,42983
100896,896,Gold,2026-04-05,200,21187,20907
100897,897,Bronze,2022-06-06,8306,50430,44977
100898,898,Silver,2021-09-28,7964,52752,27686
100899,899,Gold,2024-10-24,4963,55803,16950
100900,900,Gold,2024-04-12,1899,79219,52895
100901,901,Gold,2026-01-19,7377,65906,24433
100902,902,Gold,2021-09-21,5489,70226,23911
100903,903,Bronze,2023-11-12,2930,55683,34846
100904,904,Gold,2021-08-15,1310,19811,455
100905,905,Bronze,2025-12-17,9669,33895,12950
100906,906,Silver,2026-05-15,7454,57101,3181
100907,907,Silver,2023-01-13,652,16031,56878
100908,908,Silver,2023-02-27,6014,6663,58272
100909,909,Silver,2023-03-09,6050,33172,27898
100910,910,Bronze,2022-08-09,4852,3184,35569
100911,911,Bronze,2021-10-31,4804,46877,27332
100912,912,Bronze,2023-10-24,5318,39117,41679
100913,913,Bronze,2021-10-15,1829,46924,47966
100914,914,Bronze,2025-06-29,6491,32688,11484
100915,915,Bronze,2026-01-09,1549,16622,47630
100916,916,Bronze,2026-03-14,8084,56605,58505
100917,917,Bronze,2021-09-15,7504,32094,54104
100918,918,Platinum,2025-01-02,8577,74688,30042
100919,919,Bronze,2025-09-26,5350,48963,2509
100920,920,Bronze,2024-06-22,1656,50158,33595
100921,921,Platinum,2026-03-21,1290,44372,41729
100922,922,Gold,2024-06-22,6922,52625,1466
100923,923,Bronze,2023-08-20,4208,10491,54844
100924,924,Platinum,2022-04-14,1907,25219,37414
100925,925,Bronze,2023-12-21,4967,67476,35334
100926,926,Gold,2023-02-27,3993,6500,24525
100927,927,Silver,2024-06-01,3525,57371,18008
100928,928,Gold,2022-02-16,3042,36387,32870
100929,929,Silver,2022-02-02,9906,52354,59621
100930,930,Bronze,2026-01-24,4668,35840,331
100931,931,Silver,2026-04-30,306,54406,43071
100932,932,Bronze,2026-02-04,4375,60713,39261
100933,933,Gold,2023-08-16,5212,12833,14504
100934,934,Bronze,2022-05-30,5318,29074,4176
100935,935,Silver,2022-12-19,9983,60477,38529
100936,936,Silver,2025-12-02,9752,43190,35484
100937,937,Bronze,2023-10-14,9136,1747,22475
100938,938,Bronze,2021-09-01,5674,58346,9946
100939,939,Silver,2023-02-23,8175,27708,34880
100940,940,Silver,2021-11-06,6390,33614,26406
100941,941,Bronze,2022-02-02,9360,10403,41378
100942,942,Silver,2026-02-15,5657,10991,13602
100943,943,Gold,2026-03-15,8676,48490,19925
100944,944,Bronze,2022-06-10,5166,59278,44204
100945,945,Silver,2022-05-06,2554,76768,10927
100946,946,Silver,2026-06-22,9255,56661,27223
100947,947,Platinum,2023-07-04,383,37309,36466
100948,948,Gold,2022-08-28,3845,49289,35231
100949,949,Bronze,2025-03-14,9947,16286,6355
100950,950,Bronze,2023-07-07,3462,14600,37404
100951,951,Bronze,2022-05-21,2606,52675,36049
100952,952,Silver,2024-09-29,3567,54911,59012
100953,953,Silver,2025-11-14,5233,47702,41305
100954,954,Bronze,2025-03-01,5206,65938,35102
100955,955,Silver,2026-04-07,3688,53048,32429
100956,956,Gold,2025-01-07,4690,59011,10287
100957,957,Platinum,2021-11-21,2910,52535,18901
100958,958,Bronze,2022-11-29,5473,60920,43004
100959,959,Bronze,2025-01-27,1610,50346,38021
100960,960,Silver,2021-11-28,6852,53878,12378
100961,961,Silver,2021-12-04,3673,18262,39957
100962,962,Silver,2024-05-15,1319,78686,37393
100963,963,Gold,2025-07-23,374,42701,39964
100964,964,Bronze,2026-04-27,9327,61954,44850
100965,965,Bronze,2023-07-14,6066,3077,48690
100966,966,Silver,2025-04-29,6378,72459,33510
100967,967,Gold,2022-09-04,2644,60100,24186
100968,968,Gold,2024-10-13,3920,23065,30944
100969,969,Platinum,2022-04-14,3273,42400,8693
100970,970,Bronze,2025-08-29,506,27232,37853
100971,971,Silver,2025-09-30,4014,79169,29075
100972,972,Platinum,2025-09-10,2897,60577,32782
100973,973,Silver,2026-05-27,9896,43518,57152
100974,974,Platinum,2025-10-22,2609,32194,30291
100975,975,Gold,2024-11-18,1144,1002,49060
100976,976,Bronze,2024-08-16,6657,68226,30815
100977,977,Gold,2024-10-29,1152,54768,17041
100978,978,Gold,2024-10-08,8803,15957,46910
100979,979,Gold,2024-07-28,8751,3209,28738
100980,980,Silver,2024-11-01,979,38499,53193
100981,981,Bronze,2023-05-30,653,47728,26177
100982,982,Gold,2024-09-06,8381,57777,28087
100983,983,Gold,2026-05-27,1697,19234,55513
100984,984,Bronze,2024-03-16,9499,14751,47316
100985,985,Bronze,2024-06-03,6764,44642,9302
100986,986,Platinum,2024-09-09,7906,27636,17334
100987,987,Bronze,2023-05-09,1213,60162,58929
100988,988,Gold,2025-08-08,4009,34178,22442
100989,989,Bronze,2026-01-31,7285,43440,51601
100990,990,Silver,2025-02-18,4225,74579,18041
100991,991,Silver,2025-01-18,2294,19501,34195
100992,992,Bronze,2024-02-06,3621,48708,36932
100993,993,Bronze,2023-07-12,4771,40294,46913
100994,994,Bronze,2022-07-15,4992,62396,46732
100995,995,Silver,2023-04-04,4831,20342,48741
100996,996,Gold,2021-09-29,2106,19305,39809
100997,997,Bronze,2026-07-26,6295,33825,41730
100998,998,Bronze,2022-08-15,3467,76545,19854
100999,999,Bronze,2022-09-23,197,34102,23865
101000,1000,Gold,2021-10-14,8467,53294,31258
101001,1001,Silver,2024-01-28,2791,45216,42195
101002,1002,Bronze,2022-08-17,8209,41295,34297
101003,1003,Bronze,2023-02-15,7950,22267,57067
101004,1004,Silver,2025-08-17,2873,63538,58794
101005,1005,Bronze,2025-11-14,1060,44974,14734
101006,1006,Bronze,2026-02-17,3675,19772,18239
101007,1007,Silver,2025-06-30,1959,25913,23363
101008,1008,Silver,2024-05-08,9329,1699,55048
101009,1009,Gold,2025-01-08,8587,30033,48586
101010,1010,Bronze,2022-11-28,538,52331,41051
101011,1011,Bronze,2022-08-04,5398,66608,4403
101012,1012,Bronze,2025-11-09,8761,70581,57187
101013,1013,Bronze,2025-06-12,917,58641,37139
101014,1014,Silver,2022-08-02,4009,33663,52249
101015,1015,Gold,2024-04-14,4015,30028,45196
101016,1016,Gold,2025-10-21,2907,5373,39920
101017,1017,Bronze,2023-06-04,4546,12074,48700
101018,1018,Bronze,2026-01-01,1043,17473,34246
101019,1019,Bronze,2022-12-10,3403,29930,15986
101020,1020,Silver,2022-08-08,9523,62658,30426
101021,1021,Bronze,2022-08-04,836,41893,51774
101022,1022,Silver,2022-02-01,3218,62791,7628
101023,1023,Silver,2025-08-07,7799,25973,6545
101024,1024,Silver,2025-07-16,3522,78519,31931
101025,1025,Bronze,2023-02-02,157,76346,28164
101026,1026,Gold,2026-05-16,1827,58117,50947
101027,1027,Silver,2026-03-28,9649,59902,32
101028,1028,Bronze,2024-09-06,6671,78920,17743
101029,1029,Silver,2021-12-12,2892,43175,33245
101030,1030,Silver,2022-07-16,4649,39374,17314
101031,1031,Gold,2021-12-04,4079,44814,18041
101032,1032,Silver,2025-03-31,8242,40575,41020
101033,1033,Silver,2023-04-14,2984,64008,427
101034,1034,Bronze,2025-01-25,8348,61770,32491
101035,1035,Bronze,2024-09-14,1074,56725,44104
101036,1036,Bronze,2021-09-10,7261,44983,41804
101037,1037,Silver,2025-10-25,2992,25474,51038
101038,1038,Bronze,2024-05-04,3797,28046,20132
101039,1039,Silver,2025-06-02,5243,69620,30924
101040,1040,Bronze,2024-01-12,4916,79991,13781
101041,1041,Silver,2024-08-18,2532,42536,10249
101042,1042,Bronze,2022-11-10,6491,22615,55860
101043,1043,Bronze,2024-12-06,2574,42787,33847
101044,1044,Platinum,2024-05-23,9752,54745,51102
101045,1045,Gold,2021-12-16,3747,34552,30931
101046,1046,Platinum,2022-03-07,4974,48700,9501
101047,1047,Bronze,2023-09-22,5798,41433,29472
101048,1048,Bronze,2022-08-03,9228,51682,49983
101049,1049,Silver,2023-02-21,6620,7349,26790
101050,1050,Bronze,2025-03-06,2292,59985,50269
101051,1051,Bronze,2022-02-03,3313,27442,43388
101052,1052,Gold,2024-08-22,4829,49052,1551
101053,1053,Bronze,2022-05-04,6265,42788,36573
101054,1054,Silver,2026-01-11,3267,28277,40472
101055,1055,Silver,2024-04-29,4488,14103,4877
101056,1056,Bronze,2024-05-19,5332,62972,47268
101057,1057,Silver,2022-03-22,753,51226,45075
101058,1058,Platinum,2022-05-22,7979,32847,18359
101059,1059,Platinum,2022-04-16,9602,49254,3887
101060,1060,Bronze,2022-07-15,5614,36281,35251
101061,1061,Bronze,2022-04-08,4656,14653,30922
101062,1062,Bronze,2023-09-01,1212,42638,50806
101063,1063,Gold,2023-06-12,2486,19815,38653
101064,1064,Bronze,2023-05-26,3276,73741,5767
101065,1065,Silver,2024-11-14,5371,75169,35821
101066,1066,Gold,2023-02-15,4271,73064,34801
101067,1067,Gold,2024-07-15,358,18511,50600
101068,1068,Gold,2023-12-18,5143,47447,59316
101069,1069,Gold,2024-02-14,3519,24235,21054
101070,1070,Silver,2025-09-28,7549,47574,21824
101071,1071,Bronze,2024-12-30,4243,33570,39558
101072,1072,Gold,2023-12-23,379,18485,7811
101073,1073,Silver,2023-02-06,7001,52044,52826
101074,1074,Silver,2026-02-21,786,69358,3950
101075,1075,Platinum,2021-10-07,8392,49052,1061
101076,1076,Silver,2024-10-28,525,66188,57218
101077,1077,Gold,2021-11-26,8827,64588,18523
101078,1078,Silver,2022-04-23,1099,10002,37047
101079,1079,Bronze,2023-04-07,9147,14823,34849
101080,1080,Bronze,2022-07-29,8413,11598,37612
101081,1081,Platinum,2026-06-11,9994,25120,49277
101082,1082,Bronze,2026-06-14,7060,36389,30521
101083,1083,Silver,2022-09-08,2493,43410,4785
101084,1084,Bronze,2023-08-05,9424,44639,29756
101085,1085,Silver,2024-01-19,7084,2915,26310
101086,1086,Silver,2026-04-12,104,51211,1236
101087,1087,Bronze,2022-03-11,5281,56087,9862
101088,1088,Bronze,2025-06-20,3651,76695,44206
101089,1089,Gold,2026-08-03,8722,60098,42835
101090,1090,Silver,2022-10-19,9411,46584,58539
101091,1091,Gold,2024-03-10,9451,20102,12376
101092,1092,Gold,2023-07-28,3377,40533,11900
101093,1093,Bronze,2022-11-19,8739,78995,55358
101094,1094,Bronze,2022-03-13,2086,70888,22840
101095,1095,Platinum,2024-12-10,5365,41431,15080
101096,1096,Silver,2025-01-26,3304,39805,10701
101097,1097,Silver,2025-06-11,4441,30637,14236
101098,1098,Gold,2022-11-01,447,18097,57516
101099,1099,Gold,2021-10-02,7203,16236,54667
101100,1100,Platinum,2025-01-09,416,58289,56854
101101,1101,Gold,2024-10-14,3417,49961,3225
101102,1102,Silver,2024-09-11,6540,26135,13476
101103,1103,Gold,2025-11-12,9670,16438,6085
101104,1104,Platinum,2025-08-13,8301,75899,47482
101105,1105,Silver,2025-03-07,2668,27577,7887
101106,1106,Platinum,2026-02-10,9909,47074,49131
101107,1107,Platinum,2021-09-28,6801,25132,13784
101108,1108,Platinum,2022-06-21,8305,47267,31324
101109,1109,Bronze,2025-02-26,1834,59993,1058
101110,1110,Bronze,2023-04-14,6881,52569,56196
101111,1111,Bronze,2022-08-19,5904,40729,54823
101112,1112,Bronze,2023-03-13,4926,30162,45954
101113,1113,Bronze,2021-12-02,6384,61882,1038
101114,1114,Platinum,2024-05-19,4500,42471,2973
101115,1115,Bronze,2024-12-19,4079,23346,37000
101116,1116,Bronze,2021-08-15,8497,20515,9189
101117,1117,Silver,2022-01-22,638,8119,39072
101118,1118,Gold,2022-05-23,4801,48819,40472
101119,1119,Silver,2025-09-18,2580,55050,11299
101120,1120,Bronze,2024-02-14,8496,19941,48625
101121,1121,Gold,2024-08-11,2975,47950,57611
101122,1122,Platinum,2024-04-26,2660,4029,32607
101123,1123,Bronze,2026-03-22,6613,49013,59570
101124,1124,Gold,2024-08-15,5260,3832,51332
101125,1125,Bronze,2024-03-14,466,61769,2242
101126,1126,Gold,2024-05-24,2364,53532,3047
101127,1127,Silver,2021-11-01,9805,68939,11124
101128,1128,Bronze,2023-08-03,244,45800,58798
101129,1129,Bronze,2024-01-05,6879,8793,7366
101130,1130,Platinum,2025-09-22,7609,54504,56108
101131,1131,Gold,2022-08-10,7215,17716,56158
101132,1132,Silver,2025-12-07,11,40919,31211
101133,1133,Silver,2022-11-08,4208,16903,21160
101134,1134,Silver,2024-06-21,5989,12735,31312
101135,1135,Silver,2026-05-17,9359,25827,8246
101136,1136,Bronze,2024-02-24,2126,18790,14781
101137,1137,Silver,2026-05-20,1553,53031,18500
101138,1138,Gold,2022-04-30,1724,32839,14825
101139,1139,Bronze,2025-06-09,4933,43173,46560
101140,1140,Platinum,2025-10-09,9679,68246,33875
101141,1141,Silver,2025-03-14,4370,17363,21492
101142,1142,Silver,2023-12-20,2379,76038,48261
101143,1143,Platinum,2023-06-06,560,50566,41410
101144,1144,Bronze,2025-08-05,3242,23977,938
101145,1145,Bronze,2023-11-05,558,31272,10609
101146,1146,Bronze,2023-12-29,191,75084,31508
101147,1147,Silver,2026-04-18,5634,24708,41203
101148,1148,Gold,2023-03-10,9456,53270,29629
101149,1149,Platinum,2026-01-24,7425,34546,35774
101150,1150,Silver,2026-07-26,4576,67535,22108
101151,1151,Bronze,2026-04-12,3052,33560,22346
101152,1152,Gold,2022-01-30,7984,72045,29905
101153,1153,Silver,2025-12-17,5609,68135,17227
101154,1154,Bronze,2024-03-09,5987,56004,42093
101155,1155,Bronze,2025-09-15,8901,16644,6198
101156,1156,Bronze,2023-09-19,7494,14666,7882
101157,1157,Silver,2025-11-21,4844,16654,57233
101158,1158,Bronze,2023-12-08,7414,57268,36260
101159,1159,Platinum,2026-05-23,1359,66255,11967
101160,1160,Bronze,2022-11-28,8370,25643,9287
101161,1161,Gold,2025-04-25,3634,2291,13020
101162,1162,Gold,2023-03-28,5798,68988,39382
101163,1163,Gold,2022-03-19,9222,69641,34409
101164,1164,Bronze,2022-04-29,8735,47634,35353
101165,1165,Bronze,2022-09-29,8697,21956,24541
101166,1166,Bronze,2024-05-01,2713,29756,55262
101167,1167,Platinum,2024-11-18,2491,70986,39955
101168,1168,Silver,2025-03-16,3312,36593,3205
101169,1169,Platinum,2025-11-26,6567,38962,25544
101170,1170,Platinum,2026-03-09,6901,62561,30671
101171,1171,Bronze,2025-03-12,4915,146,4906
101172,1172,Bronze,2024-03-16,9105,40942,13680
101173,1173,Platinum,2022-11-25,9731,8857,3881
101174,1174,Gold,2026-05-08,2298,18947,31518
101175,1175,Gold,2025-06-20,3972,51380,51531
101176,1176,Bronze,2026-03-18,6865,51349,38759
101177,1177,Bronze,2024-12-06,5741,9344,14831
101178,1178,Platinum,2025-10-26,4525,18507,58499
101179,1179,Silver,2024-04-17,9599,20002,13489
101180,1180,Silver,2025-09-21,4513,43022,705
101181,1181,Silver,2025-11-30,8529,40884,34356
101182,1182,Bronze,2021-08-17,9804,61849,15216
101183,1183,Silver,2022-07-25,4895,16466,35471
101184,1184,Gold,2023-01-03,7444,20242,4613
101185,1185,Gold,2025-06-25,5593,35765,2685
101186,1186,Bronze,2024-12-12,4185,14889,41084
101187,1187,Silver,2024-02-05,9584,22179,57425
101188,1188,Gold,2023-01-13,7983,38255,14721
101189,1189,Silver,2023-10-28,1451,79177,39259
101190,1190,Gold,2025-05-06,3953,64919,54834
101191,1191,Gold,2023-10-11,7085,55369,3712
101192,1192,Silver,2025-12-09,4590,36258,59292
101193,1193,Bronze,2026-07-22,8320,43200,27501
101194,1194,Silver,2024-01-12,4116,46848,5445
101195,1195,Bronze,2022-03-23,7955,31916,38389
101196,1196,Silver,2021-12-29,9684,56954,43622
101197,1197,Bronze,2026-08-04,7993,73588,39756
101198,1198,Gold,2022-10-05,6157,79611,34011
101199,1199,Gold,2024-07-07,6268,5618,39430
101200,1200,Bronze,2023-08-23,1615,75548,6220
101201,1201,Bronze,2022-09-22,3909,47377,38018
101202,1202,Silver,2025-10-14,9892,55390,53430
101203,1203,Bronze,2023-10-01,653,45621,42407
101204,1204,Gold,2024-08-25,7548,75249,56584
101205,1205,Silver,2021-09-11,6532,56696,43848
101206,1206,Platinum,2026-05-17,3539,74408,11844
101207,1207,Bronze,2021-08-18,5389,13050,19154
101208,1208,Platinum,2021-08-28,464,59950,55668
101209,1209,Gold,2025-09-24,5875,45195,23093
101210,1210,Platinum,2022-10-12,4074,36358,29229
101211,1211,Gold,2025-10-22,5316,60157,45816
101212,1212,Platinum,2023-05-02,4311,21149,13721
101213,1213,Silver,2022-06-02,8966,42289,48542
101214,1214,Silver,2026-04-05,5710,22651,55359
101215,1215,Silver,2022-12-25,1456,43847,23055
101216,1216,Silver,2021-10-04,3728,41588,54308
101217,1217,Bronze,2022-10-30,1481,53323,20507
101218,1218,Silver,2022-03-30,3050,50260,13248
101219,1219,Bronze,2022-09-28,7953,46053,22085
101220,1220,Gold,2026-01-25,5922,20968,11045
101221,1221,Bronze,2022-08-06,1826,24976,38131
101222,1222,Bronze,2026-01-13,8292,73563,19412
101223,1223,Gold,2023-11-05,8818,23418,26081
101224,1224,Silver,2024-09-10,1244,26133,6118
101225,1225,Bronze,2023-11-04,9797,53136,55850
101226,1226,Bronze,2025-03-02,5573,69938,23186
101227,1227,Bronze,2023-02-23,6311,13682,55378
101228,1228,Platinum,2026-01-15,4815,74825,5387
101229,1229,Bronze,2021-10-30,3683,58104,54141
101230,1230,Bronze,2024-12-13,8978,20417,43746
101231,1231,Platinum,2024-11-03,431,64914,14710
101232,1232,Gold,2026-07-11,3587,32258,57352
101233,1233,Bronze,2025-03-27,3538,19154,813
101234,1234,Bronze,2025-09-10,340,63443,54914
101235,1235,Silver,2026-04-12,9114,72350,37230
101236,1236,Bronze,2025-12-14,3048,68070,38069
101237,1237,Bronze,2026-05-13,9428,50838,48941
101238,1238,Bronze,2023-04-13,5963,34644,28266
101239,1239,Bronze,2022-03-20,3845,42063,35413
101240,1240,Bronze,2022-12-10,2203,42260,56357
101241,1241,Gold,2023-11-16,4045,70652,37942
101242,1242,Bronze,2023-02-15,8314,62455,35085
101243,1243,Bronze,2026-07-24,9897,29961,47192
101244,1244,Bronze,2026-06-13,9077,29455,30493
101245,1245,Bronze,2023-10-02,871,60424,40554
101246,1246,Silver,2021-12-10,9683,57271,4237
101247,1247,Platinum,2024-02-25,2807,2998,36697
101248,1248,Silver,2025-02-11,942,45661,31236
101249,1249,Gold,2022-12-27,2422,8459,44696
101250,1250,Bronze,2022-03-22,4523,74778,16515
101251,1251,Platinum,2021-09-12,451,78446,32165
101252,1252,Silver,2024-06-30,2184,52036,14103
101253,1253,Silver,2022-01-16,5076,70668,45692
101254,1254,Silver,2023-09-17,5415,30582,37346
101255,1255,Gold,2023-04-24,8322,53464,9452
101256,1256,Gold,2021-12-30,9615,41316,56540
101257,1257,Bronze,2025-08-01,9987,7043,46669
101258,1258,Gold,2024-01-06,9624,15787,50765
101259,1259,Platinum,2024-11-19,1042,69538,27112
101260,1260,Gold,2023-04-27,3188,32710,39421
101261,1261,Gold,2024-11-14,2938,23855,1932
101262,1262,Silver,2021-11-03,8109,15763,21744
101263,1263,Bronze,2022-10-26,6611,75335,45936
101264,1264,Platinum,2022-05-13,6347,53521,24988
101265,1265,Silver,2026-01-13,2269,45096,11992
101266,1266,Bronze,2022-10-24,5818,23353,46351
101267,1267,Silver,2025-12-16,4128,65594,5946
101268,1268,Bronze,2021-11-10,6576,26393,14853
101269,1269,Bronze,2022-06-21,1336,44627,29604
101270,1270,Gold,2024-12-09,8583,33886,1336
101271,1271,Gold,2024-05-13,997,73123,3876
101272,1272,Silver,2024-09-12,1564,22187,113
101273,1273,Platinum,2026-02-15,8669,1748,305
101274,1274,Bronze,2021-10-25,5017,3724,52431
101275,1275,Platinum,2022-08-22,9230,49230,56318
101276,1276,Bronze,2023-03-21,2824,24804,41712
101277,1277,Silver,2024-07-31,2978,70251,14311
101278,1278,Platinum,2024-09-03,1588,20373,39303
101279,1279,Bronze,2024-06-23,2898,57863,46292
101280,1280,Gold,2023-06-28,2908,66596,9755
101281,1281,Gold,2022-01-28,7292,4076,40768
101282,1282,Bronze,2025-10-28,8807,15865,52900
101283,1283,Platinum,2026-03-21,4774,14226,22875
101284,1284,Silver,2021-09-23,9668,68059,10969
101285,1285,Platinum,2022-01-12,8153,25417,39551
101286,1286,Bronze,2021-09-29,5527,59694,43154
101287,1287,Silver,2021-12-30,6370,58811,7627
101288,1288,Silver,2026-05-23,1072,44447,16136
101289,1289,Bronze,2022-07-28,3923,64425,12343
101290,1290,Gold,2025-02-28,681,47065,3841
101291,1291,Platinum,2022-09-28,7871,77581,6473
101292,1292,Gold,2025-04-08,1490,42115,59760
101293,1293,Silver,2022-05-15,9422,69820,34188
101294,1294,Bronze,2023-10-21,8951,26436,18517
101295,1295,Bronze,2024-08-29,7338,26057,19199
101296,1296,Platinum,2024-11-29,6984,53084,28517
101297,1297,Bronze,2023-10-20,8035,3223,32193
101298,1298,Bronze,2022-11-14,9195,63552,39954
101299,1299,Bronze,2024-01-27,8152,37743,50517
101300,1300,Silver,2026-07-27,903,69247,54477
101301,1301,Bronze,2024-08-11,1461,40354,58464
101302,1302,Silver,2024-01-16,9359,71244,11361
101303,1303,Silver,2023-03-30,785,70130,1832
101304,1304,Bronze,2022-04-22,4963,50549,12336
101305,1305,Bronze,2026-04-01,8810,6972,53985
101306,1306,Gold,2021-09-09,7107,66733,34339
101307,1307,Gold,2026-06-21,8335,48704,44638
101308,1308,Silver,2025-01-29,3514,13030,29965
101309,1309,Platinum,2021-10-06,3630,42083,4781
101310,1310,Gold,2026-06-03,8114,27197,37430
101311,1311,Silver,2024-03-18,255,6028,25001
101312,1312,Bronze,2022-10-04,1905,38168,310
101313,1313,Platinum,2022-11-17,5419,23307,25553
101314,1314,Gold,2025-10-31,6091,52785,2933
101315,1315,Bronze,2023-12-02,9809,32366,40747
101316,1316,Silver,2023-12-09,6927,74881,46541
101317,1317,Gold,2025-05-15,5074,26953,57585
101318,1318,Silver,2025-02-19,4466,53735,45238
101319,1319,Bronze,2021-09-02,6777,49531,18224
101320,1320,Gold,2024-01-04,3104,64091,16608
101321,1321,Silver,2024-06-17,6479,5578,45613
101322,1322,Gold,2023-02-06,2111,29325,4621
101323,1323,Silver,2023-03-16,1888,20930,59127
101324,1324,Gold,2024-07-13,1089,24133,35188
101325,1325,Bronze,2021-08-07,4202,52293,18665
101326,1326,Silver,2021-08-16,4664,74825,17137
101327,1327,Bronze,2025-03-01,1956,51861,53928
101328,1328,Gold,2026-04-27,3311,11438,36356
101329,1329,Gold,2026-02-26,3289,16761,33962
101330,1330,Platinum,2023-04-09,7683,62859,7165
101331,1331,Bronze,2022-07-23,623,50964,12089
101332,1332,Bronze,2026-05-21,1104,31786,28570
101333,1333,Silver,2026-02-27,7177,18811,28968
101334,1334,Silver,2023-07-18,672,66110,50252
101335,1335,Platinum,2023-07-02,3447,41770,2867
101336,1336,Silver,2025-11-19,2502,44841,56327
101337,1337,Platinum,2025-04-17,2875,45990,30279
101338,1338,Bronze,2023-10-04,924,51390,24905
101339,1339,Bronze,2025-08-05,4780,66369,4171
101340,1340,Bronze,2026-03-27,3184,44125,43123
101341,1341,Gold,2026-08-01,414,57841,4547
101342,1342,Gold,2022-08-24,9857,69378,18861
101343,1343,Silver,2021-08-29,2348,71812,20811
101344,1344,Bronze,2023-03-12,1067,53829,33950
101345,1345,Silver,2024-08-28,2783,42260,24272
101346,1346,Bronze,2023-05-18,1700,30726,386
101347,1347,Bronze,2024-11-16,9219,7756,53327
101348,1348,Bronze,2024-08-20,9288,15781,56164
101349,1349,Bronze,2024-02-07,576,73977,35755
101350,1350,Bronze,2022-05-18,7805,75006,42256
101351,1351,Bronze,2023-02-13,6336,59039,59653
101352,1352,Gold,2024-10-26,8037,32873,22619
101353,1353,Platinum,2023-03-22,7454,62900,58889
101354,1354,Bronze,2022-05-12,8789,47303,14669
101355,1355,Bronze,2021-10-05,2856,51015,16856
101356,1356,Gold,2021-12-19,6030,2844,28294
101357,1357,Gold,2025-04-22,2359,5677,30142
101358,1358,Silver,2025-04-29,8871,29851,26360
101359,1359,Bronze,2026-01-05,5782,27376,26594
101360,1360,Silver,2025-07-29,6844,60469,48067
101361,1361,Silver,2024-11-13,6364,60854,23826
101362,1362,Bronze,2023-12-07,6535,17547,47402
101363,1363,Silver,2024-05-22,4030,28537,46700
101364,1364,Bronze,2025-12-01,3188,47733,59005
101365,1365,Silver,2026-04-17,6688,49227,42205
101366,1366,Bronze,2023-04-19,6436,18624,30817
101367,1367,Bronze,2024-08-28,7410,39463,59288
101368,1368,Gold,2024-05-25,6752,6769,13068
101369,1369,Bronze,2024-11-02,9038,20641,43230
101370,1370,Bronze,2024-12-20,8478,56694,11817
101371,1371,Platinum,2023-08-13,390,27160,25294
101372,1372,Silver,2022-09-01,2823,35924,48888
101373,1373,Silver,2024-02-27,2553,52774,37687
101374,1374,Gold,2022-06-05,3240,19850,26954
101375,1375,Bronze,2025-07-11,4025,17212,49979
101376,1376,Platinum,2024-07-08,5180,69645,48189
101377,1377,Silver,2024-10-21,578,12822,51574
101378,1378,Bronze,2024-02-28,351,1236,56508
101379,1379,Gold,2023-10-14,5431,11889,20532
101380,1380,Platinum,2025-03-25,5844,26708,48731
101381,1381,Bronze,2022-11-10,3489,40412,55094
101382,1382,Bronze,2024-11-07,5169,76573,59278
101383,1383,Gold,2023-01-10,7783,44483,46111
101384,1384,Bronze,2026-01-14,4968,13403,52581
101385,1385,Silver,2025-06-24,2490,21498,27209
101386,1386,Bronze,2026-07-13,6712,20846,36809
101387,1387,Silver,2025-12-16,7693,36961,45217
101388,1388,Gold,2026-03-27,4086,14958,43507
101389,1389,Platinum,2022-03-24,7289,12823,49523
101390,1390,Bronze,2023-11-13,6241,62072,24862
101391,1391,Silver,2022-12-30,326,76931,45096
101392,1392,Platinum,2024-08-16,5937,57894,38331
101393,1393,Silver,2025-08-06,7329,2702,32228
101394,1394,Platinum,2023-10-14,9286,45166,58038
101395,1395,Bronze,2023-06-13,1392,48592,4514
101396,1396,Bronze,2024-07-02,4916,51692,9796
101397,1397,Bronze,2025-10-19,3229,42134,19159
101398,1398,Gold,2022-10-28,1361,46592,39505
101399,1399,Platinum,2023-04-28,8105,2191,40754
101400,1400,Gold,2023-02-08,6844,22259,23934
101401,1401,Gold,2024-05-13,3146,67395,18366
101402,1402,Platinum,2026-05-24,384,64274,20877
101403,1403,Platinum,2024-05-30,852,31400,45908
101404,1404,Bronze,2022-03-01,7355,56847,22119
101405,1405,Bronze,2024-05-15,7505,10617,21818
101406,1406,Silver,2022-01-02,2140,1499,48145
101407,1407,Silver,2023-06-24,4959,49995,13083
101408,1408,Platinum,2025-06-12,6226,51007,2358
101409,1409,Silver,2024-05-22,4428,49270,21996
101410,1410,Bronze,2024-03-18,8398,55741,26685
101411,1411,Gold,2024-05-05,2168,45482,47128
101412,1412,Bronze,2022-02-06,3160,64171,18457
101413,1413,Bronze,2024-11-20,7370,11214,52787
101414,1414,Silver,2021-11-30,5220,66788,58708
101415,1415,Bronze,2025-05-06,2105,14131,15922
101416,1416,Bronze,2024-12-24,6117,8614,10092
101417,1417,Silver,2024-01-31,3882,11553,56602
101418,1418,Bronze,2022-06-28,220,44813,57026
101419,1419,Platinum,2024-01-19,1153,20579,38191
101420,1420,Silver,2025-03-13,7549,43471,51519
101421,1421,Silver,2024-09-15,1998,7461,46147
101422,1422,Bronze,2023-11-29,1329,24423,6009
101423,1423,Gold,2026-02-08,1500,603,28375
101424,1424,Gold,2025-03-18,3818,27653,3276
101425,1425,Gold,2022-02-04,6338,42096,40989
101426,1426,Silver,2024-05-27,7799,25960,46415
101427,1427,Platinum,2026-04-08,9919,24487,30750
101428,1428,Bronze,2024-05-29,9696,8130,29000
101429,1429,Bronze,2025-11-21,103,10527,11524
101430,1430,Platinum,2025-02-12,4313,18960,57552
101431,1431,Silver,2026-05-23,3102,16354,46063
101432,1432,Gold,2025-03-30,3083,24616,55614
101433,1433,Bronze,2024-06-30,3730,21389,25864
101434,1434,Silver,2024-07-27,9704,38991,39423
101435,1435,Silver,2022-06-10,4676,28707,27952
101436,1436,Bronze,2026-04-18,5648,31658,34770
101437,1437,Bronze,2023-02-05,4123,36990,49433
101438,1438,Bronze,2022-03-11,1009,8329,32369
101439,1439,Bronze,2023-05-06,989,56473,5239
101440,1440,Silver,2021-10-02,7306,1672,48776
101441,1441,Silver,2023-09-09,5216,77188,50553
101442,1442,Platinum,2025-06-13,5922,79464,44446
101443,1443,Platinum,2023-10-25,9325,34498,47654
101444,1444,Gold,2025-10-22,7385,47038,48640
101445,1445,Gold,2023-07-22,6069,65596,19676
101446,1446,Gold,2023-05-16,5135,71654,48822
101447,1447,Bronze,2022-06-19,9621,22454,2798
101448,1448,Silver,2022-04-24,6713,61041,57670
101449,1449,Silver,2022-04-18,6606,60868,56929
101450,1450,Gold,2022-06-26,7408,20112,9311
101451,1451,Gold,2024-05-03,6317,55097,1604
101452,1452,Gold,2026-03-14,5189,50098,57032
101453,1453,Silver,2025-12-03,6544,48034,914
101454,1454,Silver,2021-12-08,2830,19896,38858
101455,1455,Platinum,2026-04-02,3555,12531,1074
101456,1456,Bronze,2025-11-15,2455,35606,22106
101457,1457,Bronze,2025-02-16,8148,51510,10375
101458,1458,Bronze,2022-10-31,9000,36494,14925
101459,1459,Bronze,2025-08-11,9942,65522,28367
101460,1460,Silver,2024-06-25,2618,63976,43633
101461,1461,Bronze,2026-05-09,1736,8869,21186
101462,1462,Gold,2025-01-16,9958,38021,9271
101463,1463,Bronze,2025-10-16,8097,28464,27285
101464,1464,Silver,2023-03-19,5046,20888,22189
101465,1465,Silver,2022-11-12,7028,16070,39263
101466,1466,Bronze,2023-01-31,4618,44808,47497
101467,1467,Bronze,2022-04-09,2099,48539,37049
101468,1468,Platinum,2023-05-20,1034,2421,29299
101469,1469,Bronze,2022-07-30,4032,27553,21377
101470,1470,Silver,2022-01-23,5120,62514,51564
101471,1471,Bronze,2021-08-11,5582,75757,52023
101472,1472,Bronze,2024-09-24,3184,16763,21091
101473,1473,Gold,2022-02-07,9376,30105,46406
101474,1474,Silver,2023-08-20,3883,32749,32020
101475,1475,Silver,2026-04-08,317,41185,33486
101476,1476,Gold,2024-08-12,6293,19545,40868
101477,1477,Bronze,2023-01-16,8670,64448,30322
101478,1478,Silver,2024-09-15,4358,8872,29457
101479,1479,Bronze,2022-11-02,3165,36303,46655
101480,1480,Bronze,2026-03-24,967,62194,16160
101481,1481,Bronze,2025-12-28,50,42988,23341
101482,1482,Gold,2022-09-02,7906,73746,9576
101483,1483,Gold,2024-09-16,5243,63630,20589
101484,1484,Silver,2022-07-06,8786,26322,54010
101485,1485,Gold,2025-08-11,3083,78426,39654
101486,1486,Bronze,2025-12-12,992,25651,34308
101487,1487,Gold,2022-09-11,4627,32635,51819
101488,1488,Bronze,2022-12-23,178,39182,17104
101489,1489,Bronze,2026-06-19,4851,3413,1888
101490,1490,Silver,2023-08-08,6904,10416,24158
101491,1491,Silver,2025-08-09,2418,58647,41018
101492,1492,Bronze,2026-05-04,2571,77936,29107
101493,1493,Gold,2024-09-26,1765,35955,29880
101494,1494,Bronze,2023-06-29,9937,59519,18662
101495,1495,Bronze,2026-06-05,2105,42410,1111
101496,1496,Bronze,2021-11-24,5349,72527,31267
101497,1497,Bronze,2022-09-10,5165,49255,36053
101498,1498,Bronze,2024-05-13,7114,42552,25921
101499,1499,Bronze,2023-11-17,565,37181,21234
101500,1500,Silver,2021-09-12,9314,5261,57885
101501,1501,Silver,2024-07-22,2160,65200,4186
101502,1502,Platinum,2023-10-23,2292,19966,6701
101503,1503,Silver,2024-12-15,3850,12140,49457
101504,1504,Bronze,2024-06-19,5850,44423,5318
101505,1505,Silver,2023-10-13,1139,64647,26251
101506,1506,Silver,2022-08-20,8596,54672,42062
101507,1507,Gold,2023-09-09,2539,71940,53926
101508,1508,Bronze,2024-06-03,3395,58885,10424
101509,1509,Bronze,2023-06-18,4272,29905,15680
101510,1510,Bronze,2023-04-23,9137,3275,3439
101511,1511,Silver,2023-07-03,3694,62843,2778
101512,1512,Bronze,2023-01-07,3811,20105,57047
101513,1513,Bronze,2023-05-17,5234,42429,25396
101514,1514,Gold,2024-02-10,6484,2623,33439
101515,1515,Gold,2026-01-10,8064,3181,43885
101516,1516,Gold,2024-12-27,6798,72193,4453
101517,1517,Bronze,2024-03-02,9661,4819,13686
101518,1518,Bronze,2021-09-19,8052,1037,22897
101519,1519,Gold,2023-01-21,9528,48349,33367
101520,1520,Gold,2023-07-14,2689,52159,13944
101521,1521,Bronze,2026-03-01,120,36985,17409
101522,1522,Silver,2024-11-13,8370,51010,10476
101523,1523,Gold,2026-02-05,9955,33690,21920
101524,1524,Bronze,2023-04-28,4265,51563,7809
101525,1525,Silver,2021-11-01,7399,3877,29199
101526,1526,Silver,2022-03-30,8385,53274,13408
101527,1527,Bronze,2026-03-27,682,50884,52732
101528,1528,Bronze,2022-02-02,3368,26333,49791
101529,1529,Silver,2024-11-10,4892,28194,58107
101530,1530,Silver,2022-06-23,4970,47408,30394
101531,1531,Bronze,2026-07-25,3765,74397,58340
101532,1532,Gold,2023-05-25,4134,28517,33495
101533,1533,Bronze,2023-01-30,202,28467,54367
101534,1534,Bronze,2023-06-20,5471,27147,32741
101535,1535,Platinum,2025-06-06,6366,43007,30007
101536,1536,Platinum,2021-09-03,9860,21760,32222
101537,1537,Silver,2023-04-06,9776,37500,52101
101538,1538,Platinum,2024-07-17,4071,10280,40394
101539,1539,Bronze,2023-01-22,4,4189,40584
101540,1540,Bronze,2023-12-27,183,36044,0
101541,1541,Bronze,2023-09-07,6249,74563,10452
101542,1542,Bronze,2022-05-20,6030,28320,42321
101543,1543,Bronze,2025-10-11,6933,48966,4987
101544,1544,Bronze,2026-01-02,366,39089,50491
101545,1545,Bronze,2022-09-22,1967,39690,9295
101546,1546,Bronze,2026-07-17,3353,15871,41727
101547,1547,Gold,2022-08-19,497,62556,11441
101548,1548,Bronze,2022-11-21,1410,30876,29834
101549,1549,Gold,2021-10-16,9499,73165,17900
101550,1550,Bronze,2025-07-15,9227,62978,4147
101551,1551,Gold,2022-01-30,2511,28342,4270
101552,1552,Bronze,2023-07-17,6183,4018,2435
101553,1553,Silver,2022-12-14,7630,54157,11470
101554,1554,Platinum,2023-03-28,9449,5871,43031
101555,1555,Bronze,2024-08-22,4601,37005,47111
101556,1556,Silver,2022-08-02,4379,3299,43990
101557,1557,Bronze,2023-04-28,3081,30878,45198
101558,1558,Silver,2023-02-09,31,5883,57247
101559,1559,Silver,2025-11-01,7132,73361,46068
101560,1560,Silver,2022-06-04,3793,6298,18777
101561,1561,Bronze,2021-12-17,9798,48242,29901
101562,1562,Gold,2024-01-26,8922,21582,24462
101563,1563,Silver,2025-12-23,6082,72323,35439
101564,1564,Bronze,2024-10-28,5681,53446,11400
101565,1565,Silver,2026-06-20,6096,61374,22769
101566,1566,Gold,2022-08-29,2418,64916,44283
101567,1567,Silver,2025-09-05,5903,56685,5665
101568,1568,Silver,2025-09-23,2255,43721,23505
101569,1569,Silver,2025-03-13,7385,70775,56478
101570,1570,Silver,2025-12-13,700,45117,33184
101571,1571,Platinum,2026-01-21,2376,78584,22390
101572,1572,Silver,2023-08-09,2612,75295,9143
101573,1573,Platinum,2023-03-27,3372,52050,5357
101574,1574,Gold,2024-11-22,1833,65817,35651
101575,1575,Bronze,2023-11-08,1700,75527,264
101576,1576,Bronze,2025-05-25,9018,21687,48477
101577,1577,Bronze,2024-10-28,5486,64217,7662
101578,1578,Bronze,2026-06-29,6116,71986,25884
101579,1579,Silver,2023-03-19,6435,28814,37815
101580,1580,Bronze,2021-09-18,6684,14049,14798
101581,1581,Silver,2024-06-02,7432,20508,54679
101582,1582,Silver,2025-02-11,3085,178,58535
101583,1583,Gold,2022-02-21,8265,14229,32453
101584,1584,Bronze,2024-12-01,1183,40280,15848
101585,1585,Gold,2024-07-24,4962,27526,35518
101586,1586,Silver,2021-08-24,3129,3180,1062
101587,1587,Bronze,2022-02-25,1983,27243,12170
101588,1588,Gold,2021-11-30,1168,8884,16609
101589,1589,Silver,2026-02-10,1948,55401,23430
101590,1590,Silver,2024-06-08,173,78423,19674
101591,1591,Bronze,2025-02-23,6142,27421,19908
101592,1592,Silver,2021-08-15,9661,62810,41629
101593,1593,Silver,2026-02-05,686,64500,2065
101594,1594,Silver,2022-06-10,5758,4168,16762
101595,1595,Gold,2024-01-07,6287,70750,50448
101596,1596,Bronze,2021-10-09,9619,46113,44882
101597,1597,Silver,2024-09-12,447,49903,2534
101598,1598,Platinum,2021-09-03,1422,62342,16525
101599,1599,Silver,2023-09-13,1359,32263,47466
101600,1600,Gold,2024-05-02,1540,59696,24893
101601,1601,Gold,2023-04-23,3954,79216,30754
101602,1602,Bronze,2024-11-06,5075,72533,50932
101603,1603,Gold,2024-08-28,7392,28484,40220
101604,1604,Silver,2025-02-27,168,16927,38890
101605,1605,Gold,2023-01-14,462,66461,29126
101606,1606,Bronze,2022-06-04,2969,60809,18005
101607,1607,Silver,2024-06-05,6359,70310,42841
101608,1608,Gold,2025-02-17,4148,76863,7711
101609,1609,Silver,2023-06-16,8046,22895,59130
101610,1610,Silver,2025-04-26,2666,5318,19024
101611,1611,Silver,2022-03-08,6991,14475,45010
101612,1612,Bronze,2022-02-27,1258,26199,31597
101613,1613,Silver,2026-02-16,93,50864,50838
101614,1614,Gold,2025-03-24,2893,49477,2875
101615,1615,Bronze,2022-12-11,3660,44673,56725
101616,1616,Silver,2025-09-14,8083,30080,46781
101617,1617,Silver,2025-01-07,1902,13408,10776
101618,1618,Bronze,2022-10-01,9915,73863,1551
101619,1619,Silver,2021-11-16,6007,56457,1345
101620,1620,Gold,2024-06-02,6034,71335,6968
101621,1621,Silver,2024-03-25,549,36656,28592
101622,1622,Silver,2021-12-01,6918,8873,4271
101623,1623,Bronze,2022-10-08,5859,62310,26301
101624,1624,Silver,2023-07-03,3985,18125,7930
101625,1625,Bronze,2025-05-31,1415,74866,12241
101626,1626,Silver,2024-11-11,7308,71654,24465
101627,1627,Silver,2023-09-24,7829,8858,51773
101628,1628,Silver,2025-06-09,9537,54266,7592
101629,1629,Silver,2024-08-03,3805,26635,9659
101630,1630,Bronze,2023-05-23,6401,1567,24370
101631,1631,Bronze,2024-04-21,199,14878,34377
101632,1632,Silver,2025-03-20,9594,69636,580
101633,1633,Bronze,2026-06-26,2245,41981,15969
101634,1634,Gold,2022-05-26,3498,24828,43518
101635,1635,Silver,2025-04-13,7843,28165,6491
101636,1636,Bronze,2022-06-30,9060,71062,56275
101637,1637,Gold,2024-10-04,2393,16740,56219
101638,1638,Silver,2024-07-15,1114,62711,33645
101639,1639,Platinum,2024-05-26,1189,74307,10795
101640,1640,Bronze,2022-08-31,6774,47511,14768
101641,1641,Gold,2025-09-03,6658,7921,49307
101642,1642,Silver,2022-03-27,5250,51824,1813
101643,1643,Bronze,2024-01-22,6122,51319,29479
101644,1644,Silver,2024-02-19,3681,16788,31415
101645,1645,Silver,2025-06-26,8348,53384,42338
101646,1646,Gold,2023-02-13,2576,31732,39254
101647,1647,Silver,2021-12-15,8145,9937,28360
101648,1648,Silver,2022-10-09,6837,8794,36810
101649,1649,Bronze,2026-03-20,2384,5336,24216
101650,1650,Bronze,2023-09-18,4601,60983,42609
101651,1651,Gold,2021-10-19,5594,39879,54809
101652,1652,Silver,2025-08-21,5359,40488,56058
101653,1653,Platinum,2022-07-17,8379,64035,25303
101654,1654,Gold,2024-12-20,9659,73524,44707
101655,1655,Silver,2021-10-20,9404,18091,30757
101656,1656,Bronze,2025-09-29,8022,44980,34913
101657,1657,Silver,2023-07-20,1031,33076,41230
101658,1658,Bronze,2025-10-17,4444,37972,38956
101659,1659,Silver,2024-12-24,5129,42588,59455
101660,1660,Bronze,2026-01-22,3133,45780,20076
101661,1661,Bronze,2025-05-07,5488,67952,44308
101662,1662,Silver,2021-10-10,4323,78449,27777
101663,1663,Silver,2025-07-14,3085,18355,52575
101664,1664,Gold,2024-08-20,4833,24999,45030
101665,1665,Silver,2025-07-31,8892,72570,21046
101666,1666,Bronze,2023-01-15,7580,76351,34086
101667,1667,Bronze,2022-07-30,4775,32478,13482
101668,1668,Silver,2021-08-22,5527,24096,58148
101669,1669,Silver,2024-01-22,8142,49251,16097
101670,1670,Bronze,2021-11-13,4435,74573,30086
101671,1671,Silver,2023-05-31,2397,33487,39713
101672,1672,Bronze,2021-12-05,2038,49456,53288
101673,1673,Silver,2023-11-27,6440,528,4361
101674,1674,Bronze,2025-10-17,4174,64987,29803
101675,1675,Platinum,2024-02-03,9021,76591,53815
101676,1676,Bronze,2022-07-22,9297,55214,13054
101677,1677,Bronze,2023-05-27,7007,64267,39011
101678,1678,Bronze,2024-01-02,7162,50809,20522
101679,1679,Bronze,2021-10-07,2967,16210,23680
101680,1680,Gold,2022-11-16,892,5478,55520
101681,1681,Bronze,2024-03-26,1760,71991,35076
101682,1682,Bronze,2022-05-24,1571,55578,13427
101683,1683,Bronze,2022-11-19,9282,7948,645
101684,1684,Bronze,2022-03-06,4541,37349,28167
101685,1685,Bronze,2022-12-26,3611,79223,37395
101686,1686,Gold,2022-11-17,9054,46440,55100
101687,1687,Bronze,2025-10-03,376,72675,38280
101688,1688,Bronze,2022-03-21,3602,22623,52803
101689,1689,Platinum,2025-11-17,6279,26726,35501
101690,1690,Silver,2025-11-19,2627,12050,37436
101691,1691,Gold,2022-08-17,4419,63834,8163
101692,1692,Bronze,2025-12-02,6658,29063,15861
101693,1693,Silver,2024-02-01,2713,22846,14440
101694,1694,Bronze,2021-09-03,51,31396,43985
101695,1695,Bronze,2024-03-24,9496,78706,55678
101696,1696,Bronze,2026-02-21,3496,30532,6577
101697,1697,Gold,2024-10-16,6693,58313,29001
101698,1698,Bronze,2026-06-27,6299,49928,1509
101699,1699,Silver,2024-01-08,4451,26986,57790
101700,1700,Silver,2026-03-02,7154,68773,22432
101701,1701,Bronze,2021-08-20,8176,66626,40346
101702,1702,Bronze,2022-10-25,7244,79602,13465
101703,1703,Bronze,2023-04-06,1267,78868,54849
101704,1704,Silver,2025-09-21,6187,22170,51646
101705,1705,Silver,2023-10-02,3570,41284,23151
101706,1706,Silver,2024-02-26,4075,38199,58880
101707,1707,Bronze,2024-01-19,9837,61666,1590
101708,1708,Silver,2025-04-23,9229,32091,42301
101709,1709,Silver,2023-05-04,7409,2967,25484
101710,1710,Silver,2021-09-16,5890,50034,1343
101711,1711,Silver,2023-04-27,7296,55692,5862
101712,1712,Silver,2026-01-11,5705,30057,17637
101713,1713,Bronze,2024-09-21,4257,62821,10361
101714,1714,Bronze,2022-08-24,9592,67886,39262
101715,1715,Silver,2021-08-24,3206,4857,24998
101716,1716,Bronze,2024-08-27,3745,11892,46340
101717,1717,Platinum,2025-10-30,1513,72559,3281
101718,1718,Bronze,2022-12-21,8605,33542,29694
101719,1719,Bronze,2022-01-06,2320,57233,18252
101720,1720,Gold,2023-06-16,3047,30127,26834
101721,1721,Bronze,2022-09-19,8528,8852,15192
101722,1722,Gold,2024-09-15,854,75153,42901
101723,1723,Gold,2025-09-27,2882,37880,35909
101724,1724,Silver,2022-10-15,6934,22110,15482
101725,1725,Bronze,2023-08-15,3201,79088,46696
101726,1726,Bronze,2025-05-27,1663,35364,53561
101727,1727,Gold,2024-08-25,8748,16370,51056
101728,1728,Silver,2025-09-18,6044,23551,10008
101729,1729,Silver,2026-01-17,3060,32297,51570
101730,1730,Bronze,2021-11-21,2814,35795,33636
101731,1731,Gold,2023-08-28,8206,66227,58644
101732,1732,Bronze,2022-03-24,2211,21989,3168
101733,1733,Silver,2023-01-22,2167,31809,56471
101734,1734,Silver,2024-08-11,6016,75317,51325
101735,1735,Bronze,2024-12-19,4027,59730,11478
101736,1736,Gold,2024-03-11,4066,21345,41951
101737,1737,Silver,2024-10-02,692,8891,24734
101738,1738,Bronze,2024-09-18,4705,60494,34661
101739,1739,Gold,2024-03-22,6471,72230,35485
101740,1740,Gold,2026-06-09,8602,61260,42424
101741,1741,Platinum,2022-10-18,5798,79466,37845
101742,1742,Gold,2022-10-05,6638,33055,34306
101743,1743,Platinum,2023-08-09,2734,66049,56225
101744,1744,Silver,2023-03-09,596,27217,4811
101745,1745,Silver,2024-08-29,6021,39217,7571
101746,1746,Silver,2022-07-19,6756,50244,24637
101747,1747,Bronze,2024-01-06,391,41328,31930
101748,1748,Bronze,2025-06-03,262,28355,28543
101749,1749,Gold,2026-07-13,2411,59074,56701
101750,1750,Silver,2022-08-17,2291,39680,25975
101751,1751,Bronze,2021-11-11,268,29862,59222
101752,1752,Silver,2022-06-20,7975,52429,30562
101753,1753,Gold,2024-06-26,6087,26929,30362
101754,1754,Bronze,2026-05-12,841,32260,9537
101755,1755,Gold,2022-10-29,1659,38821,24512
101756,1756,Bronze,2022-11-14,7620,50766,58133
101757,1757,Silver,2022-05-04,7100,10339,39206
101758,1758,Bronze,2022-04-17,8397,72400,31267
101759,1759,Bronze,2026-01-13,7855,8980,23100
101760,1760,Bronze,2023-11-13,5084,66516,10875
101761,1761,Bronze,2023-03-01,1659,19228,48780
101762,1762,Gold,2025-06-14,4417,7949,1617
101763,1763,Silver,2025-10-07,8537,48762,1582
101764,1764,Silver,2022-05-28,5472,60431,22736
101765,1765,Silver,2024-09-18,4668,48330,3336
101766,1766,Gold,2022-11-22,9594,16260,57903
101767,1767,Silver,2024-09-26,7987,56907,50045
101768,1768,Silver,2024-06-20,8978,74332,33157
101769,1769,Bronze,2025-09-13,2512,49635,21636
101770,1770,Silver,2024-01-16,7206,35110,9434
101771,1771,Bronze,2025-04-10,3216,12314,40427
101772,1772,Bronze,2021-11-22,6461,28966,2745
101773,1773,Bronze,2023-05-18,198,17524,12746
101774,1774,Silver,2023-05-23,3172,54834,52394
101775,1775,Gold,2025-08-21,2484,56056,35851
101776,1776,Silver,2022-06-19,3450,174,4340
101777,1777,Bronze,2026-01-06,613,34900,47660
101778,1778,Silver,2021-12-20,1082,28817,30690
101779,1779,Platinum,2023-01-07,2713,64781,7486
101780,1780,Bronze,2023-03-22,7530,45023,40422
101781,1781,Gold,2022-03-28,6096,61563,16913
101782,1782,Silver,2025-06-04,8977,43432,41387
101783,1783,Silver,2024-04-02,8629,20494,43761
101784,1784,Silver,2023-03-06,9662,68263,44734
101785,1785,Bronze,2022-12-03,9729,32251,14824
101786,1786,Gold,2022-02-25,7108,63459,17838
101787,1787,Bronze,2021-10-04,8336,39496,32694
101788,1788,Platinum,2026-04-12,6630,6822,38777
101789,1789,Bronze,2023-02-23,4221,14058,54006
101790,1790,Bronze,2022-05-18,3663,28798,57720
101791,1791,Platinum,2025-02-21,7607,20187,6461
101792,1792,Silver,2023-02-02,8287,47678,27043
101793,1793,Gold,2025-12-21,6869,74361,21706
101794,1794,Bronze,2022-11-25,3973,21392,40832
101795,1795,Silver,2026-05-06,1086,41250,58281
101796,1796,Bronze,2023-01-23,6650,56745,10095
101797,1797,Silver,2022-10-03,501,43849,24273
101798,1798,Bronze,2022-08-23,3861,63869,57613
101799,1799,Platinum,2022-08-01,6493,77225,14026
101800,1800,Silver,2024-05-24,3852,37647,15940
101801,1801,Silver,2022-05-30,2701,44154,10432
101802,1802,Silver,2022-10-12,9723,49494,55915
101803,1803,Bronze,2024-03-10,1345,10888,52179
101804,1804,Gold,2024-01-20,2458,70927,28084
101805,1805,Silver,2023-12-01,1512,20008,3365
101806,1806,Bronze,2025-01-23,2909,4384,8747
101807,1807,Bronze,2024-01-02,6009,46925,43650
101808,1808,Silver,2023-04-08,662,21755,58515
101809,1809,Bronze,2025-12-16,1637,5204,38198
101810,1810,Bronze,2023-04-18,647,127,53833
101811,1811,Platinum,2025-12-21,2784,51331,54014
101812,1812,Platinum,2024-08-10,1761,35139,38887
101813,1813,Bronze,2026-05-03,8619,9495,54512
101814,1814,Silver,2025-04-05,2271,8612,30299
101815,1815,Silver,2024-10-29,4259,20729,42170
101816,1816,Gold,2022-08-09,8435,12698,32533
101817,1817,Silver,2024-12-05,4648,4298,25781
101818,1818,Gold,2026-05-28,2667,62052,53101
101819,1819,Silver,2025-07-16,8337,40260,19244
101820,1820,Silver,2023-03-13,6571,54884,52885
101821,1821,Platinum,2023-01-23,5067,42909,13798
101822,1822,Bronze,2023-03-01,2436,20444,2411
101823,1823,Bronze,2025-09-29,9628,15529,9678
101824,1824,Bronze,2024-07-29,7355,16629,9786
101825,1825,Gold,2024-12-06,4628,43711,45070
101826,1826,Bronze,2023-12-14,3919,63223,28530
101827,1827,Silver,2022-07-19,9045,77127,19827
101828,1828,Platinum,2021-08-11,3436,62126,43003
101829,1829,Bronze,2026-02-14,2564,51322,12549
101830,1830,Bronze,2022-05-12,801,4212,55123
101831,1831,Gold,2025-05-10,4131,51160,12226
101832,1832,Gold,2022-10-23,7594,52199,51362
101833,1833,Gold,2023-10-15,5301,59031,8709
101834,1834,Gold,2024-03-13,6919,41359,59997
101835,1835,Gold,2021-08-27,3014,1075,56962
101836,1836,Gold,2024-11-21,4105,54599,6109
101837,1837,Silver,2022-11-08,5481,19520,2754
101838,1838,Gold,2021-10-14,3932,67311,39578
101839,1839,Silver,2025-10-27,4552,26610,47237
101840,1840,Bronze,2023-09-17,629,1309,41388
101841,1841,Bronze,2024-12-13,5619,48992,22097
101842,1842,Bronze,2025-06-17,7910,65777,13219
101843,1843,Bronze,2023-03-01,5447,66288,17920
101844,1844,Silver,2023-08-24,8662,77496,40138
101845,1845,Platinum,2026-07-30,3222,57108,50443
101846,1846,Platinum,2024-02-22,645,59731,47127
101847,1847,Silver,2024-11-13,4754,70720,49530
101848,1848,Silver,2022-04-08,4661,43695,1174
101849,1849,Silver,2025-08-18,1028,62295,54365
101850,1850,Gold,2024-01-20,7594,79891,37479
101851,1851,Bronze,2024-05-23,5163,77549,14607
101852,1852,Silver,2024-08-31,4919,5173,53525
101853,1853,Bronze,2025-03-09,9495,33410,25874
101854,1854,Bronze,2021-10-19,8695,30144,2657
101855,1855,Bronze,2025-05-19,7360,31423,26016
101856,1856,Bronze,2022-08-30,782,10075,52585
101857,1857,Gold,2026-07-19,8769,71736,27312
101858,1858,Bronze,2024-05-02,5016,78775,43470
101859,1859,Bronze,2024-10-17,9505,28072,35002
101860,1860,Silver,2025-08-15,4711,15287,56048
101861,1861,Bronze,2023-05-27,6373,73599,47560
101862,1862,Bronze,2024-08-26,8930,26348,931
101863,1863,Silver,2026-07-22,1305,43193,42391
101864,1864,Bronze,2022-05-01,7862,2811,6518
101865,1865,Bronze,2022-06-19,4230,22254,43087
101866,1866,Bronze,2024-09-22,4212,54570,10607
101867,1867,Platinum,2022-10-12,3343,21583,23686
101868,1868,Bronze,2026-05-18,4731,40665,35541
101869,1869,Silver,2024-06-30,1123,10091,10195
101870,1870,Gold,2025-03-12,54,31498,4324
101871,1871,Gold,2023-04-12,4424,23558,7429
101872,1872,Gold,2025-12-29,5530,16017,32798
101873,1873,Gold,2024-09-24,8758,61087,33474
101874,1874,Bronze,2024-04-15,4559,11014,23347
101875,1875,Gold,2022-12-27,5787,23220,25420
101876,1876,Gold,2022-02-07,8934,32904,47534
101877,1877,Bronze,2022-08-30,1415,8414,10635
101878,1878,Bronze,2021-09-09,2627,68530,53426
101879,1879,Silver,2023-11-01,3181,62842,49631
101880,1880,Silver,2025-09-30,488,44688,55935
101881,1881,Bronze,2022-12-24,7084,13675,52905
101882,1882,Silver,2023-11-17,6593,27934,10978
101883,1883,Bronze,2022-01-03,7920,76954,49003
101884,1884,Silver,2025-05-28,3715,64898,36533
101885,1885,Gold,2025-06-04,6345,42333,42108
101886,1886,Bronze,2024-09-08,687,4868,29681
101887,1887,Bronze,2025-03-30,9354,46685,1122
101888,1888,Platinum,2025-11-24,6103,44497,27232
101889,1889,Gold,2024-07-17,121,41409,56492
101890,1890,Silver,2022-10-20,2196,12679,38970
101891,1891,Silver,2023-02-28,1908,77810,8897
101892,1892,Silver,2025-08-26,9069,72399,47572
101893,1893,Gold,2026-01-07,1962,4357,51520
101894,1894,Gold,2024-05-11,5194,32348,20451
101895,1895,Silver,2022-06-09,6973,38563,2551
101896,1896,Gold,2025-09-26,899,39448,43569
101897,1897,Platinum,2022-05-21,2243,33953,53457
101898,1898,Bronze,2024-02-07,2507,36887,22278
101899,1899,Gold,2021-08-20,1218,69694,23841
101900,1900,Bronze,2026-05-14,5052,39398,26664
101901,1901,Bronze,2022-12-10,4671,43059,12109
101902,1902,Gold,2025-01-05,2251,68906,39512
101903,1903,Silver,2023-12-29,1640,47617,7430
101904,1904,Bronze,2025-01-15,4328,43849,20860
101905,1905,Gold,2024-03-08,2992,75651,13913
101906,1906,Silver,2024-06-01,1291,30445,3216
101907,1907,Bronze,2022-11-23,9014,71050,59832
101908,1908,Gold,2025-08-06,8993,75775,57036
101909,1909,Silver,2023-06-14,4869,72499,43116
101910,1910,Bronze,2026-04-14,6613,5439,20440
101911,1911,Platinum,2024-05-25,6884,12285,43115
101912,1912,Bronze,2022-10-22,852,18042,4505
101913,1913,Bronze,2024-06-12,9638,625,7001
101914,1914,Gold,2025-07-03,696,61602,53051
101915,1915,Bronze,2021-08-14,8879,14110,17320
101916,1916,Bronze,2023-01-19,9194,32550,5374
101917,1917,Bronze,2021-08-05,3033,74681,45920
101918,1918,Gold,2022-06-01,275,61745,14314
101919,1919,Gold,2024-06-24,2075,22299,48356
101920,1920,Platinum,2024-11-01,8350,31372,26732
101921,1921,Bronze,2023-03-27,8568,35923,37794
101922,1922,Gold,2024-07-19,3072,64672,35885
101923,1923,Bronze,2023-02-07,7040,27757,40190
101924,1924,Silver,2025-06-07,3153,69277,19182
101925,1925,Bronze,2025-05-17,6627,77533,26970
101926,1926,Platinum,2025-03-28,4713,35405,16320
101927,1927,Silver,2024-04-08,2042,55179,16711
101928,1928,Silver,2024-12-09,8153,290,7511
101929,1929,Silver,2024-07-08,3132,33252,45305
101930,1930,Bronze,2024-07-08,3020,76148,7862
101931,1931,Platinum,2024-03-31,4076,17460,46600
101932,1932,Bronze,2024-01-22,4095,6203,47923
101933,1933,Bronze,2023-01-11,6467,17527,14295
101934,1934,Bronze,2026-04-01,1845,75410,184
101935,1935,Silver,2022-03-27,1814,1903,27089
101936,1936,Bronze,2024-07-26,3380,58698,9462
101937,1937,Bronze,2025-07-17,2019,48433,21306
101938,1938,Platinum,2022-10-14,6205,68108,44585
101939,1939,Bronze,2025-10-30,3302,19225,13551
101940,1940,Bronze,2022-12-10,3080,31920,32106
101941,1941,Silver,2021-10-21,4487,57437,3206
101942,1942,Bronze,2023-03-28,7099,60862,10394
101943,1943,Bronze,2023-07-15,976,60228,34359
101944,1944,Bronze,2023-02-03,6773,14572,57757
101945,1945,Bronze,2024-01-15,4643,36712,11603
101946,1946,Silver,2022-06-19,225,62127,51491
101947,1947,Gold,2026-02-04,1069,76971,29781
101948,1948,Bronze,2025-10-02,3675,58996,13167
101949,1949,Silver,2024-11-17,4515,62599,25598
101950,1950,Bronze,2024-12-17,7870,29009,28713
101951,1951,Platinum,2023-08-26,280,30826,42285
101952,1952,Silver,2021-10-03,3586,72418,33403
101953,1953,Silver,2025-04-09,2370,14494,17542
101954,1954,Gold,2022-05-04,8552,33498,45213
101955,1955,Bronze,2025-10-31,8462,40760,48916
101956,1956,Silver,2024-09-19,1031,74438,57986
101957,1957,Bronze,2026-08-02,4633,33143,53065
101958,1958,Bronze,2024-12-21,9108,75389,52362
101959,1959,Platinum,2025-06-20,2997,65247,34624
101960,1960,Bronze,2022-05-28,320,43009,50363
101961,1961,Silver,2022-03-28,9074,55114,37221
101962,1962,Bronze,2026-01-23,7881,25451,12279
101963,1963,Bronze,2022-02-04,5019,55785,16460
101964,1964,Silver,2026-07-20,4455,76933,13072
101965,1965,Silver,2023-10-03,9856,74183,36963
101966,1966,Bronze,2024-04-12,6224,61946,40935
101967,1967,Bronze,2024-06-17,4012,42661,3001
101968,1968,Gold,2025-08-22,5847,61885,49737
101969,1969,Bronze,2026-03-25,5462,64738,14914
101970,1970,Silver,2025-07-24,9214,2253,45202
101971,1971,Bronze,2024-07-04,9259,18056,15158
101972,1972,Silver,2022-11-17,718,26964,30610
101973,1973,Silver,2022-08-21,1189,13549,44627
101974,1974,Platinum,2026-01-19,8987,57939,47083
101975,1975,Bronze,2022-05-25,3514,28735,24305
101976,1976,Bronze,2022-07-06,4201,1633,38502
101977,1977,Silver,2022-06-27,4594,77252,58314
101978,1978,Silver,2021-08-18,3425,12352,22335
101979,1979,Platinum,2021-08-11,1946,12356,52783
101980,1980,Bronze,2024-12-27,9802,70471,48917
101981,1981,Silver,2022-09-25,3951,5889,31195
101982,1982,Silver,2024-03-23,8864,21993,43076
101983,1983,Gold,2026-04-29,104,64266,53547
101984,1984,Platinum,2023-04-07,6747,43451,6559
101985,1985,Bronze,2022-11-24,9549,30158,37727
101986,1986,Bronze,2025-02-09,6997,45838,23389
101987,1987,Gold,2023-10-12,9114,21634,1762
101988,1988,Gold,2023-04-14,9366,2899,43732
101989,1989,Bronze,2023-02-10,2819,20672,15349
101990,1990,Gold,2024-02-10,2939,25771,54216
101991,1991,Bronze,2025-05-28,2172,38766,30202
101992,1992,Bronze,2023-05-23,7364,29673,40543
101993,1993,Bronze,2025-03-14,1931,26860,24028
101994,1994,Silver,2024-01-28,4908,56699,10087
101995,1995,Silver,2021-08-10,2606,62192,24778
101996,1996,Bronze,2025-04-22,6136,4704,34932
101997,1997,Bronze,2025-09-19,6887,14324,5559
101998,1998,Gold,2022-06-18,3469,9696,10075
101999,1999,Silver,2026-01-04,7120,30149,45854
102000,2000,Gold,2026-01-10,4360,68291,46774
102001,2001,Silver,2023-12-10,8697,77653,58915
102002,2002,Platinum,2023-11-08,9594,43360,58090
102003,2003,Silver,2026-06-01,9736,69941,43287
102004,2004,Silver,2025-08-26,7357,55790,11281
102005,2005,Silver,2023-11-20,7292,36692,20691
102006,2006,Bronze,2023-10-27,3508,2725,12862
102007,2007,Silver,2022-08-04,6152,70282,30465
102008,2008,Platinum,2022-10-03,9525,15218,52206
102009,2009,Silver,2023-02-22,881,30212,48300
102010,2010,Gold,2024-09-03,1854,73508,31412
102011,2011,Bronze,2023-08-14,9513,17823,3462
102012,2012,Silver,2023-06-15,8831,30482,52359
102013,2013,Bronze,2022-03-17,831,66739,56249
102014,2014,Silver,2024-11-14,1215,31753,35324
102015,2015,Silver,2026-04-16,5556,68922,35229
102016,2016,Bronze,2021-10-24,4278,43625,35973
102017,2017,Bronze,2021-09-09,2921,5869,28031
102018,2018,Silver,2022-10-31,3363,18412,52616
102019,2019,Gold,2025-09-09,1464,67989,9687
102020,2020,Silver,2022-08-12,1170,55428,47246
102021,2021,Silver,2024-06-02,1313,42284,30205
102022,2022,Bronze,2022-06-26,4527,44360,1963
102023,2023,Bronze,2022-08-08,188,3681,50810
102024,2024,Silver,2025-10-25,396,4077,5481
102025,2025,Bronze,2022-07-19,9598,10725,5415
102026,2026,Silver,2025-03-09,7877,12979,28768
102027,2027,Gold,2021-09-13,8831,48798,3751
102028,2028,Gold,2024-05-21,9910,3487,47135
102029,2029,Bronze,2026-05-08,5789,41105,24841
102030,2030,Silver,2023-04-09,8257,38092,49317
102031,2031,Bronze,2025-04-04,2609,11246,35767
102032,2032,Gold,2023-04-08,9836,75647,35390
102033,2033,Silver,2025-05-18,8046,68548,59654
102034,2034,Gold,2024-07-08,2467,23132,54025
102035,2035,Gold,2023-01-07,8215,5665,20585
102036,2036,Bronze,2024-08-03,661,66572,28487
102037,2037,Silver,2021-11-25,723,78639,3201
102038,2038,Bronze,2023-06-27,4280,32292,24765
102039,2039,Bronze,2024-12-03,5594,11724,23689
102040,2040,Gold,2025-07-08,4506,69572,9827
102041,2041,Silver,2023-01-12,9224,16214,15453
102042,2042,Silver,2022-04-25,4414,67167,14932
102043,2043,Platinum,2022-02-06,6054,6522,23999
102044,2044,Bronze,2025-11-24,2789,75705,24597
102045,2045,Gold,2026-02-24,9052,5261,40961
102046,2046,Silver,2026-06-14,6663,27352,15754
102047,2047,Silver,2022-10-14,9146,60396,40507
102048,2048,Bronze,2023-09-19,278,69020,12108
102049,2049,Bronze,2023-07-25,994,35202,52559
102050,2050,Bronze,2024-12-20,2005,51437,16568
102051,2051,Gold,2022-03-10,2035,72948,59980
102052,2052,Silver,2024-12-30,81,34389,40997
102053,2053,Gold,2025-08-12,2907,71858,31040
102054,2054,Silver,2023-11-19,4079,67689,12704
102055,2055,Bronze,2023-10-06,3075,69348,42450
102056,2056,Bronze,2025-12-27,4387,31849,10148
102057,2057,Silver,2023-06-08,2318,52539,40571
102058,2058,Silver,2026-05-27,2799,68483,37448
102059,2059,Silver,2022-11-27,5038,53530,19502
102060,2060,Bronze,2023-10-22,3976,55123,49576
102061,2061,Gold,2022-04-13,6033,69348,28238
102062,2062,Bronze,2021-10-19,5072,33110,5384
102063,2063,Silver,2023-01-01,668,51242,19111
102064,2064,Platinum,2025-05-08,6387,20635,23244
102065,2065,Platinum,2026-06-25,6122,38191,56772
102066,2066,Gold,2025-01-19,3057,52958,51685
102067,2067,Bronze,2023-08-21,6046,44655,35616
102068,2068,Silver,2025-10-13,4814,25222,56719
102069,2069,Platinum,2021-09-21,381,11189,30790
102070,2070,Bronze,2022-04-19,6736,36772,56563
102071,2071,Bronze,2025-12-11,9432,69614,33109
102072,2072,Platinum,2023-06-06,368,29704,47892
102073,2073,Bronze,2024-09-02,3955,72987,45705
102074,2074,Silver,2023-01-02,2923,36201,21728
102075,2075,Gold,2021-08-16,2199,61137,39983
102076,2076,Gold,2025-12-23,1008,44655,2460
102077,2077,Bronze,2026-03-12,942,38291,15651
102078,2078,Bronze,2025-12-20,3541,27485,50138
102079,2079,Gold,2024-04-10,3183,69071,16889
102080,2080,Silver,2023-04-01,2001,51836,47739
102081,2081,Bronze,2022-11-10,2316,13492,5902
102082,2082,Bronze,2023-04-18,9828,59704,34485
102083,2083,Silver,2025-07-07,2027,71452,3167
102084,2084,Silver,2025-12-24,3254,31700,38883
102085,2085,Bronze,2022-05-18,3243,64663,14207
102086,2086,Bronze,2026-01-11,5292,29685,2569
102087,2087,Gold,2026-05-17,569,10171,5496
102088,2088,Platinum,2023-02-13,8272,65199,49702
102089,2089,Platinum,2026-08-04,6378,12592,30258
102090,2090,Platinum,2025-08-21,6671,72523,47204
102091,2091,Gold,2025-07-05,137,1498,59736
102092,2092,Bronze,2024-02-14,435,3953,38410
102093,2093,Bronze,2022-04-29,6799,14781,36027
102094,2094,Bronze,2026-03-20,9784,68764,859
102095,2095,Bronze,2026-07-26,6181,43858,30950
102096,2096,Silver,2025-04-12,8148,34688,47792
102097,2097,Bronze,2025-01-30,9766,15789,47499
102098,2098,Platinum,2022-11-16,50,28110,25674
102099,2099,Bronze,2023-09-09,5665,17653,58057
102100,2100,Bronze,2022-02-16,5099,79227,4647
102101,2101,Gold,2025-05-18,8617,75470,18798
102102,2102,Bronze,2022-08-25,4788,29701,15161
102103,2103,Bronze,2026-05-06,7820,45051,54923
102104,2104,Bronze,2024-12-12,2282,53482,12760
102105,2105,Bronze,2021-10-05,2583,28357,39752
102106,2106,Silver,2023-09-26,2422,9733,15737
102107,2107,Silver,2022-11-05,5491,44362,27411
102108,2108,Bronze,2025-10-06,4180,4881,45574
102109,2109,Gold,2023-09-29,4816,17146,34057
102110,2110,Silver,2025-11-18,702,48181,41319
102111,2111,Bronze,2024-04-25,5529,31249,32268
102112,2112,Platinum,2024-06-08,7023,57164,51821
102113,2113,Gold,2023-07-05,8508,12680,7635
102114,2114,Gold,2024-03-28,6988,2455,2762
102115,2115,Platinum,2021-10-02,907,68291,57995
102116,2116,Bronze,2024-08-11,6399,52244,57969
102117,2117,Silver,2023-04-22,446,50731,10092
102118,2118,Silver,2022-05-23,1190,42092,48834
102119,2119,Bronze,2024-04-24,2875,28752,16647
102120,2120,Gold,2023-04-23,5829,6922,53568
102121,2121,Silver,2026-06-17,9015,24139,28589
102122,2122,Silver,2022-04-13,7952,63705,27818
102123,2123,Gold,2025-06-17,2336,27737,34373
102124,2124,Gold,2025-09-20,4757,5387,7590
102125,2125,Bronze,2023-11-24,9085,749,52023
102126,2126,Silver,2025-04-23,7330,25537,22453
102127,2127,Bronze,2024-09-24,7813,72227,48277
102128,2128,Gold,2024-01-06,2236,53506,3022
102129,2129,Bronze,2026-01-25,6132,16370,3499
102130,2130,Bronze,2021-12-23,6071,59283,45292
102131,2131,Silver,2024-05-15,9923,6324,33252
102132,2132,Bronze,2021-08-14,9248,76232,46369
102133,2133,Bronze,2024-12-29,4740,37555,37623
102134,2134,Bronze,2025-02-13,258,59489,16727
102135,2135,Silver,2025-10-21,2713,52903,49559
102136,2136,Silver,2021-12-06,9384,55246,50241
102137,2137,Silver,2023-05-20,6158,38951,54413
102138,2138,Silver,2024-06-06,9906,78783,48891
102139,2139,Gold,2025-08-28,7474,11851,58271
102140,2140,Silver,2025-03-22,2378,70258,51349
102141,2141,Bronze,2024-11-08,6293,74648,16266
102142,2142,Bronze,2026-05-10,9262,13593,19294
102143,2143,Bronze,2024-07-04,8199,40679,37321
102144,2144,Silver,2021-12-12,3185,23053,58362
102145,2145,Bronze,2025-12-15,3030,29332,19295
102146,2146,Gold,2025-06-27,7043,53080,36956
102147,2147,Silver,2021-11-22,897,53553,40777
102148,2148,Silver,2023-06-24,9140,62094,10158
102149,2149,Bronze,2022-01-19,1928,60023,50055
102150,2150,Silver,2022-07-10,500,58032,11397
102151,2151,Gold,2023-06-09,5070,73717,47474
102152,2152,Bronze,2024-04-19,9940,28987,21350
102153,2153,Silver,2023-02-25,9869,47522,42610
102154,2154,Bronze,2026-03-25,8523,18256,43074
102155,2155,Gold,2022-01-21,286,37416,54264
102156,2156,Bronze,2022-08-02,5647,53508,58148
102157,2157,Silver,2024-03-30,2334,74321,39977
102158,2158,Silver,2025-10-02,490,72091,52729
102159,2159,Gold,2023-12-02,2412,53345,38699
102160,2160,Gold,2024-04-29,8921,19316,28452
102161,2161,Silver,2023-12-03,1531,72270,25063
102162,2162,Silver,2022-09-22,5647,53436,41310
102163,2163,Bronze,2025-12-13,3549,2057,36817
102164,2164,Silver,2023-03-06,6978,12978,44040
102165,2165,Gold,2025-10-18,2387,25041,52902
102166,2166,Silver,2024-06-02,9363,44251,49179
102167,2167,Bronze,2024-12-23,3146,35102,26127
102168,2168,Silver,2024-11-11,3942,77119,52185
102169,2169,Gold,2026-06-04,8339,35738,41028
102170,2170,Gold,2023-09-08,482,21627,31353
102171,2171,Gold,2024-03-18,16,953,43759
102172,2172,Gold,2024-09-08,7114,78794,25603
102173,2173,Platinum,2026-06-18,6378,8305,3614
102174,2174,Bronze,2024-01-08,6343,66147,13242
102175,2175,Bronze,2023-08-16,3167,43988,53972
102176,2176,Platinum,2022-06-28,417,6380,4339
102177,2177,Bronze,2026-06-22,917,36701,5249
102178,2178,Bronze,2023-09-16,9937,9689,56219
102179,2179,Gold,2023-12-02,890,59493,26724
102180,2180,Gold,2026-04-07,8549,25776,57136
102181,2181,Silver,2023-10-16,7263,53988,41089
102182,2182,Bronze,2025-02-20,6035,29002,41779
102183,2183,Bronze,2023-06-15,275,65015,28878
102184,2184,Silver,2022-07-23,4612,51314,10637
102185,2185,Bronze,2026-01-23,7356,18414,47580
102186,2186,Silver,2023-11-15,6744,17143,39079
102187,2187,Bronze,2022-10-08,318,72905,52341
102188,2188,Bronze,2024-11-08,8062,62246,25196
102189,2189,Platinum,2026-02-27,2637,74210,45828
102190,2190,Platinum,2022-08-20,1094,34643,1489
102191,2191,Bronze,2025-07-10,8584,70031,17222
102192,2192,Bronze,2024-04-16,3199,26109,13281
102193,2193,Silver,2025-11-27,1461,17488,20591
102194,2194,Bronze,2021-08-29,2805,26657,22592
102195,2195,Platinum,2022-06-27,6575,14349,30617
102196,2196,Silver,2024-09-10,1296,60950,697
102197,2197,Bronze,2025-04-21,2691,13424,5150
102198,2198,Silver,2024-12-17,7,49885,7380
102199,2199,Bronze,2025-12-19,6912,31291,54078
102200,2200,Silver,2022-11-30,5206,17448,30653
102201,2201,Silver,2024-11-30,9395,45315,24640
102202,2202,Bronze,2025-05-26,3575,58753,4871
102203,2203,Gold,2025-09-20,8932,38992,20125
102204,2204,Bronze,2024-03-27,805,22211,56659
102205,2205,Silver,2023-04-18,782,18561,56631
102206,2206,Bronze,2025-12-23,8360,5736,53573
102207,2207,Bronze,2023-06-24,4512,37424,3466
102208,2208,Bronze,2025-02-20,3356,32884,54525
102209,2209,Bronze,2023-05-18,7707,70116,7096
102210,2210,Platinum,2022-09-28,7589,65591,43730
102211,2211,Silver,2021-10-02,3058,9953,918
102212,2212,Gold,2023-03-07,1511,64531,58606
102213,2213,Gold,2023-10-15,8785,24006,6706
102214,2214,Silver,2023-04-16,4277,68182,27516
102215,2215,Bronze,2026-01-01,8947,44682,48139
102216,2216,Gold,2022-02-14,9936,57500,15326
102217,2217,Gold,2025-08-30,3795,70794,15927
102218,2218,Gold,2025-08-11,8442,23328,35619
102219,2219,Silver,2026-03-05,5217,53633,1910
102220,2220,Bronze,2021-09-23,9378,59035,48417
102221,2221,Bronze,2025-12-08,9643,71481,47132
102222,2222,Silver,2024-02-16,6599,15696,29725
102223,2223,Silver,2022-04-23,1000,52877,56420
102224,2224,Platinum,2025-04-20,3865,53195,33965
102225,2225,Gold,2025-08-23,2400,2126,23926
102226,2226,Gold,2022-07-26,6162,70960,9412
102227,2227,Bronze,2022-02-14,2800,23751,14674
102228,2228,Silver,2021-11-22,5372,20968,5648
102229,2229,Platinum,2021-10-14,5997,2044,50940
102230,2230,Bronze,2021-10-05,7328,13849,45006
102231,2231,Bronze,2024-09-04,9329,19805,48004
102232,2232,Bronze,2023-11-06,2854,9635,37396
102233,2233,Bronze,2022-05-19,9303,52257,29931
102234,2234,Gold,2025-09-28,646,73176,38707
102235,2235,Silver,2024-09-19,4399,30930,28177
102236,2236,Silver,2022-07-04,8877,37954,51337
102237,2237,Silver,2021-11-21,264,20853,8314
102238,2238,Gold,2023-03-26,619,43469,52322
102239,2239,Bronze,2022-09-29,9915,30220,43405
102240,2240,Gold,2022-06-29,7096,78510,46972
102241,2241,Silver,2021-08-30,8312,38355,42491
102242,2242,Bronze,2025-10-05,9922,44365,55452
102243,2243,Gold,2025-02-08,8391,72653,41255
102244,2244,Bronze,2026-06-10,1376,37267,22726
102245,2245,Silver,2023-03-21,8940,66623,30007
102246,2246,Platinum,2022-11-05,586,57955,6007
102247,2247,Bronze,2023-05-04,2933,30938,58667
102248,2248,Silver,2024-02-25,7333,51283,31300
102249,2249,Bronze,2026-05-18,3059,3536,40342
102250,2250,Silver,2024-05-04,6233,10322,40240
102251,2251,Bronze,2021-09-11,7559,64967,40005
102252,2252,Silver,2025-07-22,6299,71137,9824
102253,2253,Gold,2022-10-21,9414,57308,33148
102254,2254,Silver,2025-09-05,2521,17072,20979
102255,2255,Silver,2024-06-29,3213,64837,49136
102256,2256,Bronze,2022-01-27,8718,41814,44666
102257,2257,Silver,2025-05-31,6530,24510,44717
102258,2258,Silver,2023-08-14,3890,48423,3399
102259,2259,Silver,2025-02-03,489,47332,49516
102260,2260,Platinum,2022-04-21,6241,43599,44932
102261,2261,Silver,2023-03-31,627,4115,44106
102262,2262,Bronze,2024-01-19,4580,71110,11528
102263,2263,Gold,2021-10-30,5613,49190,17584
102264,2264,Bronze,2026-04-11,8578,51634,30191
102265,2265,Silver,2025-03-21,3213,18496,23135
102266,2266,Gold,2021-10-26,4819,24438,41831
102267,2267,Bronze,2025-08-13,2180,69922,48454
102268,2268,Silver,2023-07-23,4411,51399,54415
102269,2269,Gold,2024-04-12,3187,71689,59081
102270,2270,Platinum,2021-10-02,1689,44688,26535
102271,2271,Bronze,2025-12-13,1304,43075,12229
102272,2272,Silver,2023-04-30,5535,63447,11658
102273,2273,Platinum,2024-08-17,5625,51097,10989
102274,2274,Platinum,2025-08-30,2815,53007,38608
102275,2275,Bronze,2024-07-24,3641,45100,34717
102276,2276,Silver,2025-09-02,6062,13498,14650
102277,2277,Gold,2024-05-10,8265,14021,36695
102278,2278,Gold,2025-06-02,6049,48046,1681
102279,2279,Platinum,2024-08-31,8022,68117,17226
102280,2280,Platinum,2023-04-05,9153,42616,1024
102281,2281,Silver,2025-06-23,7991,37757,54058
102282,2282,Bronze,2025-01-15,124,25548,20094
102283,2283,Silver,2025-12-28,1965,67249,54023
102284,2284,Silver,2023-06-05,1854,63174,39256
102285,2285,Silver,2025-09-06,768,26202,34179
102286,2286,Gold,2025-10-10,5465,76380,15467
102287,2287,Bronze,2021-11-01,617,11373,54956
102288,2288,Bronze,2026-05-14,6463,40415,5780
102289,2289,Bronze,2022-05-29,7433,14193,21415
102290,2290,Gold,2024-02-08,3314,14153,14194
102291,2291,Gold,2025-11-01,5998,28210,53578
102292,2292,Silver,2025-07-13,8593,12863,15607
102293,2293,Gold,2022-07-23,7329,41691,3001
102294,2294,Bronze,2026-01-31,4354,19719,45686
102295,2295,Gold,2022-04-11,1787,37256,50446
102296,2296,Gold,2023-05-09,576,46481,11621
102297,2297,Silver,2022-12-16,8670,16092,45618
102298,2298,Silver,2024-09-17,7747,73695,3941
102299,2299,Silver,2025-07-24,2156,62754,440
102300,2300,Bronze,2023-12-27,2126,30903,55358
102301,2301,Silver,2024-12-29,9139,45754,26358
102302,2302,Bronze,2025-01-02,2242,43470,36530
102303,2303,Gold,2022-10-18,7014,54636,3825
102304,2304,Platinum,2022-08-13,9561,66480,27231
102305,2305,Gold,2023-09-07,7369,70736,28980
102306,2306,Bronze,2025-03-09,2745,18216,32290
102307,2307,Gold,2026-01-15,8359,44308,48549
102308,2308,Gold,2023-05-22,4581,71055,41430
102309,2309,Bronze,2023-08-26,9639,55407,23836
102310,2310,Gold,2022-08-27,5199,37853,11650
102311,2311,Silver,2025-06-26,4989,15652,5438
102312,2312,Gold,2023-11-27,7014,43654,1664
102313,2313,Bronze,2024-01-29,102,5264,2809
102314,2314,Bronze,2023-10-26,5027,48924,41888
102315,2315,Bronze,2023-08-14,3802,9635,15494
102316,2316,Bronze,2026-02-02,1896,42826,56917
102317,2317,Bronze,2022-06-11,3413,830,21232
102318,2318,Bronze,2024-07-20,553,68491,13375
102319,2319,Silver,2022-03-31,6974,72916,48375
102320,2320,Bronze,2025-11-06,1644,37312,19874
102321,2321,Bronze,2023-11-27,8516,68885,40429
102322,2322,Bronze,2024-08-14,9608,64407,9441
102323,2323,Silver,2024-01-12,3638,55552,29425
102324,2324,Gold,2022-06-01,7226,38460,42149
102325,2325,Silver,2023-11-02,104,17104,24005
102326,2326,Gold,2022-04-13,2747,48443,18868
102327,2327,Bronze,2023-12-09,1140,69021,14315
102328,2328,Gold,2024-05-08,2832,71319,52935
102329,2329,Gold,2023-02-01,2190,25059,54810
102330,2330,Bronze,2023-07-16,3279,79605,9385
102331,2331,Gold,2023-03-14,116,40059,40898
102332,2332,Bronze,2022-07-26,6179,1163,58030
102333,2333,Bronze,2021-11-15,4009,54543,17196
102334,2334,Silver,2022-04-15,3341,72549,30355
102335,2335,Bronze,2022-11-09,8724,21734,50261
102336,2336,Silver,2021-10-26,8498,11515,43591
102337,2337,Silver,2025-04-19,2960,45986,31462
102338,2338,Silver,2023-04-29,4265,47703,36833
102339,2339,Silver,2023-04-22,7927,17882,24832
102340,2340,Bronze,2026-07-26,9358,4385,21327
102341,2341,Bronze,2023-09-29,1478,67068,53521
102342,2342,Gold,2022-06-17,7431,50223,58959
102343,2343,Silver,2023-06-24,3950,13502,25722
102344,2344,Bronze,2022-01-08,2976,57710,7925
102345,2345,Silver,2025-11-16,2876,8399,29960
102346,2346,Silver,2026-03-06,3249,58151,51590
102347,2347,Gold,2025-01-12,3559,74088,42952
102348,2348,Silver,2024-01-27,3049,3936,21353
102349,2349,Bronze,2023-08-28,2542,75682,37150
102350,2350,Platinum,2025-09-17,3507,54093,57773
102351,2351,Bronze,2022-08-19,1651,56080,52389
102352,2352,Bronze,2022-01-23,9587,9977,41966
102353,2353,Bronze,2023-11-01,9062,72275,9428
102354,2354,Bronze,2022-01-27,2728,42711,42815
102355,2355,Bronze,2023-03-07,4006,75807,56079
102356,2356,Gold,2025-09-12,3329,42069,36434
102357,2357,Platinum,2025-04-02,4370,54871,8005
102358,2358,Silver,2024-03-28,7586,64731,14343
102359,2359,Bronze,2025-10-22,6440,38090,16196
102360,2360,Platinum,2025-04-13,9355,43697,17107
102361,2361,Gold,2024-05-15,9463,65389,40056
102362,2362,Gold,2024-01-09,1908,23753,58541
102363,2363,Silver,2023-11-11,9539,57613,176
102364,2364,Bronze,2023-10-30,2856,57790,4579
102365,2365,Bronze,2025-01-02,5424,32407,43694
102366,2366,Platinum,2024-05-05,7676,69174,59681
102367,2367,Silver,2023-01-29,1843,28180,32134
102368,2368,Gold,2021-11-04,5355,18224,37983
102369,2369,Platinum,2022-05-31,8502,31954,8563
102370,2370,Bronze,2026-06-15,1614,17757,51985
102371,2371,Bronze,2021-12-20,889,71924,12349
102372,2372,Bronze,2024-10-19,728,34874,49872
102373,2373,Silver,2021-10-11,9938,61127,33988
102374,2374,Silver,2022-01-31,9321,57558,22892
102375,2375,Silver,2024-04-02,6098,67514,23420
102376,2376,Bronze,2025-11-21,8765,51787,3989
102377,2377,Gold,2022-12-28,662,26575,1136
102378,2378,Bronze,2023-08-01,4949,31070,25418
102379,2379,Silver,2021-10-25,9382,75315,21019
102380,2380,Bronze,2022-11-20,1088,45567,54734
102381,2381,Gold,2023-03-01,3441,74878,58886
102382,2382,Platinum,2022-09-09,1533,3093,51048
102383,2383,Bronze,2023-09-17,9456,22051,51066
102384,2384,Platinum,2021-12-28,9615,45745,43516
102385,2385,Bronze,2023-01-03,4960,26162,31324
102386,2386,Bronze,2026-02-12,8378,25377,3715
102387,2387,Silver,2025-01-25,3216,743,37784
102388,2388,Silver,2026-03-20,7702,10932,13789
102389,2389,Silver,2025-06-02,8189,12280,39891
102390,2390,Platinum,2021-12-09,2378,52242,3173
102391,2391,Silver,2025-03-05,2486,15246,13582
102392,2392,Bronze,2026-02-07,7542,53854,30576
102393,2393,Gold,2022-03-23,2287,7112,7547
102394,2394,Silver,2024-05-06,1462,15295,7386
102395,2395,Bronze,2026-06-12,1712,17074,59853
102396,2396,Bronze,2025-10-09,1981,4283,29261
102397,2397,Bronze,2023-11-09,5618,69457,49804
102398,2398,Silver,2026-06-04,4074,26045,40827
102399,2399,Gold,2023-06-02,3507,4952,19242
102400,2400,Silver,2023-04-27,7068,49944,22106
102401,2401,Bronze,2023-11-27,219,23540,29841
102402,2402,Silver,2023-11-30,4939,68387,6791
102403,2403,Bronze,2024-04-16,4621,23186,6583
102404,2404,Bronze,2026-07-09,372,73288,44763
102405,2405,Bronze,2022-06-25,8598,18530,22095
102406,2406,Gold,2023-08-18,9444,42913,8823
102407,2407,Bronze,2025-10-25,4697,49327,8441
102408,2408,Bronze,2026-06-20,9689,25482,45916
102409,2409,Gold,2024-05-28,5733,49972,55027
102410,2410,Gold,2021-11-07,20,28230,46902
102411,2411,Silver,2024-07-09,9768,45351,8401
102412,2412,Gold,2022-05-09,9559,65184,53968
102413,2413,Bronze,2025-07-19,1592,30097,29735
102414,2414,Bronze,2022-10-18,4513,25102,27778
102415,2415,Platinum,2021-11-19,9006,42913,35365
102416,2416,Bronze,2022-08-12,5028,17183,13894
102417,2417,Gold,2025-05-26,4249,9923,58202
102418,2418,Gold,2024-01-03,2558,3461,9230
102419,2419,Platinum,2025-11-22,881,55472,8068
102420,2420,Bronze,2022-11-11,2653,62924,15126
102421,2421,Silver,2024-01-22,4553,8004,10902
102422,2422,Silver,2024-01-06,1007,58179,47109
102423,2423,Gold,2022-03-21,1398,56621,27931
102424,2424,Gold,2024-12-16,366,54146,14955
102425,2425,Bronze,2022-10-16,4610,69705,42604
102426,2426,Platinum,2024-12-16,1753,44977,20934
102427,2427,Bronze,2021-08-09,2598,1093,14538
102428,2428,Gold,2025-07-27,4676,4344,16364
102429,2429,Bronze,2025-10-02,276,47703,59505
102430,2430,Platinum,2022-02-21,8132,74080,59913
102431,2431,Gold,2025-10-07,7396,48408,27734
102432,2432,Gold,2024-04-14,5050,8604,24306
102433,2433,Silver,2024-03-21,5702,48854,18680
102434,2434,Silver,2023-11-26,2825,32356,16467
102435,2435,Silver,2024-11-30,1743,18038,54838
102436,2436,Gold,2021-09-15,7565,57009,179
102437,2437,Bronze,2023-05-13,9092,7885,50407
102438,2438,Bronze,2022-08-04,8424,16174,2538
102439,2439,Bronze,2021-10-24,6759,72693,15063
102440,2440,Bronze,2025-04-10,6531,36298,50033
102441,2441,Platinum,2025-08-28,8011,21317,27774
102442,2442,Silver,2022-07-29,8919,1820,33872
102443,2443,Bronze,2023-10-30,6000,58788,7038
102444,2444,Bronze,2025-01-17,499,14279,22460
102445,2445,Gold,2024-05-20,7593,11167,12811
102446,2446,Silver,2025-03-10,6694,59470,6662
102447,2447,Bronze,2025-01-19,7568,30140,21767
102448,2448,Bronze,2026-01-09,783,37812,23666
102449,2449,Platinum,2025-08-18,4514,64591,19676
102450,2450,Bronze,2024-08-31,6563,23035,7484
102451,2451,Gold,2025-11-04,406,2384,37036
102452,2452,Silver,2023-01-29,5716,69789,56321
102453,2453,Silver,2024-11-22,5821,58665,27912
102454,2454,Gold,2025-04-21,9767,33360,32517
102455,2455,Bronze,2026-03-14,1974,73665,358
102456,2456,Bronze,2022-12-14,3282,79655,26383
102457,2457,Bronze,2023-02-16,7200,33421,54940
102458,2458,Silver,2023-03-05,6449,57353,53948
102459,2459,Bronze,2025-08-31,5787,76796,4199
102460,2460,Silver,2025-09-25,2264,62359,1243
102461,2461,Bronze,2022-07-28,4358,52919,27184
102462,2462,Silver,2024-02-05,5088,43397,41080
102463,2463,Silver,2026-06-26,1111,15367,3314
102464,2464,Silver,2024-08-21,7956,61357,8147
102465,2465,Platinum,2023-11-10,611,2675,49087
102466,2466,Silver,2024-05-17,9593,31026,35643
102467,2467,Gold,2022-10-12,9044,9005,53775
102468,2468,Gold,2026-06-18,4416,75357,198
102469,2469,Bronze,2024-05-22,1077,41606,51410
102470,2470,Bronze,2024-01-15,4186,79903,32888
102471,2471,Bronze,2025-08-23,9660,39110,42374
102472,2472,Gold,2024-02-21,8141,51873,51336
102473,2473,Silver,2021-12-23,8074,29418,42469
102474,2474,Bronze,2024-05-06,7589,77474,28771
102475,2475,Silver,2025-07-17,6792,50198,39517
102476,2476,Silver,2024-11-16,4794,13476,26927
102477,2477,Platinum,2022-03-25,1631,19556,14174
102478,2478,Silver,2022-04-09,804,63672,31450
102479,2479,Silver,2026-01-11,4067,30678,54454
102480,2480,Bronze,2024-05-14,5280,57364,11994
102481,2481,Bronze,2024-02-05,8444,77560,39001
102482,2482,Bronze,2024-10-31,9313,15034,40012
102483,2483,Silver,2023-05-13,240,8881,46628
102484,2484,Gold,2025-02-24,4327,21745,57896
102485,2485,Silver,2024-01-05,2286,3548,14047
102486,2486,Silver,2024-05-19,8447,60490,53727
102487,2487,Platinum,2021-08-07,2810,13953,5834
102488,2488,Silver,2023-10-14,2594,3695,41341
102489,2489,Gold,2025-06-08,4251,12562,55680
102490,2490,Platinum,2021-10-06,8941,11069,15414
102491,2491,Bronze,2023-09-29,9364,67334,39024
102492,2492,Silver,2023-06-01,9579,58896,59036
102493,2493,Bronze,2024-11-16,1834,11044,29127
102494,2494,Platinum,2026-02-20,8806,66114,41022
102495,2495,Silver,2024-09-15,4747,66713,2001
102496,2496,Gold,2025-12-03,1156,71746,26148
102497,2497,Gold,2024-06-21,4982,70237,9059
102498,2498,Bronze,2026-05-30,1970,59251,57683
102499,2499,Gold,2024-08-26,8551,67358,48329
102500,2500,Platinum,2024-05-06,9356,57818,33216
102501,2501,Bronze,2025-05-31,188,70760,11309
102502,2502,Bronze,2026-03-22,420,34113,35395
102503,2503,Bronze,2024-11-20,7771,42069,31016
102504,2504,Silver,2024-07-22,2946,24861,24920
102505,2505,Silver,2023-11-27,4907,78177,26426
102506,2506,Bronze,2024-07-19,1376,20787,33482
102507,2507,Gold,2023-09-07,9673,35543,51869
102508,2508,Bronze,2022-06-11,6938,73459,59232
102509,2509,Silver,2025-09-16,7591,51493,37918
102510,2510,Platinum,2025-09-27,7817,6656,17506
102511,2511,Bronze,2022-10-04,5810,30159,46752
102512,2512,Bronze,2022-02-12,1448,76249,27755
102513,2513,Bronze,2024-05-07,6998,5869,32398
102514,2514,Gold,2025-12-01,4065,23303,31949
102515,2515,Bronze,2022-08-07,9063,73262,14688
102516,2516,Bronze,2026-02-28,6183,46505,7012
102517,2517,Gold,2023-06-19,7540,76257,52288
102518,2518,Gold,2023-06-25,6523,23919,19192
102519,2519,Silver,2022-10-05,9908,55364,46006
102520,2520,Silver,2025-08-28,9991,49424,25148
102521,2521,Silver,2025-05-15,4338,56370,1679
102522,2522,Bronze,2024-07-11,8383,41046,9941
102523,2523,Bronze,2023-04-08,190,20147,36754
102524,2524,Bronze,2022-07-13,6323,18756,10473
102525,2525,Platinum,2024-01-24,5825,76121,49810
102526,2526,Bronze,2023-06-17,6662,36173,35561
102527,2527,Silver,2026-02-24,5,65967,37609
102528,2528,Platinum,2026-07-07,3637,34954,35036
102529,2529,Silver,2022-06-05,8221,29978,40244
102530,2530,Bronze,2025-04-05,7141,18117,16943
102531,2531,Bronze,2022-01-24,2479,69202,29174
102532,2532,Silver,2022-03-28,1116,55794,1445
102533,2533,Silver,2021-11-13,1038,11789,19654
102534,2534,Bronze,2025-04-02,1850,76973,58724
102535,2535,Gold,2022-10-08,4067,46990,43331
102536,2536,Gold,2024-10-11,9825,21496,53788
102537,2537,Gold,2024-10-18,6674,14250,15246
102538,2538,Bronze,2023-05-20,6678,155,22395
102539,2539,Bronze,2024-07-13,4073,5839,16679
102540,2540,Bronze,2024-12-18,8372,12472,26254
102541,2541,Bronze,2022-04-07,359,21802,23613
102542,2542,Platinum,2023-01-07,4561,39695,32479
102543,2543,Bronze,2023-10-02,2040,12861,28109
102544,2544,Bronze,2025-11-10,517,25429,45679
102545,2545,Bronze,2023-03-22,462,74446,27288
102546,2546,Silver,2026-07-12,1035,61709,49519
102547,2547,Gold,2023-05-15,1070,67705,8308
102548,2548,Gold,2021-11-02,9741,70648,37567
102549,2549,Gold,2024-03-01,685,71757,35457
102550,2550,Platinum,2023-06-14,46,52621,30259
102551,2551,Gold,2024-05-30,2383,12800,17792
102552,2552,Bronze,2023-11-18,4437,54324,33880
102553,2553,Gold,2026-07-07,1713,29784,55032
102554,2554,Bronze,2026-03-05,3026,51810,41064
102555,2555,Bronze,2022-06-16,4342,71654,27668
102556,2556,Silver,2024-08-12,8821,32733,45801
102557,2557,Platinum,2026-06-14,6485,72130,28858
102558,2558,Bronze,2024-04-20,8302,50059,37173
102559,2559,Bronze,2025-06-20,1479,43003,22300
102560,2560,Silver,2025-06-03,5137,6561,7251
102561,2561,Bronze,2025-12-13,2208,78626,44533
102562,2562,Bronze,2025-03-29,7827,47458,16147
102563,2563,Silver,2022-07-15,6250,5931,23020
102564,2564,Bronze,2026-06-24,7773,10403,27687
102565,2565,Silver,2024-03-04,1013,29862,54560
102566,2566,Silver,2021-10-12,9097,51858,13575
102567,2567,Silver,2023-03-03,4072,53943,46488
102568,2568,Silver,2024-08-12,1638,67558,37962
102569,2569,Bronze,2024-04-17,6101,78676,3657
102570,2570,Bronze,2024-11-25,125,6542,1623
102571,2571,Silver,2023-01-19,9378,39570,52887
102572,2572,Bronze,2025-06-22,8689,76169,16398
102573,2573,Bronze,2024-05-16,4805,49427,24578
102574,2574,Silver,2023-08-05,4488,73074,40199
102575,2575,Silver,2025-12-09,8151,53899,3276
102576,2576,Bronze,2025-11-01,7140,34458,10605
102577,2577,Bronze,2025-11-02,5091,41354,27760
102578,2578,Gold,2023-09-06,8028,58177,22276
102579,2579,Silver,2025-02-04,478,74969,29531
102580,2580,Gold,2022-03-28,5054,41903,14465
102581,2581,Bronze,2026-06-17,8297,79871,1893
102582,2582,Silver,2023-04-17,3973,48534,16914
102583,2583,Gold,2023-03-12,6246,17245,55986
102584,2584,Silver,2021-09-24,6860,44206,45914
102585,2585,Bronze,2026-04-18,1776,52068,41459
102586,2586,Bronze,2025-04-27,9965,45585,15001
102587,2587,Platinum,2024-11-02,150,55870,10503
102588,2588,Gold,2022-11-10,1940,23025,9971
102589,2589,Bronze,2023-04-25,7404,56222,57760
102590,2590,Silver,2024-10-26,7765,40813,26295
102591,2591,Bronze,2024-04-17,5177,8925,25568
102592,2592,Bronze,2025-09-21,1295,23283,18411
102593,2593,Gold,2022-04-27,1637,12197,24412
102594,2594,Platinum,2024-01-21,8247,33025,34957
102595,2595,Gold,2022-07-27,6361,7960,401
102596,2596,Gold,2023-09-18,8795,2067,7100
102597,2597,Silver,2026-01-15,8458,52015,31535
102598,2598,Gold,2023-04-06,9155,16857,12837
102599,2599,Gold,2023-04-26,2832,75838,39028
102600,2600,Gold,2024-11-13,5871,58307,51484
102601,2601,Gold,2023-10-10,4476,58573,8841
102602,2602,Platinum,2023-01-01,6693,34587,55885
102603,2603,Bronze,2025-08-11,6963,10079,9651
102604,2604,Gold,2022-02-02,2697,7108,13362
102605,2605,Silver,2026-01-09,3748,62847,22423
102606,2606,Bronze,2023-10-16,5664,77267,47808
102607,2607,Bronze,2024-01-28,8721,6403,30225
102608,2608,Silver,2025-07-26,2765,48399,17349
102609,2609,Platinum,2021-09-17,2864,40701,8383
102610,2610,Bronze,2026-03-13,9133,30582,32994
102611,2611,Bronze,2023-02-03,4148,47551,52226
102612,2612,Gold,2025-02-25,4396,6279,2060
102613,2613,Silver,2025-08-13,7032,33453,20021
102614,2614,Silver,2024-07-08,4672,61339,22186
102615,2615,Gold,2023-03-09,3224,10153,7300
102616,2616,Bronze,2025-07-18,3171,20306,46722
102617,2617,Platinum,2023-08-25,4677,70520,40290
102618,2618,Gold,2026-01-31,8048,11223,29540
102619,2619,Silver,2025-11-23,6523,27137,15918
102620,2620,Silver,2026-01-04,2725,64231,11122
102621,2621,Bronze,2023-09-17,9094,70734,24871
102622,2622,Silver,2025-04-19,1192,62324,23175
102623,2623,Gold,2025-09-14,8894,8066,52507
102624,2624,Gold,2026-07-09,9940,50828,16183
102625,2625,Gold,2024-10-12,4176,43216,46842
102626,2626,Silver,2021-11-07,543,50774,39903
102627,2627,Platinum,2024-01-18,3760,42698,47132
102628,2628,Silver,2023-11-24,2372,35065,40902
102629,2629,Gold,2022-06-24,5423,30183,57743
102630,2630,Bronze,2024-10-25,585,13710,33731
102631,2631,Bronze,2023-06-22,6493,57842,31075
102632,2632,Silver,2022-11-12,8424,8876,55218
102633,2633,Silver,2025-02-16,2822,36649,16652
102634,2634,Bronze,2026-07-03,5889,34395,17163
102635,2635,Silver,2025-09-20,8711,27659,53703
102636,2636,Silver,2024-06-18,5924,8745,31136
102637,2637,Silver,2022-05-04,3562,59126,46175
102638,2638,Gold,2022-03-27,1755,2140,42060
102639,2639,Silver,2024-01-18,5251,31678,42182
102640,2640,Silver,2023-10-30,2409,70437,29916
102641,2641,Platinum,2024-06-27,8396,33583,57287
102642,2642,Silver,2024-07-01,6324,74535,37963
102643,2643,Silver,2025-09-27,9606,69265,33717
102644,2644,Gold,2022-11-25,9811,8085,20058
102645,2645,Platinum,2022-09-14,5152,63177,37930
102646,2646,Gold,2023-05-11,7853,13817,17972
102647,2647,Gold,2023-07-22,2253,33365,24696
102648,2648,Bronze,2022-11-18,1467,78509,35418
102649,2649,Gold,2023-08-11,6247,33213,11470
102650,2650,Bronze,2025-10-22,3337,73073,42513
102651,2651,Bronze,2021-09-07,7365,21429,34174
102652,2652,Bronze,2026-04-03,9306,13627,9892
102653,2653,Platinum,2023-01-31,9006,65631,1971
102654,2654,Bronze,2024-05-19,2574,74362,13768
102655,2655,Platinum,2023-01-25,8471,67560,3235
102656,2656,Gold,2025-07-04,9126,27899,10995
102657,2657,Bronze,2025-06-19,733,15431,976
102658,2658,Bronze,2026-06-22,2879,376,1066
102659,2659,Bronze,2023-12-16,8552,50685,30232
102660,2660,Silver,2025-05-13,1877,6038,59640
102661,2661,Bronze,2021-11-01,9779,73252,52562
102662,2662,Silver,2025-03-29,6328,16051,734
102663,2663,Silver,2022-06-13,4841,24918,24423
102664,2664,Bronze,2025-04-28,1522,37948,4044
102665,2665,Platinum,2023-05-17,3854,72587,18963
102666,2666,Platinum,2022-09-06,3997,11247,38642
102667,2667,Silver,2022-12-28,776,63353,18111
102668,2668,Silver,2022-11-26,9016,18221,12778
102669,2669,Bronze,2022-08-27,6695,77262,20735
102670,2670,Gold,2024-02-10,1600,4670,239
102671,2671,Bronze,2022-06-12,276,60005,54742
102672,2672,Gold,2021-11-21,2988,559,24252
102673,2673,Gold,2023-12-19,4570,43278,48640
102674,2674,Silver,2025-04-09,7168,9869,21719
102675,2675,Bronze,2023-10-05,754,57235,28367
102676,2676,Platinum,2024-06-20,6388,55423,17607
102677,2677,Bronze,2022-09-28,213,51609,24311
102678,2678,Bronze,2024-01-17,1417,11935,46142
102679,2679,Gold,2023-07-09,3683,37087,103
102680,2680,Gold,2023-04-26,8874,42558,6591
102681,2681,Bronze,2024-05-12,9690,35340,50621
102682,2682,Silver,2024-02-17,687,68623,40316
102683,2683,Bronze,2023-08-20,9202,25612,28173
102684,2684,Silver,2024-10-29,3314,38661,36304
102685,2685,Bronze,2025-07-04,8753,74479,37001
102686,2686,Silver,2023-10-25,2610,51010,39775
102687,2687,Silver,2025-10-19,252,69300,15340
102688,2688,Silver,2024-05-25,9142,72900,34081
102689,2689,Gold,2025-04-29,9269,15607,30964
102690,2690,Silver,2024-05-13,7951,9622,23860
102691,2691,Bronze,2026-07-22,9688,56297,11836
102692,2692,Bronze,2026-02-20,1270,74725,29784
102693,2693,Gold,2025-09-26,382,78048,15515
102694,2694,Bronze,2025-05-01,1425,17493,28286
102695,2695,Gold,2025-11-25,5873,59679,55657
102696,2696,Platinum,2024-06-28,8552,75769,36639
102697,2697,Gold,2025-10-19,3060,49925,962
102698,2698,Bronze,2024-10-04,1288,72621,56018
102699,2699,Bronze,2022-08-02,9365,48405,9122
102700,2700,Platinum,2026-07-05,7552,47444,21994
102701,2701,Silver,2023-09-11,1929,60467,31893
102702,2702,Silver,2026-07-31,1478,18183,31999
102703,2703,Bronze,2023-07-21,9865,24332,51384
102704,2704,Bronze,2021-12-10,8877,72376,9480
102705,2705,Bronze,2026-02-03,9970,77723,26398
102706,2706,Platinum,2024-03-13,7139,35000,11601
102707,2707,Bronze,2026-01-09,9882,62690,21906
102708,2708,Silver,2024-12-26,1219,58987,3499
102709,2709,Gold,2023-03-11,4330,48130,17458
102710,2710,Platinum,2023-08-06,1724,72655,22715
102711,2711,Silver,2025-08-27,6108,63814,54620
102712,2712,Gold,2025-07-06,5225,57131,51085
102713,2713,Silver,2025-09-04,47,75856,9275
102714,2714,Bronze,2025-08-22,6015,65235,54427
102715,2715,Bronze,2022-10-29,9412,2467,48124
102716,2716,Bronze,2025-07-15,6542,28877,46145
102717,2717,Gold,2021-10-24,6717,36159,3462
102718,2718,Silver,2025-03-23,3461,17927,18248
102719,2719,Gold,2024-01-03,7700,23381,32971
102720,2720,Bronze,2026-05-09,9174,43104,58158
102721,2721,Gold,2026-01-24,4587,762,3828
102722,2722,Bronze,2025-01-11,8522,67826,11977
102723,2723,Bronze,2022-12-03,4289,59426,15752
102724,2724,Bronze,2022-04-10,6876,9601,25525
102725,2725,Platinum,2024-01-14,8884,49008,409
102726,2726,Silver,2021-08-28,965,46162,36861
102727,2727,Silver,2023-02-15,966,12088,7613
102728,2728,Silver,2025-01-18,16,23430,55301
102729,2729,Silver,2025-09-06,1789,11394,20642
102730,2730,Bronze,2024-07-12,1324,5817,48750
102731,2731,Bronze,2025-06-14,7218,7078,53792
102732,2732,Silver,2025-10-14,3270,5847,2151
102733,2733,Silver,2022-11-14,7048,77910,20572
102734,2734,Silver,2023-03-11,75,63521,16805
102735,2735,Platinum,2025-12-13,1419,66183,37617
102736,2736,Gold,2021-08-09,9204,42990,45817
102737,2737,Bronze,2024-02-29,2307,74481,34203
102738,2738,Silver,2026-07-03,9717,72888,37557
102739,2739,Bronze,2022-07-11,6752,45269,8618
102740,2740,Silver,2026-01-08,4571,61994,50199
102741,2741,Bronze,2021-08-28,1443,67558,9257
102742,2742,Platinum,2025-01-31,3312,40844,53145
102743,2743,Silver,2025-06-12,3493,9369,2327
102744,2744,Bronze,2023-11-20,743,20249,23055
102745,2745,Gold,2024-10-09,6607,29169,44866
102746,2746,Bronze,2025-12-01,7672,38998,13981
102747,2747,Platinum,2021-09-05,5897,57489,16779
102748,2748,Silver,2025-07-14,3964,44323,57105
102749,2749,Platinum,2023-01-25,6892,69560,3963
102750,2750,Silver,2023-03-15,4472,71622,28535
102751,2751,Bronze,2024-03-11,7033,58794,12698
102752,2752,Silver,2022-11-06,3588,33047,58392
102753,2753,Bronze,2022-05-16,8879,66079,12794
102754,2754,Silver,2025-09-12,2897,41770,52442
102755,2755,Bronze,2026-06-02,4881,53301,59965
102756,2756,Bronze,2022-07-09,777,43464,21888
102757,2757,Bronze,2023-07-10,7279,36367,46182
102758,2758,Bronze,2021-09-08,5899,58949,40624
102759,2759,Bronze,2024-03-30,1311,47839,26022
102760,2760,Bronze,2026-02-21,9249,24056,47787
102761,2761,Gold,2023-06-02,9733,4558,35444
102762,2762,Platinum,2022-01-09,5317,14143,2785
102763,2763,Silver,2023-02-24,5070,3711,43652
102764,2764,Platinum,2025-04-16,1666,30714,6535
102765,2765,Platinum,2024-09-11,1640,60746,51046
102766,2766,Silver,2025-03-11,6355,12519,39388
102767,2767,Platinum,2026-05-26,312,18754,21530
102768,2768,Gold,2026-01-12,7293,51095,3537
102769,2769,Silver,2025-02-11,2902,22145,41539
102770,2770,Bronze,2025-09-01,6077,30745,20652
102771,2771,Gold,2024-02-22,4391,10999,44734
102772,2772,Bronze,2024-06-16,10,10938,43703
102773,2773,Bronze,2024-04-14,7171,41223,51441
102774,2774,Gold,2025-06-05,9271,46937,57142
102775,2775,Platinum,2025-07-14,173,20797,56356
102776,2776,Silver,2023-11-20,831,10446,20939
102777,2777,Bronze,2024-11-17,3515,24098,59408
102778,2778,Gold,2024-12-15,9637,34130,28845
102779,2779,Silver,2026-07-12,5567,4293,28708
102780,2780,Bronze,2024-06-24,8066,13193,50134
102781,2781,Silver,2023-03-23,3133,17026,30388
102782,2782,Silver,2022-10-30,811,46481,46418
102783,2783,Gold,2023-04-07,5999,3776,59864
102784,2784,Bronze,2026-06-12,1077,6410,637
102785,2785,Platinum,2023-04-11,4716,28441,19927
102786,2786,Gold,2023-12-04,199,26742,45221
102787,2787,Gold,2023-02-07,1941,493,18181
102788,2788,Bronze,2024-09-28,514,28216,28076
102789,2789,Bronze,2025-08-23,4656,8542,4719
102790,2790,Silver,2025-11-22,1536,29116,42856
102791,2791,Bronze,2023-06-29,2855,71592,23538
102792,2792,Bronze,2022-07-17,3991,49094,44959
102793,2793,Silver,2025-12-03,2400,6090,23681
102794,2794,Bronze,2023-08-28,544,7875,26709
102795,2795,Platinum,2022-11-04,9328,75808,855
102796,2796,Silver,2023-04-03,6517,74967,28080
102797,2797,Platinum,2021-12-13,8970,7805,4829
102798,2798,Silver,2023-06-22,7196,62686,17220
102799,2799,Bronze,2024-01-27,3958,62881,32830
102800,2800,Bronze,2023-08-12,2053,28648,43398
102801,2801,Bronze,2024-07-25,4734,40307,38079
102802,2802,Silver,2021-09-14,6143,29594,1344
102803,2803,Bronze,2025-08-13,8040,60193,24705
102804,2804,Gold,2025-08-16,2575,43900,21501
102805,2805,Bronze,2025-06-10,2632,45705,54292
102806,2806,Bronze,2026-01-13,8081,27954,24869
102807,2807,Bronze,2021-10-05,2130,51370,12035
102808,2808,Bronze,2024-05-02,7526,70516,16696
102809,2809,Bronze,2025-01-25,1001,24580,43351
102810,2810,Platinum,2026-04-23,2448,28783,51726
102811,2811,Bronze,2023-08-11,5423,12584,4570
102812,2812,Bronze,2025-12-26,523,74983,2610
102813,2813,Silver,2022-01-14,6910,6181,23341
102814,2814,Bronze,2025-11-24,8863,72947,59868
102815,2815,Silver,2023-10-22,4149,31947,913
102816,2816,Bronze,2024-08-26,1911,11684,25167
102817,2817,Bronze,2025-01-02,3603,17936,40387
102818,2818,Platinum,2022-04-18,4613,43945,59775
102819,2819,Silver,2023-03-01,9217,73039,51770
102820,2820,Platinum,2025-09-30,7391,42472,56178
102821,2821,Silver,2024-08-13,3048,11598,11206
102822,2822,Silver,2023-09-26,9725,55608,20426
102823,2823,Bronze,2026-05-19,760,30370,55257
102824,2824,Bronze,2023-11-25,2935,1210,57982
102825,2825,Silver,2024-03-07,7496,48602,23181
102826,2826,Silver,2023-05-23,1273,33632,30273
102827,2827,Platinum,2026-03-10,404,78197,8262
102828,2828,Bronze,2021-10-21,7289,15112,5952
102829,2829,Gold,2024-10-29,2655,29676,46772
102830,2830,Gold,2022-12-28,100,23815,12389
102831,2831,Silver,2025-08-22,2756,13072,42404
102832,2832,Gold,2025-02-21,2800,8950,23106
102833,2833,Platinum,2021-09-05,8592,16417,34226
102834,2834,Silver,2021-09-11,8009,660,44983
102835,2835,Bronze,2026-03-16,1547,56950,6974
102836,2836,Gold,2025-10-29,8243,57316,13856
102837,2837,Silver,2023-12-13,5444,72220,36084
102838,2838,Bronze,2024-02-04,9642,41118,37288
102839,2839,Gold,2023-09-09,7707,22051,46135
102840,2840,Silver,2022-10-24,6254,72977,33866
102841,2841,Bronze,2025-03-20,824,44621,15488
102842,2842,Silver,2022-06-28,9893,28404,4401
102843,2843,Silver,2024-06-23,6151,79877,10130
102844,2844,Silver,2023-05-07,9533,62961,58930
102845,2845,Bronze,2022-09-22,8340,36290,21738
102846,2846,Platinum,2024-04-08,5095,7101,43080
102847,2847,Bronze,2022-07-08,8419,18201,11018
102848,2848,Gold,2026-01-13,7811,21400,79
102849,2849,Bronze,2023-01-07,9030,28116,40307
102850,2850,Bronze,2022-08-16,2088,30068,8865
102851,2851,Silver,2025-07-27,2547,7854,16512
102852,2852,Bronze,2025-11-18,4566,63968,18268
102853,2853,Silver,2022-08-30,2157,68899,49006
102854,2854,Bronze,2023-04-09,6905,47273,37832
102855,2855,Silver,2022-07-02,3215,1437,44114
102856,2856,Bronze,2024-07-13,213,16822,2366
102857,2857,Silver,2022-05-09,830,36406,46818
102858,2858,Silver,2026-04-22,3588,17296,8557
102859,2859,Gold,2026-06-22,8159,47177,55737
102860,2860,Platinum,2022-01-27,1691,32042,24440
102861,2861,Gold,2022-07-16,678,17223,32986
102862,2862,Bronze,2022-02-17,5496,6264,26683
102863,2863,Bronze,2023-03-17,3228,478,44707
102864,2864,Platinum,2023-06-14,941,45245,46874
102865,2865,Gold,2022-09-24,3781,57767,29944
102866,2866,Silver,2022-03-26,6518,76719,6288
102867,2867,Silver,2024-08-10,3674,17404,50325
102868,2868,Bronze,2024-04-07,375,21320,39204
102869,2869,Bronze,2024-12-03,1212,61661,19564
102870,2870,Bronze,2021-10-04,9963,5457,56400
102871,2871,Platinum,2024-09-02,9536,69684,14297
102872,2872,Bronze,2024-04-18,477,34659,16249
102873,2873,Gold,2022-07-30,8867,36263,4383
102874,2874,Silver,2024-09-18,6420,21360,9885
102875,2875,Silver,2026-03-02,3326,15634,27511
102876,2876,Silver,2022-11-22,8209,7423,24044
102877,2877,Silver,2021-11-04,6038,54846,55144
102878,2878,Platinum,2026-07-17,6443,60459,49357
102879,2879,Gold,2022-03-22,664,50322,15326
102880,2880,Gold,2022-11-16,2506,11124,37377
102881,2881,Silver,2022-10-15,6450,47554,23702
102882,2882,Bronze,2024-12-21,9522,37709,51039
102883,2883,Gold,2024-05-03,4173,39487,42993
102884,2884,Bronze,2022-07-15,7069,51416,12867
102885,2885,Silver,2024-06-02,9906,24815,47007
102886,2886,Bronze,2024-06-30,6829,45161,559
102887,2887,Bronze,2022-12-12,9904,49504,10962
102888,2888,Silver,2022-05-27,2121,22243,25253
102889,2889,Bronze,2024-06-12,1924,11694,19367
102890,2890,Platinum,2023-09-12,4189,28469,51500
102891,2891,Silver,2021-12-03,2251,45126,42896
102892,2892,Silver,2026-02-04,5252,35037,44138
102893,2893,Bronze,2021-12-09,8432,67371,41696
102894,2894,Gold,2025-11-03,643,70066,48165
102895,2895,Silver,2025-04-27,9734,12956,48490
102896,2896,Silver,2025-11-13,6677,19435,41908
102897,2897,Bronze,2021-10-13,5097,11193,43123
102898,2898,Silver,2021-09-07,6230,34659,14457
102899,2899,Bronze,2024-05-31,5551,31481,58154
102900,2900,Bronze,2021-10-24,4615,60515,12232
102901,2901,Gold,2021-10-31,943,47898,34840
102902,2902,Bronze,2026-05-12,4022,34275,13258
102903,2903,Platinum,2023-01-31,569,31673,5082
102904,2904,Bronze,2023-05-23,5993,69437,32735
102905,2905,Silver,2023-11-28,6125,35106,24234
102906,2906,Gold,2024-12-03,6396,73987,44245
102907,2907,Bronze,2023-10-05,5420,59545,26304
102908,2908,Silver,2024-01-29,4395,44075,13065
102909,2909,Bronze,2024-09-30,3930,57324,24295
102910,2910,Silver,2024-02-12,4437,51614,25340
102911,2911,Platinum,2022-08-27,9742,66001,25054
102912,2912,Platinum,2024-03-24,1041,56579,13672
102913,2913,Platinum,2023-02-20,2072,10464,11605
102914,2914,Bronze,2024-12-11,6061,3000,35093
102915,2915,Silver,2023-03-24,129,75163,21760
102916,2916,Platinum,2021-10-12,5019,66690,5736
102917,2917,Gold,2022-11-23,3037,52410,39055
102918,2918,Bronze,2025-07-21,6081,75560,24988
102919,2919,Bronze,2023-05-31,7318,23918,7395
102920,2920,Gold,2025-07-11,3924,1875,29700
102921,2921,Gold,2024-04-17,4524,18018,15702
102922,2922,Bronze,2026-01-06,9642,15653,17412
102923,2923,Bronze,2023-11-28,2007,37575,3449
102924,2924,Platinum,2021-12-17,4338,71463,38241
102925,2925,Bronze,2023-11-12,2579,54554,53515
102926,2926,Bronze,2025-03-12,5189,40594,13991
102927,2927,Gold,2021-10-18,914,59450,37130
102928,2928,Silver,2023-09-26,7502,29722,6832
102929,2929,Platinum,2024-08-27,296,4030,35006
102930,2930,Silver,2021-09-03,1998,65070,34788
102931,2931,Gold,2023-08-14,2736,18723,7880
102932,2932,Bronze,2025-09-12,8994,58641,6054
102933,2933,Platinum,2021-12-21,9125,36911,20862
102934,2934,Bronze,2021-12-03,5943,36716,48439
102935,2935,Gold,2025-02-01,7093,66355,52265
102936,2936,Silver,2025-05-30,4375,65381,3185
102937,2937,Bronze,2024-09-04,3178,21543,56996
102938,2938,Silver,2022-11-07,414,69441,26930
102939,2939,Gold,2025-07-25,2418,29271,59305
102940,2940,Silver,2022-10-02,7421,17408,37834
102941,2941,Silver,2021-10-08,5307,53411,12340
102942,2942,Bronze,2021-09-18,55,14711,18262
102943,2943,Platinum,2025-08-04,764,46907,53430
102944,2944,Bronze,2022-11-16,7197,70486,4121
102945,2945,Bronze,2025-07-09,6020,42761,42537
102946,2946,Silver,2024-08-05,747,4866,1659
102947,2947,Platinum,2025-02-19,7927,23454,47807
102948,2948,Bronze,2022-03-08,5065,24519,20957
102949,2949,Silver,2022-11-26,3192,15817,27880
102950,2950,Bronze,2025-06-22,4933,29815,37595
102951,2951,Silver,2023-04-21,2022,28623,50008
102952,2952,Bronze,2022-09-08,1422,64898,10779
102953,2953,Platinum,2024-04-19,3251,16041,12983
102954,2954,Bronze,2022-03-25,5666,46114,46477
102955,2955,Bronze,2025-11-24,6402,23170,59407
102956,2956,Gold,2022-05-13,9845,24543,37723
102957,2957,Gold,2024-09-25,7940,32360,22542
102958,2958,Bronze,2024-01-13,6119,46269,54214
102959,2959,Gold,2024-06-17,3493,30853,9722
102960,2960,Bronze,2024-05-20,7253,29832,45830
102961,2961,Silver,2021-08-14,8555,79187,39840
102962,2962,Bronze,2022-04-10,4707,47756,55893
102963,2963,Silver,2025-05-15,3638,46504,14778
102964,2964,Bronze,2022-03-04,6934,56044,5708
102965,2965,Silver,2026-06-15,569,61643,26024
102966,2966,Bronze,2024-10-21,802,72350,30088
102967,2967,Bronze,2023-03-18,3070,51098,39789
102968,2968,Silver,2025-05-08,1979,66378,52882
102969,2969,Bronze,2025-02-12,3275,50055,2528
102970,2970,Bronze,2023-11-23,8050,16442,10221
102971,2971,Bronze,2021-11-29,5803,72664,14566
102972,2972,Gold,2024-11-17,9146,73529,41426
102973,2973,Platinum,2024-06-01,1468,64717,43661
102974,2974,Gold,2022-03-28,7122,34459,35004
102975,2975,Gold,2023-07-10,6595,62814,13127
102976,2976,Bronze,2024-04-19,4303,17273,9512
102977,2977,Bronze,2025-10-15,3550,20123,9282
102978,2978,Platinum,2022-05-22,8328,2313,41598
102979,2979,Bronze,2025-10-13,9952,38377,16630
102980,2980,Platinum,2024-07-13,5670,73528,43932
102981,2981,Gold,2025-08-05,9274,20322,47012
102982,2982,Gold,2022-09-16,3016,23514,48119
102983,2983,Platinum,2024-12-15,6635,7592,24708
102984,2984,Bronze,2025-07-09,5530,27764,24352
102985,2985,Silver,2024-07-21,6383,31851,54599
102986,2986,Gold,2026-04-22,7844,32165,4369
102987,2987,Gold,2022-02-05,1879,69774,3632
102988,2988,Bronze,2024-02-10,8057,36246,6851
102989,2989,Gold,2026-05-09,103,63744,43843
102990,2990,Bronze,2025-09-09,9156,40062,50604
102991,2991,Bronze,2023-09-29,9202,42561,9731
102992,2992,Bronze,2026-03-18,1175,28903,50775
102993,2993,Bronze,2022-09-28,6574,7614,33339
102994,2994,Gold,2025-05-08,6542,30146,37415
102995,2995,Gold,2021-10-18,7758,47990,25304
102996,2996,Bronze,2024-07-27,4535,62509,2951
102997,2997,Bronze,2023-03-08,4119,74637,4765
102998,2998,Gold,2021-09-25,1102,48372,5667
102999,2999,Silver,2024-01-03,4385,9539,5078
103000,3000,Silver,2025-12-16,5606,43346,28066
103001,3001,Bronze,2023-08-30,9331,12070,37763
103002,3002,Gold,2026-02-06,9706,27824,38727
103003,3003,Bronze,2022-04-07,8964,65197,23445
103004,3004,Gold,2021-10-14,986,62642,52653
103005,3005,Bronze,2023-03-06,2246,2480,16621
103006,3006,Bronze,2026-01-15,2593,2054,4660
103007,3007,Silver,2025-11-03,8128,12695,8909
103008,3008,Gold,2026-04-09,1471,19717,20151
103009,3009,Bronze,2024-12-25,3306,75017,15967
103010,3010,Gold,2022-10-31,7045,52991,30327
103011,3011,Silver,2023-04-09,7436,53313,2381
103012,3012,Silver,2025-06-18,8572,62302,14130
103013,3013,Bronze,2025-09-16,6985,64397,58536
103014,3014,Silver,2026-06-07,1309,78997,50494
103015,3015,Bronze,2021-08-11,7173,51139,44233
103016,3016,Gold,2022-01-10,7542,44548,45577
103017,3017,Silver,2026-05-11,8690,70192,40739
103018,3018,Silver,2022-08-06,8924,55196,23095
103019,3019,Bronze,2022-12-03,3407,75029,58989
103020,3020,Platinum,2022-05-17,5058,26709,7555
103021,3021,Silver,2025-09-16,6262,43198,20235
103022,3022,Bronze,2024-01-31,8396,75888,41742
103023,3023,Bronze,2023-02-02,3820,16443,9485
103024,3024,Bronze,2022-03-21,1983,76920,4538
103025,3025,Bronze,2024-02-02,385,45857,31869
103026,3026,Gold,2022-05-16,4461,37165,36899
103027,3027,Silver,2022-06-07,4654,63006,451
103028,3028,Gold,2024-07-28,19,18486,27581
103029,3029,Platinum,2022-06-29,7606,51957,20065
103030,3030,Bronze,2026-05-25,7131,65165,26274
103031,3031,Bronze,2022-06-03,7337,77836,29500
103032,3032,Platinum,2022-07-22,1458,55122,53491
103033,3033,Bronze,2024-02-06,5694,56019,45260
103034,3034,Platinum,2026-07-05,4209,43435,2164
103035,3035,Bronze,2025-01-04,4002,46368,20626
103036,3036,Silver,2025-07-21,7704,26206,2466
103037,3037,Silver,2026-04-11,6326,35803,37030
103038,3038,Silver,2021-09-20,3055,60970,28926
103039,3039,Bronze,2021-09-26,9264,47036,9001
103040,3040,Silver,2024-08-05,6228,29294,21043
103041,3041,Bronze,2024-07-07,6077,77899,30536
103042,3042,Gold,2021-10-25,2936,48335,22922
103043,3043,Bronze,2023-06-30,8667,21215,30321
103044,3044,Silver,2025-09-04,3381,56010,19641
103045,3045,Bronze,2025-01-15,1283,41258,40244
103046,3046,Bronze,2024-10-31,8593,73446,55082
103047,3047,Silver,2025-01-31,5495,51673,22851
103048,3048,Platinum,2023-11-26,6782,57067,16253
103049,3049,Bronze,2023-08-08,5413,34404,57321
103050,3050,Platinum,2026-02-15,4786,29120,20145
103051,3051,Gold,2026-05-03,1195,40123,40107
103052,3052,Bronze,2025-09-29,9328,79199,38606
103053,3053,Bronze,2025-12-26,9952,31879,54642
103054,3054,Gold,2022-04-25,4234,36248,37900
103055,3055,Silver,2022-05-20,3709,75455,57731
103056,3056,Bronze,2022-07-24,6716,34676,1125
103057,3057,Silver,2024-10-09,9197,22557,9575
103058,3058,Bronze,2023-12-20,9720,43116,32801
103059,3059,Silver,2025-08-09,9919,62625,47418
103060,3060,Platinum,2024-05-13,9430,69984,42109
103061,3061,Gold,2025-09-24,8558,76467,56238
103062,3062,Platinum,2024-05-13,1634,32760,10334
103063,3063,Bronze,2021-09-21,130,74943,29199
103064,3064,Bronze,2024-04-13,2839,15192,56388
103065,3065,Silver,2024-10-31,710,62874,21418
103066,3066,Bronze,2022-04-14,8496,45679,12629
103067,3067,Bronze,2022-11-14,6763,48667,22064
103068,3068,Silver,2024-02-07,9594,17389,56304
103069,3069,Gold,2021-08-19,610,32138,665
103070,3070,Bronze,2022-11-11,4557,74376,28366
103071,3071,Gold,2022-10-19,6250,8500,9724
103072,3072,Gold,2023-04-30,3660,74361,3578
103073,3073,Gold,2024-03-22,2317,46731,6988
103074,3074,Bronze,2022-10-06,1880,26843,48092
103075,3075,Gold,2025-04-21,5461,51674,56644
103076,3076,Bronze,2024-11-21,9746,51428,12472
103077,3077,Bronze,2022-07-31,5527,61881,151
103078,3078,Silver,2022-05-24,7049,10439,37595
103079,3079,Silver,2026-05-13,1126,34321,46256
103080,3080,Bronze,2023-09-01,4888,24892,16998
103081,3081,Silver,2026-04-17,6497,50941,14502
103082,3082,Bronze,2022-12-24,3650,71146,36092
103083,3083,Bronze,2022-05-20,3353,38979,58343
103084,3084,Bronze,2022-08-01,6674,20753,43958
103085,3085,Gold,2023-09-05,548,32692,12773
103086,3086,Bronze,2023-08-16,4796,24100,17375
103087,3087,Silver,2024-05-05,1765,2553,19743
103088,3088,Bronze,2023-03-20,7385,76049,27242
103089,3089,Silver,2023-11-22,6492,70914,54473
103090,3090,Bronze,2025-05-18,9046,41229,46580
103091,3091,Gold,2026-02-02,2307,74690,56384
103092,3092,Bronze,2025-05-23,9544,6669,10026
103093,3093,Gold,2024-06-28,1469,63970,28714
103094,3094,Gold,2025-03-08,1055,61155,17268
103095,3095,Bronze,2026-02-11,615,39696,13620
103096,3096,Gold,2023-08-07,957,20437,14967
103097,3097,Silver,2025-10-13,6006,6251,10706
103098,3098,Bronze,2023-01-14,9160,79988,18371
103099,3099,Silver,2024-03-17,5543,23846,29389
103100,3100,Gold,2022-02-02,2612,26179,13175
103101,3101,Bronze,2023-08-22,2511,30741,610
103102,3102,Bronze,2026-02-26,2202,43378,26297
103103,3103,Silver,2026-06-28,1766,28349,13396
103104,3104,Gold,2024-09-02,3763,2979,14382
103105,3105,Bronze,2025-10-07,6689,61500,28899
103106,3106,Bronze,2025-10-20,2012,56169,51335
103107,3107,Silver,2025-11-22,175,57449,56092
103108,3108,Silver,2023-08-07,7837,45630,49211
103109,3109,Gold,2022-06-09,4081,7527,11374
103110,3110,Bronze,2025-12-28,6065,27704,3673
103111,3111,Bronze,2022-03-06,2835,30355,48150
103112,3112,Silver,2025-11-09,4232,64015,11182
103113,3113,Bronze,2021-11-04,3551,35601,46972
103114,3114,Platinum,2025-05-30,2159,6216,8326
103115,3115,Silver,2023-08-11,7511,9026,52399
103116,3116,Silver,2026-04-08,268,12010,29767
103117,3117,Gold,2022-01-11,2677,17454,19180
103118,3118,Bronze,2023-04-07,6116,7766,28793
103119,3119,Gold,2023-10-08,6776,34040,43290
103120,3120,Gold,2022-05-27,7578,13415,54506
103121,3121,Platinum,2025-11-10,8113,42189,54056
103122,3122,Bronze,2024-01-27,1734,78837,56509
103123,3123,Bronze,2026-01-30,4320,6659,25317
103124,3124,Bronze,2026-02-09,8873,29904,35181
103125,3125,Gold,2026-03-24,7220,20296,51682
103126,3126,Silver,2022-06-10,2430,44596,33147
103127,3127,Gold,2024-07-12,1050,23677,10194
103128,3128,Bronze,2022-11-01,657,76768,51245
103129,3129,Silver,2023-03-07,6312,51768,49692
103130,3130,Silver,2026-01-20,4173,66570,47494
103131,3131,Gold,2023-01-30,4053,63731,16325
103132,3132,Silver,2026-05-24,7395,75257,50424
103133,3133,Platinum,2023-08-08,3052,13171,8519
103134,3134,Bronze,2022-03-15,772,15727,34794
103135,3135,Silver,2022-01-20,8413,5600,15447
103136,3136,Silver,2025-10-05,9057,54616,52909
103137,3137,Platinum,2023-10-27,819,9790,29780
103138,3138,Gold,2024-09-18,7941,38287,45454
103139,3139,Bronze,2021-12-20,3695,78515,9899
103140,3140,Bronze,2022-05-18,9629,33106,45511
103141,3141,Bronze,2023-12-04,9800,41825,48183
103142,3142,Gold,2025-04-13,1792,64848,6686
103143,3143,Bronze,2023-05-16,2328,64617,25415
103144,3144,Gold,2022-05-02,4092,28976,36540
103145,3145,Silver,2025-09-01,2679,2913,23639
103146,3146,Gold,2022-04-06,2451,19019,7404
103147,3147,Bronze,2024-04-07,6174,42108,44898
103148,3148,Gold,2022-11-19,9684,50235,55705
103149,3149,Platinum,2022-07-11,3199,297,45374
103150,3150,Silver,2026-04-23,3203,26623,18998
103151,3151,Bronze,2025-03-25,7255,2527,19970
103152,3152,Silver,2022-10-12,8496,65517,33329
103153,3153,Silver,2023-01-09,5416,1639,17757
103154,3154,Silver,2022-12-02,2723,1453,56372
103155,3155,Bronze,2024-04-16,6185,66617,44849
103156,3156,Bronze,2022-04-18,5131,24933,51643
103157,3157,Silver,2022-10-10,8140,33835,40888
103158,3158,Gold,2025-12-09,2976,52169,27992
103159,3159,Silver,2021-11-27,3427,21066,57517
103160,3160,Silver,2023-01-28,5186,54378,15281
103161,3161,Bronze,2022-02-02,7411,65374,31074
103162,3162,Bronze,2023-12-08,2793,21073,59772
103163,3163,Bronze,2021-10-28,2516,2398,27417
103164,3164,Bronze,2024-05-26,6543,45882,35568
103165,3165,Bronze,2024-12-31,9905,17640,1820
103166,3166,Silver,2023-08-18,9383,20765,9889
103167,3167,Silver,2021-09-16,1917,9450,21140
103168,3168,Platinum,2023-06-08,6725,28721,2755
103169,3169,Bronze,2026-04-30,5205,41493,49640
103170,3170,Silver,2023-12-16,9528,52820,15243
103171,3171,Silver,2022-05-25,7590,20307,42320
103172,3172,Silver,2024-08-19,4860,23677,2801
103173,3173,Silver,2026-03-22,1245,44038,43466
103174,3174,Bronze,2024-10-10,8427,3647,42356
103175,3175,Silver,2024-05-05,5564,12826,12748
103176,3176,Bronze,2025-12-25,1752,29333,42906
103177,3177,Silver,2021-10-23,662,5815,17865
103178,3178,Silver,2025-09-28,3677,20682,4209
103179,3179,Gold,2025-01-18,1371,23270,55738
103180,3180,Bronze,2023-09-20,2832,10096,24386
103181,3181,Gold,2025-05-03,8378,14865,46611
103182,3182,Bronze,2025-07-06,2517,57174,35614
103183,3183,Silver,2021-11-09,8183,52720,19526
103184,3184,Gold,2022-04-24,1703,76495,7191
103185,3185,Silver,2025-03-16,4294,73011,35208
103186,3186,Bronze,2024-08-07,5067,40154,49157
103187,3187,Bronze,2026-03-25,15,5681,52075
103188,3188,Bronze,2025-11-19,9339,65960,32625
103189,3189,Silver,2026-03-19,8592,63072,16026
103190,3190,Gold,2023-09-04,8532,42998,50851
103191,3191,Gold,2022-03-06,6352,52755,18466
103192,3192,Platinum,2024-02-12,6542,40836,50795
103193,3193,Gold,2024-01-19,9761,57161,47462
103194,3194,Bronze,2023-04-09,4852,23731,7326
103195,3195,Silver,2023-01-02,7145,19083,11733
103196,3196,Bronze,2023-01-10,2998,2342,20030
103197,3197,Silver,2021-08-25,745,37366,10688
103198,3198,Silver,2022-06-05,8714,28537,52156
103199,3199,Platinum,2023-06-14,4610,63748,33494
103200,3200,Platinum,2023-02-28,9311,14769,5901
103201,3201,Silver,2022-11-22,7315,20209,54092
103202,3202,Gold,2021-12-16,9635,79976,38932
103203,3203,Platinum,2021-10-18,4549,75514,45262
103204,3204,Silver,2025-05-20,2635,67430,45764
103205,3205,Bronze,2025-11-19,9003,2708,3736
103206,3206,Bronze,2024-12-29,7077,55444,26858
103207,3207,Bronze,2022-04-04,2754,379,4088
103208,3208,Bronze,2025-10-15,3222,21241,35339
103209,3209,Bronze,2023-10-13,8912,52008,12356
103210,3210,Gold,2025-03-29,63,42274,41406
103211,3211,Bronze,2024-12-04,2940,35509,16008
103212,3212,Gold,2022-01-30,3849,72167,46516
103213,3213,Bronze,2023-02-18,5820,72602,45161
103214,3214,Bronze,2026-04-10,6847,22502,43252
103215,3215,Gold,2023-10-17,1023,7917,29563
103216,3216,Bronze,2025-03-27,7081,21597,53912
103217,3217,Silver,2023-03-16,7145,32090,56216
103218,3218,Bronze,2026-07-12,9106,27206,57803
103219,3219,Gold,2021-08-07,9984,50610,44117
103220,3220,Gold,2024-10-26,3339,28213,53382
103221,3221,Silver,2023-02-24,1364,66377,22034
103222,3222,Silver,2025-06-29,8885,52855,11602
103223,3223,Bronze,2026-08-03,1716,32583,28446
103224,3224,Silver,2024-02-22,1780,207,4874
103225,3225,Bronze,2025-08-02,8287,20658,13180
103226,3226,Platinum,2025-03-25,9974,20069,6497
103227,3227,Silver,2022-08-29,8324,29434,22893
103228,3228,Gold,2023-09-18,7554,78754,47731
103229,3229,Gold,2025-08-01,8656,62604,21323
103230,3230,Gold,2026-05-18,324,53323,58697
103231,3231,Silver,2021-10-02,6318,12548,42640
103232,3232,Bronze,2023-12-09,6065,76384,10947
103233,3233,Bronze,2024-09-06,8818,68604,6583
103234,3234,Gold,2022-06-21,4364,32522,50483
103235,3235,Bronze,2025-03-09,2087,61322,39760
103236,3236,Silver,2022-07-29,6713,15406,30188
103237,3237,Platinum,2021-11-16,1813,46282,38890
103238,3238,Silver,2023-04-08,8736,32468,35456
103239,3239,Silver,2026-07-10,5733,65305,11678
103240,3240,Gold,2022-10-12,272,19849,45973
103241,3241,Bronze,2023-09-05,6039,52430,34987
103242,3242,Bronze,2021-08-06,2798,46486,37666
103243,3243,Gold,2024-07-10,2266,42524,29374
103244,3244,Bronze,2025-08-21,8310,77848,37060
103245,3245,Gold,2022-01-13,2662,45113,21374
103246,3246,Bronze,2023-04-23,4470,57136,41174
103247,3247,Silver,2024-07-24,7280,39141,58103
103248,3248,Bronze,2025-12-19,9958,3045,29166
103249,3249,Bronze,2026-05-12,7785,18806,50124
103250,3250,Silver,2026-07-09,6931,77467,19956
103251,3251,Bronze,2022-02-09,7174,75347,40549
103252,3252,Bronze,2023-03-07,353,73819,252
103253,3253,Silver,2021-11-12,9753,60037,20119
103254,3254,Silver,2023-05-28,8159,33511,36644
103255,3255,Bronze,2023-10-02,9354,37354,26583
103256,3256,Bronze,2026-04-16,8340,25467,52607
103257,3257,Silver,2022-08-28,8258,39718,7375
103258,3258,Silver,2023-10-08,3973,37976,54977
103259,3259,Silver,2024-04-07,5625,27134,26127
103260,3260,Gold,2022-04-07,8788,69989,7000
103261,3261,Platinum,2026-02-24,4799,76682,34976
103262,3262,Bronze,2022-02-10,4751,41523,647
103263,3263,Gold,2023-09-09,2730,67571,52835
103264,3264,Bronze,2024-08-25,162,42916,11200
103265,3265,Bronze,2026-07-19,514,21599,26114
103266,3266,Bronze,2025-12-05,7515,5222,25998
103267,3267,Silver,2023-05-14,9058,78982,59095
103268,3268,Bronze,2022-08-04,8918,23580,17731
103269,3269,Silver,2022-07-11,4139,47098,34084
103270,3270,Bronze,2024-11-02,3628,171,36456
103271,3271,Gold,2023-07-24,9390,72916,12448
103272,3272,Gold,2023-02-14,674,43338,31618
103273,3273,Bronze,2023-10-14,8861,72329,15529
103274,3274,Silver,2022-04-16,7761,34429,54618
103275,3275,Gold,2023-03-16,1736,72626,22782
103276,3276,Silver,2024-10-09,3875,2009,9789
103277,3277,Platinum,2025-06-08,7324,48669,59978
103278,3278,Bronze,2023-03-28,10,27999,3009
103279,3279,Silver,2022-08-09,6395,52960,6673
103280,3280,Silver,2025-03-18,9772,46747,42273
103281,3281,Bronze,2023-07-05,5856,50877,19187
103282,3282,Bronze,2025-08-03,4277,74199,12555
103283,3283,Gold,2023-08-22,8869,38660,28311
103284,3284,Silver,2026-04-07,848,65983,49884
103285,3285,Silver,2022-11-12,319,15607,34787
103286,3286,Silver,2025-08-06,6790,4676,2046
103287,3287,Bronze,2026-06-20,3343,56163,24403
103288,3288,Gold,2024-08-09,2013,6339,15133
103289,3289,Bronze,2024-01-27,4843,39816,16519
103290,3290,Bronze,2023-10-21,9753,5770,25781
103291,3291,Silver,2022-05-07,5618,55404,36610
103292,3292,Platinum,2024-11-19,6567,49150,10802
103293,3293,Bronze,2023-11-29,632,49622,9290
103294,3294,Gold,2025-05-01,2065,15413,21207
103295,3295,Platinum,2021-11-10,9787,57272,57163
103296,3296,Silver,2026-01-30,5167,55867,50339
103297,3297,Bronze,2022-01-24,2962,16468,39910
103298,3298,Bronze,2022-04-10,3865,28340,41628
103299,3299,Silver,2022-09-24,4831,57716,51978
103300,3300,Bronze,2026-02-03,8174,40378,31483
103301,3301,Platinum,2021-10-07,4973,71034,18911
103302,3302,Silver,2026-04-21,5335,48906,39143
103303,3303,Bronze,2021-10-30,7161,42863,11188
103304,3304,Bronze,2025-10-31,3797,70141,14760
103305,3305,Bronze,2021-08-29,8013,10826,8990
103306,3306,Bronze,2024-12-02,5696,28694,6660
103307,3307,Bronze,2025-01-02,9763,7486,217
103308,3308,Gold,2026-06-05,6461,16841,43149
103309,3309,Bronze,2022-12-25,1497,9011,46997
103310,3310,Gold,2022-08-26,3880,18867,41504
103311,3311,Platinum,2022-01-23,8104,20685,27892
103312,3312,Gold,2025-12-24,8782,71609,47940
103313,3313,Bronze,2022-05-10,5677,72934,21036
103314,3314,Gold,2025-05-28,5263,72732,21281
103315,3315,Bronze,2023-09-21,9575,40112,11161
103316,3316,Silver,2022-09-02,5673,18442,46714
103317,3317,Gold,2025-09-04,1661,53325,7579
103318,3318,Platinum,2022-10-16,5368,64227,24133
103319,3319,Silver,2025-06-25,7350,8824,3587
103320,3320,Bronze,2022-04-07,855,69449,55815
103321,3321,Silver,2024-08-10,5951,40537,39274
103322,3322,Bronze,2024-09-24,7343,59620,20136
103323,3323,Bronze,2023-05-15,3773,48088,41853
103324,3324,Bronze,2023-06-20,2312,39102,28728
103325,3325,Gold,2024-07-03,4846,14797,54608
103326,3326,Gold,2024-07-27,7557,15708,23357
103327,3327,Silver,2023-12-19,9356,60322,13070
103328,3328,Bronze,2025-09-13,9880,26730,2401
103329,3329,Bronze,2025-10-21,8000,67018,35016
103330,3330,Bronze,2025-02-24,3198,16459,34724
103331,3331,Bronze,2024-08-25,1362,9097,45113
103332,3332,Bronze,2024-04-06,8538,78857,11941
103333,3333,Silver,2024-08-17,613,67337,31092
103334,3334,Silver,2025-12-24,2868,73083,4477
103335,3335,Bronze,2026-06-21,2852,63003,35606
103336,3336,Silver,2026-02-26,157,37487,54212
103337,3337,Silver,2024-12-23,3013,41514,44844
103338,3338,Bronze,2022-09-22,2974,16120,29174
103339,3339,Silver,2024-09-15,6694,42923,54508
103340,3340,Silver,2024-11-20,5364,29778,31629
103341,3341,Gold,2022-09-19,8386,6653,6653
103342,3342,Silver,2025-12-14,1759,46793,27843
103343,3343,Silver,2023-04-19,3080,38443,18298
103344,3344,Gold,2024-03-27,8135,11584,48183
103345,3345,Silver,2023-12-26,6207,21410,38829
103346,3346,Gold,2024-12-11,9647,8659,20341
103347,3347,Bronze,2023-06-13,6488,17998,38512
103348,3348,Silver,2022-11-30,4209,49392,41229
103349,3349,Gold,2024-03-17,4292,44855,3451
103350,3350,Silver,2023-04-22,9422,76886,51792
103351,3351,Bronze,2024-09-22,605,14801,3160
103352,3352,Silver,2023-01-20,9078,44701,31437
103353,3353,Bronze,2026-01-17,277,69737,59370
103354,3354,Bronze,2021-12-30,5576,21559,6239
103355,3355,Gold,2023-02-20,8852,78015,26843
103356,3356,Silver,2024-12-08,4759,37781,11154
103357,3357,Silver,2026-04-21,6387,36398,48242
103358,3358,Platinum,2025-10-29,8465,39099,40583
103359,3359,Gold,2023-02-19,7500,76493,24294
103360,3360,Silver,2023-08-11,9192,48719,53994
103361,3361,Gold,2025-02-13,8032,43169,41622
103362,3362,Gold,2022-07-02,5710,68244,8284
103363,3363,Platinum,2024-06-22,1821,77738,3364
103364,3364,Bronze,2023-01-13,1170,57916,48836
103365,3365,Silver,2023-12-15,8827,79949,43275
103366,3366,Gold,2026-05-13,1212,18143,19610
103367,3367,Silver,2024-03-25,3072,79848,59461
103368,3368,Gold,2024-05-28,1342,60671,942
103369,3369,Platinum,2025-06-04,9512,69452,19611
103370,3370,Platinum,2025-11-23,4303,43187,53142
103371,3371,Bronze,2024-02-28,4356,27115,27882
103372,3372,Silver,2026-03-18,2619,68660,25638
103373,3373,Platinum,2023-12-15,1717,10978,11942
103374,3374,Gold,2026-07-30,486,27614,34613
103375,3375,Silver,2026-02-02,7117,70403,7476
103376,3376,Gold,2024-02-03,9471,32312,39960
103377,3377,Platinum,2024-03-23,8055,70717,5228
103378,3378,Bronze,2026-02-21,5514,75654,744
103379,3379,Gold,2023-02-08,371,75185,41305
103380,3380,Gold,2024-12-08,1726,58465,30671
103381,3381,Silver,2021-12-18,6068,41469,9686
103382,3382,Silver,2022-01-22,6966,55538,38351
103383,3383,Bronze,2026-07-24,6122,11821,41156
103384,3384,Gold,2025-03-06,5129,66237,35288
103385,3385,Gold,2023-03-14,7613,1658,50384
103386,3386,Gold,2021-11-08,5216,25679,8292
103387,3387,Silver,2024-09-12,327,16030,7986
103388,3388,Silver,2024-09-16,9576,10562,683
103389,3389,Bronze,2023-11-04,8726,16569,55891
103390,3390,Silver,2022-12-11,7771,40388,8808
103391,3391,Silver,2021-12-01,5163,45917,7947
103392,3392,Bronze,2025-11-20,6989,5639,37615
103393,3393,Bronze,2022-09-27,8701,43103,54155
103394,3394,Silver,2026-04-07,1655,65935,47001
103395,3395,Bronze,2025-12-21,4643,43057,3997
103396,3396,Gold,2022-01-21,4904,27910,46834
103397,3397,Silver,2024-10-18,6561,9232,59360
103398,3398,Bronze,2022-11-02,8698,65136,13476
103399,3399,Bronze,2022-02-11,6587,18431,59966
103400,3400,Silver,2021-08-16,3555,45802,33400
103401,3401,Gold,2022-04-03,6569,74594,16078
103402,3402,Bronze,2024-11-21,3964,8010,46157
103403,3403,Bronze,2022-08-20,5470,71475,21086
103404,3404,Platinum,2025-04-03,7048,11942,24033
103405,3405,Silver,2022-11-28,4782,59129,43624
103406,3406,Bronze,2025-10-18,5477,50672,53766
103407,3407,Bronze,2023-08-19,9581,63977,37230
103408,3408,Bronze,2022-08-06,5680,15263,6636
103409,3409,Bronze,2022-09-05,4032,51596,44488
103410,3410,Silver,2025-07-23,2195,66692,59704
103411,3411,Bronze,2022-07-06,7965,23917,29945
103412,3412,Bronze,2026-07-12,2595,71495,38961
103413,3413,Silver,2025-11-19,6196,53821,307
103414,3414,Bronze,2025-01-30,4085,38764,11605
103415,3415,Silver,2022-08-07,6188,33508,16805
103416,3416,Bronze,2025-02-28,6753,10132,2291
103417,3417,Gold,2024-05-23,7566,42479,41589
103418,3418,Gold,2025-06-17,5484,70277,57160
103419,3419,Gold,2022-10-25,4908,53786,54279
103420,3420,Bronze,2022-08-14,6116,16410,2455
103421,3421,Bronze,2024-02-23,9178,71778,80
103422,3422,Bronze,2024-01-03,3506,1184,17305
103423,3423,Bronze,2023-03-24,6876,27432,27670
103424,3424,Bronze,2023-12-20,8341,13528,17255
103425,3425,Silver,2023-10-20,4433,59513,7606
103426,3426,Silver,2023-12-12,9486,30235,38795
103427,3427,Bronze,2026-06-06,3463,2932,37705
103428,3428,Silver,2024-03-26,735,54939,32459
103429,3429,Silver,2021-11-05,9942,571,37333
103430,3430,Bronze,2022-05-10,8284,70430,50038
103431,3431,Gold,2024-04-23,8341,59651,50152
103432,3432,Bronze,2022-10-04,5241,46054,7332
103433,3433,Gold,2022-02-12,3885,43176,35234
103434,3434,Gold,2025-12-06,7433,17897,55434
103435,3435,Silver,2026-05-02,7430,34949,58213
103436,3436,Bronze,2025-04-24,6960,72556,36696
103437,3437,Platinum,2023-04-02,1731,50398,54994
103438,3438,Gold,2025-10-25,4439,4702,13310
103439,3439,Bronze,2021-08-13,3412,77517,33022
103440,3440,Gold,2025-03-09,1065,66587,32336
103441,3441,Bronze,2023-12-29,7698,58189,42722
103442,3442,Gold,2022-08-16,8388,29256,47991
103443,3443,Bronze,2024-12-25,6630,37319,49871
103444,3444,Silver,2022-04-17,228,33008,6179
103445,3445,Bronze,2024-10-07,138,79404,816
103446,3446,Silver,2021-08-17,1846,45858,12648
103447,3447,Silver,2021-09-24,6867,3139,12208
103448,3448,Silver,2026-07-09,6486,17564,22851
103449,3449,Bronze,2022-12-17,2733,5279,17168
103450,3450,Bronze,2022-08-04,2791,30593,58617
103451,3451,Bronze,2025-07-14,570,46774,29504
103452,3452,Silver,2024-09-12,119,35296,49673
103453,3453,Bronze,2023-04-15,322,7518,46352
103454,3454,Silver,2023-05-30,9692,35766,6534
103455,3455,Silver,2024-03-04,2614,35584,24329
103456,3456,Platinum,2024-02-09,3935,72299,42155
103457,3457,Bronze,2024-05-04,7908,40675,6474
103458,3458,Platinum,2022-04-02,2366,19000,49194
103459,3459,Bronze,2021-10-07,7628,3791,38494
103460,3460,Gold,2024-06-05,9142,62315,9897
103461,3461,Gold,2022-12-27,4190,75379,26664
103462,3462,Bronze,2022-05-01,2907,49015,5120
103463,3463,Platinum,2025-07-22,4891,18994,12158
103464,3464,Bronze,2025-04-26,4342,28147,11297
103465,3465,Silver,2026-02-01,1767,70036,54292
103466,3466,Silver,2025-04-03,580,25320,20019
103467,3467,Bronze,2022-06-16,7071,13104,45058
103468,3468,Bronze,2025-10-23,823,62344,786
103469,3469,Bronze,2026-05-09,6543,58905,45512
103470,3470,Silver,2024-10-03,918,19950,51054
103471,3471,Bronze,2025-06-25,9741,44038,51080
103472,3472,Gold,2025-10-25,6404,54377,47280
103473,3473,Bronze,2025-08-14,9359,47337,12883
103474,3474,Silver,2021-10-21,8908,76566,2043
103475,3475,Bronze,2022-01-20,7616,62463,39643
103476,3476,Bronze,2023-07-30,981,12654,32435
103477,3477,Bronze,2023-09-20,5464,73904,807
103478,3478,Bronze,2024-04-16,7559,28436,40326
103479,3479,Silver,2024-01-30,3104,4636,42883
103480,3480,Silver,2026-03-13,2625,12358,7153
103481,3481,Bronze,2026-07-22,6236,74335,2703
103482,3482,Gold,2025-09-25,7743,10005,42931
103483,3483,Bronze,2024-08-19,2335,24431,7861
103484,3484,Bronze,2024-05-24,4159,41546,57025
103485,3485,Platinum,2025-04-19,4576,53513,51927
103486,3486,Bronze,2025-11-14,8126,14643,37321
103487,3487,Bronze,2025-11-27,1120,62223,54672
103488,3488,Bronze,2023-09-28,4207,40259,16048
103489,3489,Silver,2023-11-06,2370,29667,49779
103490,3490,Bronze,2023-01-03,2158,24173,23628
103491,3491,Bronze,2024-06-14,6509,2118,9441
103492,3492,Bronze,2024-03-04,3517,77132,17686
103493,3493,Gold,2026-04-04,2325,2330,38229
103494,3494,Bronze,2022-03-17,7308,62288,57888
103495,3495,Bronze,2022-12-07,370,27394,44197
103496,3496,Bronze,2023-05-03,5785,41493,6184
103497,3497,Bronze,2023-06-06,2138,61746,26802
103498,3498,Bronze,2023-11-11,7628,79094,53630
103499,3499,Bronze,2024-12-14,9129,3259,44376
103500,3500,Bronze,2023-01-25,5651,47166,38295
103501,3501,Silver,2025-02-11,1834,50204,2428
103502,3502,Bronze,2024-08-26,1741,75462,43739
103503,3503,Bronze,2024-07-27,8798,76310,55154
103504,3504,Bronze,2021-11-12,7042,70943,57726
103505,3505,Silver,2025-06-23,4678,79614,52581
103506,3506,Silver,2026-05-07,6776,33562,31389
103507,3507,Silver,2025-07-11,8416,55320,8316
103508,3508,Bronze,2025-05-28,6215,7805,59497
103509,3509,Bronze,2023-10-27,8610,35389,20444
103510,3510,Silver,2025-03-25,387,67100,49099
103511,3511,Bronze,2022-04-12,9133,11709,36998
103512,3512,Bronze,2025-05-26,532,64416,19108
103513,3513,Silver,2025-03-01,9293,17221,5619
103514,3514,Silver,2025-05-06,714,6699,26454
103515,3515,Silver,2022-03-11,8668,26524,25758
103516,3516,Silver,2023-09-12,2094,25971,51473
103517,3517,Bronze,2022-07-17,3775,36616,35411
103518,3518,Bronze,2024-09-05,7160,35544,29428
103519,3519,Platinum,2026-07-29,640,66182,10336
103520,3520,Bronze,2022-08-29,9405,69277,26884
103521,3521,Bronze,2021-11-01,7072,24674,9701
103522,3522,Gold,2023-09-12,159,22142,4320
103523,3523,Platinum,2022-10-30,3265,64543,44978
103524,3524,Platinum,2024-10-14,2431,2006,23545
103525,3525,Platinum,2025-11-09,24,27380,49896
103526,3526,Bronze,2024-04-05,998,2802,1191
103527,3527,Silver,2025-09-10,6175,32693,51988
103528,3528,Bronze,2026-04-30,6607,59532,15680
103529,3529,Silver,2025-01-16,79,540,33826
103530,3530,Silver,2025-01-13,9308,11894,7950
103531,3531,Bronze,2022-03-16,6655,447,1516
103532,3532,Silver,2026-01-06,1512,50494,37205
103533,3533,Gold,2024-01-01,2494,30914,9100
103534,3534,Silver,2024-07-24,3302,59966,48638
103535,3535,Gold,2022-07-31,8715,75750,47628
103536,3536,Silver,2023-04-19,732,50982,583
103537,3537,Silver,2023-04-01,5518,39448,35607
103538,3538,Platinum,2021-10-05,1346,71876,27869
103539,3539,Silver,2024-09-06,4227,51022,16052
103540,3540,Bronze,2021-11-22,377,78313,53473
103541,3541,Gold,2024-05-30,9658,67608,18175
103542,3542,Silver,2026-04-28,4080,57058,7781
103543,3543,Gold,2025-06-16,4002,58514,5405
103544,3544,Platinum,2025-11-06,8575,11262,20862
103545,3545,Bronze,2024-10-20,9898,72883,42320
103546,3546,Bronze,2022-01-15,4245,43317,32849
103547,3547,Bronze,2022-03-06,9393,40607,9835
103548,3548,Platinum,2024-09-03,3098,34149,52751
103549,3549,Gold,2024-08-26,197,9067,23790
103550,3550,Bronze,2022-10-22,3918,36503,27058
103551,3551,Silver,2025-04-11,7315,42259,24580
103552,3552,Platinum,2022-10-08,9948,78380,16409
103553,3553,Bronze,2026-05-13,4478,53108,28307
103554,3554,Silver,2023-10-19,879,12616,3837
103555,3555,Silver,2023-07-16,4374,2201,53091
103556,3556,Bronze,2024-05-31,8832,12106,45135
103557,3557,Silver,2023-10-07,2257,29262,33642
103558,3558,Silver,2022-04-22,4734,247,9783
103559,3559,Platinum,2023-09-05,6407,18546,2207
103560,3560,Silver,2021-10-01,8205,9278,32563
103561,3561,Bronze,2023-03-22,5320,17918,30642
103562,3562,Bronze,2025-09-25,5873,25351,26973
103563,3563,Bronze,2022-03-01,3641,45246,29781
103564,3564,Bronze,2021-09-24,4827,11528,10451
103565,3565,Silver,2021-08-21,9175,18383,36153
103566,3566,Gold,2021-12-10,1756,72052,7614
103567,3567,Silver,2022-02-25,1137,23259,51531
103568,3568,Silver,2023-06-13,5363,45444,36992
103569,3569,Bronze,2025-11-25,6513,15097,57892
103570,3570,Bronze,2023-10-11,7612,78954,11330
103571,3571,Bronze,2024-05-10,4333,55998,26764
103572,3572,Bronze,2022-04-01,1396,16849,36802
103573,3573,Bronze,2025-11-13,2348,60167,5679
103574,3574,Bronze,2024-09-14,2879,26380,59249
103575,3575,Bronze,2025-10-26,6999,9097,22993
103576,3576,Bronze,2024-09-19,481,34767,34888
103577,3577,Gold,2022-02-11,188,65342,48197
103578,3578,Silver,2022-07-11,5326,29511,53405
103579,3579,Gold,2026-02-21,4236,41001,25023
103580,3580,Gold,2024-07-14,5004,23392,58578
103581,3581,Bronze,2023-12-14,7205,55014,14336
103582,3582,Gold,2025-07-28,4912,50276,54081
103583,3583,Platinum,2021-10-16,1754,11649,21816
103584,3584,Bronze,2026-02-26,5995,65533,47132
103585,3585,Gold,2025-02-01,3358,40617,32231
103586,3586,Gold,2024-10-28,4251,30885,22919
103587,3587,Silver,2025-01-17,6911,10988,32189
103588,3588,Platinum,2022-06-15,8761,22261,10694
103589,3589,Platinum,2021-09-21,1663,16643,54136
103590,3590,Silver,2024-07-18,3002,51773,29691
103591,3591,Platinum,2022-04-12,8345,51478,55528
103592,3592,Silver,2025-06-11,6347,46117,45795
103593,3593,Gold,2021-12-03,2500,17142,18091
103594,3594,Platinum,2023-06-14,7240,53678,55856
103595,3595,Silver,2024-01-26,8366,35432,51780
103596,3596,Silver,2024-03-06,7754,61321,54386
103597,3597,Bronze,2024-08-21,2615,75883,3938
103598,3598,Silver,2022-07-01,5924,2071,2392
103599,3599,Silver,2025-10-28,1783,66980,19877
103600,3600,Silver,2022-08-26,7919,39596,9540
103601,3601,Bronze,2022-02-19,5131,35735,53195
103602,3602,Bronze,2022-10-14,878,40370,47582
103603,3603,Silver,2022-01-16,6199,71886,9985
103604,3604,Platinum,2022-11-08,2470,11487,22038
103605,3605,Gold,2021-09-25,7091,33232,39623
103606,3606,Gold,2025-02-05,5837,21546,23390
103607,3607,Bronze,2025-09-21,2819,2353,26192
103608,3608,Silver,2022-06-29,4528,37200,42127
103609,3609,Gold,2022-11-27,2027,13348,43947
103610,3610,Gold,2021-12-03,8078,25733,35828
103611,3611,Silver,2023-02-27,8703,19335,30382
103612,3612,Bronze,2024-03-19,7029,30705,20101
103613,3613,Bronze,2022-05-10,9613,37783,32797
103614,3614,Gold,2026-06-14,8236,23531,47449
103615,3615,Bronze,2022-05-24,8467,36436,38449
103616,3616,Gold,2024-09-27,8795,3140,26552
103617,3617,Silver,2024-09-12,299,45623,55492
103618,3618,Bronze,2024-02-24,1650,5833,11910
103619,3619,Bronze,2025-10-26,6079,40863,12849
103620,3620,Silver,2026-07-22,4570,10882,52569
103621,3621,Gold,2024-06-29,4049,3941,7763
103622,3622,Gold,2023-02-07,834,40857,40062
103623,3623,Gold,2021-11-06,8648,55659,274
103624,3624,Gold,2026-02-27,3927,65199,9324
103625,3625,Bronze,2024-07-15,8277,50569,3464
103626,3626,Platinum,2025-10-04,3319,21485,4094
103627,3627,Platinum,2023-09-05,3303,13867,38972
103628,3628,Silver,2024-09-03,9703,79318,59796
103629,3629,Platinum,2022-07-13,1313,11826,52926
103630,3630,Bronze,2026-07-09,216,27606,19517
103631,3631,Platinum,2026-07-31,7779,15406,15774
103632,3632,Bronze,2022-04-30,8132,13063,38646
103633,3633,Gold,2026-07-09,9089,54487,2987
103634,3634,Gold,2024-04-01,1719,50949,57940
103635,3635,Platinum,2023-12-07,5812,6775,47301
103636,3636,Silver,2024-11-11,1614,76362,42468
103637,3637,Bronze,2024-09-24,7645,68766,21538
103638,3638,Gold,2021-12-03,154,15891,5048
103639,3639,Bronze,2024-07-16,7168,44759,14644
103640,3640,Bronze,2022-08-24,2713,15747,1483
103641,3641,Silver,2026-02-10,2727,73252,34634
103642,3642,Silver,2026-06-20,7268,68596,48803
103643,3643,Bronze,2024-07-04,2254,61439,39239
103644,3644,Gold,2022-06-29,3714,61434,7336
103645,3645,Platinum,2024-01-04,1733,56035,1801
103646,3646,Silver,2022-05-26,8388,14657,51065
103647,3647,Silver,2025-03-11,2533,17110,58573
103648,3648,Bronze,2021-12-12,9760,77180,41532
103649,3649,Platinum,2023-07-30,4117,63161,32139
103650,3650,Gold,2023-09-15,8773,26047,31795
103651,3651,Bronze,2024-12-15,3714,5384,29321
103652,3652,Gold,2021-10-13,9169,13999,58960
103653,3653,Platinum,2026-01-31,2982,37690,35850
103654,3654,Bronze,2021-11-22,8995,48116,51405
103655,3655,Bronze,2023-08-14,8200,4225,965
103656,3656,Bronze,2022-06-23,4208,38525,12724
103657,3657,Gold,2021-09-13,2211,28055,57431
103658,3658,Bronze,2024-06-27,3051,21368,54017
103659,3659,Bronze,2024-03-27,9585,5087,51730
103660,3660,Platinum,2023-12-25,9870,50225,36142
103661,3661,Bronze,2022-08-03,7469,34123,26110
103662,3662,Silver,2023-12-06,326,51078,52484
103663,3663,Silver,2024-07-20,5841,8789,28634
103664,3664,Silver,2024-01-15,1939,32331,37884
103665,3665,Gold,2023-05-02,5974,18717,5861
103666,3666,Bronze,2022-11-04,1891,53390,58631
103667,3667,Bronze,2024-08-29,2378,51007,4764
103668,3668,Bronze,2024-03-08,158,28619,12951
103669,3669,Bronze,2022-10-07,8563,33920,58509
103670,3670,Gold,2022-12-14,4621,27871,46059
103671,3671,Gold,2025-11-12,1843,70642,56734
103672,3672,Bronze,2021-09-02,2243,37921,35509
103673,3673,Gold,2025-09-30,8247,8745,14443
103674,3674,Bronze,2024-02-14,4938,14142,48404
103675,3675,Silver,2024-03-03,1222,2127,20735
103676,3676,Gold,2025-10-18,767,19414,6614
103677,3677,Bronze,2023-10-24,1167,49521,31212
103678,3678,Gold,2024-11-24,9012,50973,45762
103679,3679,Bronze,2021-12-03,4015,30389,43761
103680,3680,Gold,2021-10-20,5406,30596,20306
103681,3681,Silver,2023-10-03,1531,511,21355
103682,3682,Bronze,2024-04-26,1941,36293,59774
103683,3683,Silver,2023-02-10,4252,20477,32150
103684,3684,Silver,2023-01-05,9588,55738,56067
103685,3685,Platinum,2022-08-21,5243,62026,16173
103686,3686,Silver,2023-12-10,5258,14670,8966
103687,3687,Silver,2021-12-26,1251,58956,59480
103688,3688,Silver,2023-07-31,1613,17661,15349
103689,3689,Silver,2022-05-01,9220,65341,33206
103690,3690,Bronze,2026-04-05,5935,34125,10142
103691,3691,Bronze,2023-06-19,747,78554,30268
103692,3692,Bronze,2024-08-10,6280,2572,10060
103693,3693,Bronze,2021-10-23,4795,57133,49701
103694,3694,Gold,2024-06-05,6058,36824,27711
103695,3695,Gold,2023-04-15,7676,18626,2403
103696,3696,Bronze,2025-04-14,7234,13436,1790
103697,3697,Silver,2023-12-11,1001,65641,30398
103698,3698,Bronze,2024-02-05,6295,34647,49459
103699,3699,Silver,2024-04-14,8709,30230,31532
103700,3700,Silver,2023-12-14,1002,28478,6403
103701,3701,Silver,2024-12-11,5028,30019,34739
103702,3702,Bronze,2024-09-26,3042,58073,19431
103703,3703,Gold,2025-11-15,4943,66062,55487
103704,3704,Bronze,2025-12-13,7520,23832,25121
103705,3705,Bronze,2026-01-18,9218,22743,21779
103706,3706,Bronze,2025-02-26,6462,69316,26399
103707,3707,Platinum,2025-03-06,7387,24471,36372
103708,3708,Silver,2025-03-05,4919,6089,29405
103709,3709,Silver,2025-08-25,4107,17939,674
103710,3710,Silver,2022-03-30,6180,27215,9425
103711,3711,Silver,2022-04-13,1107,27169,22168
103712,3712,Bronze,2022-11-03,8986,52645,31187
103713,3713,Silver,2022-02-13,2266,47041,39566
103714,3714,Bronze,2026-03-12,8667,56623,47319
103715,3715,Silver,2024-11-24,7785,79710,3415
103716,3716,Silver,2023-02-24,494,34604,33882
103717,3717,Platinum,2025-02-09,8574,51661,38752
103718,3718,Silver,2024-02-10,2889,7641,45476
103719,3719,Bronze,2024-11-20,6070,30943,17020
103720,3720,Bronze,2021-09-01,416,68890,54673
103721,3721,Silver,2023-09-09,2372,62262,13108
103722,3722,Silver,2021-11-02,1373,43009,39071
103723,3723,Gold,2023-06-04,7029,33834,50889
103724,3724,Bronze,2022-06-10,3143,42261,26967
103725,3725,Silver,2023-09-01,7760,65661,39018
103726,3726,Gold,2023-11-28,8188,44533,22561
103727,3727,Bronze,2024-05-18,7148,10189,38449
103728,3728,Gold,2023-04-22,452,31719,54471
103729,3729,Gold,2026-06-03,4254,19388,55383
103730,3730,Bronze,2024-08-16,3441,52848,49124
103731,3731,Gold,2024-03-29,7461,27132,11813
103732,3732,Bronze,2024-06-06,2884,23095,42170
103733,3733,Bronze,2022-02-20,1692,14048,49910
103734,3734,Bronze,2022-06-29,7615,48726,42680
103735,3735,Gold,2025-03-02,6978,79627,7909
103736,3736,Platinum,2024-08-23,1746,55534,10772
103737,3737,Bronze,2022-06-07,4825,20758,40421
103738,3738,Gold,2024-04-23,6094,15044,18936
103739,3739,Bronze,2026-06-22,9051,53072,37822
103740,3740,Silver,2025-06-01,530,49225,11516
103741,3741,Platinum,2024-12-03,6960,75936,515
103742,3742,Bronze,2022-02-27,2935,24634,1939
103743,3743,Gold,2022-05-25,6770,74632,52082
103744,3744,Silver,2022-01-14,1567,34983,12083
103745,3745,Silver,2024-05-19,4401,65040,54317
103746,3746,Bronze,2026-04-25,6919,71713,1656
103747,3747,Gold,2023-03-09,7382,60989,57903
103748,3748,Gold,2025-01-28,316,28416,52836
103749,3749,Platinum,2025-08-25,6554,25530,29206
103750,3750,Gold,2022-04-06,644,44983,44908
103751,3751,Bronze,2023-05-01,539,38268,38227
103752,3752,Bronze,2021-11-12,3026,54267,54731
103753,3753,Silver,2021-10-15,4158,36755,24689
103754,3754,Silver,2023-11-26,1853,57846,10479
103755,3755,Silver,2026-03-22,7267,56884,15837
103756,3756,Platinum,2022-11-09,87,70869,14568
103757,3757,Platinum,2021-12-23,532,52227,49560
103758,3758,Platinum,2024-09-09,4261,8077,10241
103759,3759,Gold,2023-06-25,9011,42704,7125
103760,3760,Silver,2022-01-02,3587,79360,14736
103761,3761,Bronze,2023-04-06,2588,64752,11808
103762,3762,Silver,2023-06-28,1425,21080,58642
103763,3763,Silver,2026-02-20,6350,29225,22810
103764,3764,Silver,2023-03-12,4890,73921,53549
103765,3765,Silver,2021-09-03,2055,56519,47089
103766,3766,Silver,2025-05-31,6473,43501,54005
103767,3767,Bronze,2022-11-17,2723,72578,42239
103768,3768,Bronze,2025-06-21,3365,77185,32063
103769,3769,Bronze,2023-07-19,9607,49073,1533
103770,3770,Silver,2024-05-28,9,66378,56306
103771,3771,Silver,2023-07-15,4937,465,27439
103772,3772,Gold,2023-07-15,5953,54204,55475
103773,3773,Gold,2026-07-17,2779,5945,35759
103774,3774,Bronze,2025-03-29,1692,74161,55207
103775,3775,Gold,2025-07-27,9748,6189,10872
103776,3776,Bronze,2022-04-20,1273,48780,50897
103777,3777,Gold,2025-11-21,4903,31320,40612
103778,3778,Bronze,2025-10-23,4244,71169,37514
103779,3779,Platinum,2021-10-15,9581,29613,11360
103780,3780,Gold,2026-02-24,5709,25321,16204
103781,3781,Bronze,2021-11-07,107,22090,16035
103782,3782,Bronze,2025-12-05,667,20280,53057
103783,3783,Bronze,2022-09-22,5429,45195,55935
103784,3784,Platinum,2025-11-23,1859,29754,22127
103785,3785,Bronze,2022-05-29,547,29727,56054
103786,3786,Silver,2026-02-11,8262,72764,52988
103787,3787,Silver,2022-01-12,3410,25480,49483
103788,3788,Gold,2025-10-28,3157,21360,19303
103789,3789,Gold,2022-09-29,6457,21492,38803
103790,3790,Silver,2025-02-18,118,70538,1746
103791,3791,Bronze,2022-11-01,8820,30310,8024
103792,3792,Bronze,2023-02-22,4414,35518,5928
103793,3793,Bronze,2024-01-19,9499,7640,29119
103794,3794,Gold,2025-04-24,9804,51587,20516
103795,3795,Platinum,2025-10-21,9849,17650,3698
103796,3796,Bronze,2024-11-18,3976,65165,26311
103797,3797,Bronze,2026-05-09,7882,60365,20249
103798,3798,Silver,2026-04-29,4552,21078,4296
103799,3799,Platinum,2023-05-02,6290,23988,39013
103800,3800,Gold,2025-04-04,4394,12277,37116
103801,3801,Bronze,2022-08-22,7342,44913,40772
103802,3802,Platinum,2026-06-20,1602,76902,8679
103803,3803,Bronze,2024-02-05,7312,10063,46071
103804,3804,Bronze,2026-01-09,7890,48908,15212
103805,3805,Gold,2022-10-09,2098,55615,56031
103806,3806,Platinum,2026-04-30,7757,41846,9905
103807,3807,Silver,2023-09-29,8334,52350,16506
103808,3808,Bronze,2026-05-07,2324,3429,58350
103809,3809,Silver,2021-10-10,1973,58894,52995
103810,3810,Gold,2023-01-03,433,691,37426
103811,3811,Silver,2024-08-21,8733,35303,20670
103812,3812,Gold,2025-09-13,4431,8106,12520
103813,3813,Bronze,2022-03-25,1734,8330,23188
103814,3814,Silver,2026-02-22,5437,46581,650
103815,3815,Bronze,2026-01-23,4438,27609,47172
103816,3816,Gold,2023-06-14,1644,76369,41933
103817,3817,Bronze,2025-04-08,3895,6570,33909
103818,3818,Gold,2022-09-28,7948,77600,30211
103819,3819,Silver,2022-03-31,4275,61197,39679
103820,3820,Platinum,2024-08-11,6133,33041,56358
103821,3821,Bronze,2023-10-14,1530,65861,35733
103822,3822,Bronze,2023-11-02,4167,42218,45902
103823,3823,Platinum,2025-12-24,1793,77524,11818
103824,3824,Gold,2023-11-14,121,39750,50571
103825,3825,Silver,2025-01-23,8071,5532,28273
103826,3826,Silver,2025-09-12,6262,75411,12994
103827,3827,Platinum,2024-10-21,3841,22402,38594
103828,3828,Silver,2025-11-14,9145,56460,23218
103829,3829,Bronze,2025-06-16,936,21848,22301
103830,3830,Silver,2026-05-12,8894,38089,28396
103831,3831,Bronze,2021-10-30,8515,43818,41716
103832,3832,Silver,2025-06-04,5886,69213,34760
103833,3833,Bronze,2025-07-12,8871,22617,50779
103834,3834,Bronze,2026-06-15,7163,62729,8845
103835,3835,Silver,2021-12-25,2816,2457,48474
103836,3836,Silver,2023-09-10,6519,63310,8213
103837,3837,Silver,2023-09-12,2757,47602,19997
103838,3838,Platinum,2024-08-24,5224,49020,5252
103839,3839,Gold,2023-06-24,6419,22221,36401
103840,3840,Bronze,2022-01-19,3007,46022,565
103841,3841,Gold,2024-10-16,8737,24132,23112
103842,3842,Gold,2023-07-24,6647,22120,49606
103843,3843,Gold,2021-08-26,4913,58718,11278
103844,3844,Silver,2024-12-25,3091,77299,49838
103845,3845,Bronze,2025-04-25,2953,1766,5940
103846,3846,Gold,2025-05-04,2777,21402,16101
103847,3847,Platinum,2022-05-18,1428,37779,37337
103848,3848,Silver,2025-05-15,9732,1600,51646
103849,3849,Bronze,2024-10-15,6840,51797,11156
103850,3850,Gold,2025-08-07,7264,5311,8806
103851,3851,Silver,2025-10-07,4,34477,54463
103852,3852,Gold,2023-10-06,862,76215,23678
103853,3853,Silver,2026-02-26,3032,8849,31274
103854,3854,Gold,2022-12-27,644,2559,47000
103855,3855,Bronze,2025-03-10,1226,6640,48321
103856,3856,Gold,2022-02-27,9419,28884,16096
103857,3857,Bronze,2026-08-04,3289,70714,40579
103858,3858,Bronze,2022-05-17,2626,39143,54811
103859,3859,Silver,2024-12-07,1422,77679,14561
103860,3860,Bronze,2024-01-13,94,6231,27516
103861,3861,Platinum,2022-09-04,8665,18917,30238
103862,3862,Silver,2024-03-14,610,42091,26212
103863,3863,Bronze,2025-11-09,1816,54886,54457
103864,3864,Gold,2024-01-02,7766,57237,57036
103865,3865,Bronze,2023-01-31,4610,28724,46446
103866,3866,Silver,2026-02-02,5799,1453,965
103867,3867,Silver,2026-02-25,3739,60790,11368
103868,3868,Bronze,2026-05-04,6941,11913,29143
103869,3869,Gold,2022-01-30,2402,29320,44125
103870,3870,Bronze,2021-08-21,3247,53887,7514
103871,3871,Bronze,2021-10-02,4243,37208,46697
103872,3872,Bronze,2023-04-17,7131,39378,8992
103873,3873,Platinum,2023-11-05,1624,51098,22869
103874,3874,Bronze,2026-06-09,4713,15344,59991
103875,3875,Gold,2024-11-07,7532,23519,30403
103876,3876,Silver,2022-02-11,6362,68697,23724
103877,3877,Silver,2024-11-04,6884,4247,27655
103878,3878,Gold,2021-10-27,3414,33000,39610
103879,3879,Bronze,2022-04-27,737,36465,57671
103880,3880,Silver,2022-02-28,1138,62147,21482
103881,3881,Gold,2023-06-28,1639,67156,36076
103882,3882,Silver,2022-12-05,1417,64903,40614
103883,3883,Silver,2022-09-09,3093,22701,19646
103884,3884,Silver,2023-04-17,674,22211,18810
103885,3885,Silver,2026-05-01,7295,40424,17472
103886,3886,Gold,2024-06-07,1274,65139,11024
103887,3887,Bronze,2025-06-30,5658,56251,51177
103888,3888,Bronze,2026-01-28,3217,65764,53996
103889,3889,Bronze,2022-06-17,4186,58903,37373
103890,3890,Gold,2023-08-11,176,21793,23523
103891,3891,Gold,2024-11-25,8782,48560,48847
103892,3892,Bronze,2021-08-13,2241,54890,36661
103893,3893,Silver,2023-09-03,4601,61390,11334
103894,3894,Bronze,2024-11-01,7108,34994,4143
103895,3895,Silver,2025-05-16,52,78169,22210
103896,3896,Bronze,2021-09-08,5524,41119,31569
103897,3897,Gold,2024-09-16,4389,22956,5988
103898,3898,Bronze,2023-05-11,4563,30830,21055
103899,3899,Gold,2022-03-28,9886,2197,54737
103900,3900,Gold,2024-01-19,9528,28984,31257
103901,3901,Silver,2026-07-04,4290,56112,3270
103902,3902,Bronze,2025-10-26,6726,12402,19241
103903,3903,Bronze,2023-11-27,8277,68591,17165
103904,3904,Bronze,2021-09-14,7488,6814,25964
103905,3905,Gold,2024-09-28,1349,71171,49312
103906,3906,Silver,2025-11-04,5757,54578,16803
103907,3907,Gold,2025-02-28,7657,17319,44527
103908,3908,Gold,2022-02-08,3831,53070,36271
103909,3909,Platinum,2024-01-12,1100,48300,43196
103910,3910,Bronze,2025-03-23,1427,68187,24429
103911,3911,Gold,2025-08-28,9976,74975,2199
103912,3912,Platinum,2026-03-28,2443,59450,31154
103913,3913,Platinum,2023-12-14,2735,75710,55254
103914,3914,Bronze,2025-12-13,8470,40478,21923
103915,3915,Bronze,2022-04-09,7445,73775,25235
103916,3916,Bronze,2023-09-28,3869,47723,26994
103917,3917,Gold,2025-07-01,7018,4460,22115
103918,3918,Gold,2025-03-27,3733,32603,29111
103919,3919,Bronze,2026-04-10,6960,77712,33370
103920,3920,Bronze,2024-11-09,443,52051,31656
103921,3921,Silver,2026-03-30,3456,3016,53570
103922,3922,Silver,2023-08-02,1970,71926,8889
103923,3923,Bronze,2026-06-18,3004,55232,26890
103924,3924,Gold,2024-06-08,7788,75418,42098
103925,3925,Bronze,2023-11-12,1331,2216,50534
103926,3926,Silver,2024-04-09,8324,66562,28239
103927,3927,Bronze,2022-01-05,8231,43286,44318
103928,3928,Silver,2026-06-30,764,50852,30849
103929,3929,Gold,2026-08-03,9382,54456,13392
103930,3930,Bronze,2024-06-10,2771,67606,45455
103931,3931,Silver,2022-12-18,8252,63221,26201
103932,3932,Bronze,2026-05-23,5159,42390,55585
103933,3933,Bronze,2022-10-08,4959,74942,9047
103934,3934,Bronze,2025-04-30,1932,59791,3845
103935,3935,Bronze,2024-10-09,9191,55489,50134
103936,3936,Gold,2023-10-30,1273,71542,56643
103937,3937,Silver,2026-05-13,7254,3998,26681
103938,3938,Bronze,2026-07-23,3060,8120,49973
103939,3939,Bronze,2024-07-14,2668,75843,44313
103940,3940,Gold,2026-07-28,242,62302,12560
103941,3941,Platinum,2025-10-17,9506,76299,11620
103942,3942,Gold,2024-09-02,8338,10597,44099
103943,3943,Platinum,2024-12-08,8790,21037,32147
103944,3944,Bronze,2021-12-14,2521,54977,46034
103945,3945,Bronze,2026-05-21,3343,30689,30385
103946,3946,Bronze,2024-07-13,99,70078,27714
103947,3947,Gold,2024-09-01,5045,34495,11247
103948,3948,Silver,2021-11-12,4783,20774,1979
103949,3949,Bronze,2024-12-28,9688,70297,45020
103950,3950,Platinum,2023-11-03,3840,11516,44208
103951,3951,Gold,2023-04-01,5354,39747,45028
103952,3952,Platinum,2023-03-19,9855,2626,7402
103953,3953,Bronze,2023-05-22,9266,54959,29467
103954,3954,Bronze,2023-03-12,6232,78587,11772
103955,3955,Bronze,2025-08-15,5570,70696,28782
103956,3956,Bronze,2024-08-13,6027,33977,39797
103957,3957,Silver,2023-01-27,4449,30508,36792
103958,3958,Platinum,2023-03-16,4553,32259,53197
103959,3959,Bronze,2025-12-22,2403,9975,30533
103960,3960,Gold,2021-12-17,1829,54401,30898
103961,3961,Silver,2023-09-15,91,50741,41550
103962,3962,Bronze,2022-09-30,4441,29170,44420
103963,3963,Bronze,2024-07-05,8645,76108,56603
103964,3964,Gold,2024-10-26,848,13594,24878
103965,3965,Silver,2024-09-27,4138,76242,47363
103966,3966,Silver,2024-01-22,8372,12309,21533
103967,3967,Bronze,2023-09-15,7352,6179,7499
103968,3968,Silver,2025-05-24,9815,20557,27018
103969,3969,Silver,2023-01-12,696,58593,57660
103970,3970,Bronze,2025-10-22,509,67363,41228
103971,3971,Silver,2021-08-28,8480,8697,29770
103972,3972,Bronze,2025-12-24,2461,69396,10853
103973,3973,Silver,2022-05-26,6793,72224,11393
103974,3974,Silver,2025-03-16,4849,39309,55210
103975,3975,Silver,2026-01-13,494,2621,29992
103976,3976,Bronze,2023-03-02,8317,76050,22208
103977,3977,Platinum,2022-12-29,3012,61301,41375
103978,3978,Bronze,2022-08-22,1233,55012,35378
103979,3979,Bronze,2024-04-28,9704,14823,47135
103980,3980,Silver,2021-09-14,6305,14541,11238
103981,3981,Gold,2023-12-08,6654,51468,8679
103982,3982,Bronze,2023-04-22,542,69618,8747
103983,3983,Gold,2021-08-24,3933,15834,29903
103984,3984,Bronze,2026-02-18,2870,55317,12754
103985,3985,Silver,2022-01-23,4334,36880,17650
103986,3986,Bronze,2024-04-25,9746,50102,41301
103987,3987,Silver,2025-07-27,4146,43879,34204
103988,3988,Silver,2026-02-28,7938,869,5323
103989,3989,Bronze,2024-07-30,4837,18791,19546
103990,3990,Bronze,2025-12-11,6126,28273,26727
103991,3991,Silver,2025-06-16,9593,11899,10237
103992,3992,Platinum,2024-01-13,7512,47840,16295
103993,3993,Bronze,2023-04-03,9032,34999,37347
103994,3994,Silver,2021-11-01,963,32858,39979
103995,3995,Bronze,2024-03-22,7354,200,8641
103996,3996,Platinum,2026-06-16,4811,31856,24604
103997,3997,Bronze,2023-06-15,5051,5608,23064
103998,3998,Bronze,2021-09-18,6961,33633,32848
103999,3999,Gold,2023-06-07,8729,57721,51758
104000,4000,Bronze,2026-04-03,4561,2232,15929
104001,4001,Gold,2024-05-11,4456,66949,35834
104002,4002,Bronze,2026-01-18,5771,74805,29607
104003,4003,Platinum,2023-02-14,4075,67965,24211
104004,4004,Bronze,2024-09-01,6554,53985,9979
104005,4005,Platinum,2024-10-05,2083,30354,28042
104006,4006,Bronze,2021-11-05,6606,60864,39604
104007,4007,Gold,2025-10-05,8666,53544,18592
104008,4008,Silver,2026-05-04,2119,48967,38107
104009,4009,Bronze,2023-05-09,7939,22930,8840
104010,4010,Gold,2025-08-13,4203,24478,39638
104011,4011,Silver,2025-07-22,3023,21829,26917
104012,4012,Silver,2026-02-06,2110,1552,25154
104013,4013,Silver,2023-12-02,1190,59568,37302
104014,4014,Silver,2026-07-15,2898,24891,58493
104015,4015,Bronze,2022-05-20,9998,77433,59551
104016,4016,Gold,2025-12-28,9843,20327,38534
104017,4017,Platinum,2026-04-16,9882,71948,16249
104018,4018,Bronze,2024-05-10,9057,62681,56699
104019,4019,Platinum,2022-07-20,9109,67571,30408
104020,4020,Gold,2026-02-24,7388,24648,24390
104021,4021,Platinum,2026-07-26,7107,1719,19733
104022,4022,Bronze,2025-11-08,4174,68937,11315
104023,4023,Bronze,2021-10-20,4120,79792,53287
104024,4024,Bronze,2025-08-04,5363,26333,39526
104025,4025,Silver,2024-03-09,3106,78676,5546
104026,4026,Bronze,2022-09-22,2065,52850,645
104027,4027,Bronze,2025-02-13,1089,38057,19496
104028,4028,Bronze,2024-08-12,7641,52384,9620
104029,4029,Gold,2023-12-30,1103,40071,48574
104030,4030,Silver,2024-11-18,3716,4524,57063
104031,4031,Bronze,2022-03-18,9240,9369,14268
104032,4032,Bronze,2025-01-20,273,26855,33854
104033,4033,Gold,2024-06-23,8121,42226,9981
104034,4034,Platinum,2024-07-21,8905,61713,8676
104035,4035,Bronze,2024-08-23,8849,57087,42233
104036,4036,Bronze,2025-10-13,6287,39044,10470
104037,4037,Gold,2023-08-22,2218,39008,59545
104038,4038,Bronze,2023-08-03,2479,7389,33986
104039,4039,Bronze,2023-06-10,5518,30525,2030
104040,4040,Silver,2021-10-03,7937,56018,28056
104041,4041,Silver,2025-01-31,1676,34312,36614
104042,4042,Platinum,2025-07-31,6564,16497,59989
104043,4043,Platinum,2024-06-19,8932,4550,42535
104044,4044,Platinum,2025-05-18,6062,52830,34992
104045,4045,Bronze,2022-11-29,70,11264,31054
104046,4046,Silver,2025-02-01,4030,464,29397
104047,4047,Silver,2022-10-13,6701,13273,34484
104048,4048,Silver,2024-05-04,5459,63052,10022
104049,4049,Gold,2025-03-23,4757,981,20291
104050,4050,Bronze,2021-08-18,5035,64423,16883
104051,4051,Bronze,2026-05-10,2676,41779,14780
104052,4052,Platinum,2021-10-08,3181,63297,43284
104053,4053,Silver,2025-03-09,6630,12805,834
104054,4054,Bronze,2025-10-19,8031,65094,12874
104055,4055,Silver,2026-03-02,1200,65154,22912
104056,4056,Bronze,2023-08-31,6865,11393,49648
104057,4057,Silver,2022-01-16,2938,5996,9608
104058,4058,Silver,2026-06-12,9565,78431,47332
104059,4059,Bronze,2026-02-22,3248,67685,31737
104060,4060,Bronze,2025-08-01,7530,5384,12443
104061,4061,Bronze,2022-09-19,3012,38625,55822
104062,4062,Platinum,2023-11-23,4506,58892,18783
104063,4063,Silver,2023-04-28,1,35611,32334
104064,4064,Silver,2022-06-01,7273,70163,27261
104065,4065,Gold,2026-03-02,3694,41415,4304
104066,4066,Platinum,2022-04-25,84,61760,27101
104067,4067,Bronze,2023-12-13,9966,9444,51539
104068,4068,Silver,2023-02-15,558,73154,55923
104069,4069,Gold,2024-07-16,5853,11873,31674
104070,4070,Silver,2021-12-10,2727,70644,38868
104071,4071,Bronze,2022-12-31,4390,46194,25134
104072,4072,Bronze,2024-01-15,4190,4954,39650
104073,4073,Gold,2025-04-07,9147,46501,33350
104074,4074,Bronze,2022-01-02,5674,71482,48626
104075,4075,Bronze,2021-08-24,1563,42168,58667
104076,4076,Gold,2023-01-21,4269,35653,47075
104077,4077,Gold,2021-09-29,6429,48038,16310
104078,4078,Silver,2022-11-13,1916,52315,3073
104079,4079,Silver,2022-12-19,7746,452,3314
104080,4080,Bronze,2023-08-25,9631,32321,58475
104081,4081,Gold,2022-08-18,206,40926,20901
104082,4082,Gold,2021-11-10,1920,70823,18107
104083,4083,Platinum,2025-08-27,4073,79294,51672
104084,4084,Gold,2025-02-24,2451,23458,5336
104085,4085,Gold,2023-07-04,395,27494,38572
104086,4086,Bronze,2024-08-06,2626,5330,15633
104087,4087,Silver,2026-04-16,8912,72803,26171
104088,4088,Silver,2023-02-01,4566,2857,43258
104089,4089,Silver,2021-10-15,8855,1731,9932
104090,4090,Bronze,2024-04-24,2579,79802,45731
104091,4091,Bronze,2026-01-24,6260,37125,45354
104092,4092,Silver,2021-09-24,9835,27185,56816
104093,4093,Bronze,2022-04-10,3878,44998,47240
104094,4094,Silver,2025-08-16,3278,7373,12443
104095,4095,Silver,2024-07-16,7674,39419,17278
104096,4096,Gold,2026-03-13,8243,66583,58982
104097,4097,Bronze,2022-09-17,7077,63982,2789
104098,4098,Silver,2025-09-07,9914,73289,31651
104099,4099,Platinum,2024-10-22,697,78295,11022
104100,4100,Bronze,2023-04-09,1924,78675,45828
104101,4101,Silver,2023-02-12,8861,37081,56731
104102,4102,Bronze,2023-09-27,1505,26274,44613
104103,4103,Gold,2024-03-20,2379,51191,24810
104104,4104,Bronze,2023-02-21,5493,70500,18066
104105,4105,Silver,2023-08-26,9189,6266,22472
104106,4106,Bronze,2025-10-17,6542,31684,12220
104107,4107,Silver,2026-01-16,1825,77956,43004
104108,4108,Silver,2023-03-09,4837,59714,52344
104109,4109,Silver,2023-04-06,2603,19333,1185
104110,4110,Bronze,2025-11-16,9840,61754,44441
104111,4111,Bronze,2024-02-09,7821,35835,23813
104112,4112,Gold,2026-07-22,4854,63047,47605
104113,4113,Silver,2025-03-28,929,69807,44492
104114,4114,Gold,2026-07-02,2254,25880,5238
104115,4115,Silver,2024-01-15,1040,38015,25585
104116,4116,Gold,2021-08-30,9376,44527,47788
104117,4117,Bronze,2022-06-14,4461,55310,57435
104118,4118,Gold,2023-04-28,6348,53600,8668
104119,4119,Gold,2023-08-08,2945,32631,21411
104120,4120,Gold,2021-10-18,9440,49373,181
104121,4121,Bronze,2025-07-09,222,18170,49089
104122,4122,Bronze,2023-02-08,8759,39579,1077
104123,4123,Bronze,2026-05-18,7965,72913,59455
104124,4124,Silver,2023-04-10,3540,50990,33877
104125,4125,Silver,2024-05-09,5417,6893,25779
104126,4126,Bronze,2025-03-18,6491,51979,15643
104127,4127,Silver,2026-06-02,137,48723,2884
104128,4128,Bronze,2023-06-26,8698,11598,42400
104129,4129,Silver,2022-01-25,4357,1150,40884
104130,4130,Silver,2023-11-08,1977,1535,56333
104131,4131,Bronze,2025-12-02,717,77742,7750
104132,4132,Platinum,2022-04-09,961,31197,41883
104133,4133,Bronze,2021-12-08,5977,17828,1527
104134,4134,Silver,2024-05-02,5553,20819,45125
104135,4135,Bronze,2025-03-20,7537,48731,37252
104136,4136,Silver,2024-10-05,9788,48159,15156
104137,4137,Gold,2022-07-15,9412,24567,25717
104138,4138,Bronze,2024-12-08,8739,56511,2817
104139,4139,Bronze,2023-12-28,7593,45820,53393
104140,4140,Platinum,2022-08-14,4837,42263,16894
104141,4141,Gold,2024-12-17,9675,18065,2873
104142,4142,Bronze,2022-03-05,9123,79395,18449
104143,4143,Silver,2026-07-26,5396,29608,33672
104144,4144,Bronze,2022-12-29,9133,2235,41328
104145,4145,Silver,2024-06-03,8978,78119,25512
104146,4146,Bronze,2021-08-22,5740,69488,13851
104147,4147,Bronze,2025-09-02,4636,43376,26092
104148,4148,Platinum,2025-05-18,2570,22103,39132
104149,4149,Gold,2025-08-04,6078,19683,8083
104150,4150,Silver,2026-06-26,8110,6959,20637
104151,4151,Silver,2025-07-22,6224,1682,15383
104152,4152,Platinum,2021-11-27,6691,13541,53140
104153,4153,Silver,2026-07-08,2286,40679,35504
104154,4154,Silver,2023-12-03,7334,1474,19420
104155,4155,Silver,2023-10-03,2527,55359,59100
104156,4156,Platinum,2026-02-01,262,17281,12893
104157,4157,Bronze,2022-05-18,1030,48068,33028
104158,4158,Bronze,2023-09-02,1163,49181,13044
104159,4159,Silver,2026-01-19,1111,57931,15099
104160,4160,Silver,2022-08-23,1477,55564,32574
104161,4161,Gold,2024-09-22,5177,55575,3536
104162,4162,Bronze,2022-09-02,7209,75083,4052
104163,4163,Bronze,2024-03-22,2936,33609,19806
104164,4164,Bronze,2022-07-17,4018,77528,21390
104165,4165,Bronze,2024-06-01,9292,34879,3710
104166,4166,Gold,2023-08-08,4328,47989,14011
104167,4167,Bronze,2022-04-14,5240,61381,38241
104168,4168,Bronze,2025-10-31,7540,16236,37530
104169,4169,Platinum,2024-03-25,1309,68875,41761
104170,4170,Silver,2023-11-04,6518,57080,48732
104171,4171,Platinum,2022-07-24,6629,76218,14077
104172,4172,Silver,2025-08-27,6362,16229,36289
104173,4173,Bronze,2025-09-24,5280,79696,32433
104174,4174,Bronze,2023-12-20,9167,60393,25951
104175,4175,Silver,2022-07-27,113,49154,45001
104176,4176,Silver,2021-12-18,3043,31935,48895
104177,4177,Silver,2026-07-16,7766,11726,35524
104178,4178,Bronze,2025-12-07,97,13241,36940
104179,4179,Bronze,2026-06-20,418,79198,23585
104180,4180,Silver,2026-05-16,3963,28544,12429
104181,4181,Gold,2024-11-05,2353,79228,45783
104182,4182,Silver,2025-11-19,2183,27668,37062
104183,4183,Platinum,2023-06-09,6633,37992,16978
104184,4184,Bronze,2021-12-11,9186,17581,21113
104185,4185,Bronze,2025-09-07,2684,51845,52684
104186,4186,Gold,2024-06-01,7539,49391,40456
104187,4187,Gold,2022-03-19,3061,33954,10835
104188,4188,Silver,2022-06-07,3879,20999,14669
104189,4189,Gold,2026-06-23,5540,18540,3062
104190,4190,Bronze,2023-11-19,2987,2943,37698
104191,4191,Bronze,2022-01-13,2,8653,27740
104192,4192,Silver,2026-07-21,3734,23062,33833
104193,4193,Bronze,2022-07-24,2265,27942,19459
104194,4194,Silver,2026-01-17,1156,79352,38731
104195,4195,Silver,2024-03-10,9963,1291,52408
104196,4196,Silver,2024-03-22,5429,42184,56493
104197,4197,Bronze,2025-08-07,4402,44939,8312
104198,4198,Gold,2022-01-29,943,58107,21207
104199,4199,Silver,2024-05-24,9983,9201,13221
104200,4200,Silver,2025-05-10,3623,16394,1930
104201,4201,Bronze,2022-12-17,6444,37369,16112
104202,4202,Bronze,2025-10-03,2535,24257,50689
104203,4203,Gold,2023-11-17,2466,16914,32293
104204,4204,Silver,2023-02-07,7649,28718,13353
104205,4205,Platinum,2023-07-02,6785,66452,45864
104206,4206,Platinum,2024-08-06,6527,52765,19578
104207,4207,Gold,2024-03-10,463,58158,226
104208,4208,Bronze,2022-06-29,5922,6962,15600
104209,4209,Bronze,2024-02-07,566,44016,40262
104210,4210,Bronze,2026-03-14,8248,39976,8865
104211,4211,Silver,2021-08-20,1389,5027,41963
104212,4212,Silver,2022-07-20,4874,7131,8668
104213,4213,Gold,2023-06-21,4427,2525,44262
104214,4214,Silver,2021-09-09,7116,62128,51216
104215,4215,Gold,2023-08-09,8295,21989,28051
104216,4216,Silver,2021-08-06,2256,48760,37301
104217,4217,Platinum,2023-12-09,7040,21058,903
104218,4218,Gold,2024-04-11,4015,53162,12511
104219,4219,Gold,2024-11-21,5846,52992,57870
104220,4220,Platinum,2023-07-24,4298,54052,47771
104221,4221,Bronze,2022-04-30,9399,58796,17515
104222,4222,Bronze,2022-11-04,7957,76934,13688
104223,4223,Bronze,2025-01-25,3564,77049,45808
104224,4224,Gold,2024-09-11,7936,75376,54961
104225,4225,Silver,2021-08-22,4551,78501,51746
104226,4226,Bronze,2022-03-17,9809,66433,28000
104227,4227,Bronze,2023-04-06,5160,41201,931
104228,4228,Gold,2025-09-14,9784,27302,9366
104229,4229,Gold,2023-05-27,7151,38975,14187
104230,4230,Bronze,2026-03-25,3644,77495,16859
104231,4231,Gold,2022-05-18,1661,17239,6608
104232,4232,Bronze,2025-05-29,8979,76871,46130
104233,4233,Platinum,2021-09-16,8743,9881,43288
104234,4234,Gold,2026-02-10,1709,43294,40364
104235,4235,Bronze,2026-07-24,5561,29981,16480
104236,4236,Bronze,2025-05-20,1199,24014,44895
104237,4237,Silver,2024-11-30,2676,18118,59612
104238,4238,Bronze,2025-09-08,9692,69706,46084
104239,4239,Platinum,2026-02-17,8154,39444,11313
104240,4240,Gold,2023-07-24,2647,44796,26063
104241,4241,Gold,2022-04-09,8257,64547,4208
104242,4242,Gold,2024-05-10,8211,69090,9263
104243,4243,Platinum,2024-01-29,2109,26973,29507
104244,4244,Silver,2024-04-26,8946,63418,3788
104245,4245,Bronze,2021-08-27,8956,38127,4416
104246,4246,Bronze,2025-08-13,810,50486,45713
104247,4247,Bronze,2022-03-28,3275,33578,37718
104248,4248,Silver,2022-06-27,6566,40201,30640
104249,4249,Gold,2024-01-07,9420,78672,35158
104250,4250,Platinum,2026-06-28,4440,51403,1605
104251,4251,Gold,2022-05-29,5317,67643,28074
104252,4252,Silver,2026-06-28,4412,74466,50793
104253,4253,Gold,2022-12-26,3158,71085,15823
104254,4254,Platinum,2022-05-04,7287,20306,13194
104255,4255,Bronze,2022-07-14,1955,6744,55011
104256,4256,Silver,2024-11-03,9403,18542,27340
104257,4257,Bronze,2023-08-13,6566,17455,485
104258,4258,Bronze,2023-02-02,5286,46804,59039
104259,4259,Bronze,2024-07-13,7366,66496,26630
104260,4260,Platinum,2024-01-14,5415,65539,43614
104261,4261,Platinum,2025-03-15,6530,42367,21481
104262,4262,Gold,2022-09-17,5873,64788,23072
104263,4263,Bronze,2025-09-23,2820,33492,30818
104264,4264,Silver,2024-01-10,93,997,3427
104265,4265,Bronze,2021-12-17,7313,44347,34145
104266,4266,Gold,2025-12-30,6798,69693,56088
104267,4267,Bronze,2024-07-19,941,46946,4672
104268,4268,Silver,2024-01-03,5781,33569,21305
104269,4269,Bronze,2022-05-10,2869,33744,56464
104270,4270,Bronze,2024-01-10,1125,67247,38582
104271,4271,Silver,2024-02-22,4851,747,9418
104272,4272,Gold,2025-09-18,3304,26522,34687
104273,4273,Silver,2024-08-07,8755,55910,1113
104274,4274,Silver,2025-06-03,3823,41817,53777
104275,4275,Silver,2026-07-16,686,8426,29663
104276,4276,Bronze,2025-03-02,4016,53604,12713
104277,4277,Bronze,2022-08-15,4887,35198,10084
104278,4278,Platinum,2025-08-18,8399,53998,3982
104279,4279,Bronze,2026-04-07,5452,6458,35425
104280,4280,Silver,2025-06-11,8760,29373,1992
104281,4281,Platinum,2022-09-10,4554,9165,13932
104282,4282,Bronze,2025-04-21,9476,1688,38265
104283,4283,Gold,2024-06-10,1084,79713,31170
104284,4284,Silver,2023-10-13,9434,63929,8842
104285,4285,Gold,2025-10-17,5515,20135,36388
104286,4286,Bronze,2026-05-17,3436,47623,25509
104287,4287,Silver,2026-02-02,8628,1827,19583
104288,4288,Bronze,2022-04-06,692,60922,13411
104289,4289,Bronze,2024-09-21,6187,64606,19605
104290,4290,Platinum,2025-02-18,232,75209,21093
104291,4291,Silver,2023-06-12,3649,75209,16463
104292,4292,Silver,2025-09-22,5517,76708,54289
104293,4293,Silver,2021-11-05,8986,6018,9198
104294,4294,Silver,2021-08-28,7081,242,11048
104295,4295,Gold,2025-05-06,4111,35524,9642
104296,4296,Silver,2024-07-10,725,30674,5899
104297,4297,Bronze,2023-01-24,8690,78804,49984
104298,4298,Bronze,2021-08-13,8529,36848,40011
104299,4299,Gold,2026-06-17,287,61526,12531
104300,4300,Gold,2022-12-12,2516,5456,14900
104301,4301,Bronze,2026-05-11,7209,60371,30878
104302,4302,Bronze,2023-08-25,7156,60429,23761
104303,4303,Silver,2026-06-08,1862,40570,4370
104304,4304,Silver,2025-08-03,6969,35136,59575
104305,4305,Silver,2025-05-05,2604,26506,242
104306,4306,Silver,2021-12-26,2115,79578,20971
104307,4307,Gold,2022-07-24,8519,52061,45634
104308,4308,Silver,2023-12-20,4529,13996,37391
104309,4309,Silver,2024-09-07,4009,28907,11030
104310,4310,Platinum,2022-12-05,7034,4180,48288
104311,4311,Silver,2022-10-30,8988,49480,46952
104312,4312,Silver,2025-04-06,4586,21824,30097
104313,4313,Silver,2023-11-23,7873,38443,33839
104314,4314,Bronze,2022-03-28,7265,25327,45861
104315,4315,Bronze,2022-10-21,6600,23928,55274
104316,4316,Silver,2026-05-12,1416,48797,6047
104317,4317,Platinum,2025-08-20,8677,11939,30719
104318,4318,Silver,2022-08-13,2450,38753,51048
104319,4319,Bronze,2025-03-28,6250,47523,53851
104320,4320,Bronze,2026-01-12,5118,54405,40819
104321,4321,Silver,2023-09-05,383,55203,10011
104322,4322,Bronze,2026-01-16,7539,19028,14422
104323,4323,Silver,2026-07-31,1950,59123,40938
104324,4324,Silver,2022-01-03,9490,3635,9928
104325,4325,Gold,2021-11-14,3735,61903,44519
104326,4326,Gold,2025-08-03,927,4807,46427
104327,4327,Gold,2023-10-19,7019,41565,53996
104328,4328,Bronze,2023-10-15,8882,58823,3645
104329,4329,Silver,2022-08-21,9047,36874,53078
104330,4330,Silver,2025-09-22,7317,76242,21165
104331,4331,Gold,2024-02-10,1156,58449,27572
104332,4332,Silver,2021-11-26,5142,26645,38885
104333,4333,Silver,2024-06-13,8923,70982,40915
104334,4334,Silver,2022-07-12,7412,27642,30328
104335,4335,Silver,2023-02-11,5779,76539,4246
104336,4336,Bronze,2026-04-21,9871,7712,36557
104337,4337,Silver,2026-01-25,6055,66937,39880
104338,4338,Gold,2024-06-27,6399,22073,26541
104339,4339,Gold,2022-04-09,3442,66360,17273
104340,4340,Silver,2022-02-09,7262,53973,13458
104341,4341,Silver,2024-09-05,2548,2314,44908
104342,4342,Silver,2025-04-20,1298,19883,15584
104343,4343,Silver,2024-02-07,1782,23746,7504
104344,4344,Platinum,2026-04-25,9873,3751,41421
104345,4345,Gold,2024-02-08,1445,71820,57572
104346,4346,Gold,2025-09-06,1634,20375,37163
104347,4347,Silver,2024-01-29,8847,68649,42177
104348,4348,Bronze,2023-12-18,1610,67044,50267
104349,4349,Bronze,2021-08-27,435,64122,461
104350,4350,Platinum,2024-11-01,6357,78217,2401
104351,4351,Gold,2026-01-14,771,59696,38413
104352,4352,Bronze,2022-08-12,7881,19332,38632
104353,4353,Silver,2023-06-15,6350,72619,39760
104354,4354,Gold,2022-11-24,3668,36131,59329
104355,4355,Gold,2021-08-27,7154,39918,39811
104356,4356,Platinum,2022-06-26,757,31899,46782
104357,4357,Bronze,2023-08-19,6893,64434,21489
104358,4358,Silver,2024-03-11,6779,68069,51310
104359,4359,Gold,2025-03-23,3691,25135,22172
104360,4360,Bronze,2025-04-08,7308,1839,52452
104361,4361,Silver,2022-02-14,3868,13411,50196
104362,4362,Bronze,2022-12-28,3572,13226,21161
104363,4363,Bronze,2025-02-07,699,41819,28834
104364,4364,Silver,2023-04-16,536,46955,8321
104365,4365,Silver,2024-05-16,8598,62810,40492
104366,4366,Silver,2021-09-06,3647,67808,17946
104367,4367,Gold,2025-07-11,4590,34625,2930
104368,4368,Bronze,2026-07-27,8341,70537,13712
104369,4369,Bronze,2023-12-16,1250,40911,4187
104370,4370,Bronze,2025-07-23,7919,6837,42690
104371,4371,Platinum,2023-10-02,1677,20073,14864
104372,4372,Platinum,2024-05-23,5287,6551,13005
104373,4373,Silver,2025-08-27,7273,15020,21253
104374,4374,Silver,2025-03-07,6447,70068,39435
104375,4375,Bronze,2023-11-30,613,76486,41868
104376,4376,Silver,2022-07-01,7378,58611,35240
104377,4377,Bronze,2023-02-25,2328,30524,41865
104378,4378,Platinum,2025-11-07,4374,46913,27941
104379,4379,Silver,2025-04-21,4315,54103,31000
104380,4380,Silver,2023-10-23,4807,3342,59964
104381,4381,Gold,2024-01-22,3799,55577,47554
104382,4382,Gold,2023-04-08,4885,2937,4351
104383,4383,Silver,2023-07-05,2207,41951,31441
104384,4384,Bronze,2025-06-06,8169,66426,43378
104385,4385,Bronze,2025-09-19,1950,46639,38161
104386,4386,Platinum,2022-07-02,5997,59476,46295
104387,4387,Platinum,2026-05-28,9853,19407,43420
104388,4388,Silver,2024-11-05,1711,66821,25788
104389,4389,Platinum,2025-03-10,3414,5047,8959
104390,4390,Silver,2025-01-19,1453,43540,36648
104391,4391,Bronze,2024-12-21,4985,21553,53847
104392,4392,Bronze,2022-08-22,2868,39432,5929
104393,4393,Bronze,2023-02-09,6108,9140,36044
104394,4394,Bronze,2026-01-20,4166,70556,16216
104395,4395,Silver,2025-04-17,6374,3241,30576
104396,4396,Platinum,2025-06-25,4913,38325,52082
104397,4397,Bronze,2022-03-23,7715,33471,25478
104398,4398,Bronze,2024-06-18,2004,45369,48693
104399,4399,Silver,2026-04-09,5844,71504,18575
104400,4400,Silver,2026-05-02,7979,35192,48544
104401,4401,Platinum,2023-01-07,9990,15160,27832
104402,4402,Bronze,2024-07-06,48,44228,860
104403,4403,Platinum,2023-03-12,2712,10182,33660
104404,4404,Silver,2023-11-12,6627,74095,36163
104405,4405,Bronze,2026-03-18,4696,13060,14937
104406,4406,Gold,2022-07-08,4912,35942,43754
104407,4407,Silver,2024-05-29,959,77537,16721
104408,4408,Gold,2023-07-13,3332,63912,53140
104409,4409,Silver,2023-04-22,423,16937,38763
104410,4410,Gold,2023-07-23,2054,70356,26546
104411,4411,Bronze,2024-05-03,3954,26482,50505
104412,4412,Platinum,2024-12-06,2483,55773,55885
104413,4413,Silver,2024-08-09,484,75484,47579
104414,4414,Silver,2025-07-19,6299,24632,7639
104415,4415,Silver,2025-07-28,3090,54575,24714
104416,4416,Silver,2025-06-21,2017,78714,48906
104417,4417,Bronze,2026-03-29,6807,54345,28541
104418,4418,Platinum,2025-10-11,24,18391,20542
104419,4419,Gold,2025-11-30,3940,36522,11396
104420,4420,Gold,2025-04-21,525,17719,51998
104421,4421,Gold,2025-02-20,2097,17616,44567
104422,4422,Silver,2024-12-24,3607,35314,40220
104423,4423,Silver,2022-01-12,649,9585,58959
104424,4424,Platinum,2024-06-15,7171,55592,36289
104425,4425,Bronze,2025-10-14,6897,64092,23467
104426,4426,Silver,2024-11-09,264,12392,31087
104427,4427,Gold,2026-01-18,1182,43012,9812
104428,4428,Silver,2023-04-16,4523,53001,7883
104429,4429,Bronze,2026-05-29,440,21622,13847
104430,4430,Bronze,2022-12-10,5741,8313,30010
104431,4431,Bronze,2024-03-12,6479,47350,28461
104432,4432,Gold,2022-11-06,2295,49500,53317
104433,4433,Bronze,2024-03-18,9004,50396,16143
104434,4434,Silver,2026-02-22,2101,49856,14298
104435,4435,Bronze,2025-09-27,9577,46853,48173
104436,4436,Platinum,2021-10-21,6248,43990,23331
104437,4437,Silver,2022-06-27,2587,24047,31848
104438,4438,Silver,2023-09-19,6154,34533,53208
104439,4439,Bronze,2022-10-05,9959,5995,1725
104440,4440,Bronze,2022-08-31,8971,42485,162
104441,4441,Platinum,2023-02-02,5480,45093,4164
104442,4442,Gold,2025-06-26,3412,35631,51084
104443,4443,Bronze,2025-10-25,4191,72101,26170
104444,4444,Silver,2025-09-27,2958,70019,59677
104445,4445,Silver,2026-05-08,9382,204,19706
104446,4446,Silver,2022-10-21,3951,30695,4332
104447,4447,Bronze,2025-12-04,5917,36274,24770
104448,4448,Gold,2024-10-24,1371,49093,44999
104449,4449,Silver,2026-01-25,9506,26048,9752
104450,4450,Bronze,2026-02-24,1875,34272,45657
104451,4451,Gold,2024-06-21,7503,69041,33885
104452,4452,Silver,2024-08-29,5190,28104,4163
104453,4453,Bronze,2024-03-13,132,38047,915
104454,4454,Silver,2025-09-30,4676,32063,28889
104455,4455,Silver,2025-02-07,7134,55795,6210
104456,4456,Silver,2024-01-30,848,69350,52716
104457,4457,Bronze,2024-04-02,845,7934,6547
104458,4458,Gold,2024-07-21,8780,63070,15938
104459,4459,Bronze,2021-12-15,3377,76422,5525
104460,4460,Bronze,2025-03-27,1063,32890,14997
104461,4461,Silver,2022-12-13,8763,54174,11195
104462,4462,Silver,2024-02-18,242,63785,52326
104463,4463,Silver,2025-08-05,8991,59882,6377
104464,4464,Bronze,2023-04-12,6641,68847,20976
104465,4465,Silver,2025-10-15,2111,43441,49871
104466,4466,Silver,2024-05-05,866,53386,42094
104467,4467,Silver,2021-11-28,37,18815,56605
104468,4468,Silver,2024-04-29,9473,26042,16016
104469,4469,Platinum,2025-09-06,1181,48896,17254
104470,4470,Bronze,2025-07-25,3214,1703,26492
104471,4471,Bronze,2022-10-29,3025,25690,3554
104472,4472,Bronze,2023-03-28,8228,56688,57296
104473,4473,Bronze,2025-09-19,5490,2572,44255
104474,4474,Bronze,2026-02-19,2262,22146,18894
104475,4475,Gold,2022-11-16,1570,38015,51659
104476,4476,Bronze,2024-11-10,6614,53689,31483
104477,4477,Bronze,2022-08-14,5161,9981,16783
104478,4478,Bronze,2022-07-09,9647,74337,9284
104479,4479,Bronze,2024-12-16,6583,55728,58512
104480,4480,Bronze,2025-08-04,8508,18535,8436
104481,4481,Bronze,2026-01-17,2238,36521,2448
104482,4482,Bronze,2022-08-18,5234,30522,56954
104483,4483,Platinum,2023-09-17,2137,24242,43570
104484,4484,Bronze,2022-09-10,6102,49616,9164
104485,4485,Silver,2024-12-04,1566,6176,55727
104486,4486,Bronze,2025-11-19,3403,33657,35008
104487,4487,Bronze,2024-02-11,3663,75581,6621
104488,4488,Bronze,2023-12-08,2855,47760,11897
104489,4489,Silver,2022-02-05,1912,28238,10375
104490,4490,Bronze,2021-11-15,9792,33413,21989
104491,4491,Gold,2023-07-08,6745,37233,21840
104492,4492,Bronze,2024-01-13,4985,24436,32807
104493,4493,Bronze,2023-05-17,4881,79976,29013
104494,4494,Silver,2026-05-08,81,22809,17282
104495,4495,Silver,2026-04-20,7045,56382,12669
104496,4496,Bronze,2022-10-20,893,76559,23370
104497,4497,Bronze,2023-11-23,7435,62169,40966
104498,4498,Platinum,2023-12-11,3973,36371,43376
104499,4499,Silver,2021-09-19,5906,23345,40752
104500,4500,Silver,2024-04-14,3801,46789,26526
104501,4501,Gold,2021-12-18,1509,43957,45112
104502,4502,Bronze,2024-01-08,6285,53090,24309
104503,4503,Gold,2025-06-03,9219,8794,17531
104504,4504,Silver,2022-08-25,6391,20770,24230
104505,4505,Gold,2021-10-20,8370,8040,40605
104506,4506,Platinum,2025-04-22,6823,39440,6896
104507,4507,Bronze,2026-05-17,6053,28827,16332
104508,4508,Silver,2025-04-28,9529,48710,10436
104509,4509,Bronze,2026-06-27,7234,35593,50114
104510,4510,Bronze,2024-05-11,5206,30682,22155
104511,4511,Bronze,2025-03-01,9511,53540,8341
104512,4512,Gold,2022-06-20,9446,72378,58210
104513,4513,Bronze,2025-04-02,4093,20297,18981
104514,4514,Bronze,2024-06-07,6361,64830,38822
104515,4515,Bronze,2025-04-16,1691,44501,31117
104516,4516,Bronze,2025-10-17,7498,54933,12878
104517,4517,Gold,2022-08-01,8962,29539,21232
104518,4518,Bronze,2024-06-03,4695,53947,35948
104519,4519,Bronze,2024-08-02,7031,32389,43827
104520,4520,Silver,2022-11-22,6765,13373,25775
104521,4521,Gold,2023-10-03,2410,38901,37061
104522,4522,Silver,2026-01-27,3872,79846,49286
104523,4523,Gold,2024-01-15,8951,10214,27215
104524,4524,Bronze,2026-06-01,3679,65648,5459
104525,4525,Bronze,2022-07-12,8442,25886,45523
104526,4526,Silver,2024-11-02,478,32192,1515
104527,4527,Silver,2023-02-05,3411,62226,8572
104528,4528,Bronze,2024-01-09,7725,21864,50791
104529,4529,Gold,2023-06-14,66,12606,17948
104530,4530,Silver,2024-12-20,6940,63273,36299
104531,4531,Platinum,2022-04-23,312,72967,58735
104532,4532,Bronze,2022-06-02,4507,75314,13631
104533,4533,Bronze,2025-06-02,2006,37517,26098
104534,4534,Gold,2023-11-02,9701,39139,51314
104535,4535,Gold,2025-09-11,6502,24209,21188
104536,4536,Silver,2021-10-31,2361,75879,54483
104537,4537,Silver,2024-05-15,6366,38967,22575
104538,4538,Gold,2022-11-29,3360,25168,39180
104539,4539,Bronze,2022-04-18,2272,76787,56398
104540,4540,Gold,2021-08-09,4924,1587,14105
104541,4541,Bronze,2026-07-15,9382,34475,33136
104542,4542,Gold,2024-08-10,1309,14496,11896
104543,4543,Silver,2025-12-21,6279,38390,37169
104544,4544,Silver,2023-09-20,6717,59278,44055
104545,4545,Bronze,2024-02-03,9022,29485,14316
104546,4546,Bronze,2025-04-28,9831,14640,2153
104547,4547,Bronze,2022-10-16,6383,14181,11128
104548,4548,Bronze,2024-09-19,9358,3709,7444
104549,4549,Silver,2026-03-21,4045,74507,39428
104550,4550,Bronze,2022-04-18,9586,4541,49900
104551,4551,Gold,2025-10-25,3189,29777,15179
104552,4552,Bronze,2025-04-14,4454,28338,31210
104553,4553,Platinum,2025-08-21,6869,63280,43043
104554,4554,Gold,2026-05-19,4483,70024,52072
104555,4555,Bronze,2021-11-02,746,73939,35749
104556,4556,Gold,2022-08-09,4346,11714,47734
104557,4557,Bronze,2025-04-18,1165,57006,32350
104558,4558,Silver,2025-07-25,617,9787,16452
104559,4559,Platinum,2023-11-29,1493,13696,26244
104560,4560,Bronze,2021-08-31,4635,75904,42890
104561,4561,Gold,2025-10-14,1360,3365,3116
104562,4562,Gold,2021-11-12,2646,5166,9864
104563,4563,Silver,2025-04-06,6835,54756,7803
104564,4564,Silver,2023-04-23,8917,4422,49020
104565,4565,Platinum,2022-12-08,9866,5284,16151
104566,4566,Bronze,2025-12-08,1998,26389,16896
104567,4567,Silver,2025-01-17,5392,39731,36275
104568,4568,Bronze,2026-04-29,2554,7953,13731
104569,4569,Bronze,2023-03-02,1223,55866,4022
104570,4570,Silver,2022-08-05,9264,12704,31828
104571,4571,Gold,2022-02-26,9694,13166,13461
104572,4572,Platinum,2026-06-05,6261,7801,5232
104573,4573,Bronze,2025-05-19,7873,13060,56047
104574,4574,Gold,2021-09-25,1415,65047,7602
104575,4575,Bronze,2024-01-26,2215,12913,38205
104576,4576,Silver,2024-04-23,265,17841,19887
104577,4577,Platinum,2023-09-29,70,21277,34128
104578,4578,Silver,2025-05-14,1446,38022,6030
104579,4579,Bronze,2026-02-01,8742,60311,55776
104580,4580,Silver,2021-09-15,5195,18019,59548
104581,4581,Silver,2021-12-22,1230,79735,13967
104582,4582,Platinum,2021-09-10,7805,66956,24150
104583,4583,Silver,2023-08-30,4826,56290,12289
104584,4584,Silver,2023-08-18,3913,72728,51682
104585,4585,Platinum,2025-02-05,614,65546,19769
104586,4586,Silver,2023-11-10,1821,49769,8002
104587,4587,Gold,2026-06-11,4690,22293,16351
104588,4588,Silver,2022-10-24,1949,45759,18609
104589,4589,Gold,2025-11-26,1247,31225,5400
104590,4590,Platinum,2024-09-20,3568,43549,3368
104591,4591,Silver,2024-09-19,7099,24419,25463
104592,4592,Bronze,2021-11-02,8976,33296,53356
104593,4593,Bronze,2025-01-12,2739,42459,11501
104594,4594,Gold,2021-12-20,8140,40979,58551
104595,4595,Bronze,2024-01-25,2276,47716,18546
104596,4596,Silver,2026-02-20,1065,61250,38256
104597,4597,Silver,2023-12-01,4520,68335,34453
104598,4598,Platinum,2022-04-27,5880,55926,25587
104599,4599,Silver,2026-06-13,8301,74838,39182
104600,4600,Bronze,2025-10-18,956,4114,24198
104601,4601,Bronze,2021-10-30,5582,56813,29584
104602,4602,Bronze,2026-01-31,6584,27390,23961
104603,4603,Bronze,2023-12-12,8271,38929,58098
104604,4604,Bronze,2023-06-01,3018,58853,41821
104605,4605,Gold,2021-12-27,7465,20555,25540
104606,4606,Silver,2026-03-20,5924,53196,24048
104607,4607,Bronze,2021-12-28,6271,1147,31222
104608,4608,Bronze,2023-05-08,701,10979,19271
104609,4609,Gold,2024-09-07,4496,14679,54973
104610,4610,Bronze,2022-03-12,6194,66847,42485
104611,4611,Platinum,2023-01-31,6897,23697,17083
104612,4612,Bronze,2022-05-09,8387,58437,50988
104613,4613,Gold,2022-03-12,84,549,41823
104614,4614,Platinum,2025-09-08,6747,53731,35487
104615,4615,Silver,2024-12-06,4455,13245,31841
104616,4616,Bronze,2022-04-25,2305,1110,30914
104617,4617,Silver,2022-07-31,3148,65832,47193
104618,4618,Bronze,2023-12-31,5753,21246,9175
104619,4619,Bronze,2022-05-18,9047,19509,11860
104620,4620,Bronze,2023-01-17,2539,37312,863
104621,4621,Silver,2022-08-26,7717,42926,56775
104622,4622,Bronze,2024-02-08,3155,47012,39714
104623,4623,Silver,2025-05-26,4868,4287,84
104624,4624,Bronze,2022-05-18,639,72745,17562
104625,4625,Silver,2022-07-04,1897,30007,24446
104626,4626,Gold,2026-04-09,1667,15233,16139
104627,4627,Bronze,2026-03-06,486,41311,12729
104628,4628,Bronze,2024-03-08,7258,19186,10795
104629,4629,Gold,2023-10-08,8693,77701,8601
104630,4630,Platinum,2025-04-15,125,57336,18957
104631,4631,Bronze,2024-11-12,5888,64243,36472
104632,4632,Platinum,2022-11-20,9810,60964,34353
104633,4633,Bronze,2022-03-15,2091,70937,1126
104634,4634,Gold,2025-05-10,388,39434,6706
104635,4635,Silver,2023-10-28,5397,31896,19744
104636,4636,Bronze,2024-06-25,5454,16647,51553
104637,4637,Gold,2025-06-14,1566,34524,18868
104638,4638,Silver,2024-08-20,6717,59624,18863
104639,4639,Gold,2026-03-29,2111,72268,2386
104640,4640,Bronze,2024-03-28,8354,72905,39992
104641,4641,Bronze,2023-03-16,6316,29199,49545
104642,4642,Bronze,2022-03-04,9162,3368,44150
104643,4643,Platinum,2023-12-04,7612,73278,38350
104644,4644,Gold,2024-10-01,2390,12859,14543
104645,4645,Gold,2022-05-06,7284,32944,59235
104646,4646,Bronze,2022-05-11,6594,78253,37729
104647,4647,Bronze,2024-12-21,5438,72523,21178
104648,4648,Platinum,2025-02-06,8077,48869,38820
104649,4649,Silver,2022-06-19,341,71499,49778
104650,4650,Bronze,2022-07-05,9435,186,54664
104651,4651,Silver,2022-07-20,7043,74344,41787
104652,4652,Bronze,2022-11-26,4883,47192,58580
104653,4653,Bronze,2026-01-03,9957,71301,28124
104654,4654,Bronze,2022-03-15,1092,6453,25461
104655,4655,Bronze,2022-06-16,7531,31634,15304
104656,4656,Silver,2025-07-23,4478,48761,29101
104657,4657,Gold,2022-06-29,1359,52407,20863
104658,4658,Bronze,2022-04-21,6789,12320,14592
104659,4659,Silver,2021-09-27,9177,9158,19584
104660,4660,Silver,2026-01-21,9041,7779,9175
104661,4661,Bronze,2021-10-15,335,67212,18373
104662,4662,Bronze,2023-07-10,6528,21167,41952
104663,4663,Silver,2022-07-07,6517,38865,17652
104664,4664,Bronze,2024-10-03,8173,23738,21175
104665,4665,Gold,2024-03-07,149,69765,18480
104666,4666,Silver,2025-06-09,3938,18559,59044
104667,4667,Bronze,2025-05-11,3483,39615,33573
104668,4668,Bronze,2022-07-29,522,36001,5243
104669,4669,Silver,2026-03-11,2064,40445,7248
104670,4670,Gold,2025-06-20,5603,32422,57219
104671,4671,Bronze,2023-09-24,1769,43042,35034
104672,4672,Bronze,2022-04-17,7512,37034,55433
104673,4673,Platinum,2022-01-26,471,50454,11410
104674,4674,Gold,2026-07-14,9225,49753,979
104675,4675,Bronze,2022-12-03,2695,48455,29633
104676,4676,Bronze,2023-05-25,3488,29148,43067
104677,4677,Bronze,2024-06-30,5536,78714,19078
104678,4678,Bronze,2022-12-14,3641,10922,21112
104679,4679,Silver,2025-10-28,2282,68960,25354
104680,4680,Bronze,2024-01-09,4579,2754,59745
104681,4681,Gold,2022-11-15,9913,57127,25710
104682,4682,Bronze,2023-10-07,9831,11981,29007
104683,4683,Bronze,2026-05-16,7952,38830,10287
104684,4684,Silver,2024-09-18,2146,3565,19794
104685,4685,Bronze,2024-09-12,7602,71085,50403
104686,4686,Bronze,2025-05-25,1953,47178,44859
104687,4687,Bronze,2023-09-12,2885,53330,25064
104688,4688,Silver,2024-07-26,7779,749,25966
104689,4689,Bronze,2024-11-06,2067,46624,49251
104690,4690,Bronze,2022-02-18,3529,15974,54984
104691,4691,Bronze,2022-10-19,2570,65650,2959
104692,4692,Bronze,2023-12-06,5870,1094,12120
104693,4693,Bronze,2021-08-18,6848,12580,44002
104694,4694,Silver,2022-10-15,1740,75657,15686
104695,4695,Silver,2025-10-23,3467,49077,40566
104696,4696,Bronze,2026-04-25,9899,63960,5554
104697,4697,Silver,2025-06-02,33,7719,42344
104698,4698,Bronze,2023-07-30,9531,44873,28199
104699,4699,Bronze,2026-06-25,2395,24244,55160
104700,4700,Bronze,2022-02-28,4600,64617,4193
104701,4701,Silver,2025-01-04,6036,46486,39302
104702,4702,Bronze,2026-02-19,7364,76038,40740
104703,4703,Gold,2025-09-30,2336,29840,30
104704,4704,Bronze,2026-05-14,5638,28568,8959
104705,4705,Gold,2025-05-11,1357,50571,42656
104706,4706,Silver,2021-11-04,7626,70154,50356
104707,4707,Bronze,2026-05-11,5431,49493,18980
104708,4708,Silver,2022-05-29,4717,32220,29093
104709,4709,Bronze,2026-05-05,1937,38859,49606
104710,4710,Bronze,2025-11-09,1710,10622,43914
104711,4711,Silver,2021-09-01,8174,56186,27572
104712,4712,Gold,2025-12-01,5570,7756,22583
104713,4713,Bronze,2022-03-08,7715,54899,4384
104714,4714,Bronze,2023-05-26,9428,21087,36292
104715,4715,Bronze,2024-09-10,5261,62593,35877
104716,4716,Bronze,2023-04-20,1215,7947,10215
104717,4717,Bronze,2023-02-23,1134,15026,25610
104718,4718,Silver,2022-11-17,8963,58007,1575
104719,4719,Bronze,2025-04-05,7828,56143,13401
104720,4720,Bronze,2025-02-14,2219,19913,13003
104721,4721,Silver,2025-03-05,2016,70767,23313
104722,4722,Silver,2023-10-13,1173,18195,24808
104723,4723,Gold,2022-08-11,8467,37387,42409
104724,4724,Silver,2024-05-31,6784,29023,59743
104725,4725,Silver,2022-04-01,1361,37595,55430
104726,4726,Bronze,2023-01-09,5104,25339,1413
104727,4727,Bronze,2025-05-05,4011,59548,54406
104728,4728,Bronze,2023-07-16,4024,74784,49305
104729,4729,Silver,2024-07-31,2433,31988,46074
104730,4730,Silver,2023-02-18,3394,18869,17016
104731,4731,Silver,2024-07-06,9821,65924,55801
104732,4732,Bronze,2025-11-09,3419,16721,31375
104733,4733,Gold,2025-07-13,8771,33897,6768
104734,4734,Silver,2022-10-27,9072,26537,52523
104735,4735,Silver,2024-12-02,6762,44991,37363
104736,4736,Bronze,2025-05-16,5584,27665,34327
104737,4737,Bronze,2025-04-27,1544,12992,51048
104738,4738,Bronze,2025-02-23,496,50934,52679
104739,4739,Bronze,2024-10-19,7011,51600,19191
104740,4740,Bronze,2026-06-07,7292,28978,57114
104741,4741,Gold,2026-04-25,1042,19039,31971
104742,4742,Bronze,2025-08-17,4581,41508,22637
104743,4743,Bronze,2024-03-17,4078,64195,54684
104744,4744,Bronze,2024-10-18,6426,41258,49241
104745,4745,Bronze,2026-07-27,7688,53935,17051
104746,4746,Silver,2024-11-09,8377,38570,38579
104747,4747,Silver,2023-01-24,2698,36627,53355
104748,4748,Gold,2025-03-11,4718,48283,54425
104749,4749,Bronze,2025-05-06,5027,53419,40991
104750,4750,Bronze,2024-03-15,95,54268,37918
104751,4751,Bronze,2024-01-27,9297,54993,21429
104752,4752,Bronze,2024-04-17,5469,14499,9371
104753,4753,Gold,2026-02-28,888,55373,50195
104754,4754,Bronze,2024-05-29,7328,54873,46593
104755,4755,Silver,2022-02-20,9785,30432,48476
104756,4756,Bronze,2021-09-08,356,57883,38293
104757,4757,Gold,2022-03-23,4217,35396,56785
104758,4758,Bronze,2024-06-07,2146,75535,7225
104759,4759,Bronze,2022-01-15,6082,672,12192
104760,4760,Bronze,2026-02-14,3209,38465,58522
104761,4761,Silver,2024-09-01,9012,919,18800
104762,4762,Platinum,2022-11-25,8073,74448,30385
104763,4763,Gold,2023-04-17,2243,49065,7616
104764,4764,Gold,2026-08-03,4772,6907,30078
104765,4765,Bronze,2023-02-06,3771,69528,8778
104766,4766,Bronze,2025-03-08,7418,72910,44606
104767,4767,Gold,2025-03-15,2359,31952,12652
104768,4768,Silver,2026-01-22,2556,7453,37184
104769,4769,Silver,2022-09-15,4419,41604,4196
104770,4770,Gold,2022-11-15,6466,64094,26227
104771,4771,Gold,2024-07-21,7295,1640,25914
104772,4772,Bronze,2022-03-21,3599,18531,55620
104773,4773,Gold,2023-04-15,8523,55981,13137
104774,4774,Bronze,2024-03-26,1103,18229,57886
104775,4775,Gold,2022-01-23,2482,3647,53851
104776,4776,Platinum,2025-02-19,802,67994,19148
104777,4777,Silver,2025-04-04,4397,16680,25408
104778,4778,Gold,2022-05-24,8898,26778,13408
104779,4779,Platinum,2023-10-02,3481,55525,55647
104780,4780,Silver,2022-06-03,9441,50041,1503
104781,4781,Platinum,2021-10-03,8347,21908,45307
104782,4782,Silver,2022-02-21,6643,65474,47433
104783,4783,Gold,2025-06-20,1405,27211,24981
104784,4784,Bronze,2022-11-09,5497,33286,39753
104785,4785,Platinum,2022-05-12,7124,78663,8721
104786,4786,Bronze,2024-07-29,6069,55059,18345
104787,4787,Silver,2024-12-29,851,15006,56825
104788,4788,Bronze,2024-08-02,4285,48543,50043
104789,4789,Gold,2021-08-19,9239,28300,24523
104790,4790,Bronze,2024-03-20,14,10250,7096
104791,4791,Gold,2025-03-25,4780,51415,7190
104792,4792,Silver,2025-10-19,8693,7966,35447
104793,4793,Gold,2023-12-06,3551,68771,48086
104794,4794,Silver,2025-05-04,585,37565,16730
104795,4795,Silver,2023-04-22,1003,37042,4026
104796,4796,Bronze,2026-03-21,1046,45787,26585
104797,4797,Bronze,2025-01-04,8338,44655,4970
104798,4798,Silver,2023-10-11,5409,25125,34238
104799,4799,Silver,2023-03-26,1688,36071,33754
104800,4800,Silver,2024-12-25,7820,40770,30020
104801,4801,Bronze,2024-05-01,8285,6645,12916
104802,4802,Bronze,2026-03-12,196,13614,26431
104803,4803,Silver,2022-10-31,5206,50095,18470
104804,4804,Silver,2024-09-21,7979,59187,35973
104805,4805,Bronze,2023-08-20,1494,79817,2438
104806,4806,Bronze,2024-05-14,7579,13562,26528
104807,4807,Gold,2022-09-03,8636,73337,42325
104808,4808,Gold,2025-08-22,7925,13578,28569
104809,4809,Bronze,2022-06-30,5993,67727,25510
104810,4810,Silver,2022-03-22,8476,55464,7393
104811,4811,Bronze,2026-01-01,9359,61706,54172
104812,4812,Gold,2022-01-09,7185,46794,37954
104813,4813,Gold,2022-07-28,8541,26571,43515
104814,4814,Bronze,2026-01-23,6780,8707,31227
104815,4815,Gold,2022-12-29,5256,3781,21812
104816,4816,Platinum,2023-11-11,8786,27281,24571
104817,4817,Bronze,2025-08-29,5841,70763,4389
104818,4818,Silver,2023-06-16,6913,42980,28818
104819,4819,Gold,2023-08-02,8936,48546,16181
104820,4820,Bronze,2022-01-08,3922,32535,37912
104821,4821,Silver,2025-10-13,8342,21477,18500
104822,4822,Bronze,2023-06-15,6556,18715,6177
104823,4823,Silver,2022-03-29,7896,44028,36671
104824,4824,Bronze,2022-09-09,5410,70803,53371
104825,4825,Bronze,2024-12-21,6968,56166,35917
104826,4826,Silver,2021-11-20,3408,663,53397
104827,4827,Gold,2025-03-16,3316,946,9936
104828,4828,Gold,2025-09-26,5586,26905,10327
104829,4829,Platinum,2024-03-31,7569,23531,31391
104830,4830,Gold,2026-06-19,7045,77763,36711
104831,4831,Gold,2023-08-07,3636,33529,20752
104832,4832,Bronze,2026-05-29,6078,8125,10787
104833,4833,Bronze,2021-09-20,8484,48677,19649
104834,4834,Silver,2026-05-01,3908,679,52677
104835,4835,Silver,2026-06-16,3120,1103,35072
104836,4836,Platinum,2025-02-02,7731,16492,58064
104837,4837,Gold,2022-08-19,130,59957,50169
104838,4838,Gold,2022-12-10,9102,21978,31705
104839,4839,Gold,2026-01-30,7686,59853,48948
104840,4840,Platinum,2026-04-13,1899,15942,57594
104841,4841,Gold,2025-10-26,4792,18477,20908
104842,4842,Bronze,2022-04-04,7876,66154,25554
104843,4843,Bronze,2022-04-15,9872,8158,564
104844,4844,Silver,2024-03-27,1358,19292,4796
104845,4845,Bronze,2022-05-19,2319,36624,9228
104846,4846,Bronze,2025-11-03,4755,64175,14195
104847,4847,Gold,2024-02-01,849,45817,48421
104848,4848,Silver,2024-04-30,7324,61658,6156
104849,4849,Gold,2023-04-09,6999,15869,44423
104850,4850,Silver,2023-09-18,7778,14299,24654
104851,4851,Bronze,2023-07-27,9992,57051,22928
104852,4852,Gold,2023-01-06,6596,59771,26654
104853,4853,Bronze,2024-09-05,9949,79975,47410
104854,4854,Silver,2024-03-06,8585,30840,12764
104855,4855,Bronze,2023-12-13,4358,2207,1144
104856,4856,Silver,2023-10-08,6007,20067,10582
104857,4857,Platinum,2022-05-31,4612,18241,44201
104858,4858,Bronze,2026-04-16,5972,25826,51139
104859,4859,Silver,2023-02-03,3281,23994,8335
104860,4860,Gold,2025-08-11,9493,10053,49823
104861,4861,Bronze,2025-05-16,217,60216,1392
104862,4862,Bronze,2024-12-02,4661,62783,44024
104863,4863,Bronze,2024-08-02,820,15044,21926
104864,4864,Silver,2025-12-26,9613,15080,5414
104865,4865,Platinum,2025-07-24,5386,4968,48838
104866,4866,Gold,2026-07-21,718,9175,26015
104867,4867,Gold,2025-04-27,2480,55026,584
104868,4868,Bronze,2023-05-11,535,17735,26301
104869,4869,Bronze,2024-12-31,9368,27485,43871
104870,4870,Bronze,2023-07-12,7679,44174,39182
104871,4871,Silver,2022-01-03,9114,26747,14460
104872,4872,Bronze,2023-02-13,8316,65687,46775
104873,4873,Bronze,2026-01-20,8060,11799,39329
104874,4874,Bronze,2022-08-13,4647,74870,26405
104875,4875,Silver,2022-07-19,1495,33149,25192
104876,4876,Bronze,2026-07-07,8279,54254,41521
104877,4877,Bronze,2022-05-23,4647,31565,53235
104878,4878,Bronze,2024-11-12,3402,12108,32430
104879,4879,Silver,2021-12-15,6679,55580,23911
104880,4880,Bronze,2023-05-05,8494,18710,20340
104881,4881,Bronze,2026-08-04,5457,34685,56250
104882,4882,Gold,2022-09-04,2727,65381,43896
104883,4883,Bronze,2023-02-01,42,5263,53139
104884,4884,Bronze,2025-10-05,2314,2825,35789
104885,4885,Bronze,2025-02-10,813,11419,19935
104886,4886,Silver,2022-01-08,6176,2389,20947
104887,4887,Bronze,2022-03-25,394,73431,50180
104888,4888,Bronze,2026-02-11,3415,18874,32473
104889,4889,Gold,2026-02-04,6564,26696,47817
104890,4890,Bronze,2025-06-04,3246,30832,20989
104891,4891,Gold,2026-01-25,3556,50089,39208
104892,4892,Gold,2025-07-28,3289,1786,5859
104893,4893,Platinum,2022-05-09,931,5043,38622
104894,4894,Bronze,2024-11-25,9751,77254,15387
104895,4895,Bronze,2021-09-05,7264,68393,7468
104896,4896,Gold,2025-02-03,5074,69790,2939
104897,4897,Bronze,2023-11-20,3778,44130,45810
104898,4898,Platinum,2024-07-25,1056,44022,35635
104899,4899,Gold,2024-04-15,9832,23655,40959
104900,4900,Silver,2023-10-23,3770,6570,17203
104901,4901,Gold,2024-10-22,7266,54777,27832
104902,4902,Bronze,2021-12-12,6840,51730,11166
104903,4903,Silver,2023-12-29,405,67188,51699
104904,4904,Gold,2024-09-13,2299,18070,44196
104905,4905,Silver,2022-06-09,8518,8852,22858
104906,4906,Gold,2023-03-10,9372,39827,51105
104907,4907,Silver,2024-07-19,4201,60130,55496
104908,4908,Bronze,2025-11-25,5693,28973,4826
104909,4909,Platinum,2024-03-13,1446,4862,22862
104910,4910,Silver,2024-05-28,3474,32148,548
104911,4911,Gold,2024-11-21,7088,65268,13290
104912,4912,Silver,2026-04-29,8254,38139,9142
104913,4913,Bronze,2022-03-28,9576,16456,48955
104914,4914,Bronze,2024-03-13,6917,79582,15255
104915,4915,Silver,2023-06-20,6687,46758,42443
104916,4916,Bronze,2025-05-25,1701,53254,53234
104917,4917,Silver,2024-07-12,7846,12983,33363
104918,4918,Silver,2022-03-16,6522,16518,43135
104919,4919,Silver,2025-05-26,3551,53730,15478
104920,4920,Silver,2023-07-16,8617,46962,1610
104921,4921,Bronze,2026-01-08,6496,21263,30139
104922,4922,Platinum,2022-10-04,2816,77710,10414
104923,4923,Bronze,2023-04-15,7082,57113,29088
104924,4924,Silver,2025-11-26,8435,1567,37347
104925,4925,Silver,2023-03-22,3190,58760,42177
104926,4926,Bronze,2023-07-10,6474,42680,11076
104927,4927,Bronze,2025-12-05,9866,70587,39924
104928,4928,Bronze,2022-02-28,4774,76224,38255
104929,4929,Bronze,2024-07-27,5209,74234,35091
104930,4930,Bronze,2023-03-16,5299,44847,40795
104931,4931,Silver,2024-07-29,7616,20061,28431
104932,4932,Bronze,2025-05-12,9883,65112,24915
104933,4933,Bronze,2022-03-18,8995,24736,59777
104934,4934,Silver,2023-06-08,8719,3329,20780
104935,4935,Bronze,2022-07-23,1186,38229,8178
104936,4936,Gold,2024-07-02,1791,50894,21604
104937,4937,Silver,2022-07-11,9547,24803,37464
104938,4938,Bronze,2024-02-04,2278,77462,56555
104939,4939,Bronze,2025-08-04,6495,46095,52522
104940,4940,Bronze,2023-04-21,8730,57955,5261
104941,4941,Silver,2026-07-27,5052,68989,28084
104942,4942,Bronze,2022-08-12,5915,5813,285
104943,4943,Gold,2023-03-07,3008,34426,17679
104944,4944,Silver,2022-05-31,2964,68631,29308
104945,4945,Silver,2022-09-14,8049,45920,41907
104946,4946,Silver,2023-09-11,815,30628,42110
104947,4947,Bronze,2023-05-15,2314,77386,12856
104948,4948,Bronze,2021-12-25,1665,19751,22275
104949,4949,Silver,2025-10-11,1045,66576,25652
104950,4950,Gold,2021-12-05,591,64771,18037
104951,4951,Bronze,2021-12-16,376,52725,43356
104952,4952,Silver,2025-01-14,5646,19660,11872
104953,4953,Bronze,2022-02-22,3097,53587,39631
104954,4954,Bronze,2023-10-13,1950,73604,1027
104955,4955,Bronze,2025-03-16,685,1887,51279
104956,4956,Platinum,2022-03-25,3204,2696,8919
104957,4957,Gold,2026-05-04,2830,50548,42677
104958,4958,Gold,2021-10-01,2275,34121,45989
104959,4959,Gold,2022-04-22,7392,47742,15677
104960,4960,Silver,2022-06-01,4723,3361,45697
104961,4961,Gold,2025-10-25,8107,12161,52871
104962,4962,Silver,2024-07-14,4539,40086,25626
104963,4963,Platinum,2026-02-13,9790,48266,59067
104964,4964,Silver,2025-08-30,8127,33616,3257
104965,4965,Gold,2023-02-01,8892,64711,51706
104966,4966,Bronze,2023-03-23,4979,33281,24423
104967,4967,Bronze,2024-09-27,5411,8696,18395
104968,4968,Bronze,2024-03-02,7030,72054,35157
104969,4969,Silver,2025-10-02,6862,46491,57278
104970,4970,Silver,2024-09-03,4385,66511,12995
104971,4971,Gold,2021-10-20,9200,30068,43342
104972,4972,Platinum,2024-07-06,5786,71800,28112
104973,4973,Silver,2023-09-16,6823,64918,14144
104974,4974,Silver,2023-04-09,6416,39384,33920
104975,4975,Bronze,2023-03-28,2527,3940,56405
104976,4976,Silver,2022-06-13,7548,62065,23915
104977,4977,Silver,2024-03-05,74,66670,59053
104978,4978,Silver,2022-07-07,3992,20949,50668
104979,4979,Gold,2021-10-10,6693,73612,14315
104980,4980,Silver,2025-07-26,4125,39522,15981
104981,4981,Gold,2026-07-12,7055,78358,45253
104982,4982,Bronze,2023-05-19,8774,4251,23332
104983,4983,Bronze,2024-06-19,5006,41928,52409
104984,4984,Bronze,2024-02-01,522,78203,11460
104985,4985,Silver,2022-08-01,6568,60849,10825
104986,4986,Gold,2024-11-19,134,6802,30007
104987,4987,Bronze,2022-08-29,2821,79203,49708
104988,4988,Bronze,2025-05-19,748,61368,29283
104989,4989,Bronze,2026-03-06,8028,18696,55347
104990,4990,Platinum,2023-08-03,5156,35442,41611
104991,4991,Gold,2023-08-14,5658,727,15839
104992,4992,Silver,2026-07-07,468,8414,27637
104993,4993,Bronze,2023-10-31,9160,46127,7204
104994,4994,Bronze,2023-01-07,2173,737,19654
104995,4995,Platinum,2025-03-31,379,24347,36852
104996,4996,Bronze,2026-05-08,3436,45112,14875
104997,4997,Gold,2023-09-03,2281,60916,39100
104998,4998,Bronze,2024-11-11,3809,29433,49191
104999,4999,Silver,2025-03-19,5416,24753,5155
105000,5000,Gold,2023-09-28,1647,14737,9321
